position,stable_bits,released_bits,pending_underflow,low,high_inclusive,residual_width,residual_information_bits,selected_frequency,selected_information_bits,effective_interval_information_bits,table_entropy_bits
1,2,2,0,1717043200,3274178559,1557135360,1.4637527843118718,5940,3.463752784311872,3.463752784311872,3.421786471434915
2,4,2,1,998686208,2618167807,1619481600,1.407115069198671,8520,2.9433622848867995,2.9433622848867995,2.5926554086551747
3,6,2,0,1997372416,4078560469,2081188054,1.045239814618796,42110,0.6381247449435437,0.6381247454201239,1.4458226585248652
4,12,6,0,1511794176,3767769535,2255975360,0.9288958354578547,1110,5.883656038762532,5.8836560208390605,1.2529787419473413
5,14,2,1,1144842664,4263056647,3118213984,0.46192721122280744,11323,2.533031373260043,2.533031375764952,3.1393251106610944
6,14,0,1,1144842664,4165612460,3020769797,0.5077309008359308,63488,0.04580368961312479,0.04580368961312479,0.22517270623941288
7,17,3,0,222649124,3542840923,3320191800,0.37138056079206194,18008,1.8636496585458444,1.8636496599561299,1.0028819485986862
8,17,0,0,222649124,2940316492,2717667369,0.6602782588785985,53643,0.28889769782233754,0.2888976980865353,1.039644353878826
9,19,2,0,660850872,3402569859,2741718988,0.6475664360908269,16529,1.9872881758373437,1.9872881772122297,2.8538275458016296
10,19,0,1,1680655290,3812917457,2132262168,1.0102623133479973,25484,1.3626958778937988,1.362695877257171,1.7955045820188056
11,26,7,0,1001474816,2290410623,1288935808,1.7364667300923813,619,6.726204400785735,6.726204416744385,3.1268466053749746
12,27,1,0,2002949632,3836677947,1833728316,1.2278672400110402,46618,0.491400508990533,0.49140050991865813,1.7978404107659927
13,27,0,3,991211520,4047798447,3056586928,0.49072554870938134,13655,2.2628583063473515,2.2628583086983403,3.46022003097961
14,27,0,3,991211520,4044533659,3053322140,0.4922673372541908,65466,0.0015417881020707706,0.001541788544808889,0.01590003714705781
15,31,4,0,1982423040,3593225645,1610802606,1.414867434584508,17287,1.9226000962159109,1.9226000973303192,3.1806591419553474
16,33,2,0,1789388776,3749408351,1960019576,1.1317790824604579,19936,1.7169116469759982,1.7169116478759485,2.4136039328608803
17,33,0,0,1789388776,3746447505,1957058730,1.1339600951034932,65437,0.002181011907029251,0.0021810126430345045,0.021341550487099778
18,36,3,0,880844456,3730190095,2849345640,0.592016507550241,11927,2.458056413075328,2.4580564124467483,0.9231011280066267
19,36,0,0,880844456,3728668380,2847823925,0.5927871957705264,65501,0.0007706880901105886,0.0007706882202843933,0.008474142839226836
20,36,0,0,880844456,2795138695,1914294240,1.16583454713912,44053,0.5730473507316839,0.573047351368594,1.7575906764098548
21,37,1,0,1761688912,3394575821,1632886910,1.3952222694018808,27951,1.229387721309348,1.2293877222627603,2.549075492971774
22,37,0,2,604304704,3659888183,3055583480,0.4911992493328121,30659,1.095976978854014,1.0959769799309342,2.689310053194384
23,37,0,2,604304704,3658862443,3054557740,0.4916836342175017,65514,0.000484384451701118,0.00048438488468945427,0.005630173881020868
24,37,0,2,604304704,2827267301,2222962598,0.950163471213326,47694,0.4584798367083217,0.45847983699582284,1.1691703718680504
25,37,0,2,604304704,2825842672,2221537969,0.9510883469030986,65494,0.0009248751246666447,0.0009248756897714327,0.010027918906092271
26,37,0,2,604304704,2808520804,2204216101,0.9623814735757676,65025,0.011293126282284125,0.01129312667267086,0.09009938414977985
27,37,0,2,604304704,2803980258,2199675555,0.9653563994049996,65401,0.002974925338641957,0.002974925829231412,0.025927952644793136
28,37,0,2,604304704,2799952531,2195647828,0.9680004748866438,65416,0.0026440749796186494,0.002644075481645411,0.02345268273159419
29,37,0,2,604304704,2766382598,2162077895,0.9902286448163835,64534,0.022228169874429916,0.022228169929737304,0.16323334227508285
30,37,0,2,604304704,2764469137,2160164434,0.9915060099735626,65478,0.0012773645234549914,0.001277365157179339,0.013260724438560393
31,37,0,2,604304704,2749570541,2145265838,1.001490710689616,65084,0.009984700066621433,0.009984700716055228,0.07946658327709284
32,37,0,2,604304704,2748097503,2143792800,1.002481671588292,65491,0.0009909603271466795,0.000990960898677229,0.010306296883050105
33,37,0,2,604304704,2746167513,2141862810,1.0037810700671166,65477,0.0012993979706836883,0.0012993984788214625,0.013594691702866184
34,37,0,2,604304704,2745317774,2141013071,1.0043535425325771,65510,0.0005724718275307164,0.000572472465463809,0.0064696175295594835
35,37,0,2,604304704,2743324948,2139020245,1.005697008895126,65475,0.00134346587467908,0.0013434663625487803,0.012540880679172655
36,37,0,2,604304704,2742084671,2137779968,1.0065337753739314,65498,0.000836766229995985,0.0008367664788039923,0.00908882530324626
37,37,0,2,604304704,2741301792,2136997089,1.0070622032420893,65512,0.0005284274673163702,0.0005284278681592828,0.00604635333652084
38,37,0,2,604304704,2740747456,2136442753,1.0074364861767933,65519,0.0003742827947452993,0.00037428293470375036,0.004463541174757649
39,37,0,2,604304704,2739671671,2135366968,1.0081631242148816,65503,0.0007266376781842033,0.0007266380380863593,0.007793948424087013
40,37,0,2,604304704,2738791926,2134487223,1.0087576193474703,65509,0.0005944945118882062,0.0005944951325886978,0.006735763030623742
41,37,0,2,604304704,2722376802,2118072099,1.0198954466271282,65032,0.0111378272165518,0.011137827279659953,0.07349141087570595
42,37,0,2,604304704,2718530815,2114226112,1.022517467866134,65417,0.0026220209864989156,0.0026220212390055766,0.02554332765937488
43,37,0,2,604304704,2717079091,2112774388,1.0235084282873075,65491,0.0009909603271466795,0.0009909604211711038,0.010135710829929237
44,37,0,2,604304704,2714822404,2110517701,1.0250502167239048,65466,0.0015417881020707706,0.001541788436598165,0.014632379045549471
45,37,0,2,604304704,2712857963,2108553260,1.0263936828660114,65475,0.00134346587467908,0.0013434661421056202,0.01340612095390544
46,37,0,2,604304704,2711345786,2107041083,1.0274287019759676,65489,0.0010350188106098368,0.0010350191099579224,0.01052056517627298
47,37,0,2,604304704,2707777036,2103472333,1.0298743035695956,65425,0.002445601177240512,0.002445601593629271,0.02247454112398625
48,37,0,2,604304704,2706717853,2102413150,1.0306009415629411,65503,0.0007266376781842033,0.0007266379933423933,0.007828790631425766
49,37,0,2,604304704,2703477744,2099173041,1.0328260488916357,65435,0.00222510674904286,0.0022251073286947655,0.02085459339054463
50,37,0,2,604304704,2702516818,2098212115,1.0334866140518741,65506,0.0006605645820851047,0.0006605651602398959,0.0072397202790358455
51,37,0,3,1896542344,3254668533,1358126190,1.6610296125067876,21210,1.6275429995820827,1.6275429984549132,0.9186455387086082
52,48,11,0,192077824,4266456575,4074378752,0.07606704734132563,768,6.415037499278844,6.41503743483454,3.1525213388012956
53,50,2,0,747652668,3446580439,2698927772,0.6702607777201735,10853,2.5941937310637306,2.5941937303788465,2.915682740227821
54,52,2,0,943072036,3006802939,2063730904,1.0573922802789433,12528,2.3871315027089595,2.3871315025587685,2.4117755088157056
55,52,0,0,943072036,2410035294,1466963259,1.5498144077374576,46585,0.49242212714314176,0.4924221274585154,1.4110748599147944
56,52,0,4,1823143792,3595605007,1772461216,1.2768930864454973,4949,3.727078673132997,3.7270786787080388,2.4087880617149824
57,52,0,4,1823143792,3557146146,1734002355,1.3085412880857596,64114,0.03164820081069735,0.03164820164026278,0.16970035938124073
58,52,0,5,1498803936,3531314201,2032510266,1.0793845067909835,38409,0.7708432174725233,0.7708432187052237,1.8846393743549712
59,60,8,1,1495879280,3466858479,1970979200,1.1237345945005224,3972,4.0443500924716265,4.044350087709541,2.8437668842699595
60,60,0,2,844274912,3966636063,3122361152,0.4600097278313875,51910,0.3362751327208091,0.33627513333086284,1.2833175053017332
61,60,0,2,844274912,2405693704,1561418793,1.459789607063648,32773,0.999779879000368,0.9997798792322614,2.1707292709578248
62,60,0,2,844274912,2222381384,1378106473,1.63995979052957,57842,0.18017018330333853,0.18017018346592117,0.8646319810927363
63,60,0,2,844274912,2222044932,1377770021,1.6403120542361371,65520,0.0003522634716290214,0.0003522637065670564,0.004227909891679893
64,63,3,0,1688549824,4016059505,2327509682,0.8838599768787212,55356,0.24354792221318797,0.24354792264258487,0.9570754119762317
65,63,0,0,1688549824,4015526780,2326976957,0.8841902215560076,65521,0.00033024448458043404,0.0003302446772856582,0.0039922782726164955
66,63,0,0,1688549824,4010875382,2322325559,0.8870769130730984,65405,0.0028866911572534176,0.0028866915170931507,0.0266515152253224
67,63,0,0,1688549824,4000280055,2311730232,0.8936740940503185,65237,0.006597180899790373,0.006597180977219034,0.04604996550147154
68,63,0,0,1688549824,3999257103,2310707280,0.8943126349922892,65507,0.0006385408891551363,0.000638540941972098,0.00695883881401166
69,63,0,0,1688549824,3998093569,2309543746,0.8950392728990835,65503,0.0007266376781842033,0.0007266379067913998,0.007991373365069162
70,63,0,0,1688549824,3996049600,2307499777,0.8963166375667448,65478,0.0012773645234549914,0.0012773646676631307,0.01297476618930173
71,63,0,0,1688549824,3933552467,2245002644,0.935930001945561,63761,0.03961336433848447,0.03961336437881525,0.21155050052460658
72,63,0,0,1688549824,3932593298,2244043475,0.9365465197286476,65508,0.0006165175324262582,0.0006165177830880751,0.006958348122216477
73,63,0,0,1688549824,3931737263,2243187440,0.9370969694325773,65511,0.0005504494793435254,0.0005504497039280499,0.006306543095994724
74,63,0,0,1688549824,3930984239,2242434416,0.9375813544456477,65514,0.000484384451701118,0.0004843850130714273,0.005599656302895868
75,63,0,0,1688549824,3929273397,2240723574,0.9386824637058915,65486,0.001101109058724726,0.0011011092602429791,0.0106641744137368
76,63,0,0,1688549824,3928213484,2239663661,0.9393650525881441,65505,0.0006825886112264284,0.0006825888822528729,0.007516082786422265
77,63,0,0,1688549824,3927598342,2239048519,0.9397613550441868,65518,0.0003963024539395264,0.0003963024560434741,0.004699172121844633
78,63,0,0,1688549824,3926983368,2238433545,0.9401576581149627,65518,0.0003963024539395264,0.0003963030707763962,0.004687653452683203
79,63,0,0,1688549824,3926266096,2237716273,0.9406200218911103,65515,0.0004623634480924974,0.00046236377614728466,0.005375545368984679
80,63,0,0,1688549824,3925480764,2236930941,0.9411264281123373,65513,0.0005064057914389884,0.0005064062212277805,0.005846804239113502
81,63,0,0,1688549824,3848750100,2160200277,0.9914820719397106,63288,0.05035564341428358,0.05035564382737061,0.2288103807677748
82,63,0,0,1688549824,3831642801,2143092978,1.0029527033769448,65017,0.011470631401271398,0.011470631437233555,0.08688114297971285
83,63,0,0,1688549824,3830825275,2142275452,1.003503153467559,65511,0.0005504494793435254,0.0005504500906149362,0.006238421858099366
84,63,0,0,1688549824,3829909996,2141360173,1.0041196711221971,65508,0.0006165175324262582,0.0006165176546382594,0.006936834610036652
85,63,0,0,1688549824,3828701037,2140151214,1.0049344110785547,65499,0.0008147398470877202,0.0008147399563567829,0.008760518674690574
86,63,0,0,1688549824,3828080570,2139530747,1.0053527340653368,65517,0.000418322449221962,0.0004183229867846409,0.004934802732935719
87,63,0,0,1688549824,3827199110,2138649287,1.0059472289106353,65509,0.0005944945118882062,0.0005944948452988487,0.0067112018661578485
88,63,0,0,1688549824,3826579079,2138029256,1.0063655515159802,65517,0.000418322449221962,0.0004183226053447309,0.00492328406377429
89,63,0,0,1688549824,3825828733,2137278910,1.0068719573338711,65513,0.0005064057914389884,0.0005064058178891934,0.005846804239113502
90,63,0,0,1688549824,3825274324,2136724501,1.0072462401981994,65519,0.0003742827947452993,0.0003742828643289592,0.004463541174757649
91,63,0,1,1229616000,3657623103,2428007104,0.8228745032955231,37235,0.8156282629003436,0.8156282630973247,1.0042970849517938
92,66,3,0,1056652372,2683227443,1626575072,1.4008097367901051,10976,2.5779352338271875,2.57793523349458,2.9352943673995338
93,66,0,0,1056652372,2662105992,1605453621,1.4196661575117275,64685,0.018856420358752804,0.01885642072162387,0.106877972214821
94,67,1,0,2113304744,3577311079,1464006336,1.5527253486103625,29881,1.1330591901647677,1.1330591910986354,1.9295478402567114
95,71,4,0,970612432,3669516687,2698904256,0.6702733481063596,7551,3.1175479981178644,3.117547999495997,2.1809805033611345
96,71,0,0,970612432,2636918949,1666306518,1.3659933363526093,40462,0.6957199876831364,0.6957199882462473,1.659020711770129
97,72,1,0,1941224864,3707353149,1766128286,1.2820570063942185,34731,0.9160636700164333,0.9160636700416114,1.4663812094389213
98,72,0,0,1941224864,3685740067,1744515204,1.2998209748845362,64734,0.017763967776342975,0.017763968490317663,0.09792910286344181
99,72,0,0,1941224864,3616796366,1675571503,1.3579938928808275,62946,0.058172917859971335,0.05817291799629193,0.3192541555374746
100,72,0,0,1941224864,3344505769,1403280906,1.613843312303107,54886,0.25584941851175186,0.2558494194222779,1.0093202985125886
101,75,3,0,2035266088,3224080719,1188814632,1.8531233681403982,6940,3.239280052534377,3.2392800558372916,2.217753767967572
102,75,0,1,1923048528,4023972187,2100923660,1.0316234053927644,57909,0.1785000365480673,0.17850003725236627,0.7148813194151982
103,75,0,1,1923048528,3691246865,1768198338,1.2803670357638879,55157,0.24874362992975282,0.24874363037112437,0.9806347844787686
104,75,0,1,1923048528,3657089469,1734040942,1.308509183945887,64270,0.02814214807601903,0.02814214818199745,0.14465180301339953
105,75,0,2,1698613408,4262896301,2564282894,0.7440917158599518,48457,0.43558253095425425,0.4355825319140659,1.1455444883197508
106,75,0,2,1698613408,3753373415,2054760008,1.0636772462611717,52514,0.3195855302809262,0.31958553040121795,1.0110271117301028
107,75,0,2,1698613408,3747980673,2049367266,1.0674685938965318,65364,0.003791347438400061,0.0037913476353607103,0.034471725815129965
108,75,0,2,1698613408,3671867392,1973253985,1.1220704832532782,63102,0.05460188870777409,0.05460188935674552,0.28136622935847483
109,80,5,0,647728304,4265440903,3617712600,0.2475693447499836,15019,2.1254988623965563,2.1254988614967067,2.9336155720216968
110,80,0,0,647728304,3855732301,3208003998,0.4209712062498383,58114,0.17340186133878813,0.1734018614998564,0.7871356417436618
111,81,1,0,203500382,2355157849,2151657468,0.9971987189324771,21978,1.5762275135702843,1.576227512682636,2.008282087060273
112,82,1,0,407000764,3068009029,2661008266,0.690674154143391,40525,0.6934754347077338,0.6934754352109136,1.8694127578023856
113,83,1,0,814001528,2797414181,1983412654,1.1146622808802853,24424,1.42398812579322,1.4239881267368963,2.808887105205216
114,89,6,0,89358720,2454345855,2364987136,0.8608148097554036,1221,5.7461525150125965,5.7461525288751165,2.551387226031474
115,89,0,0,89358720,2453371510,2364012791,0.8614093044651518,65509,0.0005944945118882062,0.0005944947097503965,0.0065876077275148145
116,89,0,1,240858540,2415421329,2174562790,0.981921779123109,30142,1.1205124737751622,1.1205124746579556,1.4688053547084308
117,91,2,0,481717080,2983778261,2502061182,0.7795300783769932,37703,0.7976082982052364,0.7976082992538831,1.1022290317529486
118,92,1,0,963434160,4042905821,3079471662,0.47996429379351824,40330,0.7004342147067615,0.7004342154165273,1.682163093943734
119,94,2,0,143704560,3020747571,2877043012,0.5780603563806643,15307,2.098096061925259,2.098096062587147,2.677923301453648
120,94,0,0,143704560,2237041335,2093336776,1.0368427149838944,47684,0.45878235826385344,0.45878235860322975,1.791970551160779
121,102,8,0,560416768,3913026559,3352609792,0.35736256741708416,410,7.320519900494554,7.320519852433188,2.3472690291303495
122,102,0,0,560416768,3783241844,3222825077,0.41432125963089916,62999,0.05695869194102777,0.05695869221381399,0.2642651036610431
123,102,0,0,560416768,3547785202,2987368435,0.5237719684358701,60748,0.10945070864701194,0.10945070880497287,0.4103440331463663
124,103,1,1,94183424,2645590067,2551406644,0.7513542915545628,13993,2.2275823211977683,2.227582323118693,3.579315043270113
125,103,0,1,94183424,2644655713,2550472290,0.7518827195767663,65512,0.0005284274673163702,0.0005284280222024851,0.0060593958318253035
126,103,0,1,94183424,2644033039,2549849616,0.7522349831055841,65520,0.0003522634716290214,0.00035226352881645803,0.004227909891679893
127,110,7,0,971910208,4054638591,3082728384,0.47843936533247344,1238,5.726204400785735,5.726204382226891,1.1850702484939324
128,110,0,0,971910208,3021433498,2049523291,1.0673587610084674,43571,0.5889193954580831,0.588919395675995,1.2007708154105554
129,111,1,0,1943820416,3559333631,1615513216,1.4106545931327332,25829,1.343295831542386,1.3432958321242645,2.615459160345692
130,111,0,1,1740157184,3928160005,2188002822,0.9730325471507371,44380,0.5623779529156263,0.5623779540180042,1.6550131092650366
131,111,0,1,1740157184,3669015749,1928858566,1.1548997846957185,57774,0.18186723689613843,0.18186723754498196,0.9519661618828956
132,114,3,1,1250020704,3698766927,2448746224,0.8106038781745468,10400,2.655704092084183,2.6557040934788274,3.1377439517815096
133,118,4,1,1009583360,3382404111,2372820752,0.8560440256622606,3969,4.045440153000167,4.0454401474877155,3.4596263660857374
134,118,0,1,1009583360,2956689596,1947106237,1.1413155442299399,53778,0.2852715179681923,0.28527151856767613,0.907326094975631
135,118,0,3,1557002976,3895931067,2338928092,0.8767996378546918,19681,1.7354840939609846,1.7354840936247533,1.5299013466767395
136,131,13,0,14324736,2718709759,2704385024,0.6673465829024501,74,9.79054663437105,9.790546945047758,1.5193039456068076
137,132,1,0,28649472,2691108603,2662459132,0.6898877654690416,32260,1.022541181956995,1.0225411825665938,2.028713680498415
138,132,0,0,28649472,2684608458,2655958987,0.6934142770806133,65376,0.0035265112667726534,0.003526511611572119,0.029424881288069242
139,134,2,0,1973369548,3359545407,1386175860,1.6315368465073377,8551,2.9381225689441335,2.9381225694267235,2.63163483806922
140,134,0,3,754570848,4168231951,3413661104,0.33132730611529837,20174,1.6997904577676484,1.6997904596079612,2.853276335196692
141,140,6,1,424245424,3676224335,3251978912,0.4013292439672398,3902,4.070001937390973,4.07000193785194,2.6267522663358713
142,140,0,1,424245424,3671956906,3247711483,0.4032236725218752,65450,0.0018944282800345323,0.0018944285546347753,0.018990737488459135
143,145,5,3,734078208,2548229503,1814151296,1.2433523677179323,286,7.840128663221611,7.840128695196057,2.099553582371637
144,145,0,3,734078208,2433986912,1699908705,1.3371898786981227,61409,0.0938375103950605,0.09383751098019223,0.3865864075833927
145,145,0,6,713281664,2238468303,1525186640,1.4936613471896578,7350,3.1564714653889108,3.156471468491536,2.107396557147565
146,152,7,0,1426563328,3865056003,2438492676,0.8166575067604604,52390,0.3229961584435781,0.3229961595708026,1.0697916199773392
147,152,0,0,1426563328,3403634071,1977070744,1.119282651177297,53135,0.30262514374346283,0.30262514441683547,0.8649861762671947
148,152,0,0,1426563328,3399078747,1972515420,1.122610567564319,65385,0.003327916037484043,0.0033279163870232266,0.027820786417288527
149,152,0,0,1426563328,3363322089,1936758762,1.1490028794966527,64348,0.02639231170809666,0.026392311932331037,0.15475029261569545
150,153,1,1,876043864,2707713603,1831669740,1.229487744880295,15495,2.080484865526422,2.080484865383643,0.8030004810961365
151,153,0,1,876043864,2704918696,1828874833,1.231690804655571,65436,0.002203059159570524,0.0022030597752763937,0.02000170051187263
152,153,0,1,876043864,2579897955,1703854092,1.3338453490420008,61056,0.10215454399448846,0.1021545443864293,0.36302292331118763
153,153,0,1,876043864,2579507973,1703464110,1.3341755941594435,65521,0.00033024448458043404,0.00033024511744302325,0.0039922782726164955
154,153,0,1,876043864,2578988117,1702944254,1.3346159369480084,65516,0.0004403427806028656,0.00044034278856581056,0.005147395669702917
155,153,0,1,876043864,2459145909,1583102046,1.4398928921096257,60924,0.10527695454922138,0.10527695516161839,0.38371356954672764
156,153,0,1,876043864,2452599573,1576555710,1.4458709952626023,65265,0.005978102850952038,0.005978103152976269,0.04200081134083544
157,153,0,1,876043864,2231834623,1355790760,1.663512602349961,56359,0.21764160688390893,0.2176416070873567,0.6660771686224817
158,153,0,3,387234964,2358609675,1971374712,1.1234451211474656,23823,1.4599325190622892,1.459932518797504,1.127226177206436
159,159,6,0,933049752,3545746927,2612697176,0.7171072268668937,10857,2.5936621069063053,2.5936621057194285,2.0353778340680937
160,160,1,2,258822808,2158067399,1899244592,1.177221432763094,5955,3.4601142072485236,3.460114205896201,2.3818506630566514
161,163,3,0,517645616,2772476923,2254831308,0.9296276416751397,38903,0.7524062077008185,0.7524062089120478,1.7362009367818563
162,163,0,0,517645616,2509236652,1991591037,1.1087257182189454,57885,0.17909807585022708,0.17909807654380352,0.6766801514028227
163,163,0,0,517645616,2504343979,1986698364,1.1122742979832942,65375,0.0035485790909715823,0.003548579764349788,0.02981254468443391
164,163,0,0,517645616,2245851288,1728205673,1.3133722237901466,57009,0.2010979252011871,0.20109792580685074,0.7474586225283105
165,163,0,0,517645616,2244928326,1727282711,1.3141429123782835,65501,0.0007706880901105886,0.0007706885881369865,0.008374513246133256
166,163,0,0,517645616,2243505088,1725859473,1.315332147232489,65482,0.0011892340994270377,0.001189234854206512,0.012184374707983246
167,163,0,5,359448352,3167340799,2807892448,0.6131594695267744,3332,4.2978273146344526,4.297827322294286,0.5928922026328554
168,163,0,5,359448352,2681263836,2321815485,0.887393820430681,54191,0.27423435067059077,0.2742343509039061,0.921225361494742
169,169,6,0,2099246052,3439419943,1340173892,1.680226938726559,18914,1.7928331186167115,1.7928331182958774,2.014089934870572
170,169,0,1,2051008456,3561117115,1510108660,1.5079947834812302,36923,0.8277678434882859,0.8277678447546722,1.793484043594732
171,169,0,1,2051008456,3557084689,1506076234,1.5118523483610176,65361,0.0038575640782688957,0.0038575648797871047,0.03121100550987073
172,171,2,1,1919394684,3456908787,1537514104,1.4820475013000554,16726,1.9701951523693024,1.9701951529390351,0.8759619941207288
173,171,0,1,1919394684,3323511796,1404117113,1.6129838746889398,59850,0.13093637328177335,0.13093637338888559,0.670450025604302
174,171,0,2,1691305720,3392632191,1701326472,1.3359871359108375,39704,0.7230032607028798,0.7230032612218964,1.913204281851801
175,171,0,2,1691305720,3284508033,1593202314,1.4307176657973564,61371,0.09473052901868367,0.09473052988652157,0.428192185341648
176,171,0,3,1235127792,3630085053,2394957262,0.8426472347081493,49258,0.4119295685101052,0.41192956891079063,0.8252160485236689
177,171,0,3,1235127792,3557435287,2322307496,0.8870881343688239,63548,0.0444408993979119,0.0444408996606772,0.24416655721015687
178,171,0,4,322771936,2966763809,2643991874,0.6999294031159096,37307,0.8128412683134676,0.8128412687470837,1.427839703933057
179,179,8,0,960936880,2628278431,1667341552,1.3650974778603029,2583,4.6651680718819994,4.665168074744393,2.969859529868013
180,182,3,3,779626304,4013357055,3233730752,0.4094475843713816,1986,5.0443500924716265,5.044350106511079,3.6915173638140644
181,186,4,1,325082888,2614194779,2289111892,0.9078591623301904,11598,2.498411577067608,2.49841157795881,1.6845096042911927
182,186,0,4,2097655240,3718923207,1621267968,1.4055245825154223,5802,3.4976654198020025,3.4976654201852315,1.7590542519166747
183,191,5,1,513972796,2394699051,1880726256,1.1913572694287033,19006,1.7858326859064706,1.7858326869132821,2.398494024049821
184,191,0,1,513972796,2228080755,1714107960,1.3251891681551626,59730,0.13383189867097886,0.1338318987264593,0.5609264422330098
185,194,3,1,1964154160,4239448343,2275294184,0.916594055489572,10874,2.5914048872018984,2.5914048873344093,2.5344421039598943
186,197,3,0,854788940,2232130719,1377341780,1.640760545053645,9918,2.72416648998653,2.7241664895640727,2.2785323787706373
187,201,4,0,1931909952,3646525599,1714615648,1.324761931055292,5099,3.6840013773714406,3.6840013860016465,2.1215156616416397
188,201,0,0,1931909952,3645845362,1713935411,1.3253344029494052,65510,0.0005724718275307164,0.0005724718941139235,0.006488616438523054
189,202,1,1,1916007496,3600338187,1684330692,1.3504717291824484,16101,2.0251373265057793,2.02513732623304,1.1088286251019404
190,204,2,2,1705425288,3664241023,1958815736,1.1326654550249486,9527,2.7821937264384013,2.782193725842501,1.2278239896217147
191,204,0,2,1705425288,3469991397,1764566110,1.283333663879965,59037,0.15066820858963834,0.15066820885501636,0.7725426831006015
192,209,5,0,983295160,4045006919,3061711760,0.4883086770207079,14214,2.2049750160386123,2.2049750131407455,3.0678958420508438
193,209,0,0,983295160,3963250394,2979955235,0.5273564873828747,63786,0.03904781004894244,0.03904781036216331,0.19890013328663125
194,209,0,0,983295160,3819017941,2835722782,0.5989306432607684,62364,0.07157415561094134,0.07157415587789616,0.2876412870781944
195,209,0,0,983295160,3776527099,2793231940,0.6207117711804706,64554,0.02178112753046841,0.0217811279197009,0.13801219014793645
196,209,0,0,983295160,3610772719,2627477560,0.7089687031259864,61647,0.0882569316688643,0.08825693194551554,0.4273398608546566
197,210,1,2,742432040,2179013095,1436581056,1.580007749878316,4479,3.8710390491443025,3.8710390467523297,2.149265565228156
198,210,0,2,742432040,2168535102,1426103063,1.5905688983791428,65058,0.010561148431671248,0.010561148500825871,0.06830741917802162
199,219,9,1,729296128,2238959871,1509663744,1.5084199003613037,271,7.917850958646128,7.917851001982162,0.748458256942352
200,221,2,0,1458592256,4226600903,2768008648,0.6337986956665489,60081,0.12537879489805676,0.1253787953052468,0.5685252565798555
201,221,0,0,1458592256,3461065063,2002472808,1.100864493906549,47411,0.4670657975227955,0.46706579823999833,0.862748688665783
202,221,0,1,769700864,3992736091,3223035228,0.41422718877261033,52741,0.313362694652635,0.3133626948660631,1.1807466093488164
203,221,0,1,769700864,3368154984,2598454121,0.7249935593920327,52836,0.31076637034195054,0.31076637061942136,1.2382708906696536
204,227,6,0,487028192,3599336767,3112308576,0.46466203974007314,2453,4.739668481442398,4.739668480348042,3.1068800642599936
205,228,1,3,1949852000,3423183615,1473331616,1.5435649587401734,1939,5.078902911893207,5.0789029190001,1.2112010112868408
206,233,5,0,1060130428,2887317019,1827186592,1.2330231767404491,20319,1.6894582188592435,1.6894582180002755,2.684331712962666
207,234,1,1,2093038064,4091523395,1998485332,1.1037401619611664,17920,1.8707169830550336,1.8707169852207162,3.1670640864751336
208,234,0,1,2093038064,3879007460,1785969397,1.2659397862570678,58567,0.16219962383426859,0.16219962429590018,0.5593953493173305
209,234,0,1,2093038064,3877426859,1784388796,1.2672171513000272,65478,0.0012773645234549914,0.0012773650429606697,0.012817427641386762
210,234,0,3,1929701312,3812871883,1883170572,1.1894834651091664,17291,1.9222663128745205,1.922266313809139,3.229172517520382
211,240,6,0,2033239848,3284012687,1250772840,1.779827348806947,5441,3.5903438869401496,3.590343883697781,2.6573386640365118
212,240,0,1,1918996048,4134758759,2215762712,0.9548437558498541,58049,0.17501640620152356,0.17501640704290555,0.7214031547286759
213,240,0,1,1918996048,3596032516,1677036469,1.3567330837820997,49602,0.4018893278240825,0.4018893279322455,1.1581631192933919
214,242,2,1,272371968,3299819943,3027447976,0.5045449773118662,29577,1.1478118933893118,1.147811893529766,1.2828566366757925
215,242,0,1,272371968,3188535730,2916163763,0.5585754066527215,63127,0.05403042927303558,0.054030429340854697,0.2619910457052864
216,245,3,0,1726655672,3263942439,1537286768,1.4822608331768592,8637,2.9236854257154095,2.9236854265241394,1.1082197811355867
217,245,0,1,1305827696,3674435309,2368607614,0.8586079260018806,50488,0.37634709194707494,0.37634709282502093,1.459339060728516
218,245,0,2,464171744,4043177747,3579006004,0.2630881820488362,49513,0.4044802553960766,0.4044802560469552,1.6272595252467061
219,245,0,2,464171744,3279875639,2815703896,0.6091515202180311,51559,0.34606333791916977,0.3460633381691963,1.115786547968775
220,245,0,2,464171744,2814615972,2350444229,0.8697136971347987,54707,0.2605621764791234,0.2605621769167682,0.6830893498481145
221,245,0,2,464171744,2695365070,2231193327,0.9448316213064807,62211,0.07511792365816583,0.07511792417168082,0.32998817543179254
222,245,0,2,464171744,2429573347,1965401604,1.127823007626759,57729,0.18299138570828646,0.18299138632027892,0.8240070025137034
223,251,6,0,995739184,2270659119,1274919936,1.7522404962335933,2657,4.624417487509493,4.6244174886068325,3.0147395678029225
224,252,1,1,1835473088,4189297131,2353824044,0.8676406677514272,30249,1.115400171249686,1.1154001715178363,2.2038947177006087
225,255,3,0,1986454496,3973642859,1987188364,1.1119185150322437,13832,2.2442778463577184,2.2442778472808134,2.8036675143747924
226,258,3,0,369631816,3661882847,3292251032,0.38357280150152206,13572,2.2716542852890234,2.2716542864692784,2.705783049693165
227,258,0,0,369631816,3609687888,3240056073,0.40662836514488276,64497,0.02305556357014613,0.023055563643361063,0.16018097605245404
228,258,0,0,369631816,3370500398,3000868583,0.5172670056198854,60698,0.11063864000942979,0.11063864047500382,0.4748267369565576
229,263,5,0,1897813472,3401178303,1503364832,1.5144519854310943,1026,5.997184984392946,5.997184979811208,2.9880502166547735
230,263,0,3,150122240,3249711103,3099588864,0.4705702799350391,16890,1.956118292311252,1.9561182945039446,3.263636652312071
231,268,5,0,600488960,4243413955,3642924996,0.23754985420309183,19256,1.7669795735255032,1.766979574268053,2.965925324684879
232,272,4,0,826858704,2184951103,1358092400,1.6610655070151417,1527,5.4235156532031485,5.42351565281205,3.495337413100958
233,272,0,0,826858704,2177718829,1350860126,1.6687688466078683,65187,0.007703338594360387,0.007703339592725922,0.05880998818421673
234,273,1,2,172418688,3792961279,3620542592,0.24644122325553752,21956,1.5776723760254423,1.57767237664767,2.713346079158215
235,273,0,2,172418688,3789480837,3617062150,0.2478287587675041,65473,0.0013875351247936642,0.0013875355119666317,0.014111232280578048
236,276,3,0,980391168,2331601427,1351210260,1.6683949580586344,12241,2.4205661999926593,2.4205661992911303,2.1116483313950463
237,278,2,0,971457340,2269391123,1297933784,1.7264303620076404,15738,2.05803540701386,2.058035403949005,3.2793376933855503
238,278,0,0,971457340,2268539512,1297082173,1.7273772656343844,65493,0.0009469031891450585,0.0009469036267452265,0.009710666808354643
239,279,1,0,1942914680,4074779747,2131865068,1.0105310174324131,53857,0.2831537509092249,0.28315375179803076,1.0617749098148768
240,279,0,0,1942914680,3686212726,1743298047,1.3008279017540652,53591,0.29029688367769146,0.29029688432165174,1.231503319696626
241,279,0,0,1942914680,3685760515,1742845836,1.3012021849693838,65519,0.0003742827947452993,0.0003742832153177388,0.004463541174757649
242,279,0,0,1942914680,3672809374,1729894695,1.3119629275882936,65049,0.010760741926082935,0.010760742618910121,0.0788889379864514
243,279,0,0,1942914680,3386464500,1443549821,1.5730262460814863,54688,0.26106331832386065,0.26106331849319386,0.8726803680928129
244,279,0,0,1942914680,3368997229,1426082550,1.590589650186626,64743,0.017563403114064534,0.017563404105136626,0.12345861546836327
245,279,0,0,1942914680,3364362286,1421447607,1.595286222175428,65323,0.004696571349226168,0.004696571988803083,0.03888477825983671
246,279,0,1,1738345712,3824535233,2086189522,1.0417769191102835,48092,0.4464906956907981,0.446490696934854,1.0314728600717316
247,279,0,1,1738345712,3822593436,2084247725,1.0431203854850715,65475,0.00134346587467908,0.0013434663747887733,0.013374049752392344
248,279,0,1,1738345712,3820717053,2082371342,1.044419783672609,65477,0.0012993979706836883,0.0012993981875367396,0.012936475606971148
249,279,0,1,1738345712,3786845473,2048499762,1.0680794208115572,64470,0.023659636963697973,0.023659637138948503,0.15269022394897222
250,287,8,0,953137664,2653552511,1700414848,1.3367603842749638,425,7.268680968974936,7.268680963463409,1.372238472875252
251,287,0,0,953137664,2613257951,1660120288,1.3713593667223591,63983,0.034598982113021454,0.034598982447394566,0.2402690249772776
252,287,0,0,953137664,2610876797,1657739134,1.3734301474398336,65442,0.002070780697928415,0.0020707807174757307,0.018001778708957448
253,290,3,2,1427348928,3841917183,2414568256,0.830881899235056,2983,4.457451737664788,4.45745175179522,1.5602031689148754
254,295,5,0,1190412816,3928613391,2738200576,0.6494190166560792,9290,2.8185371187299846,2.8185371174210245,1.8510506991531146
255,295,0,0,1190412816,3436258722,2245845907,0.9353882017272959,53752,0.2859691850712167,0.2859691850712167,0.6891057007154288
256,295,0,1,233341984,3150789575,2917447592,0.5579404059134383,42567,0.6225522037543408,0.6225522041861431,1.009594250351631
257,295,0,1,233341984,2733979549,2500637566,0.7803511727111605,56173,0.22241076626917414,0.22241076679772223,0.9150161589172493
258,295,0,1,233341984,2554452270,2321110287,0.8878320723930138,60831,0.1074808996011035,0.10748089968185168,0.481266797044658
259,297,2,0,466683968,3923628099,3456944132,0.3131498577555831,48803,0.4253177851195055,0.42531778536257153,1.275860078294472
260,297,0,0,466683968,2280978300,1814294333,1.2432386227197867,34395,0.930088764810688,0.9300887649642012,1.8773551381915394
261,298,1,0,933367936,3277200567,2343832632,0.8737775922964524,42332,0.6305389692163827,0.6305389695766681,1.8489084379478862
262,299,1,1,1585988096,3924956815,2338968720,0.8767745779542793,16350,2.0029969847271927,2.002996985657826,3.173301692786647
263,299,0,1,1585988096,3378152924,1792164829,1.260943814954615,50215,0.3841692364911184,0.3841692370003367,0.8776205982985064
264,299,0,1,1585988096,3377195804,1791207709,1.2617145036261022,65501,0.0007706880901105886,0.0007706886714846832,0.0084566677564063
265,299,0,2,1024492544,3183584403,2159091860,0.9922225209269584,39498,0.7305080168603567,0.7305080173008581,1.5438485523257581
266,299,0,2,1024492544,3182035982,2157543439,0.9932575397501822,65489,0.0010350188106098368,0.0010350188232210009,0.011038874060980076
267,299,0,2,1024492544,3134925315,2110432772,1.0251082731488381,64105,0.031850733280757555,0.031850733398658355,0.18192361808665397
268,299,0,2,1024492544,3102078613,2077586070,1.0477388999735808,64516,0.022630626455668292,0.02263062682474279,0.1319362622892486
269,299,0,2,1024492544,2876491111,1851998568,1.2135641629340022,58420,0.16582526228345892,0.16582526296041888,0.6926768536629538
270,302,3,0,2048985088,3779412337,1730427250,1.3115188565013973,30617,1.0979546928433845,1.0979546935673954,2.005388223289036
271,302,0,0,2048985088,3224897220,1175912133,1.868866883476489,44535,0.557348026404826,0.5573480269750928,1.0701799911756835
272,304,2,0,2122331404,3949000087,1826668684,1.233432160267057,25451,1.36456527783532,1.3645652767905665,1.4138192382170567
273,304,0,0,2122331404,3702214739,1579883336,1.442829117224278,56682,0.20939695642227782,0.20939695695722438,0.6638521353979316
274,305,1,2,1498747416,4170586247,2671838832,0.6848141603900295,13854,2.2419850415047287,2.241985043165749,2.3952663274396193
275,305,0,2,1498747416,3892582264,2393834849,0.8433235220311524,58717,0.15850936132404325,0.15850936164112248,0.6271586946563552
276,308,3,1,836416396,4123848287,3287431892,0.38568614061007267,22500,1.5423626190082382,1.542362618578922,1.3669928621798964
277,308,0,1,836416396,2314296009,1477879614,1.5391183916574676,29462,1.1534322507643793,1.153432251047394,2.265806191084534
278,310,2,1,1198181936,4168914795,2970732860,0.5318282678283346,32934,0.992709875304286,0.9927098761708667,1.5083193132090138
279,310,0,1,1198181936,3897525365,2699343430,0.6700386074311879,59549,0.13821033918155315,0.13821033960285256,0.4609377694049928
280,313,3,0,497760448,4255653775,3757893328,0.19272303118488665,22809,1.522684423544735,1.5226844237537018,2.2455411842349253
281,313,0,0,497760448,2981481600,2483721153,0.7901439345188734,43315,0.5974209031628193,0.597420903333986,1.9232544346651017
282,313,0,0,497760448,2980534135,2482773688,0.7906943843299601,65511,0.0005504494793435254,0.0005504498110876663,0.0062529881795468645
283,313,0,0,497760448,2965797212,2468036765,0.7992832603237687,65147,0.00858887580563895,0.008588875993805842,0.060411130335906615
284,313,0,0,497760448,2964893389,2467132942,0.7998116883422277,65512,0.0005284274673163702,0.0005284280184609543,0.0060578720056822695
285,313,0,0,497760448,2442750842,1944990395,1.1428841152856037,51666,0.34307242632481455,0.3430724269433766,0.9948003431917392
286,314,1,0,995520896,3258839643,2263318748,0.9242073692851562,38131,0.7813232536633883,0.7813232539995496,1.9659113274475657
287,323,9,1,2041450496,4057218047,2015767552,1.0913178617947779,57,10.167109985835259,10.167110492509622,0.46685769150120904
288,323,0,1,2041450496,4016524985,1975074490,1.1207400804065202,64213,0.029422218166624173,0.02942221861174269,0.15568786835914333
289,323,0,1,2041450496,4015379769,1973929274,1.1215768471401049,65498,0.000836766229995985,0.0008367667335876126,0.009032222734512332
290,323,0,1,2041450496,3989145448,1947694953,1.1408794050696933,64665,0.019302557212988864,0.0193025579295886,0.10591747968034367
291,323,0,1,2041450496,3951877237,1910426742,1.168752209427801,64282,0.027872804300100293,0.02787280435810692,0.16879831989957036
292,332,9,0,628441088,3449305599,2820864512,0.6065097720292307,378,7.437757575778927,7.437757562601428,0.11511373051499386
293,332,0,0,628441088,3431442763,2803001676,0.6156745390118061,65121,0.009164766608617297,0.009164766982576423,0.0665488920982808
294,333,1,0,1256882176,4283487561,3026605386,0.5049465596401532,35382,0.8892720204569282,0.8892720206283482,1.5684089361242115
295,333,0,0,1256882176,4282194455,3025312280,0.5055630774928055,65508,0.0006165175324262582,0.0006165178526518522,0.006929354370234511
296,333,0,0,1256882176,4280394113,3023511938,0.5064218706924066,65497,0.0008587929491977406,0.0008587931996011553,0.008850245604175574
297,333,0,0,1256882176,3495635536,2238753361,0.9399515479088585,48526,0.4335296768536907,0.43352967721645175,0.8495840937042225
298,333,0,1,366280704,3500521743,3134241040,0.45453101092548565,45875,0.5145794624947002,0.5145794630166269,1.4005450200919742
299,333,0,1,366280704,3267328394,2901047691,0.5660731334824298,60660,0.11154212248846683,0.11154212255694297,0.4063386753788674
300,336,3,0,1548584224,3750398679,2201814456,0.9639542459974777,12435,2.397881112895731,2.3978811125150465,1.8469286677205183
301,336,0,1,949684800,3157479523,2207794724,0.9600411063408245,32857,0.9960868590519122,0.9960868603433478,1.121664249100655
302,336,0,1,949684800,2865974888,1916290089,1.1643311724746184,56883,0.20429006598918906,0.20429006613379627,0.8392870788950794
303,338,2,0,1899369600,4027710097,2128340498,1.0129181702313268,36394,0.8485869965030726,0.8485869977567059,1.1653156520734362
304,338,0,1,1651255552,3550705913,1899450362,1.1770651352122528,29244,1.164146963555503,1.1641469649809253,1.8954444925542404
305,338,0,1,1651255552,3547054015,1895798464,1.1798415417152306,65410,0.0027764060185773093,0.0027764065029783997,0.023955520151846026
306,338,0,2,1155027456,3300008169,2144980714,1.001682469823482,37075,0.8218409277706448,0.8218409281082539,1.6558537253995527
307,343,5,0,1661936072,4132381999,2470445928,0.7978756669374683,9435,2.796193197512192,2.796193197113984,0.9507347861628781
308,343,0,0,1661936072,3555859171,1893923100,1.1812693925574713,50242,0.3833937252367118,0.3833937256200042,0.8886039762383522
309,343,0,0,1661936072,3554269727,1892333656,1.182480659124451,65481,0.001211266200721556,0.0012112665669792458,0.011519706834209293
310,347,4,0,1353236624,3795344959,2442108336,0.8145199439099109,5286,3.63203929035843,3.632039284785459,0.7184689214241108
311,347,0,0,1353236624,3787445072,2434208449,0.8191944301140914,65324,0.0046744859581966435,0.004674486204180068,0.03481238276607673
312,347,0,0,1353236624,3776859296,2423622673,0.825482038855121,65251,0.006287608668628205,0.006287608741028803,0.04564929637673077
313,347,0,0,1353236624,3750713342,2397476719,0.8411303401744306,64829,0.015648301213414238,0.015648301319310935,0.10540228879938313
314,347,0,2,1521765484,3837443527,2315678044,0.8912124611721026,15825,2.050082120796934,2.050082120997671,2.7625168732335235
315,347,0,3,896047320,4009223737,3113176418,0.46425981200713906,44053,0.5730473507316839,0.5730473508350361,1.701489686190716
316,347,0,3,896047320,3589247041,2693199722,0.6733259249915164,56695,0.20906611267771325,0.20906611298437935,0.7475428171808454
317,351,4,0,1792094640,4228450819,2436356180,0.8179220843801893,29643,1.1445961584307984,1.1445961593886735,1.8716266210229258
318,351,0,0,1792094640,4200494583,2408399944,0.8345721570248905,64784,0.0166500723235424,0.016650072644700097,0.10189774034192461
319,351,0,0,1792094640,4199502352,2407407713,0.8351666520152747,65509,0.0005944945118882062,0.0005944949903851081,0.006452011484427647
320,351,0,0,1792094640,3851373035,2059278396,1.060508263407204,56059,0.2253416111480792,0.22534161139192976,0.6363380508969011
321,351,0,0,1792094640,3850901703,2058807064,1.0608385082982288,65521,0.00033024448458043404,0.00033024489102346854,0.0039922782726164955
322,351,0,0,1792094640,3780375246,1988280607,1.1111257664983256,63291,0.05028725789814777,0.05028725820009701,0.22007774065227087
323,351,0,0,1792094640,3765873321,1973778682,1.1216869152272722,65058,0.010561148431671248,0.01056114872894634,0.0816017003508033
324,351,0,0,1792094640,3765391441,1973296802,1.1220391790198327,65520,0.0003522634716290214,0.0003522637925601698,0.004227909891679893
325,351,0,0,1792094640,3760513601,1968418962,1.1256098267234371,65374,0.003570647252730634,0.0035706477036039973,0.029146749510317326
326,351,0,0,1792094640,3529178718,1737084079,1.3059795604048787,57834,0.18036973308627557,0.18036973368144266,0.5610827854056359
327,351,0,0,1792094640,3528701613,1736606974,1.306375863364071,65518,0.0003963024539395264,0.00039630295919218685,0.004668654543719633
328,351,0,0,1792094640,3528198141,1736103502,1.3067941859208965,65517,0.000418322449221962,0.0004183225568243799,0.00492328406377429
329,354,3,0,841323776,2365288655,1523964880,1.4948174899237436,7191,3.1880233056297107,3.1880233040028494,0.5703123806812762
330,354,0,0,841323776,2364195723,1522871948,1.4958525093442567,65489,0.0010350188106098368,0.0010350194205137055,0.009968831496417216
331,354,0,0,841323776,2291347157,1450023382,1.5665709817573443,62401,0.07071847143544754,0.07071847241308651,0.3448717701244375
332,355,1,0,1682647552,3593370195,1910722644,1.1685287707156675,43179,0.6019577886637021,0.6019577889583217,1.168388561582675
333,355,0,0,1682647552,3452054389,1769406838,1.2793813423707618,60689,0.11085257157363011,0.11085257165509597,0.590520164548772
334,355,0,1,1217811456,3445229425,2227417970,0.9472748439874543,41250,0.6678935010920972,0.6678935016166918,1.9851945957160155
335,355,0,2,288139264,4205901551,3917762288,0.13261728192726707,57635,0.18534243740302078,0.185342437939812,0.6778204318223359
336,355,0,2,288139264,4204765725,3916626462,0.13303560442855655,65517,0.000418322449221962,0.0004183225012911367,0.004934802732935719
337,355,0,2,288139264,3468963951,3180824688,0.43324628646665175,53224,0.3002106816178635,0.30021068203809315,0.9751210612258212
338,355,0,2,288139264,3468187382,3180048119,0.4335985501527091,65520,0.0003522634716290214,0.0003522636860593192,0.004227909891679893
339,355,0,2,288139264,3465615626,3177476363,0.43476575284000063,65483,0.0011672023345903715,0.0011672026872914434,0.011785324726627532
340,355,0,2,288139264,3464839874,3176700611,0.4351180167361761,65520,0.0003522634716290214,0.00035226389617402834,0.004227909891679893
341,355,0,2,288139264,3249524564,2961385301,0.5363749365929706,61094,0.10125691954385678,0.10125691985679688,0.41481146200187846
342,358,3,0,576278528,3396047287,2819768760,0.6070702892336293,31201,1.0706953518783708,1.0706953526406566,1.643286542068681
343,358,0,0,576278528,3380299677,2804021150,0.61514991475185,65170,0.008079625496239836,0.008079625518221981,0.05701334797928771
344,358,0,0,576278528,3362928574,2786650047,0.6241153086807145,65130,0.008965393776337085,0.008965393928865107,0.057388699857626645
345,358,0,0,576278528,3340860224,2764581697,0.6355859401712252,65017,0.011470631401271398,0.011470631490510407,0.08011100200479082
346,358,0,0,576278528,2702191905,2125913378,1.0145643316827169,50396,0.3789783908756542,0.378978391511491,1.0531501229928173
347,358,0,2,1927692652,3330089611,1402396960,1.6147523721551025,10808,2.6001880406743156,2.600188040472386,1.478279601409868
348,358,0,2,1927692652,3319582761,1391890110,1.6256018313904406,65045,0.010849459010120237,0.010849459235336424,0.09096528164678622
349,358,0,2,1927692652,3261431590,1333738939,1.687170839512131,62798,0.061569007767222426,0.06156900812169059,0.3251171072305483
350,358,0,3,1707901656,4237438819,2529537164,0.7637737106145011,62147,0.07660287019588032,0.07660287110236998,0.31129554072264753
351,368,10,0,995756800,2700230143,1704473344,1.333321108448299,345,7.569547448334468,7.569547397833797,2.1865058942127154
352,368,0,0,995756800,2660879737,1665122938,1.3670184489001755,64023,0.033697339947593406,0.03369734045187659,0.21018589760464215
353,368,0,0,995756800,2636894811,1641138012,1.3879505781824228,64592,0.020932128519489973,0.020932129282248295,0.13477052054016544
354,371,3,0,90309592,3290448583,3200138992,0.42451257880285453,15974,2.036562001653714,2.036562000620432,2.525243693945496
355,371,0,0,90309592,3101573192,3011263601,0.512278141302275,61668,0.08776556247368868,0.08776556249942151,0.46687854906430554
356,371,0,0,90309592,2818210419,2727900828,0.6548559494351167,59369,0.1425778076166839,0.1425778081328403,0.5932605773964492
357,371,0,0,90309592,2448002442,2357692851,0.865271362896145,56642,0.21041541330752941,0.21041541346102965,0.9259432880434749
358,371,0,0,90309592,2298452131,2208142540,0.9598138420526858,61379,0.09454247915565389,0.09454247915654114,0.4126479293135386
359,373,2,0,361238368,3079366951,2718128584,0.6600334400514605,20168,1.7002195971414602,1.7002195979987744,2.3872853264028238
360,373,0,0,361238368,2709987477,2348749110,0.8707545310416727,56630,0.21072109062505598,0.21072109099021066,1.02508116284216
361,374,1,0,722476736,3514196715,2791719980,0.6214929049408155,38948,0.7507383734001568,0.7507383738991438,1.8471369084513527
362,375,1,0,5177572,2498539293,2493361722,0.7845549504366396,29266,1.1630620449981517,1.1630620454958225,1.2344683049493546
363,380,5,0,1857127904,4165435423,2308307520,0.8958117088479653,1896,5.111256751101741,5.111256758411326,2.0038246237352637
364,380,0,0,1857127904,4127325243,2270197340,0.9198294348125344,64454,0.024017725772185625,0.02401772596457134,0.16593931546138094
365,380,0,0,1857127904,3699342330,1842214427,1.2212061504014997,53181,0.3013767149834996,0.3013767155889635,0.9984860415298012
366,380,0,0,1857127904,3698808240,1841680337,1.2216244734259867,65517,0.000418322449221962,0.0004183230244885297,0.00492328406377429
367,380,0,0,1857127904,3629986902,1772858999,1.2765693472461805,63087,0.05494487305213469,0.05494487382019485,0.28798939183962113
368,380,0,0,1857127904,3629527023,1772399120,1.2769436303782769,65519,0.0003742827947452993,0.0003742831320938743,0.004463541174757649
369,380,0,0,1857127904,3629094308,1771966405,1.27729589415204,65520,0.0003522634716290214,0.0003522637737652424,0.004227909891679893
370,380,0,0,1857127904,3624065228,1766937325,1.28139627902479,65350,0.004100384429842091,0.004100384872749608,0.031231771250051905
371,380,0,0,1857127904,3530671201,1673543298,1.3597412690246635,62072,0.07834498921494688,0.07834498999987205,0.3837511037260558
372,380,0,0,1857127904,3302913439,1445785536,1.5707935834179025,56617,0.2110523141561683,0.2110523143932398,0.8695009572566089
373,381,1,5,484029952,4258038527,3774008576,0.1865494447132683,2673,4.615755877756921,4.615755861295366,3.0445975852515
374,396,15,1,927541248,2814543871,1887002624,1.1865507169126062,16,12.0,12.000001272199338,0.029816130001527146
375,396,0,1,927541248,2799571316,1872030069,1.1980435379894345,65016,0.01149282107682941,0.01149282107682941,0.08942747623828638
376,396,0,3,314447552,2749663427,2435215876,0.8185974766096571,21313,1.6205539404927893,1.6205539386202201,2.4447317941181144
377,396,0,3,314447552,2318625460,2004177909,1.0996365651055768,53936,0.28103908801578975,0.2810390884959199,1.0145374961830185
378,396,0,3,314447552,2312753845,1998306294,1.1038694142510401,65344,0.004232849122198513,0.004232849145464769,0.03421053517862434
379,400,4,0,628895104,4189109989,3560214886,0.27068282459439885,58380,0.16681340961036994,0.16681341034335978,0.7967002745273178
380,400,0,0,628895104,3205726659,2576831556,0.7370489127611108,47434,0.4663660877523092,0.4663660881667114,1.2584791629136383
381,401,1,1,368096768,3376182723,3008085956,0.5138013534253325,19126,1.7767524395825325,1.7767524406642212,2.766633808963778
382,403,2,0,802069600,2454093369,1652023770,1.3784127010152112,17996,1.8646113484209539,1.864611347589879,0.8562860742648565
383,403,0,0,802069600,2437330127,1635260528,1.3931266433111666,64871,0.01471394201780416,0.014713942295954843,0.09302744342256923
384,404,1,0,1604139200,3838449633,2234310434,0.9428174989221247,44772,0.5496908544620639,0.5496908556109565,1.6539167809628514
385,404,0,0,1604139200,3833403888,2229264689,0.9460792226253076,65388,0.003261723702316598,0.0032617237031855677,0.031051120366260072
386,406,2,4,1433188480,4128334655,2695146176,0.6722836238072851,1238,5.726204400785735,5.726204401181978,1.6091365827256792
387,406,0,4,1433188480,4127224288,2694035809,0.672878118849983,65509,0.0005944945118882062,0.0005944950426960302,0.006598135619603023
388,406,0,4,1433188480,4123319054,2690130575,0.6749709452269883,65441,0.002092826265968833,0.002092826377006149,0.019911270018748428
389,406,0,4,1433188480,3527382230,2094193751,1.0362522220468513,51018,0.3612812767166992,0.36128127681986216,1.1110036599328141
390,406,0,4,1433188480,3389273322,1956084843,1.1346781990769763,61214,0.09842597699787253,0.09842597703012641,0.5465996043966723
391,406,0,5,718893312,2380920721,1662027410,1.369702970918123,27842,1.2350247711013786,1.235024771841146,2.5020590959496904
392,406,0,5,718893312,2378739715,1659846404,1.371597399887225,65450,0.0018944282800345323,0.0018944289691030128,0.01905507698171344
393,412,6,1,728089600,3358476075,2630386476,0.7073723594065555,25964,1.3357749591620711,1.3357749595193282,2.1454509893562133
394,412,0,1,728089600,3292933150,2564843551,0.743776318263329,63903,0.036403958706643876,0.03640395885677579,0.1730517083843065
395,412,0,1,728089600,3285614641,2557525042,0.7478987798291215,65349,0.004122461033961742,0.0041224615657904995,0.034294080595928006
396,412,0,1,728089600,2551325224,1823235625,1.2361461265717466,46720,0.48824734623262045,0.4882473467426269,1.2770940251488283
397,414,2,1,764874752,3686903623,2922028872,0.5556767128122893,26258,1.3195305861681559,1.3195305862405402,2.644368895108927
398,421,7,0,795977216,3820733695,3024756480,0.5058281488292806,1060,5.950151450549439,5.950151436016991,2.2847155978999916
399,421,0,0,795977216,2425771539,1629794324,1.3979572346049913,35312,0.892129085720386,0.892129085775711,1.7881725097945422
400,421,0,0,795977216,2420648589,1624671374,1.4024992155936538,65330,0.004541980711492849,0.004541980988665069,0.038451436525347694
401,426,5,0,186367936,3008123807,2821755872,0.6060539693791043,3557,4.2035547409381495,4.203554753785448,2.472336088386029
402,426,0,0,186367936,2826769501,2640401566,0.701889787179919,61324,0.09583581725762384,0.09583581780081456,0.49655362698510164
403,427,1,2,1026462248,3612714951,2586252704,0.7317838975493913,8024,3.0298941093878193,3.029894110369473,3.698924647020109
404,430,3,0,2052924496,4080458849,2027534354,1.082920786725051,25689,1.35113688914995,1.3511368891756605,2.525517455611839
405,434,4,1,1166429472,4016659647,2850230176,0.591568714327682,2879,4.5086479264365655,4.50864792760263,3.4374071203301755
406,438,4,0,1016160464,2596799591,1580639128,1.4421391190334454,4543,3.8505704099432574,3.850570404705762,2.4253910622122894
407,438,0,0,1016160464,2408529494,1392369031,1.6251055148311657,57730,0.1829663951048528,0.18296639579772364,0.8704266122701618
408,438,0,0,1016160464,2150073542,1133913079,1.9213370924195452,53371,0.29623157743001616,0.2962315775883761,1.199305850387387
409,440,2,2,402001600,3007842383,2605840784,0.7208982075991663,9413,2.799561120402024,2.7995611151796242,2.8347011321039686
410,440,0,4,725870016,2318734731,1592864716,1.4310234038484708,10015,2.71012519929993,2.7101251962493045,2.6836143429873167
411,440,0,4,725870016,2318224322,1592354307,1.4314857673682866,65515,0.0004623634480924974,0.00046236351981489206,0.00532199045253682
412,440,0,5,1049246948,2487652937,1438405990,1.578176212175201,29600,1.1466904445963255,1.1466904448069124,0.9995704981783299
413,440,0,5,1049246948,2348719985,1299473038,1.7247204455219993,59206,0.1465442329135942,0.1465442333467977,0.767563358763612
414,451,11,0,1166756032,3598191935,2431435904,0.820838585364605,1916,5.09611815426382,5.096118139842608,2.1735228062135348
415,451,0,0,1166756032,3391614861,2224858830,0.9489333477864754,59968,0.12809476234081316,0.12809476242186865,0.4577741349030109
416,453,2,0,1589128400,3508992543,1919864144,1.1616429213756803,14138,2.212709573440419,2.2127095735892057,1.5485190371889703
417,453,0,1,1030773152,3531436039,2500662888,0.7803365637412902,42681,0.6186936420824992,0.6186936423656095,1.0749311661375214
418,453,0,1,1030773152,2336852099,1306078948,1.7174050405186385,34229,0.937068475812845,0.9370684767773476,1.6556990891374916
419,453,0,1,1030773152,2335935356,1305162205,1.71841803055419,65490,0.00101298940069043,0.0010129900355530389,0.010401603096101664
420,453,0,1,1030773152,2272923679,1242150528,1.789807131199204,62372,0.0713890998075977,0.07138910064501237,0.297508278728387
421,457,4,0,1639511184,4049513679,2410002496,0.8336125053821704,15894,2.0438053709092214,2.0438053741829685,1.453913306193294
422,457,0,0,1639511184,3765289599,2125778416,1.0146559229915937,57807,0.18104341745102198,0.18104341760942178,0.7035537110253616
423,457,0,0,1639511184,3764608426,2125097243,1.0151182865121164,65515,0.0004623634480924974,0.00046236352052227516,0.005406062947109679
424,457,0,0,1639511184,3762857399,2123346216,1.0163075211750154,65482,0.0011892340994270377,0.0011892346629002607,0.011618170491941106
425,459,2,1,157091856,2166650351,2009558496,1.095768572766957,7753,3.079461050416213,3.0794610515919416,0.5406329447672955
426,459,0,1,157091856,2165454477,2008362622,1.0966273659038066,65497,0.0008587929491977406,0.0008587931368511333,0.009473637143071752
427,462,3,0,628367424,4271098867,3642731444,0.2376265079714699,29717,1.1409991406299105,1.1409991420676617,1.9416381898958832
428,465,3,0,1399096120,4014641327,2615545208,0.7155354397356426,5882,3.477908931112936,3.4779089317641723,1.2634510841317312
429,465,0,0,1399096120,3977245607,2578149488,0.736311228573399,64599,0.020775788444777253,0.02077578883775758,0.1255107908362484
430,466,1,0,1380039454,3462826721,2082787268,1.044131653286346,26472,1.3078204236874613,1.3078204247129452,1.2178330397985695
431,473,7,0,996936064,2738015999,1741079936,1.3026647048722815,428,7.258533013598853,7.258533051585937,1.5019040959097911
432,473,0,0,996936064,2709430152,1712494089,1.3265481376691035,64460,0.023883432053092523,0.02388343279682024,0.16370930336565082
433,473,0,2,376594572,3162428615,2785834044,0.6245378288604577,26653,1.2979896919113563,1.2979896911913538,1.7771934554592344
434,477,4,0,802952156,4012680503,3209728348,0.4201959444846253,18877,1.795658115762544,1.7956581156241676,0.9114212624065773
435,477,0,0,802952156,3907380882,3104428727,0.4683193360385296,63386,0.04812339145706891,0.04812339155390481,0.28475013217419115
436,477,0,0,802952156,3794072265,2991120110,0.5219613022157183,63144,0.05364196611295458,0.05364196617719012,0.32376771435980406
437,477,0,0,802952156,3583622209,2780670054,0.627214577056538,60925,0.10525327450193464,0.10525327484081773,0.43553013772240257
438,477,0,0,802952156,2556060756,1753108601,1.2927317755460024,41318,0.6655171982881004,0.6655171984894643,1.1624196962906972
439,477,0,0,802952156,2495230541,1692278386,1.343680229408502,63262,0.050948453712045545,0.050948453862500326,0.3001280523196648
440,477,0,0,802952156,2357985978,1555033823,1.465701185758384,60221,0.12202095551213013,0.12202095634988132,0.5408801420496291
441,477,0,0,802952156,2312689353,1509737198,1.5083497064893443,63627,0.04264852003262574,0.04264852073096308,0.21277869910299996
442,477,0,0,802952156,2306999272,1504047117,1.5137973832551666,65289,0.00544767588017561,0.005447676765821931,0.04748609756693182
443,478,1,0,1605904312,4255612317,2649708006,0.6968137604910893,57728,0.18301637674461904,0.18301637723592112,0.6596090801930947
444,478,0,0,1605904312,3574182587,1968278276,1.1257129420926582,48682,0.42889918101824365,0.42889918160157103,0.9490448049379269
445,478,0,1,1064324976,3724275745,2659950770,0.6912476012399473,44283,0.5655346580755765,0.5655346591472865,1.0690846661301268
446,478,0,1,1064324976,2581734024,1517409049,1.5010370997067355,37386,0.80978949771304,0.8097894984667906,1.011278849037774
447,483,5,3,1269235968,3749844095,2480608128,0.7919533013292224,837,6.290916187449656,6.290916201622487,3.043399631999653
448,488,5,0,781976576,3727395915,2945419340,0.5441741005247742,19454,1.7522207975347912,1.7522207991955525,3.1106416882100665
449,488,0,0,781976576,3511936620,2729960045,0.6537673096313128,60742,0.1095932087746335,0.1095932091065384,0.6012730103804056
450,491,3,0,167993352,2683675527,2515682176,0.7716974781970514,7549,3.1179301689918577,3.1179301685657377,2.79386989758925
451,491,0,0,167993352,2399578789,2231585438,0.9445781036546208,58135,0.1728806250926574,0.17288062545756996,0.7291835253591867
452,492,1,0,335986704,4147075347,3811088644,0.17244398111427373,55961,0.2278658773519117,0.2278658774596502,0.7249519309221872
453,492,0,0,335986704,4012742846,3676756143,0.22421365153700634,63226,0.05176967031558693,0.051769670422735364,0.270419844124482
454,492,0,0,335986704,3926400565,3590413862,0.2584969949343261,63997,0.03428334325299627,0.03428334339732005,0.1631435545192283
455,492,0,0,335986704,3925359643,3589372940,0.2589153173885421,65517,0.000418322449221962,0.00041832245421418763,0.004879723990344825
456,492,0,0,335986704,3914624824,3578638121,0.2632364830738432,65340,0.004321165674574595,0.004321165685302762,0.037651993189871696
457,492,0,0,335986704,3882352864,3546366161,0.27630564435506244,64945,0.013069161026410847,0.013069161281219108,0.09135949500470733
458,492,0,0,335986704,3591115335,3255128632,0.3999325909233633,60154,0.12362694641923336,0.123626946568299,0.4829700741803443
459,492,0,0,335986704,3561562088,3225575385,0.4130906115107962,64941,0.013158020182368843,0.01315802058743206,0.08164224066979694
460,492,0,0,335986704,3559150387,3223163684,0.41416969044321306,65487,0.0010790786396167112,0.0010790789324199536,0.010850780454268568
461,492,0,0,335986704,2299020078,1963033375,1.1295624446626995,39914,0.7153927540044432,0.715392754219486,1.0610032932880817
462,493,1,0,671973408,3855971845,3183998438,0.4318075178866394,53149,0.30224507278848817,0.3022450732239381,0.7284874026985038
463,493,0,0,671973408,3838870290,3166896883,0.4395772533260356,65184,0.007769735034112032,0.007769735439395706,0.06222446210803474
464,493,0,0,671973408,3624122826,2952149419,0.5408814027336781,61092,0.10130414901502427,0.1013041494076431,0.41611911866232915
465,493,0,0,671973408,3598896939,2926923532,0.553262091228973,64976,0.012380688075674513,0.012380688495293609,0.07885792175534025
466,493,0,0,671973408,2893962841,2221989434,0.9507951895711813,49752,0.3975330981694291,0.39753309834221146,0.90282098644045
467,497,4,1,868961792,3363275135,2494313344,0.7840044332763618,2299,4.83320924928182,4.833209243705179,1.1178263436454092
468,497,0,1,868961792,3060049512,2191087721,0.9709999017046265,57569,0.18699546825465524,0.1869954684282668,0.8128980271872792
469,503,6,0,820209504,2437848479,1617638976,1.4087574824061626,1512,5.437757575778927,5.437757580701534,2.852644572638999
470,503,0,0,820209504,2409438102,1589228599,1.4343204851895202,64385,0.025563002704457174,0.02556300278335732,0.1499580714081847
471,503,0,0,820209504,2213330746,1393121243,1.624326325215172,57449,0.19000583998294146,0.1900058400256537,0.6128950490993412
472,507,4,1,1177851584,3364807071,2186955488,0.9737232890914633,3215,4.34939697778469,4.349396963876289,2.636156057963582
473,507,0,1,1177851584,3363906073,2186054490,0.9743177836713421,65509,0.0005944945118882062,0.0005944945798815568,0.006655728965410172
474,512,5,0,374607088,2357320079,1982712992,1.115171290931034,3715,4.140853504574041,4.140853507259689,1.183228835320828
475,515,3,0,1029703880,2946584599,1916880720,1.1638865794919973,7920,3.048715285033028,3.0487152885609645,1.4798810300363419
476,515,0,0,1029703880,2434546728,1404842849,1.6122383918300471,48030,0.44835181187522455,0.44835181233805144,0.9781790722580544
477,516,1,0,2059407760,4221077109,2161669350,0.9905012814039686,50421,0.3782628889908233,0.3782628895739213,1.068436595362856
478,516,0,0,2059407760,4212863979,2153456220,0.9959931522834786,65287,0.005491870679863203,0.005491870879509364,0.04497556553117315
479,516,0,0,2059407760,3685540593,1626132834,1.4012020342799865,49488,0.40520888191073545,0.405208881996509,0.817195510526259
480,516,0,0,2059407760,3513215572,1453807813,1.5628105820917,58591,0.16160854714354891,0.16160854781171155,0.706623959343582
481,517,1,4,1684352928,3892749471,2208396544,0.9596478974953762,3111,4.396837320465618,4.396837315403677,2.711807152844898
482,524,7,0,135337592,3762531871,3627194280,0.24379312491672778,13455,2.2841452294722204,2.2841452274213525,1.4064539304314867
483,526,2,0,647029600,2872626775,2225597176,0.9484546516164656,10053,2.704661528074373,2.7046615266997365,2.6820165868201054
484,526,0,0,647029600,2845832399,2198802800,0.9659289243671836,64747,0.017474272213371177,0.017474272750719784,0.11865412361301785
485,527,1,0,1294059200,3678332303,2384273104,0.849097648795837,35532,0.88316872410129,0.883168724428652,1.3914424881360588
486,527,0,0,1294059200,3674657809,2380598610,0.8513227560560637,65435,0.00222510674904286,0.0022251072602258812,0.020203403926303987
487,527,0,0,1294059200,3604150883,2310091684,0.8946970348800889,63595,0.043374278820917746,0.043374278824024344,0.24723029269169094
488,527,0,0,1294059200,3452826060,2158766861,0.9924397000783749,61243,0.09774266519098665,0.0977426651982879,0.4942723112229655
489,531,4,1,1269805664,3301028191,2031222528,1.0802988451015594,1927,5.087859143704279,5.087859145023184,1.5023306037495332
490,531,0,1,1269805664,3300501293,2030695630,1.0806731279434807,65519,0.0003742827947452993,0.00037428284192318734,0.004463541174757649
491,531,0,1,1269805664,3298921009,2029115346,1.0817962679214865,65485,0.001123139814249491,0.0011231399780036253,0.011463678440238177
492,531,0,2,392127680,2936200397,2544072718,0.75550723781339,41084,0.6737109689982274,0.6737109698919059,1.0508081223156478
493,540,9,0,1706264832,3688852735,1982587904,1.1152623124409082,399,7.359755063777654,7.359755074627518,0.41086241091892056
494,540,0,0,1706264832,3595979430,1889714599,1.18447878336557,62466,0.06921647032822036,0.06921647092466256,0.400908785684331
495,544,4,1,858348832,4293606399,3435257568,0.32222887283779755,3723,4.137750099148487,4.137750089472225,1.6706816661114599
496,544,0,1,858348832,4282598646,3424249815,0.3268591891010111,65326,0.004630316190389475,0.004630316263214719,0.03992186350755757
497,544,0,1,2096462595,3313676396,1217213802,1.819064548221725,23296,1.4922053598013036,1.4922053591207145,1.901253412600899
498,544,0,2,2045441542,3809970655,1764529114,1.2833639118287152,47502,0.46429936323141924,0.46429936360698854,1.526286727072146
499,547,3,1,905017728,3411695895,2506678168,0.7768703653325808,23275,1.4935064526664816,1.493506453503868,1.9150321215712967
500,547,0,1,905017728,3408176998,2503159271,0.7788970562773478,65444,0.002026690572445132,0.002026690944764845,0.019288875461867885
501,551,4,0,745149104,3649204975,2904055872,0.5645779359714282,9504,2.785680879199234,2.78568087969408,1.2738536715761575
502,551,0,0,745149104,3402473665,2657324562,0.6926726986176277,59968,0.12809476234081316,0.1280947626462015,0.5393085607772125
503,551,0,0,745149104,3342584926,2597435823,0.7255590423061768,64059,0.03288634351031599,0.0328863436885493,0.19745988864030545
504,551,0,0,745149104,3341395914,2596246811,0.7262196070217399,65506,0.0006605645820851047,0.0006605647155626731,0.007357048462452745
505,551,0,0,745149104,3340088599,2594939496,0.7269462451332274,65503,0.0007266376781842033,0.0007266381114881939,0.008094444768605592
506,551,0,0,745149104,3018136495,2272987392,0.9180574642994763,57405,0.19111121872298578,0.19111121916624685,0.7023667255497669
507,551,0,0,745149104,2917139496,2171990393,0.9836294240878125,62624,0.06557195937319613,0.06557195978833805,0.3476785160256948
508,551,0,0,745149104,2914554424,2169405321,0.9853475217878156,65458,0.0017180974165047324,0.0017180977000021455,0.016528979520398883
509,551,0,0,745149104,2518218213,1773069110,1.2763983758735122,53563,0.2910508538899897,0.2910508540856974,0.9760089654700442
510,551,0,0,745149104,2517650060,1772500957,1.2768607396159268,65515,0.0004623634480924974,0.0004623637424125625,0.00536402669982325
511,552,1,0,1490298208,3466132631,1975834424,1.1201850926553014,36527,0.8433243519094706,0.8433243530393759,1.1295833124335388
512,552,0,0,1490298208,3463630277,1973332070,1.1220133944982287,65453,0.001828301680591821,0.0018283018429285987,0.017241335734839144
513,552,0,0,1490298208,3459565338,1969267131,1.124988319980563,65401,0.002974925338641957,0.0029749254823324502,0.023250369577018745
514,552,0,1,833112768,4194052229,3360939462,0.3537825892824209,55925,0.22879426916615647,0.22879426930185714,0.7483367149977578
515,552,0,1,833112768,4192821416,3359708649,0.3543110168393717,65512,0.0005284274673163702,0.0005284275569515977,0.005984679691806997
516,552,0,1,833112768,4190668282,3357555515,0.35523589213821793,65494,0.0009248751246666447,0.0009248752988463808,0.00957306399559031
517,552,0,1,833112768,4188311599,3355198832,0.35624888169242297,65490,0.00101298940069043,0.0010129895542069155,0.01068738581023131
518,552,0,1,833112768,3648549311,2815436544,0.6092885110847917,54993,0.25303962923135914,0.2530396293923672,0.8032546283874892
519,552,0,1,833112768,3647561227,2814448460,0.6097949171305288,65513,0.0005064057914389884,0.0005064060457382277,0.005835285569952072
520,552,0,1,833112768,3646874105,2813761338,0.6101471810092356,65520,0.0003522634716290214,0.00035226387870724543,0.004227909891679893
521,554,2,0,450183610,2341108853,1890925244,1.1835548172275594,22021,1.5734076355499427,1.573407636218322,1.5959149875447214
522,555,1,0,900367220,2849287453,1948920234,1.139972101270974,33773,0.9564172831872269,0.956417284043416,1.6253636930827264
523,555,0,0,900367220,2764057878,1863690659,1.2044847290271434,62670,0.06451262732437323,0.0645126277561701,0.3237167460003367
524,555,0,0,900367220,2762891933,1862524714,1.2053875770678317,65495,0.0009028473965228007,0.0009028480406876687,0.009202424091277306
525,555,0,0,900367220,2762238275,1861871056,1.2058939835954732,65513,0.0005064057914389884,0.0005064065276392704,0.005854284478915642
526,555,0,0,900367220,2761613257,1861246038,1.2063783682413316,65514,0.000484384451701118,0.0004843846458604663,0.0054891046595572975
527,555,0,0,900367220,2752354739,1851987520,1.2135727692810185,65210,0.007194400715658276,0.0071944010396861775,0.05234202187182272
528,555,0,0,900367220,2748031098,1847663879,1.2169448157774667,65383,0.003372045948196188,0.0033720464964485572,0.02928948878704463
529,555,0,0,900367220,2711098119,1810730900,1.2460749885065674,64226,0.029130172361290868,0.029130172729100907,0.17766272029734426
530,555,0,0,900367220,2710628416,1810261197,1.246449271672308,65519,0.0003742827947452993,0.0003742831657395413,0.004463541174757649
531,555,0,0,900367220,2710103590,1809736371,1.246867594535022,65517,0.000418322449221962,0.00041832286271552066,0.004904285154810719
532,555,0,0,900367220,2700880385,1800513166,1.2542389969418295,65202,0.007371402223826068,0.0073714024068063,0.05030553132919942
533,555,0,0,900367220,2155500946,1255133727,1.7748060631112033,45685,0.5205670651865235,0.5205670661693735,0.9283624554353728
534,558,3,0,653611400,4160539607,3506928208,0.2924392492190009,22889,1.5176331862400205,1.517633186107797,1.0728944891352763
535,558,0,0,653611400,4110078283,3456466884,0.31334904259281515,64593,0.020909793185806994,0.02090979337381591,0.11509678077610584
536,558,0,0,653611400,4069625553,3416014154,0.3303331933435949,64769,0.01698415066537988,0.016984150750779553,0.09682006899110775
537,558,0,0,653611400,4052528802,3398917403,0.33757184260139894,65208,0.007238649056868908,0.007238649257802166,0.05882590762446231
538,558,0,0,653611400,4051387807,3397776408,0.3380562274771677,65514,0.000484384451701118,0.0004843848757695621,0.005557620055609438
539,558,0,0,653611400,4033967566,3380356167,0.34547188373894144,65200,0.007415655994197752,0.007415656261773703,0.05273049670506635
540,558,0,0,653611400,4032935963,3379324564,0.3459122265903396,65516,0.0004403427806028656,0.0004403428513998551,0.005158914338864347
541,558,0,0,653611400,4031904674,3378293275,0.34635256979204954,65516,0.0004403427806028656,0.0004403432017085497,0.005115354265434883
542,558,0,0,653611400,3223982455,2570371056,0.7406705056568121,49863,0.39431793547671745,0.3943179358647635,0.8261297608315192
543,558,0,0,653611400,3222335183,2568723784,0.7415953810680591,65494,0.0009248751246666447,0.0009248754112451225,0.009526597679696096
544,558,0,0,653611400,3208107174,2554495775,0.7496085964149373,65173,0.00801321479334929,0.008013215346878936,0.05526104092248812
545,558,0,0,653611400,3203585666,2549974267,0.7521644577761961,65420,0.0025558610298593507,0.0025558613612607496,0.021907800386081432
546,558,0,0,653611400,3183119258,2529507859,0.763790424511285,65010,0.011625966297807948,0.011625966735088472,0.08664041660354344
547,558,0,0,653611400,3180031479,2526420080,0.7655526031096578,65456,0.0017621781119536897,0.0017621785983720783,0.016646151155304715
548,558,0,0,653611400,3179376127,2525764728,0.7659268859681312,65519,0.0003742827947452993,0.00037428285847445995,0.004463541174757649
549,558,0,0,653611400,3177757442,2524146043,0.766851761281039,65494,0.0009248751246666447,0.0009248753129067416,0.01008122949223307
550,558,0,0,653611400,3177179710,2523568311,0.767182006234119,65521,0.00033024448458043404,0.00033024495308131666,0.0039922782726164955
551,558,0,0,653611400,3175986005,2522374606,0.7678645951354355,65505,0.0006825886112264284,0.000682588901316512,0.007609755965856738
552,558,0,0,653611400,3175370190,2521758791,0.7682168591146343,65520,0.0003522634716290214,0.00035226397919908316,0.004227909891679893
553,558,0,0,653611400,3026302600,2372691201,0.8561227959138762,61662,0.08790593659599732,0.08790593679924075,0.3709729472029256
554,558,0,0,653611400,2973770023,2320158624,0.8884237034905702,64085,0.03230090725769644,0.03230090757669414,0.18183975658395823
555,559,1,0,1307222800,3873147737,2565924938,0.7431681786878954,36239,0.8547444750814684,0.8547444751973229,1.6814952308813098
556,559,0,0,1307222800,3586900831,2279678032,0.9138170647978825,58225,0.17064888601440917,0.17064888610998954,0.5708659373735874
557,560,1,1,881639784,3069345943,2187706160,0.9732281692995777,15723,2.0594111056409283,2.059411104501693,1.1816570030143303
558,560,0,1,881639784,3065006315,2183366532,0.9760928033576484,65406,0.0028646334550583873,0.0028646340580721977,0.02453016434744012
559,560,0,1,881639784,3064506582,2182866799,0.9764230478816387,65521,0.00033024448458043404,0.0003302445239917607,0.0039922782726164955
560,560,0,1,881639784,3063907039,2182267256,0.9768193508164131,65518,0.0003963024539395264,0.00039630293477376844,0.004687653452683203
561,560,0,1,881639784,3063307661,2181667878,0.9772156535327028,65518,0.0003963024539395264,0.0003963027162884438,0.004699172121844633
562,560,0,1,881639784,3062741737,2181101954,0.9775899367446712,65519,0.0003742827947452993,0.000374283211968168,0.004463541174757649
563,560,0,1,881639784,3061743307,2180103524,0.978250501830221,65506,0.0006605645820851047,0.000660565085550652,0.00733553495027292
564,562,2,0,1763279568,4014505241,2251225674,0.9319364590833779,33837,0.9536859561588154,0.9536859572531551,1.0668612229484495
565,562,0,0,1763279568,3546370117,1783090550,1.268267177364418,51908,0.33633071826632405,0.3363307182810402,0.9117127804484996
566,562,0,0,1763279568,3541499920,1778220353,1.2722130352978702,65357,0.003945857659342001,0.003945857933452684,0.03468770945763655
567,562,0,0,1763279568,3540902983,1777623416,1.2726974199410996,65514,0.000484384451701118,0.00048438464322940976,0.005630173881020868
568,563,1,2,1767875792,4239883359,2472007568,0.7969639859836875,11392,2.5242665690336024,2.524266566042587,0.9348433223363486
569,563,0,2,1767875792,3571261438,1803385647,1.2519392015333857,47810,0.45497521476494307,0.4549752155497013,0.8618856217164549
570,563,0,2,1767875792,3516143923,1748268132,1.2967206779710452,63533,0.044781476285311816,0.044781476437659486,0.24081531515360105
571,563,0,2,1767875792,3403489255,1635613464,1.3928153020487564,61313,0.09609462406947242,0.09609462407770936,0.44581887161618283
572,563,0,4,629052224,3549177307,2920125084,0.5566169775243814,29251,1.163801673690235,1.1638016754756269,1.6130395786308986
573,563,0,4,629052224,3131895638,2502843415,0.779079111267734,56171,0.22246213332183531,0.2224621337433513,1.0700367506513107
574,563,0,4,629052224,3124066614,2495014391,0.7835990091027227,65331,0.004519897686857845,0.004519897834988918,0.03989309363832468
575,572,9,2,1290559360,3639381503,2348822144,0.8707096713540068,482,7.087110663770038,7.087110662251281,2.2956861592058573
576,572,0,3,433635072,3337549947,2903914876,0.5646479825466777,40512,0.6939383105716587,0.6939383111926717,0.999848329900483
577,572,0,4,1186802556,3383437627,2196635072,0.9673519319401365,24787,1.4027039495514797,1.4027039493934592,1.8522681481869654
578,572,0,4,1186802556,3377303834,2190501279,0.971386088985188,65353,0.00403415664435244,0.004034157045052184,0.034081693324785
579,577,5,0,910285876,2441724895,1531439020,1.4877592242581343,22909,1.5163731354669738,1.516373135272946,0.9796011656745884
580,577,0,0,910285876,2439691887,1529406012,1.489675695664122,65449,0.0019164711534089207,0.0019164714059892354,0.01725239802255782
581,577,0,0,910285876,2439085128,1528799253,1.4902481675134247,65510,0.0005724718275307164,0.0005724718493026327,0.006263474722486623
582,577,0,0,910285876,2437872091,1527586216,1.4913933388761045,65484,0.001145170906201281,0.0011451713626785538,0.011307201633472683
583,577,0,0,910285876,2353656255,1443370380,1.5732055919747872,61923,0.08181225264589159,0.08181225309868263,0.3164561366144693
584,577,0,0,910285876,2353281845,1442995970,1.5735798753385666,65519,0.0003742827947452993,0.00037428336377948873,0.004463541174757649
585,577,0,0,910285876,2337032287,1426746412,1.5899182111026278,64798,0.016338335652538217,0.016338335764061625,0.09177958385022544
586,577,0,0,910285876,2336400944,1426115069,1.5905567527466111,65507,0.0006385408891551363,0.0006385416439846686,0.007096860383189163
587,577,0,0,910285876,2335813402,1425527527,1.5911512479634382,65509,0.0005944945118882062,0.0005944952168251475,0.006716764121660172
588,577,0,0,910285876,2335465372,1425179497,1.5915035122637313,65520,0.0003522634716290214,0.0003522643002931657,0.004227909891679893
589,577,0,0,910285876,2334225820,1423939945,1.5927588444269212,65479,0.0012553314127252556,0.0012553321631886374,0.01264797118750696
590,578,1,0,1820571752,3509805681,1689233930,1.3462780154578837,38873,0.7535191693695374,0.7535191710309631,1.3812212454706672
591,578,0,0,1820571752,3507202338,1686630587,1.3485031229889728,65435,0.00222510674904286,0.002225107531088276,0.019435968315816288
592,578,0,0,1820571752,3506687619,1686115868,1.3489434659346529,65516,0.0004403427806028656,0.0004403429456817643,0.005147395669702917
593,578,0,0,1820571752,3505324030,1684752279,1.350110668631185,65483,0.0011672023345903715,0.0011672026965318322,0.011644229504131156
594,578,0,0,1820571752,3504295738,1683723987,1.3509914893334383,65496,0.000880820004703256,0.0008808207022517944,0.009131941315905317
595,578,0,0,1820571752,3503396532,1682824781,1.3517621777488955,65501,0.0007706880901105886,0.0007706884154592027,0.008512140657153975
596,578,0,0,1820571752,3477744341,1657172590,1.373923282880689,64537,0.022161104691337724,0.022161105131793205,0.12002004885405346
597,578,0,2,839836064,4034626919,3194790856,0.42692565643385905,31586,1.0530023723670077,1.0530023735531697,1.5062939707556644
598,583,5,0,1536427416,3225080295,1688652880,1.3467743482297792,4330,3.919848690385913,3.9198486917959183,2.2352415790774733
599,583,0,1,925371184,3827897921,2902526738,0.5653377887928954,56323,0.2185634404196833,0.21856344056311855,0.9716459155277288
600,583,0,1,925371184,3798091394,2872720211,0.5802296577931259,64863,0.014891868549657657,0.01489186900022933,0.0902468495311656
601,583,0,1,925371184,3796864035,2871492852,0.5808461755824972,65508,0.0006165175324262582,0.0006165177893705965,0.006927192055627634
602,583,0,1,925371184,3788363827,2862992644,0.5851231824450203,65342,0.004277006722584219,0.004277006862525477,0.03170421928225124
603,583,0,1,925371184,3787140624,2861769441,0.5857397002680358,65508,0.0006165175324262582,0.0006165178230131,0.0067799847825495765
604,583,0,1,925371184,3782075236,2856704053,0.5882955613966239,65420,0.0025558610298593507,0.002555861128588641,0.020486710261418246
605,583,0,1,925371184,3779808564,2854437381,0.5894407323447481,65484,0.001145170906201281,0.0011451709481244722,0.010867929032797447
606,583,0,1,925371184,3773885048,2848513865,0.5924377175415039,65400,0.002996984727192764,0.0029969851967559394,0.0257979630157145
607,583,0,1,925371184,3771842199,2846471016,0.5934727363552774,65489,0.0010350188106098368,0.0010350188137729262,0.010302072404948098
608,583,0,1,925371184,3754468718,2829097535,0.6023052305608765,65136,0.008832493859989687,0.008832494205599502,0.05713994371172755
609,583,0,1,925371184,3637222793,2711851610,0.6633689083116714,62820,0.06106367746067306,0.0610636777507968,0.2622794533444872
610,583,0,1,925371184,3636105544,2710734361,0.6639634031239865,65509,0.0005944945118882062,0.0005944948123151137,0.0066516905360508825
611,583,0,1,925371184,3602022824,2676651641,0.6822177576905482,64712,0.018254354365424916,0.018254354566560195,0.11332014670652289
612,583,0,1,925371184,2669099289,1743728106,1.3004720432302044,42694,0.6182542854634302,0.6182542855396572,1.0397344319943975
613,583,0,1,925371184,2640336928,1714965745,1.3244673859492835,64455,0.023995342617542926,0.023995342719077974,0.13124306810873942
614,583,0,1,925371184,2389356757,1463985574,1.5527458085264847,55945,0.22827842218081298,0.22827842257720024,0.935898052153686
615,583,0,1,925371184,2367464882,1442093699,1.5744822403178347,64556,0.021736430913908752,0.021736431791349695,0.1398220966079318
616,583,0,3,129138240,2326517951,2197379712,0.9668629538650322,24965,1.392380713782545,1.3923807135471977,1.5298689518345916
617,583,0,3,129138240,2312770916,2183632677,0.975916954426264,65126,0.009054000522519524,0.00905400056123166,0.05856808682583293
618,588,5,0,1288429136,3532570187,2244141052,0.9364837888613309,16838,1.960566833675505,1.9605668344350702,1.4009367797872823
619,588,0,0,1288429136,3531714115,2243284980,0.9370342384220471,65511,0.0005504494793435254,0.0005504495607145302,0.0062529881795468645
620,588,0,2,1549053960,4225825279,2676771320,0.682153253054512,19550,1.745119012917923,1.7451190146324635,2.056616144246092
621,592,4,0,1990888728,3877077991,1886189264,1.187172699833944,11545,2.5050194473385226,2.5050194467794333,1.5578593443864173
622,592,0,0,1990888728,3876559933,1885671206,1.1875690027821229,65518,0.0003963024539395264,0.0003963029481801066,0.004699172121844633
623,592,0,0,1990888728,3806209803,1815321076,1.2424224056240547,63091,0.054853402587148894,0.05485340284193,0.28545386399047673
624,592,0,1,1834293808,3965833531,2131539724,1.0107512039730757,38476,0.7683287974372148,0.7683287983490216,2.468313996771196
625,592,0,2,1521103968,3494703673,1973599706,1.1218177401761054,30340,1.1110665348656041,1.1110665362030283,1.7321381515777863
626,592,0,3,894724288,2961077397,2066353110,1.0555603349297016,34308,0.9337425946477458,0.9337425947535983,2.3409702881699235
627,592,0,5,864306632,3234483267,2370176636,0.857652566896359,18793,1.8020922322636457,1.8020922319666581,2.2781845542656503
628,592,0,5,864306632,3191807357,2327500726,0.8838655282204613,64356,0.02621296125524398,0.0262129613240991,0.16782776222910817
629,592,0,5,864306632,3189605436,2325298805,0.8852310290219094,65474,0.0013655003314663333,0.001365500801449835,0.012638418264275992
630,592,0,5,864306632,2351361047,1487054416,1.5301897049065651,41911,0.6449586757458137,0.6449586758846568,1.2889577297730344
631,592,0,7,33085800,2927686595,2894600796,0.5692827509403173,31892,1.039093046234284,1.0390930460337524,1.0603358089027095
632,592,0,7,33085800,2926891569,2893805770,0.5696790534673468,65518,0.0003963024539395264,0.00039630252702959956,0.004699172121844633
633,592,0,7,33085800,2749428718,2716342919,0.6609815249320157,61517,0.09130247135521345,0.09130247146466866,0.4979647638488274
634,592,0,7,33085800,2299758241,2266672442,0.9220712244745002,54687,0.26108969903318047,0.2610896995424841,1.0780361793422557
635,592,0,10,440200936,3336074199,2895873264,0.5686486808162421,10466,2.646577456385285,2.646577456341742,0.6549621351135849
636,592,0,10,440200936,3335234636,2895033701,0.569067003332016,65517,0.000418322449221962,0.00041832251577193964,0.00492328406377429
637,592,0,10,440200936,3320656982,2880456047,0.5763499021729643,65206,0.007282898755244913,0.007282898840947509,0.05541511312325007
638,592,0,10,440200936,3301493791,2861292856,0.5859799796086982,65100,0.009630077059639806,0.009630077435736082,0.06243654478077957
639,592,0,10,440200936,3005130633,2564929698,0.7437278623789609,58748,0.1577478826315671,0.15774788277026197,0.5436749564912146
640,604,12,0,556939900,2282287199,1725347300,1.315760350757344,11021,2.5720324864156345,2.5720324883783836,1.92500254200202
641,605,1,1,80275952,3897227747,3816951796,0.17022617903346315,36246,0.8544658280422847,0.8544658282761171,1.6769251309239501
642,608,3,2,107470880,3902989599,3795518720,0.1783500789153436,4073,4.008123900996585,4.008123899881883,0.4157608383603072
643,608,0,2,107470880,3702893206,3595422327,0.2564859029478157,62081,0.07813582382400595,0.07813582403247248,0.3175144032555911
644,611,3,2,1765934160,3221307751,1455373592,1.561257607902693,3316,4.30477170850425,4.3047717049548755,1.9407426060737725
645,611,0,3,1384384672,3477816643,2093431972,1.0367771088778959,47134,0.4755195004108933,0.47551950097520473,1.2216025392830352
646,611,0,4,621285696,3357735025,2736449330,0.6503420031663154,42833,0.6135648941076386,0.613564894288418,0.9501333728585514
647,611,0,4,621285696,3330009769,2708724074,0.6650337060900391,64872,0.014691702744149049,0.014691702923723076,0.09678993825441894
648,611,0,4,621285696,2910574162,2289288467,0.9077478815958742,55388,0.24271417514619875,0.24271417550583677,0.8942258475192683
649,617,6,3,426092800,3082025119,2655932320,0.6934287624480397,2376,4.7856808791992345,4.7856808808521665,0.8517966772533084
650,621,4,0,852185600,3689027371,2836841772,0.5983614610754024,35000,0.9049326983929465,0.9049326986273593,1.5895461586887916
651,621,0,0,852185600,3524624217,2672438618,0.6844903342790083,61738,0.086128872787719,0.08612887320360565,0.4871052244685473
652,621,0,0,852185600,2236727047,1384541448,1.6332389027610432,33953,0.948748567514924,0.9487485684820384,1.728958023105258
653,622,1,0,1704371200,3706987363,2002616164,1.1007612158062017,47396,0.46752231288123747,0.4675223130451578,0.9787366081695704
654,622,0,0,1704371200,3362482134,1658110935,1.373106613232931,54262,0.2723453966990728,0.272345397426727,0.8398448423760778
655,622,0,0,1704371200,3357219574,1652848375,1.3776927617760002,65328,0.004586147774849142,0.004586148543071258,0.034938507776144524
656,622,0,0,1704371200,3329577944,1625206745,1.4020238887872694,64440,0.024331126406068864,0.024331127011269254,0.16759041492544413
657,626,4,0,971261840,3828467359,2857205520,0.588042332343317,7201,3.186018448385323,3.186018443556046,2.4333172196321793
658,626,0,0,971261840,2831872190,1860610351,1.20687118816533,42677,0.6188288556575076,0.6188288558220124,1.27069989656944
659,626,0,0,971261840,2306474619,1335212780,1.6855774773671683,47030,0.478706288254656,0.47870628920183966,1.2607622485818
660,626,0,0,971261840,2303398185,1332136346,1.6889053942118082,65385,0.003327916037484043,0.0033279168446394055,0.027879435497399525
661,632,6,1,1057705600,2918013183,1860307584,1.2071059691833668,715,6.518200568334248,6.5182005749715595,2.7232962797279123
662,632,0,1,1057705600,2916962899,1859257300,1.2079207094047923,65499,0.0008147398470877202,0.0008147402214240391,0.008704407285479054
663,632,0,1,1057705600,2323717516,1266011917,1.762356161061163,44625,0.5544354513088132,0.5544354516563702,1.497385654230752
664,632,0,1,1057705600,2316763104,1259057505,1.770302969165126,65176,0.007946807147361503,0.007946808103964276,0.051743096047141356
665,634,2,0,2115411200,4203722215,2088311016,1.0403105548788218,54350,0.27000758519796614,0.27000758571369504,0.9494492028287786
666,634,0,0,2115411200,4085502704,1970091505,1.1243845058022188,61826,0.0840739508838867,0.08407395092339785,0.4173501195250137
667,634,0,0,2115411200,4084660990,1969249791,1.1250010234080214,65508,0.0006165175324262582,0.0006165176058037422,0.006734730232323081
668,634,0,0,2115411200,3916780762,1801369563,1.2535529558787672,59949,0.12855193198325365,0.12855193247074473,0.5155059271750169
669,634,0,0,2115411200,3585703241,1470292042,1.546544402041544,53491,0.2929914457147871,0.2929914461627758,1.0731614220619816
670,644,10,0,1259979776,3878937599,2618957824,0.7136543194661193,114,9.167109985835259,9.167109917424575,1.658753653664709
671,646,2,1,553436304,2868362279,2314925976,0.8916810846082086,7241,3.1780267645188762,3.17802676514209,3.2876364693987643
672,651,5,0,47854000,2431165247,2383311248,0.8496797737453399,4217,3.9579986937208664,3.9579986891371304,3.642325699004919
673,652,1,0,95708000,2664779039,2569071040,0.7414003617934313,35322,0.8917205869660955,0.8917205880480912,1.7710636805942999
674,653,1,0,191416000,2605565029,2414149030,0.8311324068696528,30792,1.0897320441891614,1.0897320450762236,2.61976148954775
675,654,1,0,382832000,2703636093,2320804094,0.8880224003857506,31501,1.056889992722395,1.056889993516096,1.3014795309856062
676,654,0,4,1740042304,4055746975,2315704672,0.8911958717058859,4087,4.003173471979341,4.003173471320136,2.611885784156155
677,654,0,4,1740042304,4010059015,2270016712,0.919944227250511,64243,0.02874835548969902,0.028748355544626392,0.17215879991719635
678,654,0,4,1740042304,3905072127,2165029824,0.9882602473247672,62505,0.06831601968893272,0.06831602007425505,0.4184819507593675
679,661,7,1,1726530176,4199717327,2473187152,0.7962757299631491,4679,3.808015486639689,3.80801548263838,1.609039197540622
680,661,0,1,1726530176,3672180046,1945649871,1.14239503241037,51557,0.34611930188367845,0.346119302447224,1.4517891175626756
681,665,4,2,705208768,4286800575,3581591808,0.2620462224617697,3770,4.119651191843974,4.119651190051398,1.9694310609601549
682,670,5,0,1820920752,3232221815,1411301064,1.6056213641674333,3228,4.34357513672222,4.343575141705663,3.1501317734096195
683,670,0,1,1494357856,3579610305,2085252450,1.0424250926479566,48416,0.4368037277832628,0.43680372848052423,1.715533355390126
684,670,0,2,841232064,4006401933,3165169870,0.4403642169666959,49738,0.3979391235127955,0.3979391243187416,1.2581473444172058
685,670,0,2,841232064,2936534334,2095302271,1.0354887620336903,43384,0.5951245449847912,0.5951245450669921,1.4815887330155193
686,674,4,1,972873552,4013517271,3040643720,0.49827036400922964,11888,2.4627815994614037,2.46278160197554,3.2522293807825595
687,674,0,1,972873552,3946891837,2974018286,0.5302336280650977,64100,0.03196326360653428,0.03196326405586726,0.22783066497480295
688,674,0,1,972873552,3945984238,2973110687,0.5306739711592279,65516,0.0004403427806028656,0.0004403430941301246,0.005139915429900777
689,674,0,1,972873552,3921168998,2948295447,0.5427660426918806,64989,0.012092071362034579,0.012092071532654203,0.09681329386767913
690,674,0,1,972873552,3919864362,2946990811,0.5434045840063213,65507,0.0006385408891551363,0.000638541314439946,0.007076870697152371
691,674,0,1,972873552,3917571018,2944697467,0.5445277242767617,65485,0.001123139814249491,0.0011231402704413587,0.011586432082769361
692,674,0,1,972873552,3885623998,2912750447,0.5602650436765799,64825,0.01573731937198068,0.01573731939981579,0.09222294759241782
693,674,0,1,972873552,3884601761,2911728210,0.5607714499499998,65513,0.0005064057914389884,0.000506406273420946,0.005835285569952072
694,674,0,1,972873552,3882558006,2909684455,0.5617844395778135,65490,0.00101298940069043,0.0010129896278124556,0.010541242993879537
695,674,0,1,972873552,3878029383,2905155832,0.5640315944238985,65434,0.002247154675456557,0.0022471548460864326,0.02110332773314236
696,674,0,1,972873552,3875280975,2902407424,0.5653970947940756,65474,0.0013655003314663333,0.0013655003701784053,0.013270204843105343
697,674,0,1,972873552,3873819496,2900945945,0.566123732796683,65503,0.0007266376781842033,0.0007266380026070432,0.007934770796335235
698,674,0,1,972873552,3872580078,2899706527,0.5667402504170838,65508,0.0006165175324262582,0.0006165176203991832,0.006896674477502634
699,674,0,1,972873552,3871075713,2898202162,0.5674889134576055,65502,0.0007486627160211863,0.0007486630405233372,0.008020217640069568
700,674,0,1,972873552,3869572129,2896698578,0.5682375762307466,65502,0.0007486627160211863,0.000748662773139884,0.00796853883837412
701,674,0,1,972873552,3867317923,2894444372,0.5693607161738186,65485,0.001123139814249491,0.0011231399430719062,0.011549188162094578
702,674,0,1,972873552,3865242134,2892368583,0.570395735155067,65489,0.0010350188106098368,0.0010350189812482027,0.010537039730823415
703,674,0,1,972873552,3862858895,2889985344,0.5715849696172413,65482,0.0011892340994270377,0.0011892344621763442,0.011564615575493245
704,674,0,1,972873552,3861535964,2888662413,0.5722455345475659,65506,0.0006605645820851047,0.000660564930322913,0.007239410737468818
705,674,0,1,972873552,3855321037,2882447486,0.5753528217021753,65395,0.003107286729684582,0.003107287154609782,0.027650900508056145
706,674,0,1,972873552,3850834805,2877961254,0.5775999768119462,65434,0.002247154675456557,0.00224715510977172,0.02093351975470581
707,674,0,1,972873552,3845038130,2872164579,0.5805087260643838,65404,0.002908749196698977,0.0029087492524353764,0.025368409737598872
708,674,0,1,972873552,3841006160,2868132609,0.582535416979546,65444,0.002026690572445132,0.0020266909151627106,0.01911140499813452
709,674,0,1,972873552,3832822248,2859948697,0.5866578784672534,65349,0.004122461033961742,0.004122461487707777,0.0354466362246979
710,674,0,1,972873552,3826276344,2853402793,0.58996373051842,65386,0.0033058515883184468,0.0033058520511674515,0.02885675846758678
711,674,0,1,972873552,3823272120,2850398569,0.5914834817131904,65467,0.0015197509526750181,0.0015197511947695496,0.015372464126973262
712,674,0,1,972873552,3811659320,2838785769,0.5973731668574231,65269,0.005889684811738314,0.005889685144234336,0.050051334930984556
713,674,0,1,972873552,3808107372,2835233821,0.5991794272529667,65454,0.0018062601543034325,0.0018062603955421907,0.017244778130612173
714,674,0,1,972873552,3798286844,2825413293,0.6041852299371868,65309,0.005005802328615196,0.0050058026842200514,0.04347868916972529
715,674,0,1,972873552,3794536066,2821662515,0.6061017013286794,65449,0.0019164711534089207,0.0019164713914935475,0.018343295328011922
716,674,0,1,972873552,2952980043,1980106492,1.1170691241185047,45990,0.5109674227327039,0.5109674227898254,0.905308390807175
717,676,2,1,1744010560,4088860787,2344850228,0.8731513692100492,19402,1.756082244256676,1.7560822450915443,2.6993801946999887
718,680,4,0,1799401584,3970219959,2170818376,0.9844081197406638,7584,3.111256751101741,3.1112567505306123,2.578752500119486
719,684,4,0,801728448,3203090287,2401361840,0.8387943390959833,4531,3.854386224486611,3.854386219355322,3.2523018405405293
720,684,0,2,1285337232,3794426179,2509088948,0.7754835303627523,17119,1.9366891907428758,1.936689191266766,1.9036793175217837
721,700,16,1,1449852928,3958964223,2509111296,0.7754706805970137,2,15.0,14.999987150234265,0.01844331542966804
722,703,3,3,1166760384,3515376767,2348616384,0.870836058928866,1917,5.0953653783318495,5.0953653783318495,2.870968976257934
723,708,5,0,1239074472,3868509915,2629435444,0.7078940687670432,18343,1.8370580092616438,1.8370580098381768,1.6931169851709178
724,710,2,0,661330592,3280815775,2619485184,0.713363843972477,16322,2.0054697731107893,2.005469775205434,3.490663748353594
725,710,0,0,661330592,3274580428,2613249837,0.7168020874213603,65380,0.0034382433453716316,0.0034382434488846488,0.02904778503458136
726,710,0,0,661330592,2886915405,2225584814,0.9484626650367822,55814,0.23166057729876355,0.2316605776154215,1.0462383650141658
727,711,1,0,1322661184,4109871997,2787210814,0.6238250194923438,41037,0.6753623535241173,0.6753623544555606,2.1832619069448937
728,713,2,3,267122624,3805573855,3538451232,0.2795291102355115,2600,4.655704092084183,4.655704090743169,2.091041815870173
729,719,6,0,444504432,3181275303,2736770872,0.65017249160557,6336,3.3706433799203905,3.3706433813700594,3.160788642176852
730,719,0,0,444504432,3145528906,2701024475,0.6691404333045305,64680,0.018967941638976,0.01896794169896122,0.1307306745165284
731,719,0,0,444504432,3140006181,2695501750,0.6720932998038442,65402,0.0029528662873829327,0.002952866499312886,0.02797847562700407
732,719,0,0,444504432,3085303157,2640798726,0.7016727983395654,64206,0.029579498090875643,0.029579498535719635,0.18858766576963987
733,719,0,0,444504432,3075874035,2631369604,0.7068332413307274,65302,0.005160442677374364,0.0051604429911626445,0.04477223194137635
734,719,0,0,444504432,3053911156,2609406725,0.7189253132390618,64989,0.012092071362034579,0.012092071908336667,0.09714482005630067
735,719,0,0,444504432,3050486946,2605982515,0.7208197419263485,65450,0.0018944282800345323,0.0018944286872836645,0.018806631697624726
736,722,3,0,1609648288,3485561239,1875912952,1.1950542619939277,5897,3.4742345211780843,3.474234520067581,1.678962826105143
737,722,0,3,1379312048,3673137735,2293825688,0.9048913835235162,10017,2.709837121215728,2.7098371215295876,3.468161531949905
738,722,0,3,1379312048,3431840825,2052528778,1.0652446961973432,58642,0.1603533126664495,0.16035331267382846,0.6873892430741255
739,722,0,3,1379312048,3429272658,2049960611,1.0670509567029711,65454,0.0018062601543034325,0.0018062605056285781,0.018196845130517895
740,722,0,3,1379312048,3345160962,1965848915,1.1274946981684337,62847,0.060443741173447585,0.060443741465460506,0.3680822226851126
741,722,0,3,1379312048,3343361173,1964049126,1.1288161303376079,65476,0.0013214317544216249,0.0013214321691759343,0.01340601558978681
742,722,0,3,1379312048,3341023590,1961711543,1.130534227840073,65458,0.0017180974165047324,0.001718097502463194,0.01707668609732523
743,722,0,4,611140448,4284560255,3673419808,0.22552336556886488,61360,0.09498913760970423,0.0949891377287915,0.3618263401618751
744,722,0,4,611140448,4282206073,3671065626,0.2264482409310915,65494,0.0009248751246666447,0.0009248753622265897,0.009923323676412807
745,722,0,4,611140448,4275204070,3664063623,0.2292025913262421,65411,0.0027543500024802443,0.002754350395152583,0.025480683075527467
746,722,0,4,611140448,4268830424,3657689977,0.23171434747144914,65422,0.0025117560775962753,0.002511756145208,0.023713776144350586
747,722,0,4,611140448,4225631998,3614491551,0.24885442786683143,64762,0.01714008037017725,0.01714008039537945,0.115157751815115
748,722,0,4,611140448,4221495540,3610355093,0.2505064070407954,65461,0.0016519788985902288,0.001651979173967109,0.016135198269413127
749,722,0,4,611140448,4218135071,3606994624,0.25184987313342333,65475,0.00134346587467908,0.0013434660926262096,0.013776521384718958
750,722,0,4,611140448,4215603305,3604462858,0.25286286292420357,65490,0.00101298940069043,0.0010129897907802375,0.010817574850997293
751,722,0,4,611140448,4210708328,3599567881,0.2548234209467424,65447,0.0019605579105596736,0.001960558022537596,0.018171177083488914
752,722,0,4,611140448,4206753724,3595613277,0.25640928460428825,65464,0.0015858634107395607,0.0015858636575457731,0.015623581238527856
753,722,0,4,611140448,4203187518,3592047071,0.25784089040758573,65471,0.0014316057211096818,0.0014316058032987039,0.014671138649019777
754,722,0,4,611140448,4198967125,3587826678,0.2595369482954588,65459,0.0016960575738423276,0.0016960578878728746,0.01588717023621618
755,722,0,4,611140448,4196613051,3585472604,0.26048385177016087,65493,0.0009469031891450585,0.0009469034747032645,0.010064345835402376
756,722,0,4,611140448,4191743863,3580603416,0.26244440994516083,65447,0.0019605579105596736,0.0019605581750001435,0.018894622400232777
757,722,0,4,611140448,3787385252,3176244805,0.4353250353752074,58135,0.1728806250926574,0.17288062543004667,0.5574390442652497
758,722,0,4,611140448,3716576938,3105436491,0.4678510823528512,64075,0.03252604693369781,0.03252604697764116,0.207029103552796
759,722,0,4,611140448,3714018137,3102877690,0.4690403165361481,65482,0.0011892340994270377,0.0011892341832998663,0.012331709884672951
760,722,0,4,611140448,3708147213,3097006766,0.4717726111561582,65412,0.0027322943235718405,0.0027322946200072813,0.02564770922782285
761,722,0,4,611140448,3697561740,3086421293,0.4767121444297331,65312,0.0049395329672808335,0.004939533273577291,0.042713924443639646
762,722,0,4,611140448,3694877322,3083736875,0.4779674758734913,65479,0.0012553314127252556,0.0012553314437570894,0.013039295260869875
763,722,0,4,611140448,3689936642,3078796195,0.48028077658306856,65431,0.0023133004764488018,0.002313300709578641,0.02222773588125163
764,722,0,4,611140448,3688245408,3077104961,0.4810734907298162,65500,0.0007927138004626774,0.0007927141467475731,0.00859861947534786
765,722,0,4,611140448,3683597071,3072456624,0.48325450279800464,65437,0.002181011907029251,0.0021810120681888235,0.02141186296229006
766,722,0,4,611140448,3681112326,3069971879,0.48442170547139796,65483,0.0011672023345903715,0.0011672026733906247,0.01203310962283004
767,722,0,4,611140448,2481201899,1870061452,1.1995614667890777,39921,0.7151397605726877,0.7151397613176824,1.0310918598747334
768,727,5,1,297078144,3085049395,2787971252,0.6234314609949436,24426,1.4238699931388334,1.4238699942058652,2.474725260777957
769,727,0,1,297078144,2539375151,2242297008,0.9376697601143498,52709,0.3142382990665862,0.3142382991194045,1.0964386397039452
770,727,0,1,297078144,2525381323,2228303180,0.9467016087911944,65127,0.009031848325780604,0.009031848676846642,0.07043238744135812
771,729,2,0,594156288,3935183005,3341026718,0.3623556261448151,49131,0.41565401681127007,0.4156540173536179,1.6248907904501995
772,729,0,0,594156288,2404966666,1810810379,1.2460116652138922,35520,0.8836560387625317,0.8836560390690792,2.2803857871107764
773,729,0,0,594156288,2403916696,1809760409,1.2468484319245832,65498,0.000836766229995985,0.0008367667106896973,0.008983654277454633
774,729,0,0,594156288,2370558075,1776401788,1.2736892174808787,64328,0.026840785410265397,0.0268407855562967,0.1814203915337111
775,729,0,0,594156288,2305748250,1711591963,1.3273083362837426,63145,0.05361911859589579,0.05361911880286441,0.3017154844585722
776,730,1,0,1188312576,4040217163,2851904588,0.5907214295621621,54599,0.26341309253349143,0.26341309327841883,0.8925160241085401
777,730,0,0,1188312576,4016152477,2827839902,0.6029467016545382,64983,0.012225271901404332,0.012225272092377695,0.09540629592654057
778,730,0,0,1188312576,4010327306,2822014731,0.6059216271483088,65401,0.002974925338641957,0.0029749254937672513,0.02709889490126468
779,730,0,0,1188312576,4007356129,2819043554,0.607441378408911,65467,0.0015197509526750181,0.001519751260605532,0.015302463690621954
780,730,0,0,1188312576,3999269273,2810956698,0.6115859164370114,65348,0.004144537975910174,0.004144538028098748,0.03670027556018262
781,730,0,0,1188312576,3991420074,2803107499,0.6156200733164141,65353,0.00403415664435244,0.004034156879403183,0.03520015667950292
782,730,0,0,1188312576,3984961498,2796648923,0.6189479893884311,65385,0.003327916037484043,0.0033279160720163,0.030733199322405026
783,730,0,0,1188312576,3983980008,2795667433,0.6194543952067306,65513,0.0005064057914389884,0.0005064058182980941,0.005816286660988502
784,730,0,0,1188312576,3792656637,2604344062,0.7217270893107433,61051,0.10227269406300994,0.10227269410401406,0.43753546331235876
785,730,0,0,1188312576,3782920548,2594607973,0.7271305720293775,65291,0.005403482434287977,0.005403482718635274,0.04426896015094224
786,730,0,0,1188312576,3779238624,2590926049,0.7291793077491171,65443,0.0020487354667572794,0.002048735719740255,0.019760692176934404
787,730,0,0,1188312576,3778052592,2589740017,0.7298398724305066,65506,0.0006605645820851047,0.0006605646813864891,0.00738908986672078
788,730,0,0,1188312576,3768331583,2580019008,0.7352654514325287,65290,0.0054255789880119825,0.005425579002022222,0.04681550510046671
789,730,0,0,1188312576,3765457721,2577145146,0.73687335327973,65463,0.0016079015700331673,0.0016079018472015623,0.015628975720764698
790,730,0,0,1188312576,3761957874,2573645299,0.7388339116607163,65447,0.0019605579105596736,0.001960558380987273,0.019180806793181796
791,730,0,0,1188312576,3761211730,2572899155,0.739252234388033,65517,0.000418322449221962,0.00041832272731836287,0.00492328406377429
792,730,0,0,1188312576,3759798394,2571485819,0.7400449483470091,65500,0.0007927138004626774,0.0007927139589729651,0.008467150938745904
793,730,0,0,1188312576,3758385834,2570073259,0.7408376625130089,65500,0.0007927138004626774,0.0007927141660009721,0.008592376861834288
794,730,0,0,1188312576,3757248564,2568935989,0.7414762034210938,65507,0.0006385408891551363,0.0006385409080845513,0.007083423729727915
795,730,0,0,1188312576,3756229393,2567916818,0.7420486757196194,65510,0.0005724718275307164,0.0005724722985277304,0.0064674552149526065
796,730,0,0,1188312576,3755053893,2566741318,0.7427092408459721,65506,0.0006605645820851047,0.0006605651263527932,0.007263971901934712
797,730,0,0,1188312576,3748787434,2560474859,0.7462357525094703,65376,0.0035265112667726534,0.0035265116634974956,0.030814851821573057
798,730,0,0,1188312576,3747380923,2559068348,0.7470284663957152,65500,0.0007927138004626774,0.0007927138862443836,0.008553141417618579
799,730,0,0,1188312576,3746131377,2557818802,0.7477330798845614,65504,0.0007046129765893727,0.0007046134888461996,0.007626900605880884
800,730,0,0,1188312576,3743789623,2555477048,0.7490545121732808,65476,0.0013214317544216249,0.0013214322887182485,0.013456661744861632
801,730,0,0,1188312576,3741644981,2553332406,0.7502657785505029,65481,0.001211266200721556,0.0012112663772226352,0.012300288965475567
802,730,0,0,1188312576,3738567080,2550254505,0.7520059166631015,65457,0.0017401375958717572,0.0017401381126001302,0.01590500235092302
803,730,0,0,1188312576,3737477493,2549164918,0.7526224346056551,65508,0.0006165175324262582,0.0006165179425521414,0.0068546382302162034
804,730,0,0,1188312576,3734988074,2546675499,0.754032004936672,65472,0.0014095702546713536,0.0014095703310162907,0.014195470917432758
805,730,0,0,1188312576,3732578804,2544266229,0.7553975055950382,65474,0.0013655003314663333,0.0013655006583679723,0.013459836176948478
806,730,0,0,1188312576,3728735384,2540422809,0.7575785176446068,65437,0.002181011907029251,0.002181012049566403,0.019439917400692716
807,730,0,0,1188312576,3726991014,2538678439,0.7585694780230412,65491,0.0009909603271466795,0.0009909603784376832,0.01041422330554986
808,730,0,0,1188312576,3723504669,2535192094,0.7605520802203891,65446,0.0019826017943566226,0.0019826021973475484,0.019268691586230232
809,730,0,0,1188312576,3717547338,2529234763,0.7639461921692643,65382,0.0033941114097633825,0.003394111948872546,0.029459382764884235
810,730,0,0,1188312576,3711989937,2523677362,0.7671196643759579,65392,0.0031734719793412905,0.0031734722066948584,0.028628165895074657
811,730,0,0,1188312576,3708832259,2520519684,0.7689259248946705,65454,0.0018062601543034325,0.0018062605187136491,0.017424283975679085
812,730,0,0,1188312576,3707563076,2519250501,0.7696525628132953,65503,0.0007266376781842033,0.0007266379186252101,0.007872521355509228
813,730,0,0,1188312576,3703911208,2515598633,0.7717453892862522,65441,0.002092826265968833,0.002092826472954114,0.020427043658804975
814,730,0,0,1188312576,3701953573,2513640998,0.7728685294252102,65485,0.001123139814249491,0.0011231401389596315,0.011509561078630373
815,730,0,0,1188312576,3554439790,2366127215,0.8601195036480753,61690,0.08725097418211361,0.08725097422286383,0.3295340774969817
816,730,0,0,1188312576,3516963592,2328651017,0.8831526995814301,64498,0.023033195338184924,0.023033195933355094,0.15222982333657684
817,730,0,0,1188312576,3510283501,2321970926,0.887297238055833,65348,0.004144537975910174,0.004144538474402411,0.03555759131518419
818,730,0,0,1188312576,3506846745,2318534170,0.889434157051447,65439,0.0021369184126987005,0.0021369189956160655,0.020802797008288475
819,730,0,1,229141504,3969093913,3739952410,0.1996272337333984,52857,0.3101930760602603,0.3101930766819514,1.2720895777320624
820,730,0,1,229141504,2839620980,2610479477,0.7183323294258521,45744,0.518705095368902,0.5187050956924535,1.6051557713237352
821,730,0,1,229141504,2838784492,2609642989,0.7187946929460765,65515,0.0004623634480924974,0.00046236352022490187,0.00539454427794825
822,730,0,1,229141504,2822617575,2593476072,0.727760086883503,65130,0.008965393776337085,0.008965393937424994,0.07174557343172201
823,730,0,1,229141504,2775367049,2546225546,0.7542869264274614,64342,0.02652683918111874,0.026526839543959492,0.15908714185329148
824,730,0,1,229141504,2742264873,2513123370,0.7731656507130182,64684,0.018878723925154613,0.018878724285556665,0.12381081872658117
825,730,0,1,229141504,2731949470,2502807967,0.779099544434132,65267,0.005933893153988784,0.00593389372111354,0.05062207118372213
826,730,0,1,229141504,2728092298,2498950795,0.7813246513551739,65435,0.00222510674904286,0.0022251069210426693,0.021067593769666538
827,730,0,1,229141504,2726338273,2497196770,0.7823376411598737,65490,0.00101298940069043,0.0010129898047000867,0.010772138662815418
828,730,0,1,229141504,2722146811,2493005308,0.7847611914566386,65426,0.002423550217891068,0.0024235502967625538,0.02301205024081217
829,730,0,1,229141504,2719369873,2490228370,0.7863690932148231,65463,0.0016079015700331673,0.0016079017581850583,0.015849361965322786
830,730,0,1,229141504,2716026060,2486884557,0.7883076078635085,65448,0.0019385143635805371,0.0019385146486842347,0.019355493664749455
831,730,0,1,229141504,2714773814,2485632311,0.7890342455724664,65503,0.0007266376781842033,0.000726637708960283,0.008051770032855319
832,730,0,1,229141504,2692282664,2463141161,0.8021478359036358,64943,0.013113589920257945,0.013113590331167269,0.08752717684603482
833,730,0,1,229141504,2687246334,2458104831,0.8051007022564463,65402,0.0029528662873829327,0.0029528663528124778,0.026654342660332613
834,730,0,1,229141504,2684958364,2455816861,0.8064441681959273,65475,0.00134346587467908,0.0013434659394793635,0.013809627245713276
835,730,0,1,229141504,2683084724,2453943221,0.8075452775057421,65486,0.001101109058724726,0.0011011093098168266,0.011653192136012869
836,730,0,1,229141504,2677655314,2448513811,0.8107408123297262,65391,0.003195534403982369,0.00319553482398148,0.02942345689748693
837,730,0,1,229141504,2676198221,2447056718,0.8115996053528605,65497,0.0008587929491977406,0.0008587930231359807,0.009250019253178355
838,730,0,1,229141504,2674854012,2445712509,0.8123923195059461,65500,0.0007927138004626774,0.0007927141530845486,0.008675211730118579
839,730,0,1,229141504,2672988081,2443846578,0.8134934288219888,65486,0.001101109058724726,0.0011011093160426307,0.011517088551135184
840,730,0,1,229141504,2672130407,2442988904,0.8139998350817272,65513,0.0005064057914389884,0.000506406259740717,0.005835285569952072
841,730,0,1,229141504,2670974818,2441833315,0.8146824239154533,65505,0.0006825886112264284,0.0006825888337231526,0.007573037643765572
842,730,0,1,229141504,2666242871,2437101368,0.817480886717167,65409,0.0027984623718733453,0.0027984628017157665,0.026150229387675968
843,730,0,1,229141504,2665424752,2436283249,0.8179652713196575,65514,0.000484384451701118,0.00048438460249057287,0.005630173881020868
844,730,0,1,229141504,2664421034,2435279531,0.8185597659682706,65509,0.0005944945118882062,0.0005944946486110378,0.006691564468730435
845,730,0,1,229141504,2663269092,2434127589,0.8192423546287948,65505,0.0006825886112264284,0.0006825886605242133,0.007605717536497449
846,730,0,1,229141504,2662229120,2433087617,0.8198588724552707,65508,0.0006165175324262582,0.0006165178264755613,0.006936834610036652
847,730,0,1,229141504,2661375222,2432233719,0.8203652786461859,65513,0.0005064057914389884,0.0005064061909162516,0.005781730653504212
848,730,0,1,229141504,2659779365,2430637862,0.8213121821472029,65493,0.0009469031891450585,0.0009469035010156951,0.010165212177289577
849,730,0,1,229141504,2658184555,2429043052,0.8222590856997094,65493,0.0009469031891450585,0.0009469035525064398,0.010118433800920047
850,730,0,1,229141504,2655330607,2426189104,0.8239551434652164,65459,0.0016960575738423276,0.0016960577655087744,0.015999919624609373
851,730,0,1,229141504,2654479130,2425337627,0.8244615496857968,65513,0.0005064057914389884,0.0005064062205798202,0.005823766900790642
852,730,0,1,229141504,2652073628,2422932125,0.8258931557096112,65471,0.0014316057211096818,0.0014316060238144942,0.014614674971198878
853,730,0,1,229141504,2650705700,2421564197,0.826707895927445,65499,0.0008147398470877202,0.0008147402178348157,0.008702775501033702
854,730,0,1,229141504,2649227694,2420086191,0.8275887162353825,65496,0.000880820004703256,0.000880820307936807,0.009249928569439524
855,730,0,1,229141504,2648304504,2419163001,0.8281391659428117,65511,0.0005504494793435254,0.0005504497074288084,0.0062835057576718645
856,730,0,1,229141504,2646495742,2417354239,0.829218244941071,65487,0.0010790786396167112,0.001079078998260354,0.011349450705443747
857,730,0,1,229141504,2645794909,2416653406,0.8296365679454709,65517,0.000418322449221962,0.000418323004400425,0.004934802732935719
858,730,0,1,229141504,2643508646,2414367143,0.8310020684665531,65474,0.0013655003314663333,0.0013655005210806636,0.01392312568404867
859,730,0,1,229141504,2641924512,2412783009,0.8319489718260833,65493,0.0009469031891450585,0.0009469033595322672,0.010056760156206204
860,730,0,1,229141504,2641298637,2412157134,0.832323254920599,65519,0.0003742827947452993,0.0003742830945128982,0.004463541174757649
861,730,0,1,229141504,2639458307,2410316804,0.8334243640722967,65486,0.001101109058724726,0.0011011091517001547,0.011723092467295014
862,730,0,1,229141504,2638538844,2409397341,0.8339748136162193,65511,0.0005504494793435254,0.0005504495439212082,0.00629350060069026
863,730,0,1,229141504,2633024171,2403882668,0.8372806652830924,65386,0.0033058515883184468,0.003305851666872314,0.025775888004456952
864,730,0,1,229141504,2627191997,2398050494,0.8407851091646705,65377,0.0035044437801235195,0.003504443881579364,0.028718374264299944
865,730,0,1,229141504,2625618569,2396477066,0.841732012410457,65493,0.0009469031891450585,0.0009469032457853265,0.01014405095371913
866,730,0,1,229141504,2624119308,2394977805,0.8426348598914508,65495,0.0009028473965228007,0.0009028474809939437,0.009724174786427255
867,730,0,1,229141504,2542478981,2313337478,0.8926713991397079,63302,0.0500365387353233,0.050036539248256094,0.3034604021414486
868,730,0,1,229141504,2245122491,2015980988,1.0911651126557977,57112,0.19849371336356422,0.19849371351608963,0.9187991199358163
869,730,0,1,229141504,2244599546,2015458043,1.0915393959608828,65519,0.0003742827947452993,0.0003742833050867802,0.004463541174757649
870,730,0,1,229141504,2241370433,2012228930,1.0938526970396119,65431,0.0023133004764488018,0.0023133010787284667,0.022374932107214533
871,730,0,1,229141504,2236672693,2007531190,1.0972247436715108,65383,0.003372045948196188,0.003372046631901171,0.02969047260617486
872,730,0,1,229141504,2226655867,1997514364,1.104441268494,65209,0.007216524716623124,0.007216524822486895,0.05594469009351447
873,730,0,1,229141504,2220834253,1991692750,1.1086520398929345,65345,0.0042107708288315554,0.004210771398934868,0.03765976914343443
874,730,0,1,229141504,2216853055,1987711552,1.1115387315139849,65405,0.0028866911572534176,0.002886691621049683,0.0262937635676025
875,730,0,1,229141504,2215275891,1986134388,1.112683902632991,65484,0.001145170906201281,0.001145171119008941,0.011958488342316841
876,730,0,1,229141504,2211336110,1982194607,1.115548536278805,65406,0.0028646334550583873,0.0028646336458109634,0.02654581543060202
877,730,0,1,229141504,2209642340,1980500837,1.116781835058763,65480,0.0012332986384842029,0.0012332987799591698,0.012493508854019134
878,730,0,1,229141504,2205985714,1976844211,1.1194479648169562,65415,0.002666129309875501,0.0026661297581924456,0.025648833446601644
879,730,0,1,229141504,2204779144,1975637641,1.1203287848559782,65496,0.000880820004703256,0.0008808200390224895,0.009474294788663233
880,730,0,1,229141504,2195403788,1966262285,1.127191366537705,65225,0.006862581407823226,0.006862581681727261,0.05078613724455393
881,730,0,1,229141504,2192193490,1963051987,1.1295487661826762,65429,0.0023573993620059253,0.0023573996449702535,0.02160373080980309
882,730,0,1,229141504,2190725753,1961584250,1.1306278455480374,65487,0.0010790786396167112,0.0010790793653612796,0.011353735984018384
883,730,0,1,229141504,2188630554,1959489051,1.1321696343709533,65466,0.0015417881020707706,0.00154178882291798,0.015620965037593134
884,730,0,1,229141504,2183158958,1954017455,1.136203791230745,65353,0.00403415664435244,0.004034156859790377,0.035487154175457065
885,730,0,1,229141504,2182025952,1952884449,1.1370405576628109,65498,0.000836766229995985,0.000836766432065808,0.009052989799925996
886,730,0,1,229141504,2180804207,1951662704,1.1379434052613604,65495,0.0009028473965228007,0.0009028475985499515,0.009684547702963049
887,730,0,1,229141504,2178779166,1949637663,1.1394411196621235,65468,0.0014977141398913162,0.0014977144007636259,0.014917332989241392
888,730,0,1,229141504,2178035438,1948893935,1.1399915693293465,65511,0.0005504494793435254,0.0005504496672220005,0.00626298302256526
889,730,0,1,229141504,2176697238,1947555735,1.1409825302004641,65491,0.0009909603271466795,0.0009909608711173262,0.010418485242411934
890,730,0,1,229141504,2172596244,1943454741,1.1440236352983675,65398,0.003041104516210988,0.003041105097904759,0.028208093408232333
891,730,0,1,229141504,2171973493,1942831990,1.1444859994260241,65515,0.0004623634480924974,0.00046236412765530564,0.00539454427794825
892,730,0,1,229141504,2171202716,1942061213,1.1450584713638676,65510,0.0005724718275307164,0.0005724719378455515,0.0064674552149526065
893,730,0,1,229141504,2169424705,1940283202,1.146379903754962,65476,0.0013214317544216249,0.0013214323910943416,0.013553308896929109
894,730,0,1,229141504,2168654939,1939513436,1.146952375824526,65510,0.0005724718275307164,0.0005724720695613591,0.00651761019050502
895,730,0,1,229141504,2168003857,1938862354,1.1474367604392697,65514,0.000484384451701118,0.00048438461474410873,0.005546101386448008
896,730,0,1,229141504,2166702130,1937560627,1.1484056924507087,65492,0.0009689315899683129,0.0009689320114381193,0.010410829229834453
897,730,0,1,229141504,2165401277,1936259774,1.1493746244342766,65492,0.0009689315899683129,0.0009689319835710621,0.010306964849448293
898,730,0,1,229141504,2164662652,1935521149,1.1499250742963412,65511,0.0005504494793435254,0.0005504498620640176,0.0061573970158125746
899,730,0,1,229141504,2163983376,1934841873,1.1504314806055618,65513,0.0005064057914389884,0.0005064063092204289,0.005816286660988502
900,730,0,1,229141504,2161591985,1932450482,1.152215699671288,65455,0.0017842189647608187,0.001784219065724988,0.017692646797928115
901,730,0,1,229141504,2160530458,1931388955,1.1530084136554848,65500,0.0007927138004626774,0.0007927139841968265,0.008476016113778049
902,730,0,1,229141504,2159233749,1930092246,1.1539773453253375,65492,0.0009689315899683129,0.0009689316698527764,0.010077277362262056
903,730,0,1,229141504,2158468026,1929326523,1.1545498174282152,65510,0.0005724718275307164,0.0005724721028788406,0.006519134016648054
904,730,0,1,229141504,2157084384,1927942881,1.155584836416164,65489,0.0010350188106098368,0.001035018987947047,0.01096440225126883
905,730,0,1,229141504,2155937079,1926795576,1.1564436294581455,65497,0.0008587929491977406,0.0008587930419807802,0.009200896924246568
906,730,0,1,229141504,2154878658,1925737155,1.1572363436920838,65500,0.0007927138004626774,0.0007927142339395617,0.008677726333334836
907,730,0,1,229141504,2153350668,1924209165,1.158381514833728,65484,0.001145170906201281,0.0011451711416453356,0.011897479770841081
908,730,0,1,229141504,2152822168,1923680665,1.1587778174138919,65518,0.0003963024539395264,0.0003963025801621298,0.004687653452683203
909,730,0,1,229141504,2151618693,1922477190,1.1596806651577722,65495,0.0009028473965228007,0.0009028477438808662,0.009807853122843331
910,730,0,1,229141504,2150709318,1921567815,1.160363253850452,65505,0.0006825886112264284,0.000682588692679722,0.007603555221890572
911,732,2,0,458283008,4294909419,3836626412,0.16280885534853695,65425,0.002445601177240512,0.002445601498086545,0.020357163053540846
912,732,0,0,458283008,4287123296,3828840289,0.16573966317567823,65403,0.0029308075734053776,0.002930807827140767,0.024496507780220236
913,732,0,0,458283008,4284494240,3826211233,0.16673062350864143,65491,0.0009909603271466795,0.000990960332963451,0.010524380790731647
914,732,0,0,458283008,4281516689,3823233682,0.1678537633773196,65485,0.001123139814249491,0.001123139868678822,0.011740903538632969
915,732,0,0,458283008,4186250871,3727967864,0.2042577223540718,63903,0.036403958706643876,0.03640395897675205,0.22601161008286935
916,732,0,0,458283008,3786069994,3327786987,0.36808405707624203,58501,0.16382633451159728,0.16382633472217042,0.7974315891309622
917,732,0,0,458283008,3785155990,3326872983,0.36848035953268266,65518,0.0003963024539395264,0.0003963024564408081,0.004699172121844633
918,732,0,0,458283008,3779724236,3321441229,0.3708377590336269,65429,0.0023573993620059253,0.002357399500944019,0.02291631014437892
919,732,0,0,458283008,3773541133,3315258126,0.37352594306582176,65414,0.0026881839772797777,0.0026881840321937526,0.025466544105128597
920,732,0,0,458283008,3756847480,3298564473,0.38080884223102274,65206,0.007282898755244913,0.007282899165199734,0.05638444172855008
921,732,0,0,458283008,3745220765,3286937758,0.38590300845007164,65305,0.00509416621250758,0.005094166219050898,0.04434692470116734
922,732,0,0,458283008,3739152047,3280869040,0.3885691379889522,65415,0.002666129309875501,0.0026661295388789715,0.024471147882793965
923,732,0,0,458283008,3735797887,3277514880,0.39004481568006355,65469,0.0014756776637093812,0.001475677691113079,0.014952699379002876
924,732,0,0,458283008,3727646108,3269363101,0.39363753185702777,65373,0.003592715752060134,0.003592716176961662,0.03236641990735782
925,732,0,0,458283008,3723305980,3265022973,0.3955540032721778,65449,0.0019164711534089207,0.001916471415151987,0.01854791250817027
926,732,0,0,458283008,3715484193,3257201186,0.3990143132678128,65379,0.003460309819433334,0.003460309995634025,0.03218448893318312
927,732,0,0,458283008,3713446454,3255163447,0.3999171607622465,65495,0.0009028473965228007,0.000902847494433518,0.009734479171012677
928,732,0,0,458283008,3697552101,3239269094,0.40697882469951097,65216,0.007061663834186175,0.007061663937266578,0.052267017741448235
929,732,0,0,458283008,3690780557,3232497550,0.40999786943658023,65399,0.0030190444530456694,0.003019044737069616,0.026619320151384247
930,732,0,0,458283008,3687525173,3229242166,0.4114515110119932,65470,0.0014536415241189304,0.0014536415754101927,0.014692363146070652
931,732,0,0,458283008,3683041209,3224758202,0.41345615721537143,65445,0.0020046460149816775,0.0020046462033790737,0.019631643120417923
932,732,0,0,458283008,3672166703,3213883696,0.41832942429383024,65315,0.004873266649851392,0.004873267078457481,0.04206974866237499
933,732,0,0,458283008,3669665664,3211382657,0.41945256426853916,65485,0.001123139814249491,0.0011231399747095412,0.011630523110743649
934,732,0,0,458283008,3667068568,3208785561,0.4206197666212077,65483,0.0011672023345903715,0.0011672023526676713,0.012069213069211668
935,732,0,0,458283008,3661731690,3203448683,0.42302126628865366,65427,0.0024014995955756904,0.0024014996674489412,0.021807409836184507
936,732,0,0,458283008,3660216386,3201933379,0.4237038552695651,65505,0.0006825886112264284,0.0006825889809102978,0.007543158554104415
937,732,0,0,458283008,3658115508,3199832501,0.4246507584952468,65493,0.0009469031891450585,0.0009469032256829686,0.00998179716697255
938,732,0,0,458283008,3647178580,3188895573,0.429590291691607,65312,0.0049395329672808335,0.004939533196358727,0.042690391631085796
939,732,0,0,458283008,3646010771,3187727764,0.43011871941355295,65512,0.0005284274673163702,0.000528427721946681,0.0060578720056822695
940,732,0,0,458283008,3644356981,3186073974,0.4308673823884277,65502,0.0007486627160211863,0.0007486629748739738,0.008136970027374305
941,732,0,0,458283008,3641828968,3183545961,0.43201255338673406,65484,0.001145170906201281,0.0011451709983072047,0.011945719281001967
942,732,0,0,458283008,3640128771,3181845764,0.43278324149038383,65501,0.0007706880901105886,0.0007706881036502143,0.008448590897687722
943,732,0,0,458283008,3638720788,3180437781,0.43342178270300025,65507,0.0006385408891551363,0.0006385412126162623,0.0070040933642381556
944,732,0,0,458283008,3635760480,3177477473,0.43476524885790013,65475,0.00134346587467908,0.0013434661548985586,0.013817543513219604
945,732,0,0,458283008,3632657474,3174374467,0.4361748194103825,65472,0.0014095702546713536,0.0014095705524810606,0.01428068867746473
946,732,0,0,458283008,3626748146,3168465139,0.438863003629681,65414,0.0026881839772797777,0.002688184219298463,0.023314602703028087
947,732,0,0,458283008,3625394431,3167111424,0.4394795214564553,65508,0.0006165175324262582,0.0006165178267763314,0.00687211331303674
948,732,0,0,458283008,3618145488,3159862481,0.4427853731482152,65386,0.0033058515883184468,0.0033058516917598368,0.030247288058358083
949,732,0,0,458283008,3616072213,3157789206,0.4437322767815495,65493,0.0009469031891450585,0.0009469036333330709,0.009897748014112253
950,732,0,0,458283008,3613036618,3154753611,0.4451198121431901,65473,0.0013875351247936642,0.0013875353616398815,0.013629653891003317
951,732,0,0,458283008,3611399935,3153116928,0.44586847509877714,65502,0.0007486627160211863,0.0007486629555875092,0.00821179412569493
952,732,0,0,458283008,3608368831,3150085824,0.44725601067976584,65473,0.0013875351247936642,0.0013875355809905843,0.014137356775167649
953,732,0,0,458283008,3602072120,3143789113,0.45014270190110395,65405,0.0028866911572534176,0.0028866912213385684,0.02545335031451789
954,732,0,0,458283008,3599913451,3141630444,0.45113366237889707,65491,0.0009909603271466795,0.0009909604777927458,0.01050684301555943
955,732,0,0,458283008,3596126390,3137843383,0.45287380014749345,65457,0.0017401375958717572,0.0017401377685952143,0.017029987527483338
956,732,0,0,458283008,3594306961,3136023954,0.45371056673121046,65498,0.000836766229995985,0.0008367665837160166,0.008997090930915878
957,732,0,0,458283008,3590861622,3132578615,0.4552964302263902,65464,0.0015858634107395607,0.001585863495180472,0.016069915812120854
958,732,0,0,458283008,3588758450,3130475443,0.4562653619649595,65492,0.0009689315899683129,0.000968931738570446,0.010355111998779717
959,732,0,0,458283008,3583169680,3124886673,0.4588432760039858,65419,0.002577914011629573,0.002577914039026296,0.021571050368752294
960,732,0,0,458283008,3573824010,3115541003,0.4631644419697558,65340,0.004321165674574595,0.004321165965770263,0.03391862987413123
961,732,0,0,458283008,3570353635,3112070628,0.46477234355945996,65463,0.0016079015700331673,0.001607901589705058,0.016118744112799926
962,732,0,0,458283008,3567029584,3108746577,0.466314132103232,65466,0.0015417881020707706,0.0015417885437701898,0.01542913395851272
963,732,0,0,458283008,3458591554,3000308547,0.517536273180152,63250,0.05122214064360283,0.05122214107692148,0.2963307721083755
964,732,0,0,458283008,3015888556,2557605549,0.7478533666973952,55866,0.23031709328107658,0.2303170935172404,1.043214059224247
965,732,0,0,458283008,3015108036,2556825029,0.7482937098890297,65516,0.0004403427806028656,0.000440343191635184,0.005158914338864347
966,732,0,0,458283008,3009294941,2551011934,0.7515774979230798,65387,0.0032837874765994056,0.0032837880340519637,0.03069640651216078
967,732,0,0,458283008,3003144735,2544861728,0.7550598746824981,65378,0.003482376631013855,0.0034823767594186804,0.03219841654279009
968,732,0,0,458283008,2989010065,2530727058,0.7630952265949666,65172,0.008035351354643047,0.008035351912466826,0.06265522324845405
969,732,0,0,458283008,2977077773,2518794766,0.7699135714352572,65227,0.006818344599157909,0.006818344840289142,0.05700709628284329
970,732,0,0,458283008,2972350420,2514067413,0.7726238108548209,65413,0.002710238981841788,0.0027102394195663306,0.02471579567241893
971,732,0,0,458283008,2969319851,2511036844,0.7743639488395644,65457,0.0017401375958717572,0.0017401379847410852,0.01729411963929161
972,732,0,0,458283008,2961733405,2503450398,0.7787292750811226,65338,0.004365325978252387,0.00436532624156118,0.03828498025520992
973,732,0,0,458283008,2959479627,2501196620,0.7800286732412651,65477,0.0012993979706836883,0.0012993981601403977,0.013241693911324647
974,732,0,0,458283008,2952648050,2494365043,0.783974531212074,65357,0.003945857659342001,0.003945857970808161,0.036061573101701445
975,732,0,0,458283008,2950097963,2491814956,0.7854502092622972,65469,0.0014756776637093812,0.0014756780502247393,0.014980607851454282
976,732,0,0,458283008,2934014623,2475731616,0.7947922196894623,65113,0.009342010037240063,0.009342010427164482,0.06707444231274405
977,732,0,0,458283008,2926270406,2467987399,0.7993121175906772,65331,0.004519897686857845,0.00451989790121678,0.03762818336090855
978,732,0,0,458283008,2922316263,2464033256,0.801625418413348,65431,0.0023133004764488018,0.002313300822669725,0.02203678850351229
979,732,0,0,458283008,2919082820,2460799813,0.8035198472339928,65450,0.0018944282800345323,0.0018944288206460926,0.018691559990415642
980,732,0,0,458283008,2906166024,2447883017,0.8111125319483037,65192,0.00759268465150178,0.007592684714308844,0.061885310042954625
981,732,0,0,458283008,2903177885,2444894878,0.8128747103856959,65456,0.0017621781119536897,0.0017621784373935128,0.017204566796550663
982,732,0,0,458283008,2900230700,2441947693,0.8146148481690609,65457,0.0017401375958717572,0.0017401377833625522,0.01710165540331744
983,732,0,0,458283008,2894641525,2436358518,0.8179206999276971,65386,0.0033058515883184468,0.0033058517586380407,0.029450039391766908
984,732,0,0,458283008,2893191665,2434908658,0.8187794932634667,65497,0.0008587929491977406,0.0008587933357687109,0.009154780378053444
985,732,0,0,458283008,2890813824,2432530817,0.820189063822788,65472,0.0014095702546713536,0.0014095705593219312,0.014209178485975308
986,732,0,0,458283008,2880049756,2421766749,0.8265872265908456,65246,0.006398162554280361,0.006398162768058151,0.05310848792910758
987,732,0,0,458283008,2878904205,2420621198,0.8272698157578873,65505,0.0006825886112264284,0.0006825891670408598,0.007643715354424589
988,732,0,0,458283008,2877205160,2418922153,0.8282828055045108,65490,0.00101298940069043,0.0010129897466246071,0.010479472327800068
989,732,0,0,458283008,2874879841,2416596834,0.829670340723542,65473,0.0013875351247936642,0.001387535219030557,0.014063873176518448
990,732,0,0,458283008,2873220495,2414937488,0.8306613014328725,65491,0.0009909603271466795,0.0009909607093304216,0.010565116719377828
991,732,0,0,458283008,2871783383,2413500376,0.8315200944732801,65497,0.0008587929491977406,0.0008587930404087242,0.008934596848116705
992,732,0,0,458283008,2868910869,2410627862,0.833238192329727,65458,0.0017180974165047324,0.0017180978564465229,0.017219823372089146
993,732,0,0,458283008,2865894641,2407611634,0.8350444527905552,65454,0.0018062601543034325,0.0018062604608270602,0.017742267861430037
994,732,0,0,458283008,2860604478,2402321471,0.838217925201242,65392,0.0031734719793412905,0.0031734724106876836,0.026988493021469252
995,732,0,0,458283008,2859284843,2401001836,0.8390106392437922,65500,0.0007927138004626774,0.000792714042549823,0.008525203653969802
996,732,0,0,458283008,2851114930,2392831923,0.8439280831826466,65313,0.004917443856606503,0.004917443938853401,0.04279947673397338
997,732,0,0,458283008,2848960738,2390677731,0.8452274815534722,65477,0.0012993979706836883,0.0012993983708249836,0.012960735670610186
998,732,0,0,458283008,2845641162,2387358155,0.8472321281144737,65445,0.0020046460149816775,0.0020046465610019664,0.018718537145314674
999,732,0,0,458283008,2843965465,2385682458,0.8482451175471084,65490,0.00101298940069043,0.001012989432635959,0.01070364660847584
1000,732,0,0,458283008,2841126060,2382843053,0.849963215096242,65458,0.0017180974165047324,0.0017180975491319576,0.017064134781543172
1001,732,0,0,458283008,2834872260,2376589253,0.8537545628281222,65364,0.003791347438400061,0.0037913477318813208,0.0322824252890647
1002,732,0,0,458283008,2833022802,2374739795,0.854877702898083,65485,0.001123139814249491,0.0011231400699617923,0.011776008757455181
1003,732,0,0,458283008,2829471707,2371188700,0.8570366684651844,65438,0.0021589649914087418,0.0021589655671007905,0.020575460837546262
1004,732,0,0,458283008,2826649552,2368366545,0.8587547661742931,65458,0.0017180974165047324,0.0017180977091087932,0.01686405104955143
1005,732,0,0,458283008,2823071849,2364788842,0.8609357786012559,65437,0.002181011907029251,0.0021810124269638956,0.02133964524050813
1006,732,0,0,458283008,2820870736,2362587729,0.8622792446828456,65475,0.00134346587467908,0.0013434660815870175,0.01372255148731004
1007,732,0,0,458283008,2812434982,2354151975,0.8674396877862343,65302,0.005160442677374364,0.005160443103389209,0.038145071226039086
1008,732,0,0,458283008,2801335235,2343052228,0.8742580329408156,65227,0.006818344599157909,0.006818345154582418,0.05047450881328774
1009,732,0,0,458283008,2797152234,2338869227,0.8768359473558505,65419,0.002577914011629573,0.0025779144150340884,0.024471338085617772
1010,732,0,0,458283008,2793369272,2335086265,0.8791712976681723,65430,0.002335349750730934,0.002335350312320753,0.022314425027802072
1011,732,0,0,458283008,2682950077,2224667070,0.9490576986532524,62437,0.06988640070519414,0.06988640098508311,0.3818275350438837
1012,738,6,0,1471689728,4213418111,2741728384,0.6475614919154999,1262,5.698503805017451,5.698503793262245,1.280778919831801
1013,738,0,0,1471689728,4195596207,2723906480,0.6569699739252535,65110,0.00940848193734116,0.009408482009753126,0.06938742655813435
1014,738,0,0,1471689728,4192312689,2720622962,0.6587101117131162,65457,0.0017401375958717572,0.0017401377878655912,0.017711592031959267
1015,738,0,0,1471689728,4171846576,2700156849,0.6696039318109612,65043,0.010893819598060787,0.01089382009784236,0.08930105299957092
1016,738,0,0,1471689728,4168426882,2696737155,0.6714322338794396,65453,0.001828301680591821,0.0018283020684785641,0.018019940151259396
1017,738,0,0,1471689728,4157851603,2686161876,0.677100897590357,65279,0.005668663418272206,0.005668663710916569,0.049827089021712276
1018,738,0,0,1471689728,4154818522,2683128795,0.6787308378006678,65462,0.0016299400659799616,0.0016299402103137866,0.01634917720193229
1019,738,0,1,795895808,3098188663,2302292856,0.8995757873367154,28117,1.2208449490846023,1.2208449495360474,2.3758081672014435
1020,740,2,1,1036099584,3402891487,2366791904,0.8597142807798086,16843,1.9601384927558512,1.9601384934430912,2.875697598285161
1021,740,0,1,1036099584,3375011186,2338911603,0.8768098086172991,64764,0.01709552730620542,0.01709552783749266,0.12854904998761735
1022,740,0,1,1036099584,3374190339,2338090756,0.8773162149936446,65513,0.0005064057914389884,0.0005064063763443993,0.005793249322665642
1023,740,0,1,1036099584,3373583839,2337484256,0.8776904981759088,65519,0.0003742827947452993,0.0003742831822658207,0.004463541174757649
1024,740,0,1,1036099584,3371764812,2335665229,0.8788136385218834,65485,0.001123139814249491,0.0011231403459735067,0.011800477561091614
1025,740,0,1,1036099584,3371123302,2335023719,0.8792099412137588,65518,0.0003963024539395264,0.0003963026918745114,0.004699172121844633
1026,740,0,1,1036099584,3366847745,2330748162,0.8818540167343087,65416,0.0026440749796186494,0.0026440755205493836,0.02226139535413454
1027,740,0,1,1036099584,3366172021,2330072438,0.8822723394951701,65517,0.000418322449221962,0.0004183227608631584,0.004934802732935719
1028,740,0,1,1036099584,3147087756,2110988173,1.0247286501339978,59374,0.14245631034596126,0.1424563106388264,0.6286542962209655
1029,740,0,1,1036099584,2937393343,1901293760,1.1756656927472235,59026,0.15093704210218162,0.15093704261322538,0.6756539195190214
1030,742,2,0,2072199168,3323578637,1251379470,1.7791278053728377,21567,1.6034621109030447,1.603462112625615,2.920307675410846
1031,742,0,1,1996914688,4081885193,2084970506,1.0426201705684974,54596,0.2634923651214992,0.2634923651956609,1.0574873482667286
1032,745,3,0,308311276,2850387131,2542075856,0.7566400647494689,19976,1.7140198940717877,1.7140198941809701,1.2352271202440062
1033,745,0,0,308311276,2801319046,2493007771,0.7847597661262853,64271,0.02811970084064793,0.02811970137681829,0.14197583730635355
1034,745,0,0,308311276,2799911555,2491600280,0.7855745063501871,65499,0.0008147398470877202,0.000814740223900084,0.008864719746213254
1035,745,0,0,308311276,2798885047,2490573772,0.7861690010452875,65509,0.0005944945118882062,0.0005944946950995759,0.0067417194442828485
1036,745,0,0,308311276,2797060896,2488749621,0.7872260497692025,65488,0.001057048556915173,0.001057048723914705,0.010998207457296546
1037,745,0,1,1834738328,3372434397,1537696070,1.4818767673135866,20246,1.694650717401052,1.6946507175443848,1.0051767126801585
1038,747,2,1,176509496,2686434179,2509924684,0.7750030725348829,26743,1.2931263060157807,1.2931263052212962,1.0820276508405886
1039,747,0,1,176509496,2679808553,2503299058,0.778816492334343,65363,0.0038134193140021496,0.003813419799461064,0.034910532647808745
1040,749,2,0,353018992,4036309419,3683290428,0.22165198757167914,48214,0.4428354947866012,0.44283549523733706,1.217968881646484
1041,749,0,1,1431853588,3286987413,1855133826,1.2111238820018855,16504,1.9894718941135152,1.9894718944302061,2.1957203642134346
1042,749,0,1,1431853588,3285487136,1853633549,1.2122910850572808,65483,0.0011672023345903715,0.0011672030553932702,0.012068663857873745
1043,749,0,1,1431853588,3284355767,1852502180,1.2131719057372372,65496,0.000880820004703256,0.0008808206799580357,0.009477032899382275
1044,749,0,1,1431853588,3275875684,1844022097,1.2197912022631314,65236,0.00661929574410172,0.006619296525891916,0.051768865149041415
1045,749,0,1,1431853588,3274496944,1842643357,1.2208702811642276,65487,0.0010790786396167112,0.0010790789010972955,0.011435932363838832
1046,749,0,1,1431853588,3273147351,1841293764,1.2219273302676577,65488,0.001057048556915173,0.001057049103429676,0.011166901657780188
1047,749,0,2,716223528,4271592759,3555369232,0.27264775170660727,63272,0.05072042092340494,0.05072042143895068,0.27226682221323373
1048,749,0,2,716223528,4139872231,3423648704,0.3271124696829446,63108,0.05446471779814958,0.0544647179763354,0.3417266234823321
1049,749,0,2,716223528,3429450497,2713226970,0.6626374073519408,51937,0.3355249373953452,0.33552493766899755,1.2254742400146694
1050,749,0,2,716223528,3428539684,2712316157,0.6631217921885764,65514,0.000484384451701118,0.0004843848366376228,0.005618655211859437
1051,749,0,2,716223528,3254881258,2538657731,0.7585812461344723,61340,0.09545945384561812,0.09545945394589446,0.49211527881452233
1052,749,0,2,716223528,2841404197,2125180670,1.0150616503477714,54862,0.25648040370571035,0.2564804042132999,0.9136303291849915
1053,749,0,2,716223528,2448315816,1732092289,1.3101313445082994,53414,0.29506969345546424,0.2950696941605286,0.7916138620814944
1054,749,0,2,716223528,2200168011,1483944484,1.5332100258582884,56147,0.22307868065188585,0.2230786813499891,1.0186974093595667
1055,749,0,2,716223528,2199534001,1483310474,1.5338265438924594,65508,0.0006165175324262582,0.0006165180341700409,0.006927830544091477
1056,752,3,0,1432447056,3405411135,1972964080,1.1222824555770003,43585,0.5884559108845331,0.5884559116845416,0.9488218250443466
1057,752,0,0,1432447056,3394151849,1961704794,1.1305391912433898,65162,0.008256735650946383,0.008256735666387564,0.06754883008441878
1058,752,0,1,717410464,3914639655,3197229192,0.42582497921462803,53406,0.29528578707742065,0.2952857879712386,1.0817337495772772
1059,752,0,1,717410464,3837070160,3119659697,0.4612584823835739,63946,0.03543350310515451,0.03543350316894506,0.20620710866045633
1060,752,0,1,717410464,3823217911,3105807448,0.46767875686373017,65245,0.006420274348057973,0.006420274480155918,0.055907192363863344
1061,757,5,1,827031040,3951036575,3124005536,0.4592501359548855,2060,4.991571377929419,4.991571379091159,1.7790562253382245
1062,757,0,1,827031040,2664939325,1837908286,1.2245823699386307,38556,0.7653322338074318,0.7653322339837425,1.1385278520332809
1063,763,6,0,783102368,2188456063,1405353696,1.6117138758897092,1566,5.387131502708959,5.3871315059510785,1.817068929560825
1064,763,0,0,783102368,2175696885,1392594518,1.6248718967089388,64941,0.013158020182368843,0.01315802081923121,0.0888558249697051
1065,763,0,0,783102368,2175165652,1392063285,1.6254223465510194,65511,0.0005504494793435254,0.0005504498420799867,0.006295024426833294
1066,764,1,1,984925824,3265550987,2280625164,0.9132177964596231,26842,1.2877954495613453,1.2877954499086042,2.35100561824729
1067,766,2,0,1969851648,4289939531,2320087884,0.8884676909153875,33335,0.9752498933356086,0.975249894455764,1.0987427410109933
1068,766,0,0,1969851648,4172193371,2202341724,0.9636088055083718,62210,0.07514111419739827,0.07514111459298504,0.34534915516613574
1069,768,2,0,949725980,2662105815,1712379836,1.326644393613222,12739,2.3630355886698804,2.363035588104848,1.9428016195209734
1070,768,0,0,949725980,2622494489,1672768510,1.360409337566658,64020,0.03376494356705653,0.03376494395343669,0.20607992364291094
1071,772,4,0,723611808,2857045087,2133433280,1.0094701529428427,5224,3.6490608184535693,3.649060815376187,2.788595007030993
1072,772,0,0,723611808,2844609608,2120997801,1.0179040208963492,65154,0.008433867550968028,0.008433867953506105,0.0545013596769636
1073,772,0,0,723611808,2840208123,2116596316,1.0209010058318029,65400,0.002996984727192764,0.002996984935453487,0.02675600399016493
1074,772,0,0,723611808,2839594485,2115982678,1.0213193288008284,65517,0.000418322449221962,0.0004183229690261027,0.004934802732935719
1075,773,1,0,1447223616,4207596891,2760373276,0.637783775017148,42747,0.6164644457617791,0.616464446216318,1.5098500327887001
1076,773,0,1,746963584,3402879373,2655915790,0.6934377415259547,31528,1.0556539658621664,1.0556539665088085,2.005857373000322
1077,775,2,2,1654491408,3561485631,1906994224,1.1713466720637378,5882,3.477908931112936,3.4779089305377826,1.8149321676401373
1078,775,0,2,1654491408,3388931984,1734440577,1.308176732161403,59606,0.13683005931745423,0.1368300600976661,0.692174476846339
1079,784,9,0,1013679616,4238655103,3224975488,0.41335895089652297,952,6.105182236692056,6.10518221873512,1.4283179564532107
1080,784,0,0,1013679616,4147864090,3134184475,0.4545570481001455,63691,0.041198096834116155,0.04119809720362246,0.21822420117091235
1081,784,0,0,1013679616,4142794760,3129115145,0.45689239824857353,65430,0.002335349750730934,0.0023353501484276846,0.021821433504506944
1082,784,0,0,1013679616,4141648843,3127969228,0.45742082608911616,65512,0.0005284274673163702,0.0005284278405409178,0.006070914500986733
1083,784,0,0,1013679616,3062782015,2049102400,1.0676550639189415,42932,0.6102342377213626,0.6102342378298252,1.7092056097629527
1084,786,2,2,899894288,3053552943,2153658656,0.9958575378771215,4305,3.928202477715794,3.92820247395818,2.7884517361416608
1085,786,0,2,899894288,3051384036,2151489749,0.9973111795839387,65470,0.0014536415241189304,0.0014536417068192705,0.014748038507577986
1086,786,0,2,899894288,3049676921,2149782634,0.9984563507122672,65484,0.001145170906201281,0.0011451711283274144,0.01202574806724815
1087,786,0,2,899894288,2151955037,1252060750,1.7783425824672783,38169,0.779886230961253,0.7798862317550117,1.551523923995268
1088,789,3,0,1799788576,4106900027,2307111452,0.8965594465598663,60380,0.11821686359901251,0.11821686409258583,0.5068425428826003
1089,791,2,0,853555924,3532137103,2678581180,0.681178125405637,19022,1.7846186792789163,1.7846186788457712,0.8853695448591463
1090,793,2,0,569898048,4126734727,3556836680,0.2720524146174945,21756,1.590874289534686,1.59087428921186,1.6933447993989736
1091,793,0,0,569898048,3645658672,3075760625,0.48170391792971046,56672,0.20965150324808576,0.20965150331221405,0.5979503315363603
1092,793,0,0,569898048,3564559514,2994661467,0.5202542239629295,63808,0.03855030560180408,0.038550306033219954,0.19082184000482902
1093,793,0,0,569898048,2999633370,2429735323,0.8218479799161855,53173,0.3015937554398789,0.3015937559532545,1.0856745414694078
1094,793,0,0,569898048,2997520105,2427622058,0.8231033115250419,65479,0.0012553314127252556,0.0012553316088579304,0.012935887166196926
1095,793,0,1,1519134516,3807031987,2287897472,0.9086247442258504,30882,1.0855214320723094,1.0855214327008078,1.0652995809629933
1096,793,0,1,1519134516,3337834263,1818699748,1.2397397601579172,52096,0.33111501573375296,0.331115015932067,0.9973304335352381
1097,793,0,1,1519134516,3282165444,1763030929,1.2845893618130901,63530,0.044849601311849376,0.04484960165517342,0.2240403130358315
1098,793,0,2,890785384,2642948017,1752162634,1.2935104553350278,32566,1.0089210924439147,1.0089210935219368,1.3652145492523364
1099,798,5,0,654026896,3890351703,3236324808,0.4082907374501126,15131,2.114780282772546,2.114780282115083,0.8339473717154336
1100,800,2,2,1905855568,3605400159,1699544592,1.3374989307576968,2151,4.929208190576939,4.929208193307587,1.2346077269868794
