position,stable_bits,released_bits,pending_underflow,low,high_inclusive,residual_width,residual_information_bits,selected_frequency,selected_information_bits,effective_interval_information_bits,table_entropy_bits
1,3,3,0,998768640,2214068223,1215299584,1.8213351489935299,2318,4.821335148993528,4.821335148993528,2.6743532331510416
2,4,1,2,1547698176,4169523071,2621824896,0.7120758106097469,17673,1.8907406616162192,1.8907406616162192,3.2221785092566964
3,4,0,2,1547698176,4103673403,2555975228,0.7487732919724692,63890,0.03669748081812497,0.03669748136272148,0.1826209627762928
4,4,0,3,947912704,3120351241,2172438538,0.9833317847056726,27851,1.2345584914798453,1.2345584927332018,2.554586438661363
5,8,4,0,1895825408,3408868385,1513042978,1.5051941781108766,22822,1.5218623930812794,1.5218623934052058,2.5930352921580697
6,9,1,1,1058743964,2786497931,1727753968,1.3137493535224642,18709,1.8085551721656206,1.8085551754115865,1.0391766410160235
7,11,2,0,2117487928,3472832035,1355344108,1.663987962420638,25705,1.3502386083623108,1.3502386088981737,2.9981293068439383
8,11,0,0,2117487928,3468302915,1350814988,1.6688170540095832,65317,0.004829090795818638,0.0048290915889447695,0.0435801810637536
9,11,0,1,2087492208,3572654913,1485162706,1.5320261528457948,36027,0.8632090981701492,0.8632090988362116,2.169424012985421
10,13,2,2,1872384136,3301345615,1428961480,1.5876801192664978,7882,3.055653965862166,3.055653966420706,2.00196430926946
11,13,0,4,1047085600,3235880599,2188795000,0.9725103063111753,25096,1.3848301861563972,1.3848301870446744,2.7277998697306254
12,18,5,0,2094171200,3394436197,1300264998,1.7238414671140951,19466,1.7513311602768642,1.75133116080292,2.591758683263597
13,25,7,0,1029358720,2230580095,1201221376,1.8381450927003442,473,7.114303626660605,7.114303625586252,2.588427258540838
14,26,1,0,2058717440,3766850715,1708133276,1.3302266013112245,46596,0.49208150737036627,0.4920815086108775,1.4901997322276797
15,26,0,1,1969951232,3452578385,1482627154,1.5344913066194152,28442,1.2042647037129415,1.2042647053081912,1.9762552416359407
16,33,7,0,63730944,2917498623,2853767680,0.5897792535806481,1971,5.055287938956514,5.055287946961234,1.9746840324964094
17,34,1,0,127461888,3743006479,3615544592,0.24843417629152853,41515,0.6586549221684538,0.6586549227108792,1.46910223216315
18,34,0,0,127461888,3207592961,3080131074,0.4796554003577853,55831,0.23122122370684878,0.23122122406625845,0.8346961963276949
19,36,2,0,538790472,3633773255,3094982784,0.4727157616168185,16463,1.9930603630171277,1.9930603612590314,1.2193787905762468
20,38,2,1,1081641768,3527554671,2445912904,0.8122741138591643,6474,3.3395583497908268,3.3395583522423458,3.2682067406963937
21,38,0,1,1081641768,3525091440,2443449673,0.8137277558801621,65470,0.0014536415241189304,0.0014536420210000368,0.015020140237939326
22,43,5,0,1789925424,3927347343,2137421920,1.0067754266871276,3583,4.193047671789264,4.1930476708069655,2.4960398707051428
23,43,0,1,1432367200,3886801769,2454434570,0.8072564379753722,37628,0.8004810110012383,0.8004810112882457,1.7689357098388008
24,43,0,1,1432367200,3557226814,2124859615,1.015279617438047,56736,0.20802317910131138,0.20802317946267207,0.652765428324463
25,45,2,1,618830296,2287955251,1669124956,1.363555182533453,12870,2.3482755668919357,2.3482755650954084,1.505291295246811
26,47,2,0,1237660592,4026089495,2788428904,0.6231946586658914,54742,0.2596394758943337,0.2596394761324375,1.1394908723607415
27,49,2,2,932719424,2231626239,1298906816,1.7253492109298847,1908,5.102154543994488,5.102154552263992,2.4848720570046
28,53,4,0,2041810488,4144685443,2102874956,1.030284080880893,26525,1.3049348693105105,1.3049348699510104,1.5366845508576321
29,53,0,0,2041810488,4123732419,2081921932,1.0447311746041201,64883,0.01444709335741565,0.014447093723226048,0.09320468702643253
30,53,0,1,1936137328,4187253537,2251116210,0.9320066106507419,35431,0.8872754359798879,0.8872754360466203,1.5015412148592133
31,56,3,1,564368024,2184556151,1620188128,1.4064858047713749,5896,3.47447919090493,3.4744791941206343,2.2259820094522884
32,58,2,0,1128736048,4125797307,2997061260,0.5190985731415765,60615,0.11261276820802217,0.1126127683702024,0.6174233226651462
33,58,0,0,1128736048,4019654436,2890918389,0.5711192640915037,63215,0.05202069087837614,0.05202069094992486,0.27545517637120837
34,58,0,1,109988448,3364653677,3254665230,0.40013798844673687,36891,0.8290187239229089,0.8290187243552352,1.5810488651284136
35,61,3,0,270926240,3801316283,3530390044,0.2828195621041054,17772,1.882681573989996,1.882681573657369,2.4921307581442624
36,61,0,0,270926240,3760160002,3489233763,0.2997368911516958,64772,0.016917328807845345,0.016917329047589504,0.11888067803095288
37,62,1,0,541852480,4131286711,3589434232,0.2588906821915451,33709,0.9591537910056133,0.9591537910398473,1.517177215541996
38,62,0,0,541852480,4111131196,3569278717,0.2670145833957527,65168,0.00812390099658516,0.00812390120421026,0.055380151004220717
39,62,0,0,541852480,3928898429,3387045950,0.342619586879497,62190,0.07560500328206676,0.07560500348374329,0.41979082474462365
40,62,0,0,541852480,2753748117,2211895638,0.9573638282945254,42798,0.6147442410554259,0.6147442414150278,1.7875072392347768
41,62,0,2,878038596,3194561863,2316523268,0.8906859726174652,17159,1.9333221432004517,1.9333221443229387,2.354690459158311
42,62,0,2,878038596,3108208311,2230169716,0.94549364254312,63093,0.05480766952935996,0.054807669925656735,0.26049988539088936
43,62,0,2,878038596,2469368954,1591330359,1.4324137768338225,46763,0.48692013398796885,0.4869201342907027,1.6155831625229298
44,68,6,1,869090880,3234329951,2365239072,0.8606611313467241,3044,4.428247356496454,4.4282473545129015,1.7321380583389727
45,70,2,1,1328879872,3727611095,2398731224,0.8403756322030276,16616,1.9797144991553524,1.9797145008563026,3.0981269570933327
46,70,0,1,1328879872,3726403237,2397523366,0.8411022703540425,65503,0.0007266376781842033,0.0007266381510145145,0.007987334935709873
47,70,0,1,1328879872,3724391155,2395511284,0.8423135367461079,65481,0.001211266200721556,0.0012112663920672785,0.012107967995579949
48,70,0,1,1328879872,3671974724,2343094853,0.874231787551988,64102,0.03191825042293321,0.031918250805880365,0.18423149053126758
49,70,0,1,1328879872,3656744035,2327864164,0.8836402697439603,65110,0.00940848193734116,0.009408482191970744,0.07325893305383699
50,70,0,2,510276096,3258275411,2747999316,0.6442655009565357,38682,0.7606252311299041,0.7606252312125761,1.2978595365349972
51,73,3,2,249039472,2188606375,1939566904,1.146912604532524,5782,3.5026471065229505,3.5026471035759865,1.0653194771869694
52,76,3,0,498078944,4220001761,3721922818,0.20659900766212758,62880,0.05968640285403119,0.05968640312960534,0.2686378464235109
53,76,0,0,498078944,4216878199,3718799256,0.20781027388796147,65481,0.001211266200721556,0.001211266225832507,0.012544578135521508
54,76,0,0,498078944,2718259297,2220180354,0.951970268874053,39126,0.7441599948818645,0.7441599949860941,1.6481731163685476
55,79,3,0,1477555112,3482547087,2004991976,1.0990506830034548,7398,3.1470804148760045,3.1470804141293995,3.5121413930215897
56,79,0,0,1477555112,3440052368,1962497257,1.1299565084758498,64147,0.030905824914675025,0.030905825472395523,0.22259506242397112
57,79,0,1,807626576,2375743813,1568117238,1.4536137215361649,26183,1.3236572123514618,1.3236572130603144,2.6670776981443054
58,81,2,0,1615253152,4186557695,2571304544,0.7401466536568435,53731,0.28653293182640915,0.286532932120679,0.9327631328228212
59,81,0,0,1615253152,3670029003,2054775852,1.0636661218612353,52371,0.32351946780636465,0.32351946820439154,0.8968566308772264
60,81,0,1,1083022656,4227203439,3144180784,0.44996297400184915,50141,0.3862968512301461,0.3862968521406127,1.1451186843585095
61,84,3,0,1345030920,3582841715,2237810796,0.9405590825374794,11661,2.4905961069396465,2.490596108535633,2.5745714557887194
62,84,0,0,1345030920,3539100326,2194069407,0.9690379814618382,64255,0.028478898524750232,0.028478898924356864,0.1588810171192906
63,87,3,0,438652728,2531749943,2093097216,1.037007825445464,7815,3.0679698421129733,3.0679698439836263,0.5370986839434242
64,87,0,0,438652728,2531143118,2092490391,1.037426148274431,65517,0.000418322449221962,0.0004183228289653259,0.004934802732935719
65,88,1,0,877305456,4008378111,3131072656,0.45599015965957435,49032,0.4185640105456165,0.4185640113851439,1.0041229532580727
66,88,0,0,877305456,3179314637,2302009182,0.8997535580694667,48183,0.4437633980991379,0.4437633984098923,1.3454728689518007
67,88,0,0,877305456,2653093940,1775788485,1.2741873941760744,50555,0.3744338355729342,0.37443383610660874,0.7861389532859925
68,88,0,0,877305456,2404755599,1527450144,1.4915218547931666,56371,0.2173344598856643,0.21733446061709324,0.6735556047592919
69,88,0,0,877305456,2404009773,1526704318,1.4922264684637234,65504,0.0007046129765893727,0.0007046136705543112,0.007808663886443231
70,89,1,0,1754610912,3969236043,2214625132,0.9555846305174747,47533,0.46335816161404025,0.46335816205375413,1.129060119098693
71,89,0,1,1361738176,3814870755,2453132580,0.8080219392932158,36297,0.8524373081518115,0.8524373087757378,1.0141978160332623
72,89,0,1,1361738176,3812138231,2450400056,0.809629840993729,65463,0.0016079015700331673,0.0016079017005131186,0.016257600822128078
73,92,3,0,1151985408,3444000839,2292015432,0.9060303883085723,15325,2.0964005465344937,2.096400547314844,3.075643080078767
74,92,0,1,156487168,4133939727,3977452560,0.11080242271345497,56864,0.20477203397132182,0.2047720344048836,0.5712412931908714
75,92,0,1,156487168,4055162666,3898675499,0.13966306705815512,64238,0.028860644080355793,0.02886064434470119,0.16766420319941794
76,92,0,1,156487168,4048440401,3891953234,0.14215277132165127,65423,0.002489704107082812,0.002489704263494559,0.023565006911647063
77,92,0,1,156487168,3654173471,3497686304,0.29624624153336043,58897,0.15409347018682293,0.15409347021170866,0.6979158907043644
78,92,0,1,156487168,3642005006,3485517839,0.30127413460931507,65308,0.0050278927921983,0.005027893075953867,0.04083523330843609
79,92,0,1,156487168,3640941310,3484454143,0.3017144775432854,65516,0.0004403427806028656,0.0004403429339715888,0.005170433008025777
80,92,0,1,156487168,3624884407,3468397240,0.30837800427115525,65234,0.00666352644973526,0.00666352672787181,0.05264205655657314
81,92,0,2,1416795558,4141087799,2724292242,0.6567656726676461,25738,1.348387668763929,1.3483876683964902,1.7225012690592034
82,95,3,0,1339985730,3798649501,2458663772,0.8047726894995186,29573,1.1480070169792476,1.1480070168318721,1.2688044981857587
83,95,0,0,1339985730,3259991443,1920005714,1.1615365415531436,51178,0.35676385147218587,0.3567638520536232,0.7660457321179738
84,99,4,1,259814944,3958263455,3698448512,0.21572695458648994,3945,4.054190415099179,4.054190413033349,1.4298894132812396
85,99,0,1,259814944,3956401138,3696586195,0.21645359230050332,65503,0.0007266376781842033,0.000726637714010465,0.007766625807189516
86,99,0,1,259814944,2180024962,1920210019,1.161383034650875,34043,0.9449294419926763,0.9449294423503725,1.5062576597020902
87,101,2,0,519629888,4255272839,3735642952,0.20129057533313954,63748,0.0399075402099373,0.0399075406822652,0.23303265593630368
88,101,0,0,519629888,4254189812,3734559925,0.20170889802630398,65517,0.000418322449221962,0.0004183226931645795,0.004934802732935719
89,101,0,0,519629888,2335623473,1815993586,1.2418880389038165,31868,1.0401791404192466,1.0401791408775132,1.8199434958136538
90,102,1,0,1039259776,2559644541,1520384766,1.4982106711908045,27434,1.2563226315330327,1.2563226322869876,1.7538764472528197
91,102,0,0,1039259776,2559226954,1519967179,1.498606974453537,65518,0.0003963024539395264,0.00039630326273166447,0.004699172121844633
92,102,0,0,1039259776,2312083853,1272824078,1.754614113526742,54880,0.25600713893982535,0.2560071390732061,0.6740495030904977
93,103,1,0,2078519552,3436643973,1358124422,1.6610314905991999,34964,0.9064173769720916,0.9064173770724576,1.7888340687563373
94,103,0,0,2078519552,3435939379,1357419828,1.6617801539969328,65502,0.0007486627160211863,0.0007486633977345463,0.00805261133294698
95,103,0,0,2078519552,3433288168,1354768617,1.6646006734836085,65408,0.0028205190623786626,0.002820519486675364,0.022465581507373076
96,103,0,0,2078519552,3432916069,1354396518,1.6649969766682773,65518,0.0003963024539395264,0.00039630318466754615,0.004699172121844633
97,103,0,0,2078519552,3419379543,1340859992,1.6794885421735941,64881,0.014491564706665157,0.014491565505318474,0.08796312689866717
98,107,4,0,370593920,4043555119,3672961200,0.22570349003762047,11220,2.546214944503845,2.5462149478640232,1.4640346723240716
99,107,0,0,370593920,4037165995,3666572076,0.22821524643740787,65422,0.0025117560775962753,0.0025117563997902035,0.020294461070566133
100,107,0,0,370593920,4034984044,3664390125,0.2290740395654609,65497,0.0008587929491977406,0.0008587931280526519,0.008838726935014144
101,108,1,0,1325960762,3768179265,2442218504,0.814454862750317,21839,1.585380823170378,1.5853808231848545,0.9307774174984871
102,108,0,1,504437876,3262144383,2757706508,0.6391782214256558,37001,0.8247233584780075,0.8247233586753384,1.0708344511403152
103,108,0,1,504437876,3261134480,2756696605,0.6397066492668237,65512,0.0005284274673163702,0.0005284278411685387,0.0060578720056822695
104,108,0,1,504437876,2702484461,2198046586,0.9664251825296226,52255,0.32671853292049224,0.3267185332628003,1.22926165619736
105,108,0,1,504437876,2672969675,2168531800,0.9859285465452956,64656,0.019503363816540695,0.019503364015671914,0.10624980424263734
106,108,0,1,504437876,2668767350,2164329475,0.9887270092487483,65409,0.0027984623718733453,0.002798462703453727,0.023198424498556754
107,108,0,3,68556340,4213860231,4145303892,0.05116927652176528,31380,1.06244226814454,1.0624422672730176,1.022190840814102
108,108,0,3,68556340,3953197429,3884641090,0.14486583479300208,61415,0.09369655797123096,0.09369655827123544,0.41403441099513905
109,108,0,3,68556340,3952189755,3883633416,0.14524011772794765,65519,0.0003742827947452993,0.00037428293494615243,0.004463541174757649
110,108,0,3,68556340,3951123083,3882566744,0.1456364202652587,65518,0.0003963024539395264,0.00039630253730981623,0.004699172121844633
111,114,6,0,974597752,2378900151,1404302400,1.6127935095136579,2963,4.467157089038718,4.467157089248399,2.42638355425835
112,119,5,0,787466944,3650927295,2863460352,0.5848875182339803,4176,3.9720940034301155,3.9720940087203225,2.4715862994701334
113,119,0,0,787466944,3648830034,2861363091,0.5859445667908965,65488,0.001057048556915173,0.001057048556915173,0.010461237480688442
114,119,0,0,787466944,3051155483,2263688540,0.9239716740225639,51847,0.33802710702125477,0.3380271072316689,1.2106783237243317
115,119,0,0,787466944,2974508680,2187041737,0.9736663933056633,63317,0.04969471917088875,0.049694719283099445,0.28326538997472983
116,121,2,1,1150243856,3435798583,2285554728,0.9101027810779669,8561,2.936436389415009,2.936436387772303,2.1750552349056558
117,123,2,0,935352152,2462589283,1527237132,1.4917230612203944,21896,1.5816202806350437,1.5816202801424266,1.1098336495300891
118,123,0,0,935352152,2461960080,1526607929,1.4923175563847018,65509,0.0005944945118882062,0.000594495164309442,0.006730200775121419
119,124,1,0,1870704304,4123625025,2252920722,0.9308505985255202,48358,0.4385330419046272,0.43853304214081706,0.8590197916625826
120,124,0,0,1870704304,3918429654,2047725351,1.0686249176491565,59567,0.137774318648062,0.13777431912363633,0.607139003875467
121,124,0,0,1870704304,3915680022,2044975719,1.070563432571042,65448,0.0019385143635805371,0.0019385149218867591,0.017105918155581195
122,124,0,0,1870704304,3679872503,1809168200,1.2473206031594444,57979,0.17675716989846996,0.1767571705884021,0.7107890952905265
123,124,0,0,1870704304,3679265177,1808560874,1.2478049878099888,65514,0.000484384451701118,0.00048438465054272475,0.005630173881020868
124,124,0,0,1870704304,3678520072,1807815769,1.2483994830242686,65509,0.0005944945118882062,0.0005944952142821809,0.006753238113444278
125,124,0,0,1870704304,3530002004,1659297701,1.3720743970161173,60152,0.12367491393676439,0.12367491399184861,0.5615308666615703
126,124,0,0,1870704304,3529141162,1658436859,1.3728230599906865,65502,0.0007486627160211863,0.0007486629745685288,0.007786991614828364
127,124,0,0,1870704304,3523447370,1652743067,1.3777846831958627,65311,0.00496162241616682,0.004961623205176406,0.04311647904904745
128,124,0,2,1040366272,4215521347,3175155076,0.43582009053441695,31476,1.0580354070138596,1.0580354073385523,1.4097562503555041
129,124,0,2,1040366272,2862001032,1821634761,1.2374134192092683,37599,0.8015933286068402,0.8015933286748524,1.3999077102469846
130,124,0,2,1040366272,2784033418,1743667147,1.3005224792953065,62731,0.06310905949898862,0.063109060086038,0.29887703448920466
131,124,0,2,1040366272,2564398830,1524032559,1.4947534215249725,57281,0.19423094135313546,0.19423094222966666,0.6179227327194533
132,124,0,2,1040366272,2563887222,1523520951,1.4952378063464309,65514,0.000484384451701118,0.00048438482145821615,0.0056111749720572975
133,124,0,2,1040366272,2556634131,1516267860,1.5021225071763276,65224,0.00688470032082244,0.006884700829895457,0.05142690058951709
134,124,0,2,1040366272,2475957464,1435591193,1.5810021683003264,62049,0.07887966080670394,0.0788796611240011,0.30618608620481963
135,124,0,2,1040366272,2474358371,1433992100,1.5826100698973633,65463,0.0016079015700331673,0.0016079015970362571,0.015956366358824477
136,124,0,2,1040366272,2176536311,1136170040,1.9184683802673028,51925,0.33585830938062766,0.33585831036993696,0.7727204706729603
137,127,3,0,2080732544,3824445655,1743713112,1.3004844487551104,50290,0.3820160670338533,0.3820160684878097,1.3192464051853412
138,127,0,0,2080732544,3343498416,1262765873,1.7660599694163075,47460,0.4655755199186897,0.4655755206611954,1.2299870794204646
139,128,1,4,697779008,3126506911,2428727904,0.8224462754464064,3939,4.056386298385957,4.056386306030099,1.2224197772677081
140,133,5,0,1395558016,4005284257,2609726242,0.7187486687293827,35210,0.8963023932495064,0.8963023932829776,1.4772802343606937
141,133,0,0,1395558016,4002775517,2607217502,0.7201362041192496,65473,0.0013875351247936642,0.0013875353898658177,0.013227493770576032
142,133,0,0,1395558016,4001383112,2605825097,0.7209068925600306,65501,0.0007706880901105886,0.0007706884407833204,0.00846046185545853
143,133,0,0,1395558016,3558954281,2163396266,0.98934920025523,54409,0.2684423075517519,0.26844230769519695,0.9514704407487413
144,133,0,0,1395558016,3430377186,2034819171,1.0777465543198161,61641,0.08839735361182983,0.08839735406458582,0.35188283019559485
145,133,0,1,643632384,3723184149,3079551766,0.4799267665313103,49592,0.40218021135449283,0.4021802122114968,1.366464279640475
146,133,0,1,643632384,3722338324,3078705941,0.4803230693814662,65518,0.0003963024539395264,0.00039630285015395924,0.004699172121844633
147,137,4,2,499853568,3130583743,2630730176,0.7071838616715453,1750,5.226860793280309,5.226860792290081,1.5737423745338053
148,137,0,2,499853568,3129580199,2629726632,0.7077343111942866,65511,0.0005504494793435254,0.0005504495227394398,0.006276025517869724
149,137,0,2,499853568,2584261825,2084408258,1.0430092704570804,51946,0.3352749589503545,0.335274959262796,0.8581495040508289
150,137,0,2,499853568,2582417103,2082563536,1.0442866352133855,65478,0.0012773645234549914,0.0012773647563023853,0.013378073444781568
151,137,0,2,499853568,2581654445,2081800878,1.0448150629960722,65512,0.0005284274673163702,0.000528427782686991,0.006101432079111733
152,137,0,2,499853568,2485626551,1985772984,1.112946444384935,62513,0.06813138131137325,0.06813138138886268,0.3956357722708561
153,137,0,2,499853568,2475960694,1976107127,1.119985986842991,65217,0.007039542207896552,0.007039542458055853,0.04796454453236288
154,141,4,0,859657084,2547380899,1687723816,1.347568309437296,13993,2.2275823211977683,2.2275823225943068,2.721031422872438
155,142,1,0,1719314168,3301967285,1582653118,1.4403020622255127,30728,1.0927337514689348,1.092733752788215,1.6155216905447995
156,142,0,0,1719314168,3234276600,1514962433,1.503365126834705,62733,0.06306306399299451,0.06306306460919212,0.29948759864191804
157,142,0,1,1291144688,3869835625,2578690938,0.7360082728221151,55776,0.23264314587431495,0.2326431459874105,0.7734172940005709
158,142,0,1,1291144688,3784923286,2493778599,0.7843137595563938,63378,0.048305486694556435,0.04830548673428013,0.23487980908512618
159,142,0,1,1291144688,3712205834,2421061147,0.8270076291057826,63625,0.04269386926221766,0.04269386954938968,0.25527591687619233
160,142,0,1,1291144688,3353088167,2061943480,1.0586423585265656,55815,0.2316347292657089,0.23163472942078112,0.6136103463154802
161,142,0,1,1291144688,3314231657,2023086970,1.0860888051137145,64301,0.027446446134924612,0.027446446587150678,0.19285944794954385
162,142,0,2,434805728,4156969643,3722163916,0.20650555606718513,60288,0.12041675038721682,0.12041675095347001,0.48854696171596734
163,142,0,2,434805728,4093415238,3658609511,0.2313517031726775,64417,0.024846146719949117,0.024846147105493155,0.15646647226784607
164,142,0,2,434805728,3470230149,3035424422,0.5007488935508881,54373,0.2693971902229299,0.2693971903782086,0.95434714574786
165,145,3,0,869611456,4002116101,3132504646,0.4553304967200127,33816,0.9545816029692072,0.9545816031691265,1.8323740292113042
166,145,0,0,869611456,4001064539,3131453084,0.45581488162880035,65514,0.000484384451701118,0.00048438490878474746,0.0056111749720572975
167,145,0,0,869611456,3999822202,3130210747,0.4563873535790357,65510,0.0005724718275307164,0.0005724719502369966,0.00651761019050502
168,145,0,0,869611456,3039590316,2169978861,0.9849661573896142,45432,0.5285788035751386,0.5285788038105769,1.4063380311208553
169,145,0,0,869611456,3038994313,2169382858,0.9853624601795339,65518,0.0003963024539395264,0.00039630278992276843,0.004699172121844633
170,145,0,0,869611456,3037041285,2167429830,0.9866618587025968,65477,0.0012993979706836883,0.0012993985230620097,0.01255742463492634
171,145,0,0,869611456,2252763468,1383152013,1.634687423835203,41822,0.6480255647141507,0.6480255651326053,1.0810604200465495
172,145,0,0,869611456,2240775700,1371164245,1.6472457512244176,64968,0.0125583270638801,0.012558327389214667,0.08493620326376182
173,145,0,0,869611456,2240357253,1370745798,1.6476860949315366,65516,0.0004403427806028656,0.0004403437071195505,0.005158914338864347
174,146,1,0,1739222912,3907994757,2168771846,0.9857688560083133,51845,0.3380827601108304,0.3380827610767776,0.81412770443
175,146,0,0,1739222912,3905016402,2165793491,0.9877514578752447,65446,0.0019826017943566226,0.001982601866929807,0.018544082742989243
176,148,2,1,874164680,2489785287,1615620608,1.410558692489598,6111,3.422807234312956,3.422807234614354,1.3673229121820207
177,148,0,1,874164680,2453669500,1579504821,1.4431748054961098,64071,0.03261611264258346,0.03261611300651,0.16756176322681257
178,148,0,1,874164680,2452729548,1578564869,1.4440335985325063,65497,0.0008587929491977406,0.0008587930363985308,0.009329520269322112
179,151,3,0,1888932192,3604889239,1715957048,1.3236337047222761,17810,1.8796001040110188,1.8796001061897702,2.493746717830479
180,151,0,0,1888932192,3473553170,1584620979,1.4385093385241667,60520,0.11487563289590048,0.11487563380189046,0.6222985546969995
181,151,0,1,1630380736,4116603079,2486222344,0.7886918229772277,51412,0.3501824843794639,0.3501824844530608,0.7693699051262097
182,151,0,1,1630380736,4114706241,2484325506,0.7897929325496129,65486,0.001101109058724726,0.0011011095723832253,0.011009235992462684
183,151,0,1,1630380736,3813680410,2183299675,0.9761369808870413,57595,0.1863440481633002,0.18634404833743026,0.8785164940442222
184,151,0,2,1113277824,3869520427,2756242604,0.6399442666131812,41367,0.6638072856006978,0.6638072857261397,1.6448970558834388
185,154,3,0,344814678,2581990719,2237176042,0.940968360368803,26597,1.3010240938671673,1.3010240937556212,1.5201021571928623
186,154,0,0,344814678,2580864211,2236049534,0.9416949982330749,65503,0.0007266376781842033,0.0007266378642733342,0.007835254386875391
187,154,0,0,344814678,2580250061,2235435384,0.9420913011083769,65518,0.0003963024539395264,0.0003963028753007165,0.004687653452683203
188,154,0,0,344814678,2504764549,2159949872,0.9916493152250858,63323,0.049558014018459655,0.0495580141167086,0.28820162770972535
189,154,0,0,344814678,2493262130,2148447453,0.9993526540884758,65187,0.007703338594360387,0.0077033388633890405,0.06743130429044464
190,154,0,0,344814678,2492114735,2147300058,1.0001233423617357,65501,0.0007706880901105886,0.0007706882732597194,0.008406021601331477
191,155,1,0,689629356,3121855579,2432226224,0.8203697243603898,37116,0.8202463811895793,0.8202463819986553,2.0425524340557684
192,155,0,0,689629356,3121150435,2431521080,0.8207880469809758,65517,0.000418322449221962,0.0004183226205865683,0.00492328406377429
193,155,0,0,689629356,3006096924,2316467569,0.8907206615145107,62435,0.06993261426919607,0.06993261453353625,0.2825559646173767
194,155,0,0,689629356,3000547525,2310918170,0.8941809713771072,65379,0.003460309819433334,0.003460309862595592,0.027036527544541375
195,155,0,0,689629356,2316856234,1627226879,1.400231730658657,46147,0.5060507586207417,0.5060507592815499,1.0555651792742076
196,155,0,0,689629356,2315838224,1626208869,1.4011345780730622,65495,0.0009028473965228007,0.0009028474144049434,0.009016732140557746
197,155,0,0,689629356,2311967243,1622337888,1.4045728217882214,65380,0.0034382433453716316,0.003438243715158618,0.026793463110337156
198,162,7,0,580132608,3498439679,2918307072,0.5575154505772062,921,6.1529426539086645,6.152942628788984,0.875931797224208
199,162,0,0,580132608,3453108309,2872975702,0.5801013545885993,64518,0.02258590351315688,0.022585904011394316,0.1424574040582972
200,162,0,0,580132608,2884790788,2304658181,0.898094355074889,52572,0.3179929999558932,0.317993000486289,1.1268053003985241
201,162,0,0,580132608,2862214027,2282081420,0.912296881059028,64894,0.014202525437248238,0.014202525984138983,0.11039051764044322
202,162,0,0,580132608,2861656878,2281524271,0.9126491446671281,65520,0.0003522634716290214,0.0003522636081004389,0.004227909891679893
203,162,0,0,580132608,2857061522,2276928915,0.9155578943186562,65404,0.002908749196698977,0.0029087496515292416,0.024957397054662763
204,162,0,0,580132608,2724690013,2144557406,1.0019672111346765,61726,0.08640931632664828,0.08640931681601954,0.34117213147022424
205,162,0,0,580132608,2723904652,2143772045,1.002495639020463,65512,0.0005284274673163702,0.0005284278857869866,0.0060593958318253035
206,164,2,0,2112128596,3910599467,1798470872,1.2558763522126455,13745,2.2533807135996846,2.2533807131921813,1.9287887631128349
207,164,0,1,2076773544,3805760035,1728986492,1.3127205482890325,31502,1.0568441950606642,1.056844196076387,1.459450267956039
208,164,0,1,2076773544,3801169525,1724395982,1.3165560399918803,65362,0.0038354915272883166,0.0038354917028474776,0.029016269988092102
209,164,0,1,2076773544,3790749895,1713976352,1.3252999415153006,65140,0.008743900716734303,0.008743901523420737,0.06955537067933032
210,164,0,1,2076773544,3790305290,1713531747,1.3256742247634925,65519,0.0003742827947452993,0.00037428324819374306,0.004463541174757649
211,164,0,2,2006063440,3867165577,1861102138,1.2064899127861572,35590,0.8808156876028522,0.8808156880226642,1.279833283380854
212,164,0,2,2006063440,3325129802,1319066363,1.7031299967673057,46449,0.4966400832736377,0.49664008398114745,1.3239804144434342
213,164,0,2,2006063440,3281111275,1275047836,1.7520957722900903,63349,0.04896577466659228,0.048965775522783875,0.26537158768258534
214,164,0,2,2006063440,3279866111,1273802672,1.753505342655366,65472,0.0014095702546713536,0.0014095703652757968,0.014005751506773854
215,164,0,2,2006063440,3279030333,1272966894,1.7544522463998327,65493,0.0009469031891450585,0.0009469037444670241,0.009722451732061209
216,164,0,2,2006063440,3277728929,1271665490,1.7559279245940544,65469,0.0014756776637093812,0.0014756781942218203,0.014074872889963022
217,168,4,1,2090029520,4265924927,2175895408,0.9810379359265404,14017,2.225110012061403,2.225110011332485,2.1929601188520818
218,168,0,1,2090029520,4264928881,2174899362,0.9816985005938079,65506,0.0006605645820851047,0.0006605646672697341,0.007251238948197275
219,168,0,1,2090029520,4264032850,2174003331,0.9822929951547259,65509,0.0005944945118882062,0.0005944945609179483,0.006785279517712312
220,168,0,1,2090029520,3991718498,1901688979,1.1753658331198977,57327,0.19307283763533986,0.1930728379651722,0.5560159512879572
221,168,0,1,2090029520,3985537776,1895508257,1.1800624049855273,65323,0.004696571349226168,0.004696571865627422,0.040517521323434835
222,168,0,1,2090029520,3984727927,1894698408,1.1806789228998333,65508,0.0006165175324262582,0.0006165179143069946,0.006852762115463791
223,168,0,1,2090029520,3482431629,1392402110,1.6250712406256085,48162,0.44439231701217874,0.44439231772577575,0.8436087418971064
224,170,2,1,845179280,3187719063,2342539784,0.8745735962329633,27564,1.24950235790092,1.2495023556073535,0.9936477315709581
225,170,0,1,845179280,3185610148,2340430869,0.8758729942618118,65477,0.0012993979706836883,0.0012993980288495736,0.0132627949614517
226,170,0,1,845179280,3183895965,2338716686,0.8769300429634583,65488,0.001057048556915173,0.0010570487016457926,0.010779266485226282
227,170,0,1,845179280,3182932443,2337753164,0.877524537732139,65509,0.0005944945118882062,0.0005944947686799219,0.006655728965410172
228,170,0,3,280522652,2593305915,2312783264,0.8930170718265238,16209,2.0154925326514115,2.015492534094387,2.5390181553946776
229,170,0,3,280522652,2581942447,2301419796,0.9001229801972244,65214,0.007105908104400146,0.007105908370698239,0.055349269306525985
230,174,4,0,561045304,2243214049,1682168746,1.3523247098581237,23951,1.4522017279578703,1.452201729660901,2.103116035008173
231,174,0,0,561045304,2242675023,1681629720,1.3527870741475567,65515,0.0004623634480924974,0.0004623642894343748,0.005406062947109679
232,174,0,0,561045304,2181091903,1620046600,1.406611833754468,63136,0.053824759276441314,0.05382475960691022,0.28728404099868216
233,174,0,0,561045304,2180473904,1619428601,1.4071622834712088,65511,0.0005504494793435254,0.0005504497167411979,0.00629350060069026
234,175,1,0,1122090608,4180758701,3058668094,0.489743582144591,61890,0.08258129850499679,0.08258129867338194,0.315818275260933
235,175,0,0,1122090608,3270989762,2148899155,0.9990493654328425,46043,0.5093057829813151,0.5093057832882523,1.4317802901828696
236,177,2,0,193395136,3859403451,3666008316,0.2284370875122761,27951,1.229387721309348,1.2293877220794323,1.8422325804146777
237,177,0,0,193395136,3834175030,3640779895,0.23839962137808968,65085,0.009962533574739075,0.00996253386581506,0.07211301937767871
238,177,0,0,193395136,3833119506,3639724371,0.2388179438446052,65517,0.000418322449221962,0.00041832246651378577,0.004934802732935719
239,177,0,0,193395136,3692331217,3498936082,0.2957308361155704,63001,0.05691289209845602,0.056912892270964445,0.24837070307563636
240,177,0,0,193395136,3508671241,3315276106,0.3735181187620995,62096,0.07778728221455188,0.07778728264653058,0.3695438171026971
241,177,0,0,193395136,3465419271,3272024136,0.3924637556927948,64681,0.018945636693267206,0.018945636930693944,0.1124365008642025
242,179,2,0,1747123300,3429467739,1682344440,1.3521740355413776,8424,2.959710278974283,2.9597102798485824,2.9190300675712293
243,179,0,0,1747123300,3407365404,1660242105,1.3712535079267987,64675,0.019079471540534305,0.019079472385421976,0.10399904287204209
244,179,0,0,1747123300,3406833405,1659710106,1.3717158714048523,65515,0.0004623634480924974,0.0004623634780550973,0.00538302560878682
245,179,0,0,1747123300,3405871048,1658747749,1.3725526382230875,65498,0.000836766229995985,0.0008367668182342222,0.0091573406992984
246,180,1,2,183232640,3578481943,3395249304,0.33912963444819155,16768,1.9665769984625496,1.9665769962251025,0.8630971521014484
247,180,0,2,183232640,3577083143,3393850504,0.3397241291260791,65509,0.0005944945118882062,0.0005944946778875217,0.006667247634571601
248,180,0,2,183232640,2186109868,2002877229,1.1005731554878189,38676,0.7608490262192987,0.760849026361743,1.944747186116762
249,180,0,2,183232640,2156679161,1973446522,1.1219297215335473,64573,0.021356565572477986,0.02135656604572856,0.11361453964407414
250,183,3,0,366465280,3896602647,3530137368,0.2829228219290556,58616,0.16099309966056247,0.16099310039550724,0.7329843871912505
251,183,0,0,366465280,3895094409,3528629130,0.2835393397064365,65508,0.0006165175324262582,0.0006165177773795327,0.006990389526484511
252,183,0,0,366465280,3894179084,3527713805,0.2839136227756889,65519,0.0003742827947452993,0.00037428306925341447,0.004463541174757649
253,185,2,2,78803664,2937319807,2858516144,0.58738070783129,3319,4.3034670859217,4.303467085055601,1.9039964695946796
254,185,0,2,78803664,2167863579,2089059916,1.0397932753050014,47895,0.45241256682138786,0.45241256747371056,0.8513263893756481
255,188,3,0,157607328,4151098327,3993491000,0.10499668368048631,62640,0.06520340782159699,0.06520340837548437,0.30063172752616185
256,189,1,0,315214656,4079952523,3764737868,0.19009772990857599,30891,1.0851010459664097,1.0851010462280906,1.994986340893737
257,189,0,0,315214656,3704662110,3389447455,0.3415970404702726,59003,0.15149931046606602,0.1514993105616955,0.6040067827195439
258,189,0,0,315214656,3703420857,3388206202,0.3421254680525081,65512,0.0005284274673163702,0.0005284275822384558,0.0059961983609684265
259,190,1,2,2020430208,3262469175,1242038968,1.7899367083181197,3003,4.44781124044285,4.447811240265612,2.1952132819950627
260,190,0,3,1893376768,4237247727,2343870960,0.8737540005251567,61837,0.08381729132538279,0.08381729220703438,0.37754022974975054
261,190,0,3,1893376768,4212820482,2319443715,0.8888683086967006,64853,0.01511430757703238,0.015114308171546994,0.08664534017889708
262,190,0,3,1893376768,3946461024,2053084257,1.064854310256596,58010,0.17598600112673388,0.17598600155989322,0.8260966914544745
263,190,0,4,1639269888,3673996181,2034726294,1.0778124059921872,32475,1.0129580947773942,1.012958095735593,1.8633192020445346
264,190,0,4,1639269888,3659776444,2020506557,1.0879301126136056,65078,0.010117706170575964,0.010117706621418516,0.06503889265322343
265,190,0,4,1639269888,3656539243,2017269356,1.0902434132673982,65431,0.0023133004764488018,0.0023133006537904813,0.022611011287393765
266,190,0,4,1639269888,3654969407,2015699520,1.0913665534632315,65485,0.001123139814249491,0.0011231401958349202,0.011837836890554912
267,190,0,4,1639269888,3636976483,1997706596,1.104302436546483,64951,0.012935882553609682,0.012935883083252227,0.09299678070099053
268,190,0,4,1639269888,3601464273,1962194386,1.1301791759006292,64371,0.025876739239485344,0.025876739354143058,0.13154281920813793
269,190,0,4,1639269888,3463138191,1823868304,1.235645585384713,60916,0.10546640892124531,0.10546640948408555,0.3903041443817623
270,190,0,4,1639269888,3461969330,1822699443,1.2365704605785588,65494,0.0009248751246666447,0.0009248751938470107,0.00975729913232656
271,190,0,4,1639269888,3461413086,1822143199,1.237010803575707,65516,0.0004403427806028656,0.0004403429971473831,0.005170433008025777
272,190,0,4,1639269888,3459272201,1820002314,1.2387068613072394,65459,0.0016960575738423276,0.0016960577315309516,0.016227836123737537
273,190,0,4,1639269888,3458661238,1819391351,1.2391912460040757,65514,0.000484384451701118,0.00048438469683752765,0.005599656302895868
274,190,0,4,1639269888,3458106003,1818836116,1.2396315894375256,65516,0.0004403427806028656,0.0004403434334507563,0.005139915429900777
275,195,5,2,1189939224,4034534967,2844595744,0.5944235056316636,12812,2.3547919172253162,2.3547919161941357,0.7212342638579655
276,195,0,2,1189939224,3676399598,2486460375,0.7885537059233378,57285,0.19413019976896737,0.19413020029167577,0.5882805170182778
277,195,0,2,1189939224,3675526969,2485587746,0.7890601119407883,65513,0.0005064057914389884,0.000506406017449732,0.005865803148077072
278,195,0,2,1189939224,3291667203,2101727980,1.0310711880838603,55415,0.24201107564753932,0.24201107614307066,0.9256254537426372
279,199,4,1,512743408,3198398743,2685655336,0.6773729778638788,10468,2.646301790951965,2.6463017897800194,1.9760095699952598
280,199,0,1,512743408,3194423697,2681680290,0.6795098966629212,65439,0.0021369184126987005,0.002136918799044771,0.019838511404657293
281,201,2,0,1025486816,4029855867,3004369052,0.5155851038714445,36711,0.8360752067651646,0.8360752072085222,2.031333879051721
282,201,0,0,1025486816,3598427077,2572940262,0.7392291847511387,56125,0.22364408059676602,0.22364408087969206,0.6930171102116173
283,201,0,0,1025486816,3034340076,2008853261,1.0962749614145793,51168,0.35704577651966796,0.3570457766634419,0.8051598568101943
284,201,0,0,1025486816,2809839934,1784353119,1.2672459967767828,58212,0.17097103508402597,0.17097103536220337,0.7445486942173206
285,201,0,0,1025486816,2800501049,1775014234,1.2748165522477564,65193,0.0075705548813454395,0.007570555470975132,0.0503275380174119
286,201,0,0,1025486816,2797494661,1772007846,1.2772621542200007,65425,0.002445601177240512,0.002445601972242511,0.020665361604430027
287,201,0,0,1025486816,2795385642,1769898827,1.2789802523478997,65458,0.0017180974165047324,0.0017180981279013771,0.015977733854553804
288,201,0,0,1025486816,2794737485,1769250670,1.2795086803789104,65512,0.0005284274673163702,0.0005284280310082454,0.006017359584538874
289,201,0,0,1025486816,2794170555,1768683740,1.2799710445788897,65515,0.0004623634480924974,0.00046236419998061827,0.005406062947109679
290,205,4,0,1057514624,4125507279,3067992656,0.4853521166165251,7105,3.205381065869857,3.2053810720376337,2.8366513979857015
291,205,0,0,1057514624,4118391573,3060876950,0.48870209761830097,65384,0.003349980824106516,0.0033499810017773167,0.02888215994365024
292,205,0,0,1057514624,2627232234,1569717611,1.4521421014529068,33609,0.9634400030204526,0.963440003834604,2.046562028469504
293,206,1,0,2115029248,3987116777,1872087530,1.1979992558868808,39080,0.7458571531442524,0.7458571544339739,1.3771126769991167
294,206,0,0,2115029248,3828862307,1713833060,1.3254205588735424,59996,0.1274213026049185,0.12742130298666482,0.4216449519051113
295,206,0,1,2082574848,3573287427,1490712580,1.526645023456588,28502,1.2012244629680922,1.2012244645830426,2.400897297008076
296,206,0,1,2082574848,3572445807,1489870960,1.5274597639369567,65499,0.0008147398470877202,0.0008147404803712175,0.008378997487885202
297,206,0,1,2082574848,3571263658,1488688811,1.5286049352415887,65484,0.001145170906201281,0.0011451713046318967,0.011852576631729018
298,206,0,1,2082574848,3570377750,1487802903,1.529463728236049,65497,0.0008587929491977406,0.0008587929944591398,0.009280536831303355
299,206,0,1,2082574848,3569969112,1487394265,1.529860031396165,65518,0.0003963024539395264,0.0003963031601177512,0.004699172121844633
300,212,6,1,822155136,2482400895,1660245760,1.3712503318571443,1143,5.8413903117855215,5.841390300460977,1.8492179468512033
301,212,0,1,822155136,2426870214,1604715079,1.4203299798832347,63344,0.04907964796990327,0.04907964802609291,0.2898987098476421
302,212,0,1,822155136,2318029904,1495874769,1.5216577446552257,61091,0.10132776433042692,0.10132776477199029,0.4741033374755828
303,218,6,0,538355616,4283885791,3745530176,0.1974772008546033,5128,3.675819453381259,3.6758194561993762,1.5666339737957262
304,218,0,0,538355616,3390938960,2852583345,0.5903781071206069,49912,0.39290090590644783,0.39290090626600477,1.4298870750229289
305,219,1,0,1076711232,4094000621,3017289390,0.5093940731632536,34660,0.919015965952468,0.9190159660426451,1.9287324556483691
306,219,0,0,1076711232,4092435254,3015724023,0.5101427362621571,65502,0.0007486627160211863,0.0007486630989032376,0.0083300703391427
307,219,0,0,1076711232,4091146797,3014435566,0.5107592541254569,65508,0.0006165175324262582,0.0006165178633009078,0.006958348122216477
308,223,4,0,1231794208,3234303775,2002509568,1.1008380101596913,2721,4.590078758750321,4.590078756034235,1.922819764297081
309,223,0,0,1231794208,3233753769,2001959562,1.1012343128444613,65518,0.0003963024539395264,0.00039630268476992285,0.004699172121844633
310,223,0,0,1231794208,3230240808,1998446601,1.1037681219177387,65421,0.00253380838518502,0.002533809073275811,0.02116152482464265
311,223,0,1,316104768,4144915729,3828810962,0.16575071353983972,62780,0.061982591530522484,0.0619825916221006,0.3204131931697448
312,225,2,0,863273508,3828592251,2965318744,0.5344599566986403,25378,1.3687092433036556,1.3687092431588033,1.109667317182718
313,225,0,0,863273508,3198615858,2335342351,0.879013087776535,51613,0.34455313089939776,0.34455313107789537,0.7652141119495517
314,225,0,0,863273508,3190277385,2327003878,0.8841735309874075,65302,0.005160442677374364,0.005160443210869448,0.04278870662966833
315,225,0,0,863273508,3037205581,2173932074,0.9823402829412089,61225,0.09816675166129717,0.09816675195380403,0.442488374984446
316,225,0,0,863273508,2610320634,1747047127,1.2977286202020188,52667,0.3153883369295902,0.3153883372608086,0.784079794248081
317,225,0,0,863273508,2268593993,1405320486,1.611747968708162,52717,0.3140193481370382,0.314019348506143,0.7616478237830648
318,225,0,0,863273508,2264841382,1401567875,1.6156055332489245,65361,0.0038575640782688957,0.0038575645407636708,0.03575581759182824
319,225,0,0,863273508,2261141564,1397868057,1.6194189530365222,65363,0.0038134193140021496,0.0038134197875950016,0.033221434970696684
320,225,0,0,863273508,2258709969,1395436462,1.6219307099253264,65422,0.0025117560775962753,0.0025117568888066892,0.02444287307825773
321,225,0,0,863273508,2258007310,1394733803,1.6226573485028233,65503,0.0007266376781842033,0.0007266385774964166,0.008014410703392021
322,226,1,1,1305610384,3474155847,2168545464,0.9859194560985074,25474,1.3632621069684911,1.3632621075956852,2.55545730454107
323,226,0,1,1305610384,3468596831,2162986448,0.9896225197635218,65368,0.0037030633126258566,0.003703063665011387,0.02934837128893697
324,226,0,1,1305610384,3467177635,2161567252,0.9905694230727562,65493,0.0009469031891450585,0.0009469033092368644,0.010038662747189935
325,232,6,0,267712992,2482052863,2214339872,0.9557704722152813,2098,4.965201037422732,4.965201049142525,1.2959919020975708
326,232,0,0,267712992,2479248446,2211535455,0.9575987745243353,65453,0.001828301680591821,0.0018283023090519257,0.01683619126062922
327,233,1,0,535425984,2151355957,1615929974,1.4102824654685087,23943,1.45268369064357,1.4526836909441747,2.5367538862221872
328,234,1,0,1070851968,2405789233,1334937266,1.6858752004734043,27070,1.275592732897674,1.2755927350048957,1.7130465243938948
329,235,1,0,2141703936,4214914305,2073210370,1.050780630937819,50890,0.36490542913543916,0.3649054304644142,0.7699384042657391
330,235,0,0,2141703936,4188277904,2046573969,1.0694363351912202,64694,0.01865570377586154,0.01865570425340294,0.114111673135501
331,235,0,0,2141703936,3623858685,1482154750,1.5349510604468009,47462,0.46551472494845714,0.4655147252555782,0.8552329255072799
332,235,0,0,2141703936,3623474214,1481770279,1.5353253441434163,65519,0.0003742827947452993,0.00037428369661823136,0.004463541174757649
333,240,5,0,854856640,3599893951,2745037312,0.6458213867754239,3794,4.110496036588525,4.110496042632007,1.0105574263745691
334,240,0,0,854856640,3585736501,2730879862,0.6532812981533809,65198,0.007459911122067875,0.00745991137795816,0.05260939538994568
335,240,0,0,854856640,3518481250,2663624611,0.6892563706650812,63922,0.035975072245016414,0.0359750725116984,0.22245544139994775
336,240,0,0,854856640,3053720699,2198864060,0.9658887305548625,54101,0.27663235945377507,0.27663235988978296,0.9438599588531106
337,240,0,0,854856640,3053150314,2198293675,0.966263013973883,65519,0.0003742827947452993,0.00037428341901992997,0.004463541174757649
338,240,0,0,854856640,3022458194,2167601555,0.9865475588122301,64621,0.020284544191469397,0.020284544838344635,0.11686509562954998
339,240,0,0,854856640,2753260973,1898404334,1.1778598467360908,57397,0.1913122876999338,0.1913122879238629,0.812780037356086
340,240,0,0,854856640,2650687582,1795830943,1.2579956028251367,61995,0.08013575601694128,0.08013575608904448,0.46200743460913507
341,242,2,1,15127480,2723999911,2708872432,0.6649546912166748,12357,2.406959088410587,2.406959088391538,3.089578412710602
342,242,0,1,15127480,2652905236,2637777757,0.7033241289529784,63816,0.03836943742117616,0.03836943773630523,0.22463165904036672
343,242,0,1,15127480,2652261247,2637133768,0.703676392583148,65520,0.0003522634716290214,0.0003522636301668635,0.004227909891679893
344,242,0,1,15127480,2651295499,2636168020,0.704204820472139,65512,0.0005284274673163702,0.0005284278889920673,0.005960362857648164
345,242,0,1,15127480,2433116553,2417989074,0.8288394204182765,60112,0.12463459935822903,0.1246345999461398,0.4732897392086542
346,242,0,1,15127480,2430386279,2415258800,0.8304693608979434,65462,0.0016299400659799616,0.0016299404796669918,0.015034693782517162
347,242,0,1,15127480,2357894609,2342767130,0.8744335879248446,63569,0.04396422678710006,0.04396422702689834,0.2318681453658611
348,242,0,1,15127480,2357179653,2342052174,0.8748739308353066,65516,0.0004403427806028656,0.0004403429104643985,0.005158914338864347
349,242,0,1,15127480,2356321967,2341194488,0.8754023588434734,65512,0.0005284274673163702,0.0005284280081653754,0.006070914500986733
350,242,0,1,15127480,2289518474,2274390995,0.9171668539391966,63666,0.041764494856768815,0.04176449509572343,0.19315841635363926
351,242,0,1,15127480,2287748546,2272621067,0.918289994341059,65485,0.001123139814249491,0.0011231404018626542,0.011618547026278504
352,242,0,1,15127480,2286534835,2271407356,0.9190606826904322,65501,0.0007706880901105886,0.0007706883493730985,0.00833346777592005
353,242,0,1,15127480,2285356431,2270228952,0.9198093457404077,65502,0.0007486627160211863,0.0007486630499762674,0.008194957531338237
354,242,0,1,15127480,2283797588,2268670109,0.9208003063781405,65491,0.0009909603271466795,0.000990960637732568,0.010454565076039257
355,242,0,1,15127480,2282793690,2267666211,0.9214388475213156,65507,0.0006385408891551363,0.0006385411431760918,0.007015612033399586
356,242,0,1,15127480,2281997847,2266870368,0.9219452537399953,65513,0.0005064057914389884,0.0005064062186783998,0.005822243074647608
357,245,3,1,1166235904,3259604351,2093368448,1.0368208873008413,7565,3.1148756328959006,3.1148756335608456,2.294253701851351
358,245,0,1,1166235904,3258997447,2092761544,1.0372392103815393,65517,0.000418322449221962,0.0004183230806991737,0.004904285154810719
359,248,3,0,369976320,4227739023,3857762704,0.15488274194535379,30202,1.1176435313457833,1.1176435315638118,2.3728429060504506
360,248,0,0,369976320,3227390826,2857414507,0.5879368119387323,48542,0.4330540696327059,0.4330540699933806,1.2997459314986002
361,249,1,0,739952640,3822346681,3082394042,0.47859584350516826,35348,0.8906590312067771,0.890659031566437,1.5678105603120693
362,249,0,0,739952640,3814586136,3074633497,0.4822326976995903,65371,0.0036368537634717934,0.0036368541944205917,0.02774094210472766
363,251,2,0,685434340,2224064711,1538630372,1.4810004540035742,8199,2.998767754755637,2.9987677563039825,1.340020773441433
364,251,0,0,685434340,2182251040,1496816701,1.5207495851046993,63755,0.03974913036395142,0.039749131101128266,0.20504591546031972
365,251,0,0,685434340,2175444836,1490010497,1.5273246516239531,65238,0.006575066394468783,0.006575066519252094,0.046286381145375595
366,251,0,0,685434340,2174740027,1489305688,1.5280072407852927,65505,0.0006825886112264284,0.0006825891613397478,0.007655234023586019
367,252,1,1,594253712,3637494987,3043241276,0.49703842705124757,33479,0.9690311844555718,0.969031186265955,1.2159146161940808
368,252,0,1,594253712,3432850756,2838597045,0.5974690811855297,61129,0.10043065398317925,0.10043065413428083,0.38746850617746276
369,254,2,1,631143812,2806870235,2175726424,0.9811499826016963,12558,2.3836809030231345,2.3836809014161697,0.8600070880490398
370,254,0,1,631143812,2723706863,2092563052,1.0373760520614148,63031,0.056226068878256256,0.056226069459718045,0.2811998888444292
371,254,0,1,631143812,2155832200,1524688389,1.494132726670049,47751,0.45675667410982196,0.45675667460863345,1.0184141454005455
372,256,2,0,1262287624,4146064853,2883777230,0.5746874244265072,61977,0.08055469756694426,0.08055469775645761,0.3715821074315847
373,256,0,1,377091600,3335497829,2958406230,0.5378269780368186,33616,0.963139553326954,0.9631395536103109,2.2120529278966825
374,256,0,1,377091600,3315229207,2938137608,0.5477451797553137,65087,0.009918201612688788,0.009918201718496819,0.07431378245640238
375,261,5,1,1066548896,3607291935,2540743040,0.7573966713164282,1771,5.209651503248086,5.209651491561113,2.241093887947133
376,261,0,1,1066548896,2634508665,1567959770,1.4537586021002014,40444,0.6963619304602966,0.6963619307837727,1.726034714634047
377,261,0,1,1066548896,2633982311,1567433416,1.4542429868440827,65514,0.000484384451701118,0.00048438474388234426,0.005586613807591404
378,261,0,1,1066548896,2633336548,1566787653,1.454837481661368,65509,0.0005944945118882062,0.0005944948172847146,0.006655728965410172
379,261,0,3,876130812,3506314383,2630183572,0.7074836509936091,27504,1.252646170521939,1.2526461693322402,1.5882777350094666
380,261,0,3,876130812,3504829446,2628698635,0.7082983911678653,65499,0.0008147398470877202,0.0008147401742588296,0.008592573386245413
381,261,0,3,876130812,3031402169,2155271358,0.9947776237086785,53733,0.28647923216732124,0.2864792325408138,1.086590729625395
382,261,0,3,876130812,3020615288,2144484477,1.0020162730508417,65208,0.007238649056868908,0.00723864934216216,0.049229224237257556
383,267,6,0,634059728,3853665999,3219606272,0.4157628751160871,12299,2.4137466019340197,2.4137466020652436,1.634321742128087
384,267,0,0,634059728,2720348477,2086288750,1.0417083000622185,42467,0.6259454245976754,0.6259454249461331,1.3230304075780324
385,267,0,0,634059728,2719648123,2085588396,1.0421926850125907,65514,0.000484384451701118,0.0004843849503705343,0.005630173881020868
386,267,0,0,634059728,2564412829,1930353102,1.1537823752510405,60658,0.11158968987470859,0.11158969023845108,0.4826706947769295
387,267,0,0,634059728,2479170490,1845110763,1.2189397213625597,62642,0.06515734549688916,0.06515734611151996,0.3668114532800094
388,267,0,0,634059728,2475989070,1841929343,1.2214294257672478,65423,0.002489704107082812,0.0024897044046865323,0.020427667678928202
389,267,0,0,634059728,2440266838,1806207111,1.2496838152763985,64265,0.02825438949210155,0.028254389509152354,0.1447711470067852
390,268,1,0,1268119456,3712352911,2444233456,0.8132650581859444,44343,0.5635812422455038,0.5635812429095467,0.9698301482194362
391,268,0,0,1268119456,3380455426,2112335971,1.0238078297136681,56637,0.2105427709856362,0.21054277152772258,0.6246325673796266
392,268,0,0,1268119456,3379456243,2111336788,1.0244904187626709,65505,0.0006825886112264284,0.0006825890490023463,0.007578994057424677
393,268,0,0,1268119456,3378811914,2110692459,1.0249307616432333,65516,0.0004403427806028656,0.0004403428805605761,0.005170433008025777
394,270,2,0,766151320,2582346527,1816195208,1.2417278715356943,14098,2.2167971099356114,2.216797109892461,1.9215809914990303
395,270,0,0,766151320,2560481017,1794329698,1.2592021442919226,64747,0.017474272213371177,0.01747427275622889,0.11074995619965956
396,279,9,0,221634048,3193492991,2971858944,0.5312815044377288,212,8.272079545436801,8.272079360145806,0.9860573641359691
397,279,0,0,221634048,3192404663,2970770616,0.5318099322692653,65512,0.0005284274673163702,0.0005284278315388758,0.005960362857648164
398,279,0,0,221634048,3191271403,2969637356,0.5323603822079157,65511,0.0005504494793435254,0.0005504499386500008,0.0062529881795468645
399,279,0,0,221634048,2932760338,2711126291,0.6637548269525766,59831,0.1313944444210047,0.13139444474465953,0.5223047849328464
400,279,0,0,221634048,2772995174,2551361127,0.7513800294102246,61674,0.08762520200844306,0.08762520245764689,0.44651522373902264
401,284,5,0,1544135584,3497521439,1953385856,1.1366701903610839,1568,5.385290155884792,5.38529016095086,0.849696982654713
402,284,0,1,940787520,4170300419,3229512900,0.4113305630598134,54175,0.27466037213160177,0.27466037269872956,1.0482140829644238
403,284,0,1,940787520,3897790556,2957003037,0.5385114208299058,60006,0.12718085743829988,0.1271808577700919,0.6038474072386962
404,286,2,1,137591256,3734760903,3597169648,0.25578494524025075,19931,1.717273523979147,1.7172735244103445,1.4633866429263787
405,288,2,0,275182512,2980524575,2705342064,0.666836125774438,24644,1.411051179685319,1.4110511805341865,1.9826431498198849
406,288,0,1,1603421244,3434282621,1830861378,1.2301245830831675,22176,1.5632884578627864,1.563288457308733,1.4259622294848318
407,290,2,2,1996048160,3784445711,1788397552,1.2639796698135903,8002,3.0338550866543983,3.0338550867304197,1.3703484084924926
408,296,6,0,535478672,2531707567,1996228896,1.1053699903732657,4572,3.841390311785522,3.8413903205596758,1.6426069345303493
409,296,0,0,535478672,2515198227,1979719556,1.1173510711754489,64994,0.011981080306158,0.011981080802183077,0.07405684128239474
410,296,0,2,1494831744,3315052407,1820220664,1.2385337881386675,15064,2.1211827153857716,2.1211827169632187,1.0353731230981469
411,296,0,2,1494831744,3314330273,1819498530,1.23910626040853,65510,0.0005724718275307164,0.0005724722698634703,0.006455936545791177
412,296,0,2,1494831744,3313414082,1818582339,1.2398328985937397,65503,0.0007266376781842033,0.0007266381852105325,0.008040889852157732
413,296,0,2,1494831744,3300233133,1805401390,1.2503275227601982,65061,0.010494623402683418,0.010494624166458725,0.07153562815670747
414,300,4,1,299188144,4040018615,3740830472,0.1992885591003315,16974,1.948961037882591,1.9489610363401324,2.034050571529754
415,300,0,1,299188144,3873914234,3574726091,0.26481444462485726,62626,0.06552588528007,0.06552588552452482,0.2779101695468579
416,302,2,2,538962888,3853613695,3314650808,0.37379025278048417,7596,3.1089758098505027,3.1089758081556282,2.1186627418416966
417,302,0,2,538962888,3625306600,3086343713,0.4767484083345366,61022,0.10295815533573757,0.1029581555540535,0.4480486358672798
418,302,0,2,538962888,3619702429,3080739542,0.4793704296698067,65417,0.0026220209864989156,0.0026220213352692316,0.021938680068455747
419,302,0,2,538962888,3618668245,3079705358,0.47985481421228826,65514,0.000484384451701118,0.0004843845424809811,0.005630173881020868
420,302,0,3,1714752162,4129700561,2414948400,0.830654782567354,25695,1.3507999683074825,1.3507999683550662,1.7356532943072227
421,302,0,3,1714752162,4127858101,2413105940,0.8317558919778456,65486,0.001101109058724726,0.0011011094104917988,0.011145709516289643
422,302,0,3,1714752162,4079917061,2365164900,0.8607063738153222,64234,0.028950481245892574,0.028950481837477445,0.16159480370634202
423,302,0,3,1714752162,3590506642,1875754481,1.1951761413076163,51975,0.3344697673669054,0.33446976749229246,1.095376715829038
424,306,4,1,704503728,3622318591,2917814864,0.5577587991741524,25486,1.3625826587420131,1.3625826578665365,0.9689996034217021
425,306,0,1,704503728,3519249416,2814745689,0.6096425646646679,63221,0.051883765157033614,0.05188376549051575,0.23364218865517797
426,306,0,1,704503728,3452892267,2748388540,0.6440611734781108,63991,0.034418608594304435,0.034418608813442,0.2180834770534609
427,308,2,0,215203424,2426126333,2210922910,0.9579984235731374,26360,1.3139372501045858,1.3139372500950273,1.1938746802375455
428,308,0,0,215203424,2422280428,2207077005,0.9605101798336619,65422,0.0025117560775962753,0.002511756260522761,0.02255650480456233
429,308,0,0,215203424,2252782464,2037579041,1.0757911211009663,60503,0.11528094123987516,0.11528094126730616,0.49990753251403497
430,308,0,0,215203424,2250357366,2035153943,1.0775092191375961,65458,0.0017180974165047324,0.0017180980366297957,0.015859458475437887
431,308,0,0,215203424,2249829448,2034626025,1.0778835021164568,65519,0.0003742827947452993,0.00037428297886194596,0.004463541174757649
432,308,0,0,215203424,2249115391,2033911968,1.078389908351408,65513,0.0005064057914389884,0.0005064062349482265,0.005781730653504212
433,308,0,0,215203424,2248246410,2033042987,1.0790064259240246,65508,0.0006165175324262582,0.0006165175726198449,0.006971390617520941
434,309,1,0,430406848,3872086551,3441679704,0.3195343051585944,55472,0.2405278787971666,0.2405278792345664,0.6250827613559602
435,309,0,0,430406848,3857434624,3427027777,0.3256892606702948,65257,0.006154955187593595,0.006154955511701631,0.05024839539025971
436,309,0,0,430406848,3856179608,3425772761,0.3262176885355572,65512,0.0005284274673163702,0.0005284278652613629,0.0060899134099503035
437,314,5,1,193034496,3481642495,3288608000,0.38517009593117635,983,6.058952393659419,6.05895240739562,2.5278272355011335
438,314,0,1,193034496,3479484747,3286450252,0.3861169993140905,65493,0.0009469031891450585,0.0009469033829148436,0.010198820154742997
439,314,0,1,193034496,3326736219,3133701724,0.4547792801104116,62490,0.06866228035083467,0.06866228079632236,0.33835609702676817
440,314,0,1,193034496,2545701612,2352667117,0.8683499404652579,49202,0.4135706599381243,0.41357066035484524,1.1678696738645156
441,316,2,0,386068992,3904802595,3518733604,0.28759085123166983,49009,0.41924091075163583,0.41924091076641284,0.8693438864565034
442,316,0,0,386068992,3903460304,3517391313,0.28814130097935475,65511,0.0005504494793435254,0.0005504497476852885,0.006116351545599367
443,316,0,0,386068992,3844422058,3458353067,0.3125619832197337,64436,0.024420681950396886,0.024420682240378702,0.16722975312440874
444,317,1,0,68293778,3385855737,3317561960,0.37252373586665044,31434,1.0599617526097842,1.0599617526469167,1.0131734779271027
445,317,0,0,68293778,3384843297,3316549520,0.37296407883735583,65516,0.0004403427806028656,0.0004403429707023948,0.005115354265434883
446,317,0,0,68293778,3329378540,3261084763,0.3972952055190575,64440,0.024331126406068864,0.024331126681703088,0.12819696891872004
447,317,0,0,68293778,3098739992,3030446215,0.5031169084966933,60901,0.10582170293969442,0.10582170297763532,0.38189389624880604
448,317,0,0,68293778,3096566667,3028272890,0.5041519277078095,65489,0.0010350188106098368,0.0010350192111184386,0.01029085573682024
449,317,0,0,68293778,3095734927,3027441150,0.5045482301662574,65518,0.0003963024539395264,0.00039630245844782556,0.004699172121844633
450,317,0,2,206015580,2744527943,2538512364,0.7586638591831374,13738,2.254115630857961,2.2541156290168773,1.7741197468598453
451,317,0,2,206015580,2615347969,2409332390,0.8340137053951047,62201,0.07534984582708777,0.07534984621196969,0.32778067759778723
452,317,0,2,206015580,2614649462,2408633883,0.8344320282038957,65517,0.000418322449221962,0.0004183228087892617,0.004904285154810719
453,317,0,3,579682178,2607042137,2027359960,1.0830448823683092,27581,1.248612855082095,1.2486128541644126,1.3925002751495226
454,317,0,3,579682178,2605247903,2025565726,1.0843222473454368,65478,0.0012773645234549914,0.0012773649771274113,0.011845548855813534
455,321,4,0,1159364356,3865888089,2706523734,0.6662061066499092,43784,0.5818838587925118,0.581883859304473,1.2272559521920652
456,323,2,0,342490128,3416072923,3073582796,0.4827257971823258,18606,1.8165196886662214,1.8165196905324181,2.9048875267169554
457,323,0,1,1239075332,3414539375,2175464044,0.9813239737556465,23193,1.4985981766980678,1.4985981765733194,1.9658779540651905
458,323,0,1,1239075332,3413875476,2174800145,0.9817643165765766,65516,0.0004403427806028656,0.00044034282092981445,0.005158914338864347
459,323,0,2,330667016,4284306071,3953639056,0.11946597850959506,59570,0.1377016613690709,0.137701661933018,0.5345054695044755
460,323,0,2,330667016,4234897648,3904230633,0.13760886686871032,64717,0.018142888230199685,0.01814288835911701,0.0995758146216954
461,326,3,0,562389996,3463993041,2901603046,0.5657969811020109,24353,1.4281881143225057,1.4281881142333004,1.4405225863655116
462,326,0,0,562389996,3169608906,2607218911,0.7201354244540461,58887,0.1543384431957809,0.15433844335203448,0.48155685251644426
463,326,0,0,562389996,3165312341,2602922346,0.7225148741149034,65428,0.002379449310284077,0.0023794496608574526,0.020094060972619048
464,326,0,0,562389996,3164478274,2602088279,0.7229772379491628,65515,0.0004623634480924974,0.000462363834259565,0.00538302560878682
465,326,0,0,562389996,3146372923,2583982928,0.7330506076270638,65080,0.010073369440109838,0.010073369677901133,0.07113155597818951
466,326,0,0,562389996,3135648384,2573258389,0.7390508161039158,65264,0.006000208207476905,0.006000208476851291,0.042621959142291124
467,326,0,0,562389996,2917336057,2354946062,0.8669531294777038,59976,0.12790231319214002,0.12790231337378818,0.4778900438423057
468,326,0,0,562389996,2152093574,1589703579,1.4338893647646387,44240,0.5669362348779307,0.566936235286937,0.9196373995252612
469,327,1,0,1124779992,4291379477,3166599486,0.43971274031533625,65272,0.0058233748382674685,0.005823375550694883,0.04081317847344015
470,327,0,0,1124779992,4286644266,3161864275,0.44187170557457023,65438,0.0021589649914087418,0.002158965259233684,0.01969583736323861
471,327,0,0,1124779992,4285727587,3160947596,0.4422900283979061,65517,0.000418322449221962,0.00041832282333703564,0.00492328406377429
472,327,0,0,1124779992,4284666477,3159886486,0.44277441325261435,65514,0.000484384451701118,0.0004843848547070098,0.0056111749720572975
473,327,0,0,1124779992,4271551713,3146771722,0.448774621805061,65264,0.006000208207476905,0.00600020855244749,0.04207072639383096
474,327,0,0,1124779992,4258683444,3133903453,0.4546864110097637,65268,0.005911788813529641,0.005911789204704236,0.04189960062910336
475,327,0,0,1124779992,4257535774,3132755783,0.45521483860530765,65512,0.0005284274673163702,0.000528427595544436,0.006017359584538874
476,327,0,0,1124779992,4256770941,3131990950,0.4555671020977421,65520,0.0003522634716290214,0.000352263492433949,0.004227909891679893
477,327,0,0,1124779992,4256006294,3131226303,0.45591936592505533,65520,0.0003522634716290214,0.00035226382731109573,0.004227909891679893
478,327,0,0,1124779992,4253712915,3128932924,0.45697641464800753,65488,0.001057048556915173,0.001057048722954255,0.010879684394633427
479,327,0,0,1124779992,4252041884,3127261893,0.4577471029864384,65501,0.0007706880901105886,0.0007706883384294745,0.008349557923510581
480,327,0,0,1124779992,4251087519,3126307528,0.45818744595561256,65516,0.0004403427806028656,0.000440342969173253,0.005139915429900777
481,327,0,0,1124779992,4242787080,3118007089,0.4620229379095626,65362,0.0038354915272883166,0.0038354919539508405,0.03502300871265363
482,327,0,0,1124779992,4241692808,3116912817,0.46252934403114665,65513,0.0005064057914389884,0.0005064061215843455,0.005810724405486178
483,328,1,0,816201732,3538839535,2722637804,0.6576420744393978,28623,1.1951127304160303,1.195112730408252,1.497187021440256
484,332,4,1,1085936480,3332644415,2246707936,0.9348345545047465,1690,5.277192468830453,5.277192480065349,2.1485900025958222
485,332,0,1,1085936480,3258835177,2172898698,0.9830262293407159,63383,0.04819167447773603,0.04819167483597044,0.24063034529057817
486,332,0,1,1085936480,3258205216,2172268737,0.9834445522848227,65517,0.000418322449221962,0.00041832294410582997,0.004934802732935719
487,332,0,1,1085936480,3223037107,2137100628,1.0069923053540428,64475,0.023547752436061227,0.02354775306921854,0.12263932841367611
488,335,3,1,560612440,3696870215,3136257776,0.4536030033740346,12022,2.4466106952783813,2.446610698019995,1.7318765110647705
489,335,0,1,560612440,3694142451,3133530012,0.45485833512588414,65479,0.0012553314127252556,0.0012553317518472693,0.012925428022183872
490,337,2,0,1121224880,4196517593,3075292714,0.48192340972839176,32159,1.0270650745515981,1.0270650746025078,1.7376247737867936
491,337,0,0,1121224880,3515585394,2394360515,0.8430067531122738,51025,0.36108334319255614,0.3610833433838836,1.1964302596049041
492,339,2,1,1976676400,3380498847,1403822448,1.6132866673428055,4803,3.7702799067625867,3.77027991423053,2.9408030308792155
493,339,0,1,1976676400,3294602118,1317925719,1.704378086631575,61526,0.09109141903381107,0.09109141928877104,0.47336945373419703
494,339,0,1,1976676400,3294199918,1317523519,1.7048184304952194,65516,0.0004403427806028656,0.0004403438636447724,0.005139915429900777
495,339,0,1,1976676400,3293717426,1317041027,1.705346858484969,65512,0.0005284274673163702,0.0005284279897470968,0.006051915592023164
496,347,8,1,720847872,3334351103,2613503232,0.7166622025998102,508,7.0113153132278345,7.011315344114842,2.031842811671334
497,347,0,1,720847872,3333194615,2612346744,0.7173007435213243,65507,0.0006385408891551363,0.0006385409215141323,0.007015835540902371
498,350,3,0,88485116,2423716463,2335231348,0.8790816632826619,14646,2.16178091949769,2.161780919761339,1.7977217920457595
499,351,1,0,176970232,3151739119,2974768888,0.529869557286581,41742,0.650787893911684,0.6507878940039196,1.7173500089155376
500,351,0,0,176970232,3142343105,2965372874,0.5344336214623517,65329,0.004564064074153165,0.0045640641757675885,0.035889848813827806
501,351,0,0,176970232,3139040001,2962069770,0.5360415230616802,65463,0.0016079015700331673,0.0016079015993297422,0.015077929795023202
502,351,0,0,176970232,3137910061,2960939830,0.5365919725677131,65511,0.0005504494793435254,0.0005504495060342456,0.00626298302256526
503,351,0,0,176970232,2836918527,2659948296,0.6912489430802644,58874,0.15465697030760475,0.15465697051255206,0.6939590364423494
504,356,5,0,58293056,2576671839,2518378784,0.770151853941865,1939,5.078902911893207,5.078902910861601,1.4594658416078803
505,358,2,0,233172224,3974311211,3741138988,0.1991695812012999,24339,1.4290177262147679,1.4290177272594333,2.6721255712947922
506,358,0,0,233172224,3875097045,3641924822,0.2379460040524215,63798,0.03877642271915629,0.03877642285112073,0.2691885945411906
507,358,0,0,233172224,3767177458,3534005235,0.28134296902659983,63594,0.043396964667035236,0.04339696497418116,0.271345124242618
508,358,0,0,233172224,3765829341,3532657118,0.2818934189099771,65511,0.0005504494793435254,0.0005504498833757345,0.006241469510385434
509,358,0,0,233172224,3764697355,3531525132,0.28235578257635296,65515,0.0004623634480924974,0.0004623636663772941,0.00538302560878682
510,358,0,0,233172224,3225613837,2992441614,0.5213240472206984,55532,0.23896826453311518,0.23896826464434484,0.8523107917384822
511,358,0,0,233172224,2881101325,2647929102,0.6977826513468273,57991,0.17645860405295033,0.1764586041261264,0.5863019205341624
512,358,0,0,233172224,2878394244,2645222021,0.6992583290986012,65469,0.0014756776637093812,0.0014756777517736732,0.013974052582186102
513,359,1,0,466344448,3437375673,2971031226,0.5316833778115964,36804,0.8324250480118243,0.8324250487129976,1.6389954713084434
514,359,0,0,466344448,3158660158,2692315711,0.6737995503345751,59388,0.14211617241184088,0.14211617252297623,0.45756393156219444
515,363,4,2,1987505920,3565034623,1577528704,1.4449808899395435,600,6.77118130950412,6.7711813396049685,1.7682236878745874
516,363,0,5,867661824,3090105519,2222443696,0.950500276128782,11541,2.505519384982229,2.5055193861892384,3.502896033461439
517,363,0,5,867661824,3007055521,2139393698,1.0054451497717913,63087,0.05494487305213469,0.05494487364301211,0.2590131924743042
518,363,0,7,657226480,2601144571,1943918092,1.1436797144954127,14887,2.1382345664087867,2.13823456472362,2.259528176030876
519,363,0,7,657226480,2600521672,1943295193,1.1441420782712477,65515,0.0004623634480924974,0.00046236377583613224,0.00539454427794825
520,363,0,7,657226480,2595065643,1937839164,1.1481983105180191,65352,0.004056232235047779,0.004056232246771279,0.03308175277424192
521,363,0,7,657226480,2590955541,1933729062,1.1512614754446915,65397,0.003063164916699035,0.0030631649266714706,0.027029298884106885
522,363,0,7,657226480,2590129362,1932902883,1.1518779935831027,65508,0.0006165175324262582,0.0006165181384106692,0.006864280784625221
523,363,0,7,657226480,2586000235,1928773756,1.1549632199618216,65396,0.003085225654520128,0.003085226378720323,0.026588195565177816
524,363,0,7,657226480,2535114464,1877887985,1.193536136432428,63807,0.03857291571881099,0.03857291647060653,0.179706284236412
525,363,0,7,657226480,2533996946,1876770467,1.1943949297127894,65497,0.0008587929491977406,0.000858793280359705,0.008978802860496207
526,363,0,7,657226480,2533452838,1876226359,1.194813252432045,65517,0.000418322449221962,0.0004183227192571657,0.004934802732935719
527,371,8,0,1314452960,3709607525,2395154566,0.8425283859159975,41831,0.6477151333986426,0.6477151334839533,1.7799762372684067
528,371,0,0,1314452960,3698972301,2384519342,0.8489486608305121,65245,0.006420274348057973,0.006420274914512416,0.04711094546116243
529,371,0,0,1314452960,3512427033,2197974074,0.9664727768022203,60409,0.11752411579930125,0.11752411597170788,0.5270835457515004
530,371,0,0,1314452960,3506926731,2192473772,0.9700875618303257,65372,0.0036147845889704113,0.003614785028106665,0.02930554916448527
531,371,0,0,1314452960,3269935089,1955482130,1.1351227938233102,58452,0.16503523143839563,0.16503523199298362,0.6400888248378364
532,371,0,0,1314452960,3269010102,1954557143,1.1358053824570824,65505,0.0006825886112264284,0.0006825886337744811,0.0074750373162090576
533,371,0,0,1314452960,3268085552,1953632593,1.136487971489366,65505,0.0006825886112264284,0.0006825890322824816,0.007456347948812514
534,371,0,0,1314452960,3267608590,1953155631,1.1368402356388714,65520,0.0003522634716290214,0.0003522641495047025,0.004227909891679893
535,371,0,1,481422272,3547712099,3066289828,0.48615307796142204,51443,0.3493128417248186,0.3493128423225519,0.9480329653220516
536,371,0,1,481422272,3546963493,3065541222,0.4865053414730376,65520,0.0003522634716290214,0.00035226351161306106,0.004227909891679893
537,371,0,1,481422272,2376429686,1895007415,1.1804436524654989,40512,0.6939383105716587,0.693938310992463,1.3329976963950267
538,373,2,0,962844544,3464210379,2501365836,0.7799310724271713,43253,0.5994874198393939,0.5994874199616709,1.0431222623908691
539,374,1,1,1052865176,2985072571,1932207396,1.152397189975602,12656,2.372466115527208,2.3724661175484303,0.8232588123733934
540,374,0,1,1052865176,2983863762,1930998587,1.153300037410748,65495,0.0009028473965228007,0.0009028474351466518,0.00955958479135812
541,374,0,1,1052865176,2983215538,1930350363,1.1537844223089166,65514,0.000484384451701118,0.0004843848981690327,0.005618655211859437
542,374,0,1,1052865176,2746281054,1693415879,1.342710823760239,57492,0.188926401146455,0.1889264014513223,0.918267040197466
543,374,0,1,1052865176,2745867622,1693002447,1.3430630875632836,65520,0.0003522634716290214,0.00035226380304450113,0.004227909891679893
544,374,0,1,1052865176,2745325125,1692459950,1.3435254514276629,65515,0.0004623634480924974,0.0004623638643806251,0.00539454427794825
545,374,0,1,1052865176,2605250925,1552385750,1.4681600508199253,60112,0.12463459935822903,0.12463459939226251,0.5129688170835468
546,374,0,1,1052865176,2604729799,1551864624,1.4686444356551434,65514,0.000484384451701118,0.00048438483521690673,0.005618655211859437
547,374,0,1,1052865176,2604232527,1551367352,1.4691067999643934,65515,0.0004623634480924974,0.0004623643092503937,0.005350984204518786
548,374,0,1,1052865176,2603711743,1550846568,1.4695911846784107,65514,0.000484384451701118,0.000484384714018947,0.005618655211859437
549,374,0,1,1052865176,2600517097,1547651922,1.4725661104946397,65401,0.002974925338641957,0.002974925816226581,0.02668739763104487
550,374,0,1,1052865176,2598391720,1545526545,1.4745487127745847,65446,0.0019826017943566226,0.0019826022799476132,0.018168359430211344
551,374,0,1,1052865176,2597943645,1545078470,1.474967035777258,65517,0.000418322449221962,0.000418323002672957,0.004934802732935719
552,374,0,1,1052865176,2597307092,1544441917,1.4755615305559466,65509,0.0005944945118882062,0.0005944947786861029,0.006753238113444278
553,374,0,1,1052865176,2488524989,1435659814,1.5809332093857797,60920,0.10537167862534542,0.10537167882983389,0.47705660041194725
554,380,6,2,893894272,2410870783,1516976512,1.501448398123884,541,6.920515216173185,6.920515188738105,1.091201596739956
555,380,0,2,893894272,2331221183,1437326912,1.5792589139458109,62095,0.07781051570233956,0.0778105158219251,0.38615673375557275
556,380,0,2,893894272,2330870273,1436976002,1.579611177527248,65520,0.0003522634716290214,0.00035226358143933907,0.004227909891679893
557,380,0,2,893894272,2326638455,1432744184,1.5838661061420751,65343,0.004254927753445953,0.00425492861482548,0.03542324992760693
558,383,3,0,1787788544,3511515165,1723726622,1.3171161606578785,39423,0.7332500541036571,0.7332500545158039,1.2885201146099825
559,383,0,0,1787788544,3511068031,1723279488,1.317490443724079,65519,0.0003742827947452993,0.0003742830662002375,0.004463541174757649
560,383,0,0,1787788544,3510647308,1722858765,1.3178427075882304,65520,0.0003522634716290214,0.0003522638641529281,0.004227909891679893
561,383,0,1,1428093440,3499330565,2071237126,1.0521544157673404,39394,0.7343117072514247,0.7343117081791073,1.0046777067846497
562,383,0,1,1428093440,3497845150,2069751711,1.05318943471109,65489,0.0010350188106098368,0.0010350189437506709,0.010797184469349705
563,383,0,1,1428093440,3280656390,1852562951,1.2131245791628125,58659,0.15993514375285417,0.15993514445172194,0.5189700059575757
564,383,0,1,1428093440,3270451689,1842358250,1.2210935225625832,65175,0.007968942689718941,0.007968943399770159,0.05160697665368134
565,383,0,1,1428093440,3269861333,1841767894,1.2215558865792069,65515,0.0004623634480924974,0.00046236401662644555,0.00532199045253682
566,383,0,2,708703232,4099235599,3390532368,0.34113532858937745,60323,0.11957944155388511,0.11957944201016746,0.4035162167955322
567,383,0,2,708703232,4078541431,3369838200,0.34996782275540284,65136,0.008832493859989687,0.008832494166028554,0.058823466884591995
568,386,3,1,716973500,4237779791,3520806292,0.2867412909395206,17118,1.9367734676971242,1.9367734681841176,1.3599831437454202
569,390,4,0,1293134592,3502664023,2209529432,0.9589079973955634,5141,3.672166703249673,3.67216670645604,0.501470308663749
570,390,0,0,1293134592,3279978141,1986843550,1.1121688710735853,58931,0.15326087296457275,0.15326087367802166,0.5061365674152637
571,390,0,1,438785536,3627994429,3189208894,0.4294485484336832,52598,0.3172796773006249,0.3172796773600976,0.921659339603043
572,390,0,1,438785536,3621814168,3183028633,0.4322470111884087,65409,0.0027984623718733453,0.0027984627547284696,0.024527073443829216
573,390,0,1,438785536,2807309313,2368523778,0.858658990568788,48766,0.42641197936299846,0.4264119793803788,1.1604469731475346
574,390,0,1,438785536,2806405792,2367620257,0.8592094405856052,65511,0.0005504494793435254,0.0005504500168150748,0.0062704632623674
575,390,0,1,438785536,2805285854,2366500319,0.8598920294647456,65505,0.0006825886112264284,0.0006825888791405532,0.007243545028356738
576,390,0,1,438785536,2761340070,2322554535,0.8869346736467776,64319,0.027042644068285923,0.0270426441820346,0.13638983623770795
577,390,0,1,438785536,2442102227,2003316692,1.1002566400590617,56528,0.2133219661093476,0.21332196641228324,0.9057458187723184
578,390,0,1,438785536,2441521431,2002735896,1.100674962832631,65517,0.000418322449221962,0.0004183227735695495,0.004934802732935719
579,390,0,3,1177025584,3319723187,2142697604,1.0032188872232126,17529,1.9025439253338052,1.9025439243905824,0.844934307407143
580,390,0,3,1177025584,3316780639,2139755056,1.005201489443163,65446,0.0019826017943566226,0.001982602219950252,0.019178217123036058
581,390,0,3,1177025584,3315409336,2138383753,1.0061263645787015,65494,0.0009248751246666447,0.0009248751355377123,0.009767204698219036
582,390,0,3,1177025584,3273448253,2096422670,1.034717531028619,64250,0.028591166144034848,0.028591166449918548,0.14268117429253838
583,390,0,3,1177025584,3272904442,2095878859,1.0350918139526186,65519,0.0003742827947452993,0.0003742829239997673,0.004463541174757649
584,390,0,3,1177025584,3269002812,2091977229,1.0377799979602287,65414,0.0026881839772797777,0.0026881840076068524,0.02372232682501883
585,390,0,3,1177025584,3268492075,2091466492,1.038132261688343,65520,0.0003522634716290214,0.00035226372811504006,0.004227909891679893
586,390,0,3,1177025584,3259811672,2082786089,1.0441324699506112,65264,0.006000208207476905,0.0060002082622685965,0.047998343126750054
587,390,0,4,206567520,4205036283,3998468764,0.10319952839486746,62907,0.05906705798210899,0.05906705844425613,0.27746875489252165
588,395,5,0,413135040,3971220691,3558085652,0.27154590572111204,29159,1.1683463767726356,1.168346377326246,1.5413147725413305
589,396,1,0,826270080,3523934871,2697664792,0.6709360538298306,24844,1.3993901475532937,1.399390148108717,1.788497076312113
590,396,0,0,826270080,3506152412,2679882333,0.6804774891083554,65104,0.009541434926289505,0.009541435278525495,0.05985217801760856
591,396,0,0,826270080,3469104478,2642834399,0.7005611180174043,64630,0.02008362883469868,0.0200836289090488,0.1203690493478017
592,396,0,0,826270080,3468459254,2642189175,0.70091338190295,65520,0.0003522634716290214,0.00035226388554502697,0.004227909891679893
593,396,0,0,826270080,3371941296,2545671217,0.7546010442266642,63142,0.0536876622325881,0.05368766232371583,0.2562782715187858
594,396,0,0,826270080,3357569067,2531298988,0.7627692225125102,65166,0.008168177855762418,0.008168178285845758,0.06425020694936884
595,396,0,0,826270080,3355676463,2529406384,0.7638483015466591,65487,0.0010790786396167112,0.0010790790341474634,0.010591624291373851
596,396,0,0,826270080,3148726435,2322456356,0.8869956605248568,60174,0.12314735894028432,0.123147358978199,0.5961723486983053
597,396,0,0,826270080,2151752792,1325482713,1.6961292913738681,37403,0.8091336307775946,0.8091336308490097,1.3797660832302479
598,399,3,0,493440128,3393257167,2899817040,0.5666852677774799,17922,1.8705559769680533,1.8705559764036148,1.538221551047651
599,399,0,0,493440128,3390558057,2897117930,0.5680287339068641,65475,0.00134346587467908,0.0013434661293811384,0.013321272880855465
600,399,0,0,493440128,2901855073,2408414946,0.8345631704594965,54481,0.2665344361570926,0.2665344365526326,0.7914066565326195
601,399,0,0,493440128,2901193582,2407753455,0.8349594729605023,65518,0.0003963024539395264,0.0003963025010071053,0.004687653452683203
602,401,2,1,2024945576,3618553879,1593608304,1.4303500758568006,5422,3.595390602162288,3.5953906028962983,0.5439585428372645
603,401,0,1,2024945576,3616268124,1591322549,1.4324208573723531,65442,0.002070780697928415,0.0020707815155517396,0.019582266800695247
604,401,0,1,2024945576,3560080374,1535134799,1.4842818029197389,63222,0.05186094546688202,0.051860945547386655,0.2273995930565449
605,401,0,1,2024945576,3548672740,1523727165,1.4950425456362488,65049,0.010760741926082935,0.010760742716510372,0.07330629697740405
606,401,0,1,2024945576,3503869544,1478923969,1.5380992601529293,63609,0.043056714425867317,0.04305671451668064,0.19639825128762786
607,401,0,1,2024945576,3473021016,1448075441,1.5685103809396992,64169,0.030411119792779755,0.03041112078676873,0.19052305156550806
608,401,0,2,1902407504,4081149427,2178741924,0.9791518293285257,49302,0.41064144785230944,0.4106414483888262,1.1479525074023547
609,401,0,2,1902407504,4080650752,2178243249,0.979482074176321,65521,0.00033024448458043404,0.0003302448477975895,0.0039922782726164955
610,401,0,2,1902407504,4080019242,2177611739,0.9799003968037567,65517,0.000418322449221962,0.0004183226274360384,0.004904285154810719
611,401,0,2,1902407504,4079520826,2177113323,0.9802306414389079,65521,0.00033024448458043404,0.0003302446351501548,0.0039922782726164955
612,401,0,2,1902407504,4058127073,2155719570,0.9944776308565508,64892,0.014246989248167849,0.014246989417642958,0.09741238720587042
613,401,0,3,1657331360,3469180499,1811849140,1.2451843087501793,27541,1.250706676487884,1.250706677893627,1.9100094523928535
614,401,0,3,1657331360,3360086921,1702755562,1.3347758013093092,61590,0.08959149228287948,0.08959149255913194,0.39118210466243186
615,401,0,4,1167179072,3809962955,2642783884,0.7005886938793324,50858,0.3658128915490606,0.36581289257002364,1.4759450224683988
616,401,0,4,1167179072,3808632207,2641453136,0.7013153318305037,65503,0.0007266376781842033,0.0007266379511715938,0.008000377431014338
617,401,0,4,1167179072,3796097234,2628918163,0.7081779137845636,65225,0.006862581407823226,0.006862581954056547,0.05039995432180845
618,401,0,4,1167179072,3735805730,2568626659,0.7416499312714819,64033,0.03347201742559965,0.03347201748691982,0.18726162598163656
619,406,5,0,902600604,2730928491,1828327888,1.2321223228979115,23324,1.4904723925768482,1.490472391626428,1.5908101237289134
620,407,1,0,1805201208,3519760767,1714559560,1.3248091248407086,30729,1.0926868017303855,1.0926868019427993,1.6490304861075764
621,407,0,0,1805201208,3472695144,1667493937,1.364965630226628,63737,0.04015650511544245,0.04015650538591912,0.23335657585419298
622,407,0,1,1462918768,3501436211,2038517444,1.075126843705494,40059,0.7101612131054184,0.7101612134788666,1.6909400576354545
623,407,0,2,778353888,2876717941,2098364054,1.0333821471564413,33730,0.9582553020945112,0.9582553034509457,1.9383169243380545
624,407,0,2,778353888,2845788075,2067434188,1.054805740756109,64570,0.02142359336528821,0.02142359359966919,0.11378162877870346
625,407,0,2,778353888,2508208527,1729854640,1.3119963329851991,54835,0.25719059207714445,0.2571905922290906,0.852386846061481
626,410,3,1,965931904,3043362315,2077430412,1.0478469943822333,19676,1.735850660276672,1.7358506613970333,3.110481066442509
627,412,2,0,1931863808,4183829311,2251965504,0.9314624178803648,35521,0.8836154229198215,0.883615423498132,2.347315929632154
628,412,0,0,1931863808,3984012730,2052148923,1.0655117159081406,59721,0.1340492975272893,0.13404929802777688,0.6364226484899514
629,412,0,1,1716243968,3913436129,2197192162,0.9669860955329064,35084,0.9014743786205354,0.9014743796247647,1.9508142242867308
630,412,0,1,1716243968,3405912097,1689668130,1.3459072333641267,50398,0.3789211376645076,0.37892113783121967,1.2077329566511918
631,412,0,4,1009515672,3096231063,2086715392,1.0414133018887988,10117,2.6955060702171485,2.6955060685246734,3.557559828456278
632,419,7,0,1723162304,3826180159,2103017856,1.0301860464655448,8256,2.988772744576746,2.988772744576746,3.297140960729983
633,419,0,0,1723162304,3814403310,2091241007,1.038287809783295,65169,0.008101763076563719,0.008101763317750577,0.05551598774886426
634,419,0,0,1723162304,3791204881,2068042578,1.0543812570547502,64809,0.016093446943010445,0.01609344727145397,0.11745515084572374
635,419,0,1,1298840960,3901123661,2602282702,0.722869446594899,41233,0.6684881888712125,0.6684881895401489,2.248725697626094
636,419,0,1,1298840960,3876107820,2577266861,0.7368052183977305,64906,0.013935771345722964,0.013935771802831,0.10320936859588493
637,419,0,1,1298840960,3875203322,2576362363,0.7373116245576519,65513,0.0005064057914389884,0.0005064061599213522,0.005835285569952072
638,419,0,1,1298840960,3866122210,2567281251,0.7424057912004329,65305,0.00509416621250758,0.005094166642779607,0.041250275112405276
639,419,0,1,1298840960,3863105842,2564264883,0.7441018490912334,65459,0.0016960575738423276,0.0016960578908028073,0.01684425593574227
640,419,0,1,1298840960,3862049397,2563208438,0.7446963438408396,65509,0.0005944945118882062,0.0005944947496055894,0.006730200775121419
641,419,0,1,1298840960,3860406715,2561565756,0.745621219422322,65494,0.0009248751246666447,0.0009248755814827585,0.009962206832019139
642,419,0,1,1298840960,3859664073,2560823114,0.7460395421874431,65517,0.000418322449221962,0.0004183227651212662,0.004911765394612859
643,419,0,1,1298840960,3841064344,2542223385,0.7565563405834972,65060,0.01051679807150578,0.010516798396054869,0.08310992683496687
644,419,0,1,1298840960,3827099493,2528258534,0.7645031482231239,65176,0.007946807147361503,0.007946807639625722,0.05894421885931567
645,419,0,1,1298840960,3825749257,2526908298,0.7652738364683564,65501,0.0007706880901105886,0.0007706882452319073,0.008503136591208802
646,419,0,1,1298840960,3824708202,2525867243,0.7658683314720847,65509,0.0005944945118882062,0.0005944950037293534,0.0066480043953009715
647,419,0,1,1298840960,3823050909,2524209950,0.7668152352071615,65493,0.0009469031891450585,0.0009469037350745014,0.00999805796521708
648,419,0,1,1298840960,3821818384,2522977425,0.7675198485327641,65504,0.0007046129765893727,0.0007046133256020438,0.007618627389229013
649,419,0,1,1298840960,3820624959,2521784000,0.7682024371494443,65505,0.0006825886112264284,0.0006825886166823623,0.007418573638388159
650,419,0,1,1298840960,3819085784,2520244825,0.7690832572659545,65496,0.000880820004703256,0.0008808201165084545,0.009455295879699663
651,419,0,1,1298840960,3818239754,2519398795,0.7695676420315998,65514,0.000484384451701118,0.0004843847656471632,0.0055806573939322975
652,419,0,1,1298840960,3817086464,2518245505,0.770228207047186,65506,0.0006605645820851047,0.0006605650155867033,0.007364528702254886
653,419,0,1,1298840960,3816394807,2517553848,0.7706245096240849,65518,0.0003963024539395264,0.0003963025768993446,0.004699172121844633
654,419,0,1,1298840960,3815549680,2516708721,0.7711088945867566,65514,0.000484384451701118,0.000484384962668773,0.005618655211859437
655,419,0,1,1298840960,3814704837,2515863878,0.7715932793795837,65514,0.000484384451701118,0.00048438479282823186,0.005618655211859437
656,419,0,1,1298840960,3813745111,2514904152,0.7721437289130755,65511,0.0005504494793435254,0.0005504495334916781,0.006295024426833294
657,419,0,1,1298840960,3812095012,2513254053,0.7730906321856779,65493,0.0009469031891450585,0.0009469032726015061,0.010212501138511304
658,419,0,1,1298840960,3811174630,2512333671,0.7736190601566477,65512,0.0005284274673163702,0.0005284279709724666,0.00603483466735941
659,419,0,1,1298840960,3810446261,2511605302,0.7740373830531837,65517,0.000418322449221962,0.00041832289653476927,0.004934802732935719
660,419,0,1,1298840960,3809603131,2510762172,0.7745217679523577,65514,0.000484384451701118,0.00048438489917284304,0.005607136542698008
661,419,0,1,1298840960,3805810323,2506969364,0.7767027799477226,65437,0.002181011907029251,0.0021810119953664807,0.021250180967512786
662,419,0,1,1298840960,3803706390,2504865431,0.7779140464830014,65481,0.001211266200721556,0.0012112665352786017,0.012193179132579848
663,419,0,1,1298840960,3802101099,2503260140,0.7788389216329428,65494,0.0009248751246666447,0.0009248751499407389,0.009970102052782337
664,419,0,1,1298840960,3801489951,2502648992,0.7791911853956179,65520,0.0003522634716290214,0.0003522637626773983,0.004227909891679893
665,419,0,1,1298840960,3800649828,2501808869,0.7796755700506175,65514,0.000484384451701118,0.0004843846549965022,0.0056111749720572975
666,419,0,1,1298840960,3799809987,2500969028,0.780159954719359,65514,0.000484384451701118,0.00048438466874333613,0.005599656302895868
667,419,0,1,1298840960,3799199398,2500358439,0.7805122186862796,65520,0.0003522634716290214,0.0003522639669208755,0.004227909891679893
668,419,0,1,1298840960,3798321891,2499480932,0.7810186249590849,65513,0.0005064057914389884,0.0005064062728042301,0.005865803148077072
669,419,0,1,1298840960,3797711666,2498870707,0.7813708885248687,65520,0.0003522634716290214,0.00035226356578485664,0.004227909891679893
670,419,0,1,1298840960,3796377125,2497536166,0.7821415766522719,65501,0.0007706880901105886,0.0007706881274034938,0.008416549493419686
671,419,0,1,1298840960,3795729265,2496888306,0.7825158597832598,65519,0.0003742827947452993,0.0003742831309884054,0.004463541174757649
672,419,0,1,1298840960,3795043474,2496202515,0.7829121623206987,65518,0.0003963024539395264,0.00039630253743686694,0.004699172121844633
673,419,0,1,1298840960,3794395960,2495555001,0.7832864454219717,65519,0.0003742827947452993,0.0003742831012730809,0.004463541174757649
674,419,0,1,1298840960,3793786693,2494945734,0.783638709265027,65520,0.0003522634716290214,0.0003522638430567379,0.004227909891679893
675,419,0,1,1298840960,3792987226,2494146267,0.7841010727916569,65515,0.0004623634480924974,0.0004623635266278803,0.005375545368984679
676,419,0,1,1298840960,3792340245,2493499286,0.7844753561185556,65519,0.0003742827947452993,0.00037428332689880316,0.004463541174757649
677,419,0,1,1298840960,3790323712,2491482753,0.7856425588465967,65483,0.0011672023345903715,0.001167202728040269,0.011618627275016233
678,419,0,1,1298840960,3789031133,2490190174,0.7863912219493052,65502,0.0007486627160211863,0.0007486631027092811,0.008158877697710912
679,419,0,1,1298840960,3788347181,2489506222,0.7867875248908263,65518,0.0003963024539395264,0.00039630294152203814,0.004699172121844633
680,419,0,1,1298840960,3787511470,2488670511,0.7872719095124694,65514,0.000484384451701118,0.0004843846216427611,0.005586613807591404
681,419,0,1,1298840960,3786865910,2488024951,0.7876461924972062,65519,0.0003742827947452993,0.0003742829847361514,0.004463541174757649
682,419,0,1,1298840960,3786144589,2487303630,0.7880645151144705,65517,0.000418322449221962,0.00041832261726557426,0.004904285154810719
683,419,0,1,1298840960,3785347570,2486506611,0.7885268791022071,65515,0.0004623634480924974,0.0004623639877363762,0.005406062947109679
684,419,0,1,1298840960,3784626689,2485785730,0.7889452018313357,65517,0.000418322449221962,0.00041832272912930435,0.004934802732935719
685,419,0,1,1298840960,3784019807,2485178848,0.7892974657199296,65520,0.0003522634716290214,0.00035226388859399186,0.004227909891679893
686,419,0,1,1298840960,3783223469,2484382510,0.7897598296231152,65515,0.0004623634480924974,0.0004623639031865548,0.00539454427794825
687,419,0,1,1298840960,3782579021,2483738062,0.7901341127853101,65519,0.0003742827947452993,0.00037428316219435056,0.004463541174757649
688,419,0,1,1298840960,3781858943,2483017984,0.7905524353110458,65517,0.000418322449221962,0.00041832252573331956,0.004904285154810719
689,419,0,1,1298840960,3781139073,2482298114,0.7909707582801637,65517,0.000418322449221962,0.00041832296911758707,0.00492328406377429
690,419,0,1,1298840960,3780570920,2481729961,0.7913010027939968,65521,0.00033024448458043404,0.00033024451383473414,0.0039922782726164955
691,419,0,1,1298840960,3779927160,2481086201,0.791675285997087,65519,0.0003742827947452993,0.00037428320309077206,0.004463541174757649
692,419,0,1,1298840960,3779321426,2480480467,0.7920275495060629,65520,0.0003522634716290214,0.00035226350897423495,0.004227909891679893
693,419,0,1,1298840960,3778677990,2479837031,0.7924018327780153,65519,0.0003742827947452993,0.0003742832719520321,0.004463541174757649
694,419,0,1,1298840960,3778072561,2479231602,0.7927540962713806,65520,0.0003522634716290214,0.0003522634933654125,0.004227909891679893
695,419,0,1,1298840960,3777429449,2478588490,0.7931283795172916,65519,0.0003742827947452993,0.00037428324591167074,0.004463541174757649
696,419,0,1,1298840960,3776710864,2477869905,0.7935467020131561,65517,0.000418322449221962,0.00041832249586375956,0.00492328406377429
697,419,0,2,450198272,3775147603,3324949332,0.3693147900703764,43970,0.5757680878999905,0.5757680880572209,1.001134983215647
698,419,0,2,450198272,3766218295,3316020024,0.37319442734706243,65360,0.0038796369669542195,0.0038796372766853873,0.03541298735402151
699,419,0,2,450198272,3764447349,3314249078,0.37396511554488043,65501,0.0007706880901105886,0.0007706881978199,0.008276780590596364
700,419,0,2,450198272,3762475063,3312276792,0.3748239086353351,65497,0.0008587929491977406,0.0008587930904542446,0.009236976757873891
701,419,0,2,450198272,3760251244,3310052973,0.37579284037917304,65492,0.0009689315899683129,0.0009689317438362502,0.010280863696571255
702,419,0,2,450198272,3758635007,3308436736,0.37649745344156926,65504,0.0007046129765893727,0.0007046130623972496,0.007832733871386716
703,419,0,2,450198272,3753940112,3303741841,0.3785461890567312,65443,0.0020487354667572794,0.00204873561516207,0.020071483070535516
704,419,0,2,450198272,3747941191,3297742920,0.38116821009380786,65417,0.0026220209864989156,0.0026220210370785217,0.02393864406974564
705,419,0,2,450198272,3746683201,3296484930,0.3817186599714262,65511,0.0005504494793435254,0.00055044987761682,0.006264506848708294
706,419,0,2,450198272,3745727494,3295529223,0.38213698242253,65517,0.000418322449221962,0.00041832245110564237,0.004934802732935719
707,419,0,2,450198272,3744822349,3294624078,0.38253328525536645,65518,0.0003963024539395264,0.0003963028328335606,0.004699172121844633
708,419,0,2,450198272,3743967725,3293769454,0.3829075682448533,65519,0.0003742827947452993,0.0003742829894879053,0.004463541174757649
709,419,0,2,450198272,3743163582,3292965311,0.38325983174578937,65520,0.0003522634716290214,0.0003522635009364772,0.004227909891679893
710,419,0,2,450198272,3713417557,3263219286,0.3963512072524189,64944,0.013091375302306687,0.013091375506630403,0.07828274620699088
711,419,0,2,450198272,3712322115,3262123844,0.39683559212669905,65514,0.000484384451701118,0.0004843848742794685,0.005618655211859437
712,419,0,2,450198272,3711326593,3261128322,0.3972759352644779,65516,0.0004403427806028656,0.00044034313777779774,0.005115354265434883
713,419,0,2,450198272,3709784006,3259585735,0.39795852390035336,65505,0.0006825886112264284,0.0006825886358769233,0.007529125281726729
714,419,0,2,450198272,3708789259,3258590988,0.39839886684776715,65516,0.0004403427806028656,0.00044034294741246313,0.005147395669702917
715,419,0,2,450198272,3707993704,3257795433,0.3987511305671987,65520,0.0003522634716290214,0.0003522637194313138,0.004227909891679893
716,419,0,2,450198272,3706999503,3256801232,0.39919147367276153,65516,0.0004403427806028656,0.0004403431055642406,0.005147395669702917
717,419,0,2,450198272,3706005606,3255807335,0.39963181651524593,65516,0.0004403427806028656,0.00044034284248311916,0.005158914338864347
718,419,0,2,450198272,3704912653,3254714382,0.4001162010104906,65514,0.000484384451701118,0.0004843844952454966,0.0056111749720572975
719,419,0,2,450198272,3703820066,3253621795,0.40060058590351844,65514,0.000484384451701118,0.0004843848930291713,0.005557620055609438
720,419,0,2,450198272,3701883859,3251685588,0.4014593789335983,65497,0.0008587929491977406,0.0008587930300784136,0.00919624082922771
721,419,0,2,450198272,3701089990,3250891719,0.4018116426041516,65520,0.0003522634716290214,0.0003522636705519099,0.004227909891679893
722,419,0,2,450198272,3700147501,3249949230,0.40222996516475007,65517,0.000418322449221962,0.00041832256059991176,0.004934802732935719
723,419,0,2,450198272,3699403646,3249205375,0.4025602099395087,65521,0.00033024448458043404,0.0003302447747590855,0.0039922782726164955
724,419,0,2,450198272,3695982699,3245784428,0.40407996097165366,65467,0.0015197509526750181,0.0015197510321427986,0.015106405327337851
725,419,0,2,450198272,3694992164,3244793893,0.40452030384181015,65516,0.0004403427806028656,0.0004403428701561954,0.005139915429900777
726,419,0,2,450198272,3694100954,3243902683,0.40491660662478424,65518,0.0003963024539395264,0.0003963027829753511,0.004699172121844633
727,419,0,2,450198272,3693209989,3243011718,0.4053129093091492,65518,0.0003963024539395264,0.0003963026843673017,0.004699172121844633
728,419,0,2,450198272,3692467722,3242269451,0.405643154026901,65521,0.00033024448458043404,0.00033024471774955146,0.0039922782726164955
729,419,0,2,450198272,3691478259,3241279988,0.4060834972024274,65516,0.0004403427806028656,0.0004403431755263226,0.005158914338864347
730,419,0,2,450198272,3690637472,3240439201,0.40645778038464186,65519,0.0003742827947452993,0.0003742831822167956,0.004463541174757649
731,419,0,2,450198272,3689747458,3239549187,0.4068540831911669,65518,0.0003963024539395264,0.00039630280652155724,0.004699172121844633
732,419,0,2,450198272,3688956552,3238758281,0.40720634685735035,65520,0.0003522634716290214,0.00035226366618585503,0.004227909891679893
733,419,0,2,450198272,3685991380,3235793109,0.4085277787160777,65476,0.0013214317544216249,0.001321431858728429,0.013086101958940367
734,419,0,2,450198272,3684757022,3234558751,0.4090782285912695,65511,0.0005504494793435254,0.0005504498751896189,0.0062819819315288305
735,419,0,2,450198272,3683917979,3233719708,0.4094525115445009,65519,0.0003742827947452993,0.0003742829532323704,0.004463541174757649
736,419,0,2,450198272,3683128496,3232930225,0.4098047753059326,65520,0.0003522634716290214,0.0003522637614299998,0.004227909891679893
737,419,0,2,450198272,3682339206,3232140935,0.41015703895355315,65520,0.0003522634716290214,0.00035226364762259185,0.004227909891679893
738,419,0,2,450198272,3681550109,3231351838,0.41050930246627715,65520,0.0003522634716290214,0.0003522635127223582,0.004227909891679893
739,419,0,2,450198272,3680810511,3230612240,0.41083954706640924,65521,0.00033024448458043404,0.0003302446001342946,0.0039922782726164955
740,419,0,2,450198272,3680071082,3229872811,0.4111697917918846,65521,0.00033024448458043404,0.0003302447254738197,0.0039922782726164955
741,419,0,2,450198272,3679331822,3229133551,0.41150003662547263,65521,0.00033024448458043404,0.00033024483358906295,0.0039922782726164955
742,419,0,2,450198272,3678592731,3228394460,0.4118302815499426,65521,0.00033024448458043404,0.00033024492446816895,0.0039922782726164955
743,419,0,2,450198272,3677755287,3227557016,0.41220456450949783,65519,0.0003742827947452993,0.0003742829595575751,0.004463541174757649
744,419,0,2,450198272,3668989034,3218790763,0.41612834832005063,65358,0.003923783757480437,0.0039237838105522374,0.030642985211483342
745,419,0,2,450198272,3667368243,3217169972,0.41685498643477104,65503,0.0007266376781842033,0.0007266381147209579,0.007946599007063692
746,419,0,2,450198272,3666533710,3216335439,0.41722926967552354,65519,0.0003742827947452993,0.00037428324075153415,0.004463541174757649
747,419,0,2,450198272,3665355852,3215157581,0.4177576974944408,65512,0.0005284274673163702,0.0005284278189170777,0.0060288782537003035
748,419,0,2,450198272,3664423723,3214225452,0.41817602002656784,65517,0.000418322449221962,0.00041832253212745077,0.00492328406377429
749,419,0,2,450198272,3663442819,3213244548,0.4186163629133901,65516,0.0004403427806028656,0.0004403428868200597,0.005170433008025777
750,419,0,2,450198272,3662707365,3212509094,0.4189466077071806,65521,0.00033024448458043404,0.00033024479379355746,0.0039922782726164955
751,419,0,2,450198272,3661923061,3211724790,0.4192988711886798,65520,0.0003522634716290214,0.0003522634814991059,0.004227909891679893
752,419,0,2,450198272,3661089941,3210891670,0.419673154195209,65519,0.0003742827947452993,0.00037428300652622514,0.004463541174757649
753,419,0,2,450198272,3660306031,3210107760,0.4200254180717131,65520,0.0003522634716290214,0.0003522638765043519,0.004227909891679893
754,419,0,2,450198272,3659571295,3209373024,0.42035566284503645,65521,0.00033024448458043404,0.00033024477332602495,0.0039922782726164955
755,419,0,2,450198272,3658836727,3208638456,0.4206859076938443,65521,0.00033024448458043404,0.0003302448488057784,0.0039922782726164955
756,419,0,2,450198272,3658053368,3207855097,0.42103817116635156,65520,0.0003522634716290214,0.0003522634725074552,0.004227909891679893
757,419,0,2,450198272,3656780720,3206582449,0.4216106431779103,65510,0.0005724718275307164,0.0005724720115588909,0.006393025274788764
758,419,0,2,450198272,3655851077,3205652806,0.4220289657446763,65517,0.000418322449221962,0.00041832256676733483,0.00492328406377429
759,419,0,2,450198272,3655068446,3204870175,0.4223812296306342,65520,0.0003522634716290214,0.0003522638859582097,0.004227909891679893
760,419,0,2,450198272,3654334909,3204136638,0.42271147430901124,65521,0.00033024448458043404,0.00033024467837443176,0.0039922782726164955
761,419,0,2,450198272,3651401434,3201203163,0.4240329061962882,65476,0.0013214317544216249,0.0013214318872798,0.013672507916131038
762,419,0,2,450198272,3650619890,3200421619,0.424385169784685,65520,0.0003522634716290214,0.0003522635883967978,0.004227909891679893
763,419,0,2,450198272,3649887371,3199689100,0.42471541455065065,65521,0.00033024448458043404,0.0003302447659644676,0.0039922782726164955
764,419,0,2,450198272,3649057373,3198859102,0.42508969758094395,65519,0.0003742827947452993,0.00037428303029412696,0.004463541174757649
765,419,0,2,450198272,3648032347,3197834076,0.4255520614613104,65515,0.0004623634480924974,0.00046236388036427804,0.00536402669982325
766,419,0,2,450198272,3647251625,3197053354,0.4259043252894479,65520,0.0003522634716290214,0.00035226382814018475,0.004227909891679893
767,419,0,2,450198272,3646471094,3196272823,0.4262565889398182,65520,0.0003522634716290214,0.0003522636503689192,0.004227909891679893
768,419,0,2,450198272,3645593211,3195394940,0.4266528915968095,65518,0.0003963024539395264,0.0003963026569924298,0.004687653452683203
769,419,0,2,450198272,3644813085,3194614814,0.4270051551958929,65520,0.0003522634716290214,0.0003522635990831545,0.004227909891679893
770,419,0,2,450198272,3644033149,3193834878,0.4273574190029983,65520,0.0003522634716290214,0.00035226380710487454,0.004227909891679893
771,419,0,2,450198272,3642571127,3192372856,0.42801798377438516,65506,0.0006605645820851047,0.0006605647713869519,0.0070597470791616684
772,419,0,2,450198272,3641840450,3191642179,0.4283482286385407,65521,0.00033024448458043404,0.0003302448641537042,0.0039922782726164955
773,419,0,2,450198272,3640720336,3190522065,0.42885463457478323,65513,0.0005064057914389884,0.0005064059362438422,0.005793249322665642
774,419,0,2,450198272,3639941399,3189743128,0.429206898475627,65520,0.0003522634716290214,0.00035226390084256055,0.004227909891679893
775,419,0,2,450198272,3639113981,3188915710,0.4295811814972943,65519,0.0003742827947452993,0.00037428302166794483,0.004463541174757649
776,419,0,2,450198272,3638384096,3188185825,0.4299114260351118,65521,0.00033024448458043404,0.0003302445378164289,0.0039922782726164955
777,419,0,2,450198272,3637508434,3187310163,0.4303077287651931,65518,0.0003963024539395264,0.00039630273008298367,0.004699172121844633
778,419,0,2,450198272,3636730282,3186532011,0.4306599922842409,65520,0.0003522634716290214,0.00035226351904810713,0.004227909891679893
779,419,0,2,450198272,3636000942,3185802671,0.4309902370871974,65521,0.00033024448458043404,0.00033024480295697407,0.0039922782726164955
780,419,0,2,450198272,3635077323,3184879052,0.43140855984078996,65517,0.000418322449221962,0.00041832275359039294,0.004934802732935719
781,419,0,2,450198272,3634251167,3184052896,0.4317828427443011,65519,0.0003742827947452993,0.00037428290351254476,0.004463541174757649
782,419,0,2,450198272,3633425225,3183226954,0.4321571257857926,65519,0.0003742827947452993,0.0003742830414922065,0.004463541174757649
783,419,0,2,450198272,3632308064,3182109793,0.4326635318771537,65513,0.0005064057914389884,0.0005064060913612622,0.005835285569952072
784,419,0,2,450198272,3631579736,3181381465,0.4329937767555485,65521,0.00033024448458043404,0.00033024487839363153,0.0039922782726164955
785,419,0,2,450198272,3630026327,3179828056,0.433698389769134,65504,0.0007046129765893727,0.0007046130135855504,0.007691974191490173
786,419,0,2,450198272,3629250001,3179051730,0.43405065359973705,65520,0.0003522634716290214,0.00035226383060213857,0.004227909891679893
787,419,0,2,450198272,3628473865,3178275594,0.43440291721831414,65520,0.0003522634716290214,0.00035226361857804134,0.004227909891679893
788,419,0,2,450198272,3627503932,3177305661,0.4348432601181429,65516,0.0004403427806028656,0.0004403428998275383,0.005158914338864347
789,419,0,2,450198272,3626679740,3176481469,0.435217543264077,65519,0.0003742827947452993,0.000374283145935146,0.004463541174757649
790,419,0,2,450198272,3625904231,3175705960,0.43556980711224824,65520,0.0003522634716290214,0.0003522638481716164,0.004227909891679893
791,419,0,2,450198272,3624935082,3174736811,0.43601015009854294,65516,0.0004403427806028656,0.000440342986294546,0.005170433008025777
792,419,0,2,450198272,3624014671,3173816400,0.43642847293540044,65517,0.000418322449221962,0.0004183228368574933,0.004904285154810719
793,419,0,2,450198272,3623191384,3172993113,0.43680275613276365,65519,0.0003742827947452993,0.00037428319736316145,0.004463541174757649
794,419,0,2,450198272,3622416727,3172218456,0.4371550198219083,65520,0.0003522634716290214,0.00035226368914240884,0.004227909891679893
795,419,0,2,450198272,3621497046,3171298775,0.4375733427108912,65517,0.000418322449221962,0.000418322888984026,0.00492328406377429
796,419,0,2,450198272,3620674412,3170476141,0.4379476259406303,65519,0.0003742827947452993,0.00037428322974026283,0.004463541174757649
797,419,0,2,450198272,3619803614,3169605343,0.4383439287223183,65518,0.0003963024539395264,0.0003963027816870596,0.004699172121844633
798,419,0,2,450198272,3618884691,3168686420,0.4387622514231069,65517,0.000418322449221962,0.00041832270079030474,0.00492328406377429
799,419,0,2,450198272,3618159436,3167961165,0.43909249601456324,65521,0.00033024448458043404,0.0003302445914542255,0.0039922782726164955
800,419,0,2,450198272,3617386007,3167187736,0.43944475993314214,65520,0.0003522634716290214,0.0003522639185788174,0.004227909891679893
801,419,0,2,450198272,3616612767,3166414496,0.43979702377229657,65520,0.0003522634716290214,0.0003522638391540116,0.004227909891679893
802,419,0,2,450198272,3615743085,3165544814,0.44019332635575026,65518,0.0003963024539395264,0.0003963025834542344,0.004699172121844633
803,419,0,2,450198272,3614970246,3164771975,0.44054559024250395,65520,0.0003522634716290214,0.0003522638867560577,0.004227909891679893
804,419,0,2,450198272,3614245887,3164047616,0.4408758348091766,65521,0.00033024448458043404,0.00033024456667165095,0.0039922782726164955
805,419,0,2,450198272,3613473414,3163275143,0.44122809848034095,65520,0.0003522634716290214,0.0003522636711624719,0.004227909891679893
806,419,0,2,450198272,3612701130,3162502859,0.44158036196544614,65520,0.0003522634716290214,0.00035226348510528267,0.004227909891679893
807,419,0,2,450198272,3611832522,3161634251,0.4419766647147867,65518,0.0003963024539395264,0.00039630274934262865,0.004699172121844633
808,419,0,2,450198272,3610867667,3160669396,0.4424170078593761,65516,0.0004403427806028656,0.00044034314458907975,0.005115354265434883
809,419,0,2,450198272,3610096019,3159897748,0.4427692714215148,65520,0.0003522634716290214,0.0003522635621392681,0.004227909891679893
810,419,0,2,450198272,3609372775,3159174504,0.44309951627237254,65521,0.00033024448458043404,0.00033024485085724175,0.0039922782726164955
811,419,0,2,450198272,3608601492,3158403221,0.4434517798180515,65520,0.0003522634716290214,0.00035226354567732506,0.004227909891679893
812,419,0,2,450198272,3607685817,3157487546,0.4438701023760423,65517,0.000418322449221962,0.00041832255799108573,0.004904285154810719
813,419,0,2,450198272,3606963125,3156764854,0.4442003470678877,65521,0.00033024448458043404,0.0003302446918476036,0.0039922782726164955
814,419,0,2,450198272,3606192430,3155994159,0.4445526107477704,65520,0.0003522634716290214,0.0003522636798814444,0.004227909891679893
815,419,0,2,450198272,3605373766,3155175495,0.44492689398347096,65519,0.0003742827947452993,0.0003742832357011434,0.004463541174757649
816,419,0,2,450198272,3604651603,3154453332,0.44525713876075557,65521,0.00033024448458043404,0.00033024477728540536,0.0039922782726164955
817,419,0,2,450198272,3603737073,3153538802,0.4456754613829048,65517,0.000418322449221962,0.000418322622146769,0.00492328406377429
818,419,0,2,450198272,3601667948,3151469677,0.44662236462453464,65493,0.0009469031891450585,0.0009469032416322421,0.009359887584672003
819,419,0,2,450198272,3600610020,3150411749,0.4471067493313825,65514,0.000484384451701118,0.000484384706845829,0.005524940162877561
820,419,0,2,450198272,3599888947,3149690676,0.4474369942625209,65521,0.00033024448458043404,0.00033024493114067167,0.0039922782726164955
821,419,0,2,450198272,3599119979,3148921708,0.44778925798604874,65520,0.0003522634716290214,0.0003522637235248508,0.004227909891679893
822,419,0,2,450198272,3598351199,3148152928,0.44814152158880205,65520,0.0003522634716290214,0.0003522636027542165,0.004227909891679893
823,419,0,2,450198272,3596525792,3146327521,0.44897828825180497,65498,0.000836766229995985,0.0008367666630051526,0.008815509288308912
824,419,0,2,450198272,3595757645,3145559374,0.44933055201356,65520,0.0003522634716290214,0.0003522637617533045,0.004227909891679893
825,419,0,2,450198272,3595037683,3144839412,0.449660796771294,65521,0.00033024448458043404,0.00033024475773330133,0.0039922782726164955
826,419,0,2,450198272,3594317886,3144119615,0.449991041430998,65521,0.00033024448458043404,0.00033024465970379213,0.0039922782726164955
827,419,0,2,450198272,3593598254,3143399983,0.4503212859752921,65521,0.00033024448458043404,0.00033024454429652185,0.0039922782726164955
828,419,0,2,450198272,3592830822,3142632551,0.450673549613807,65520,0.0003522634716290214,0.0003522636385133467,0.004227909891679893
829,419,0,2,450198272,3592063577,3141865306,0.4510258134182763,65520,0.0003522634716290214,0.00035226380447037406,0.004227909891679893
830,419,0,2,450198272,3591152696,3140954425,0.45144413626280055,65517,0.000418322449221962,0.00041832284452263205,0.00492328406377429
831,419,0,2,450198272,3589762808,3139564537,0.45208267730371077,65507,0.0006385408891551363,0.0006385410409099794,0.007015612033399586
832,419,0,2,450198272,3588373535,3138175264,0.4527212183595033,65507,0.0006385408891551363,0.0006385410557924767,0.007174337975639072
833,419,0,2,450198272,3587559494,3137361223,0.45309550123485565,65519,0.0003742827947452993,0.00037428287535256694,0.004452022505596219
834,419,0,2,450198272,3586793536,3136595265,0.4534477650147295,65520,0.0003522634716290214,0.0003522637798756685,0.004227909891679893
835,419,0,2,450198272,3586075626,3135877355,0.4537780096452231,65521,0.00033024448458043404,0.00033024463049066547,0.0039922782726164955
836,419,0,2,450198272,3585357880,3135159609,0.45410825442141345,65521,0.00033024448458043404,0.00033024477619374805,0.0039922782726164955
837,419,0,2,450198272,3584496782,3134298511,0.4545045571953885,65518,0.0003963024539395264,0.0003963027739728517,0.004699172121844633
838,419,0,2,450198272,3583683746,3133485475,0.45487884035972925,65519,0.0003742827947452993,0.000374283164341043,0.004463541174757649
839,419,0,2,450198272,3582966548,3132768277,0.4552090848864907,65521,0.00033024448458043404,0.0003302445267631988,0.0039922782726164955
840,419,0,2,450198272,3581867096,3131668825,0.4557154907897072,65513,0.0005064057914389884,0.0005064059032135722,0.005760569429933765
841,419,0,2,450198272,3581102528,3130904257,0.4560677544529206,65520,0.0003522634716290214,0.0003522636632131503,0.004227909891679893
842,419,0,2,450198272,3580385920,3130187649,0.4563979993456293,65521,0.00033024448458043404,0.00033024489271109953,0.0039922782726164955
843,419,0,2,450198272,3579526188,3129327917,0.45679430193090553,65518,0.0003963024539395264,0.00039630258527668374,0.004699172121844633
844,419,0,2,450198272,3578618942,3128420671,0.45721262468575574,65517,0.000418322449221962,0.0004183227548473014,0.004934802732935719
845,419,0,2,450198272,3577855167,3127656896,0.4575648883520955,65520,0.0003522634716290214,0.00035226366633997746,0.004227909891679893
846,419,0,2,450198272,3576852957,3126654686,0.4580272520800115,65515,0.0004623634480924974,0.00046236372791737815,0.00532199045253682
847,419,0,2,450198272,3576041904,3125843633,0.4584015351546675,65519,0.0003742827947452993,0.0003742830746567542,0.004463541174757649
848,419,0,2,450198272,3575183365,3124985094,0.45879783779535543,65518,0.0003963024539395264,0.00039630264068763615,0.004687653452683203
849,419,0,2,450198272,3573276025,3123077754,0.45967865801490504,65496,0.000880820004703256,0.0008808202195490142,0.009238060371727815
850,419,0,2,450198272,3572418246,3122219975,0.4600749605038992,65518,0.0003963024539395264,0.0003963024889954416,0.004687653452683203
851,419,0,2,450198272,3571560702,3121362431,0.4604712632683956,65518,0.0003963024539395264,0.0003963027644945128,0.004687653452683203
852,419,0,2,450198272,3567845701,3117647430,0.4621893609385168,65458,0.0017180974165047324,0.0017180976701225007,0.015856986585090698
853,419,0,2,450198272,3566037983,3115839712,0.4630261272003615,65498,0.000836766229995985,0.0008367662618456202,0.008797330505764566
854,419,0,2,450198272,3565277279,3115079008,0.46337839110979573,65520,0.0003522634716290214,0.0003522639094341658,0.004227909891679893
855,419,0,2,450198272,3564421696,3114223425,0.46377469402563776,65518,0.0003963024539395264,0.00039630291584224445,0.004699172121844633
856,419,0,2,450198272,3563566348,3113368077,0.4641709969383143,65518,0.0003963024539395264,0.0003963029126743067,0.004699172121844633
857,419,0,2,450198272,3562711235,3112512964,0.4645672998179009,65518,0.0003963024539395264,0.00039630287958695727,0.004687653452683203
858,419,0,2,450198272,3561903850,3111705579,0.4649415830581418,65519,0.0003742827947452993,0.0003742832402410959,0.004463541174757649
859,419,0,2,450198272,3560811790,3110613519,0.4654479889617029,65513,0.0005064057914389884,0.0005064059035596637,0.005760569429933765
860,419,0,2,450198272,3559862506,3109664235,0.46588833178367395,65516,0.0004403427806028656,0.00044034282197348893,0.005139915429900777
861,419,0,2,450198272,3559150760,3108952489,0.46621857642637465,65521,0.00033024448458043404,0.00033024464270107795,0.0039922782726164955
862,419,0,2,450198272,3558154544,3107956273,0.46668093994180637,65515,0.0004623634480924974,0.00046236351543103973,0.00532199045253682
863,419,0,2,450198272,3557395765,3107197494,0.46703320369807244,65520,0.0003522634716290214,0.0003522637562667378,0.004227909891679893
864,419,0,2,450198272,3556115639,3105917368,0.4676276982468046,65509,0.0005944945118882062,0.0005944945487299756,0.0066480043953009715
865,419,0,2,450198272,3555120395,3104922124,0.46809006202143166,65515,0.0004623634480924974,0.00046236377462773287,0.00532199045253682
866,419,0,2,450198272,3554362357,3104164086,0.46844232566598265,65520,0.0003522634716290214,0.00035226364455279965,0.004227909891679893
867,419,0,2,450198272,3553604504,3103406233,0.4687945893421315,65520,0.0003522634716290214,0.00035226367614661863,0.004227909891679893
868,419,0,2,450198272,3552752128,3102553857,0.46919089180559226,65518,0.0003963024539395264,0.0003963024634614439,0.004699172121844633
869,419,0,2,450198272,3551994668,3101796397,0.46954315553873727,65520,0.0003522634716290214,0.0003522637331432447,0.004227909891679893
870,419,0,2,450198272,3551237393,3101039122,0.4698954192378686,65520,0.0003522634716290214,0.0003522636991326512,0.004227909891679893
871,419,0,2,450198272,3550338349,3100140078,0.4703137417173835,65517,0.000418322449221962,0.0004183224795143367,0.00492328406377429
872,419,0,2,450198272,3549486870,3099288599,0.47071004421635365,65518,0.0003963024539395264,0.00039630249897156954,0.004699172121844633
873,419,0,2,450198272,3548588333,3098390062,0.47112836693166216,65517,0.000418322449221962,0.0004183227153079578,0.00492328406377429
874,419,0,2,450198272,3547453668,3097255397,0.4716567947113681,65512,0.0005284274673163702,0.0005284277797057516,0.0060578720056822695
875,419,0,2,450198272,3546697502,3096499231,0.47200905824430706,65520,0.0003522634716290214,0.00035226353293915327,0.004227909891679893
876,419,0,2,450198272,3545894271,3095696000,0.4723833414649299,65519,0.0003742827947452993,0.00037428322062142607,0.004463541174757649
877,419,0,2,450198272,3545138485,3094940214,0.4727356053298699,65520,0.0003522634716290214,0.00035226386494004196,0.004227909891679893
878,419,0,2,450198272,3544288434,3094090163,0.4731319079153167,65518,0.0003963024539395264,0.00039630258544923565,0.004699172121844633
879,419,0,2,450198272,3543580252,3093381981,0.4734621528489953,65521,0.00033024448458043404,0.00033024493367580295,0.0039922782726164955
880,419,0,2,450198272,3542825031,3092626760,0.4738144166890592,65520,0.0003522634716290214,0.00035226384006448755,0.004227909891679893
881,419,0,2,450198272,3542069995,3091871724,0.4741666802399749,65520,0.0003522634716290214,0.0003522635509160462,0.004227909891679893
882,419,0,2,450198272,3533955341,3083757070,0.47795802787836905,65364,0.003791347438400061,0.003791347638395754,0.0291452583060964
883,419,0,2,450198272,3533202470,3083004199,0.47831029164087013,65520,0.0003522634716290214,0.0003522637624989239,0.004227909891679893
884,419,0,2,450198272,3532449783,3082251512,0.47866255531281965,65520,0.0003522634716290214,0.00035226367195086746,0.004227909891679893
885,419,0,2,450198272,3531509154,3081310883,0.47910289832135433,65516,0.0004403427806028656,0.0004403430085342342,0.005158914338864347
886,419,0,2,450198272,3530756880,3080558609,0.4794551621841272,65520,0.0003522634716290214,0.0003522638627743173,0.004227909891679893
887,419,0,2,450198272,3529675751,3079477480,0.4799615681338132,65513,0.0005064057914389884,0.0005064059496862934,0.005822243074647608
888,419,0,2,450198272,3528829947,3078631676,0.480357870704335,65518,0.0003963024539395264,0.00039630257052133256,0.004687653452683203
889,419,0,2,450198272,3527890423,3077692152,0.48079821356607866,65516,0.0004403427806028656,0.0004403428617430316,0.005086360513452917
890,419,0,2,450198272,3527139033,3076940762,0.48115047718514603,65520,0.0003522634716290214,0.0003522636190676445,0.004227909891679893
891,419,0,2,450198272,3526200025,3076001754,0.4815908200591288,65516,0.0004403427806028656,0.0004403428739824145,0.005147395669702917
892,419,0,2,450198272,3525495984,3075297713,0.4819210645771115,65521,0.00033024448458043404,0.000330244517980917,0.0039922782726164955
893,419,0,2,450198272,3521038078,3070839807,0.48401389116481397,65441,0.002092826265968833,0.0020928265877050998,0.018248902438504543
894,419,0,2,450198272,3519960360,3069762089,0.48452029703719646,65513,0.0005064057914389884,0.000506405872380022,0.005854284478915642
895,419,0,2,450198272,3519164065,3068965794,0.48489458007300357,65519,0.0003742827947452993,0.00037428303580929525,0.004463541174757649
896,419,0,2,450198272,3518087004,3067888733,0.48540098626939,65513,0.0005064057914389884,0.0005064061963838568,0.005810724405486178
897,419,0,2,450198272,3517338007,3067139736,0.48575325008311765,65520,0.0003522634716290214,0.0003522638137278139,0.004227909891679893
898,419,0,2,450198272,3516542392,3066344121,0.48612753323055813,65519,0.0003742827947452993,0.0003742831474430697,0.004463541174757649
899,419,0,2,450198272,3515840561,3065642290,0.48645777796360434,65521,0.00033024448458043404,0.0003302447330434872,0.0039922782726164955
900,419,0,2,450198272,3514951779,3064753508,0.48687610051081265,65517,0.000418322449221962,0.00041832254721083274,0.00492328406377429
901,419,0,2,450198272,3514016490,3063818219,0.48731644350512937,65516,0.0004403427806028656,0.00044034299431581114,0.005139915429900777
902,419,0,2,450198272,3513268487,3063070216,0.48766870721467015,65520,0.0003522634716290214,0.00035226370954200405,0.004227909891679893
903,419,0,2,450198272,3512473928,3062275657,0.48804299018878794,65519,0.0003742827947452993,0.000374282974117722,0.004463541174757649
904,419,0,2,450198272,3511726302,3061528031,0.48839525371092307,65520,0.0003522634716290214,0.0003522635221347215,0.004227909891679893
905,419,0,2,450198272,3510464991,3060266720,0.4889897483728589,65509,0.0005944945118882062,0.0005944946619357342,0.006576089058353385
906,419,0,2,450198272,3509344287,3059146016,0.4895181762436174,65512,0.0005284274673163702,0.0005284278707559702,0.0059961983609684265
907,419,0,2,450198272,3508597425,3058399154,0.4898704398000078,65520,0.0003522634716290214,0.00035226355639043694,0.004227909891679893
908,419,0,2,450198272,3505144032,3054945761,0.4915003800551574,65462,0.0016299400659799616,0.001629940255150559,0.016143672883323273
909,419,0,2,450198272,3504351580,3054153309,0.4918746632559561,65519,0.0003742827947452993,0.00037428320079764505,0.004463541174757649
910,419,0,2,450198272,3503466129,3053267858,0.4922929857330409,65517,0.000418322449221962,0.00041832247708831915,0.004904285154810719
911,419,0,2,450198272,3502720702,3052522431,0.4926452493355207,65520,0.0003522634716290214,0.0003522636024775331,0.004227909891679893
912,419,0,2,450198272,3501928879,3051730608,0.49301953235244866,65519,0.0003742827947452993,0.00037428301692948857,0.004463541174757649
913,419,0,2,450198272,3501044130,3050845859,0.4934378550102885,65517,0.000418322449221962,0.0004183226578402451,0.004934802732935719
914,419,0,2,450198272,3499973429,3049775158,0.49394426084488785,65513,0.0005064057914389884,0.0005064058345964412,0.005791725496522608
915,419,0,2,450198272,3498996175,3048797904,0.49440662458054163,65515,0.0004623634480924974,0.0004623637356553318,0.00538302560878682
916,419,0,2,450198272,3498298360,3048100089,0.4947368693199188,65521,0.00033024448458043404,0.00033024473937715,0.0039922782726164955
917,419,0,2,450198272,3497554194,3047355923,0.49508913323619197,65520,0.0003522634716290214,0.00035226391627419027,0.004227909891679893
918,419,0,2,450198272,3496484717,3046286446,0.49559553944996537,65513,0.0005064057914389884,0.0005064062137733536,0.005816286660988502
919,419,0,2,450198272,3495601546,3045403275,0.49601386227638855,65517,0.000418322449221962,0.0004183228264209074,0.00492328406377429
920,419,0,2,450198272,3494718631,3044520360,0.4964321851248492,65517,0.000418322449221962,0.00041832284846078497,0.00492328406377429
921,419,0,2,450198272,3494021795,3043823524,0.4967624298892872,65521,0.00033024448458043404,0.0003302447644407294,0.0039922782726164955
922,419,0,2,450198272,3493232228,3043033957,0.4971367131398132,65519,0.0003742827947452993,0.000374283250525962,0.004463541174757649
923,419,0,2,450198272,3492442866,3042244595,0.4975109963018838,65519,0.0003742827947452993,0.0003742831620679426,0.004463541174757649
924,419,0,2,450198272,3491607288,3041409017,0.4979072990243374,65518,0.0003963024539395264,0.00039630272245561244,0.004687653452683203
925,419,0,2,450198272,3490075816,3039877545,0.4986339370749704,65503,0.0007266376781842033,0.0007266380506304066,0.007761907019818978
926,419,0,2,450198272,3489380043,3039181772,0.498964181676552,65521,0.00033024448458043404,0.0003302446015817738,0.0039922782726164955
927,419,0,2,450198272,3488591681,3038393410,0.4993384644851204,65519,0.0003742827947452993,0.0003742828085691078,0.004463541174757649
928,419,0,2,450198272,3487710799,3037512528,0.4997567869920445,65517,0.000418322449221962,0.0004183225069250345,0.00492328406377429
929,419,0,2,450198272,3487015567,3036817296,0.5000870317407191,65521,0.00033024448458043404,0.0003302447486746607,0.0039922782726164955
930,419,0,2,450198272,3486274156,3036075885,0.5004392954629324,65520,0.0003522634716290214,0.00035226372221432937,0.004227909891679893
931,419,0,2,450198272,3485440272,3035242001,0.5008355983222579,65518,0.0003963024539395264,0.00039630285932340303,0.004699172121844633
932,419,0,2,450198272,3484699246,3034500975,0.5011878618513421,65520,0.0003522634716290214,0.0003522635290846503,0.004227909891679893
933,419,0,2,450198272,3483680584,3033482313,0.5016722463856418,65514,0.000484384451701118,0.0004843845342995664,0.005524940162877561
934,419,0,2,450198272,3482893700,3032695429,0.5020465294018024,65519,0.0003742827947452993,0.00037428301616094736,0.004463541174757649
935,419,0,2,450198272,3482060745,3031862474,0.5024428320093648,65518,0.0003963024539395264,0.0003963026075637576,0.004687653452683203
936,419,0,2,450198272,3480904181,3030705910,0.502993281608223,65511,0.0005504494793435254,0.0005504495988585056,0.006116351545599367
937,419,0,2,450198272,3480164262,3029965991,0.5033455453488465,65520,0.0003522634716290214,0.00035226374062154755,0.004227909891679893
938,419,0,2,450198272,3478962188,3028763917,0.5039180172192452,65510,0.0005724718275307164,0.0005724718703988386,0.0064674552149526065
939,419,0,2,450198272,3478130313,3027932042,0.5043143197422069,65518,0.0003963024539395264,0.0003963025229631743,0.004687653452683203
940,419,0,2,450198272,3477391071,3027192800,0.5046665835849993,65520,0.0003522634716290214,0.0003522638427923907,0.004227909891679893
941,419,0,2,450198272,3475912949,3025714678,0.5053711968074452,65504,0.0007046129765893727,0.0007046132224452277,0.007752946655388494
942,419,0,2,450198272,3475174249,3024975978,0.5057234603398548,65520,0.0003522634716290214,0.00035226353240933733,0.004227909891679893
943,419,0,2,450198272,3474481886,3024283615,0.50605370527499,65521,0.00033024448458043404,0.00033024493513641925,0.0039922782726164955
944,419,0,2,450198272,3473651241,3023452970,0.5064500080613072,65518,0.0003963024539395264,0.00039630278631744287,0.004687653452683203
945,419,0,2,450198272,3472820824,3022622553,0.5068463109161918,65518,0.0003963024539395264,0.00039630285488351577,0.004699172121844633
946,419,0,2,450198272,3472082879,3021884608,0.5071985744072869,65520,0.0003522634716290214,0.0003522634910939489,0.004227909891679893
947,419,0,2,450198272,3471206783,3021008512,0.5076168970015473,65517,0.000418322449221962,0.00041832259426038455,0.00492328406377429
948,419,0,2,450198272,3470469232,3020270961,0.507969160517959,65520,0.0003522634716290214,0.0003522635164107229,0.004227909891679893
949,419,0,2,450198272,3469731861,3019533590,0.5083214240659899,65520,0.0003522634716290214,0.0003522635480330594,0.004227909891679893
950,419,0,2,450198272,3468948595,3018750324,0.5086957072220422,65519,0.0003742827947452993,0.0003742831560519488,0.004452022505596219
951,419,0,2,450198272,3468073407,3017875136,0.5091140301425732,65517,0.000418322449221962,0.0004183229205318672,0.004879723990344825
952,419,0,2,450198272,3467290571,3017092300,0.5094883133954156,65519,0.0003742827947452993,0.0003742832528397565,0.004463541174757649
953,419,0,2,450198272,3466507939,3016309668,0.5098625962022147,65519,0.0003742827947452993,0.0003742828068019597,0.004463541174757649
954,419,0,2,450198272,3465679484,3015481213,0.510258899042018,65518,0.0003963024539395264,0.00039630283980180597,0.004699172121844633
955,419,0,2,450198272,3464621194,3014422923,0.5107653050199765,65513,0.0005064057914389884,0.0005064059779602084,0.005835285569952072
956,419,0,2,450198272,3463839254,3013640983,0.5111395880349541,65519,0.0003742827947452993,0.0003742830149750516,0.004463541174757649
957,419,0,2,450198272,3462919563,3012721292,0.5115799311788294,65516,0.0004403427806028656,0.000440343143874818,0.005115354265434883
958,419,0,2,450198272,3461954182,3011755911,0.5120422950807111,65515,0.0004623634480924974,0.0004623639018820219,0.005350984204518786
959,419,0,2,450198272,3461035067,3010836796,0.5124826378790068,65516,0.0004403427806028656,0.00044034279829678564,0.005115354265434883
960,419,0,2,450198272,3460299999,3010101728,0.5128349015533011,65520,0.0003522634716290214,0.0003522636742952268,0.004227909891679893
961,419,0,2,450198272,3459243597,3009045326,0.5133413075037012,65513,0.0005064057914389884,0.0005064059503981844,0.005822243074647608
962,419,0,2,450198272,3458417138,3008218867,0.5137376099660997,65518,0.0003963024539395264,0.000396302462399056,0.004699172121844633
963,419,0,2,450198272,3456581066,3006382795,0.5146184304094987,65496,0.000880820004703256,0.0008808204433996546,0.009299245355827537
964,419,0,2,450198272,3455755338,3005557067,0.5150147330091777,65518,0.0003963024539395264,0.00039630259967956123,0.004687653452683203
965,419,0,2,450198272,3454883975,3004685704,0.5154330559074758,65517,0.000418322449221962,0.00041832289829876697,0.004879723990344825
966,419,0,2,450198272,3454150409,3003952138,0.515785319453208,65520,0.0003522634716290214,0.00035226354573243744,0.004227909891679893
967,419,0,2,450198272,3453325348,3003127077,0.5161816223411897,65518,0.0003963024539395264,0.00039630288798047817,0.004687653452683203
968,419,0,2,450198272,3452317218,3002118947,0.5166660068807829,65514,0.000484384451701118,0.00048438453959148144,0.005618655211859437
969,419,0,2,450198272,3451401044,3001202773,0.5171063496637593,65516,0.0004403427806028656,0.00044034278297941213,0.005139915429900777
970,419,0,2,450198272,3450622533,3000424262,0.5174806328235526,65519,0.0003742827947452993,0.0003742831597922788,0.004452022505596219
971,419,0,2,450198272,3449523744,2999325473,0.5180090606843883,65512,0.0005284274673163702,0.0005284278608351694,0.006040396922861734
972,419,0,2,450198272,3448791486,2998593215,0.5183613245430543,65520,0.0003522634716290214,0.00035226385866604095,0.004227909891679893
973,419,0,2,450198272,3448059407,2997861136,0.5187135882930178,65520,0.0003522634716290214,0.0003522637499642193,0.004227909891679893
974,419,0,2,450198272,3447281763,2997083492,0.5190878713659366,65519,0.0003742827947452993,0.0003742830729176433,0.004463541174757649
975,419,0,2,450198272,3446550053,2996351782,0.5194401349160884,65520,0.0003522634716290214,0.00035226355015232307,0.004227909891679893
976,419,0,2,450198272,3445681359,2995483088,0.5198584577042915,65517,0.000418322449221962,0.000418322788201598,0.004934802732935719
977,419,0,2,450198272,3444904332,2994706061,0.5202327407120357,65519,0.0003742827947452993,0.00037428300774496455,0.004463541174757649
978,419,0,2,450198272,3443990420,2993792149,0.5206730836074343,65516,0.0004403427806028656,0.00044034289540017293,0.005170433008025777
979,419,0,2,450198272,3438234532,2988036261,0.5234494901063158,65410,0.0027764060185773093,0.002776406498881509,0.022444692603868343
980,419,0,2,450198272,3437413843,2987215572,0.5238457927194773,65518,0.0003963024539395264,0.0003963026131613608,0.004699172121844633
981,419,0,2,450198272,3436547798,2986349527,0.5242641153843302,65517,0.000418322449221962,0.000418322664852176,0.00492328406377429
982,419,0,2,450198272,3435727572,2985529301,0.5246604181306296,65518,0.0003963024539395264,0.0003963027462985374,0.004687653452683203
983,419,0,2,450198272,3434725349,2984527078,0.5251448028914254,65514,0.000484384451701118,0.0004843847607984309,0.005575095138429974
984,419,0,2,450198272,3433404681,2983206410,0.5257833438749344,65507,0.0006385408891551363,0.0006385409835060836,0.007170938034743626
985,419,0,2,450198272,3432539798,2982341527,0.5262016666968989,65517,0.000418322449221962,0.0004183228219665328,0.00492328406377429
986,419,0,2,450198272,3431675166,2981476895,0.5266199893952326,65517,0.000418322449221962,0.00041832269833432645,0.00492328406377429
987,419,0,2,450198272,3430901772,2980703501,0.5269942724999375,65519,0.0003742827947452993,0.00037428310470452044,0.004463541174757649
988,419,0,2,450198272,3430083097,2979884826,0.52739057511479,65518,0.0003963024539395264,0.0003963026148532347,0.004699172121844633
989,419,0,2,450198272,3429355586,2979157315,0.5277428386136123,65520,0.0003522634716290214,0.0003522634988215392,0.004227909891679893
990,419,0,2,450198272,3428491877,2978293606,0.5281611613883435,65517,0.000418322449221962,0.0004183227747320897,0.004904285154810719
991,419,0,2,450198272,3427764754,2977566483,0.5285134251204511,65520,0.0003522634716290214,0.0003522637321066831,0.004227909891679893
992,419,0,2,450198272,3426719770,2976521499,0.5290198312248435,65513,0.0005064057914389884,0.0005064061043925695,0.005793249322665642
993,419,0,2,450198272,3425993080,2975794809,0.5293720947841791,65520,0.0003522634716290214,0.0003522635593351048,0.004227909891679893
994,419,0,2,450198272,3424994125,2974795854,0.5298564794510909,65514,0.000484384451701118,0.0004843846669106813,0.005599656302895868
995,419,0,2,450198272,3424131681,2973933410,0.5302748019651418,65517,0.000418322449221962,0.00041832251405088026,0.004934802732935719
996,419,0,2,450198272,3423269487,2973071216,0.5306931244972475,65517,0.000418322449221962,0.0004183225321067827,0.00492328406377429
997,419,0,2,450198272,3422316812,2972118541,0.5311554880435843,65515,0.0004623634480924974,0.00046236354633574886,0.00539454427794825
998,419,0,2,450198272,3421591197,2971392926,0.5315077515743631,65520,0.0003522634716290214,0.0003522635307790359,0.004227909891679893
999,419,0,2,450198272,3420865759,2970667488,0.5318600151790243,65520,0.0003522634716290214,0.0003522636046602401,0.004227909891679893
1000,419,0,2,450198272,3419868525,2969670254,0.5323443999471635,65514,0.000484384451701118,0.000484384768141708,0.005586613807591404
1001,419,0,2,450198272,3419052880,2968854609,0.5327407027432862,65518,0.0003963024539395264,0.000396302796122621,0.004699172121844633
1002,419,0,2,450198272,3418192158,2967993887,0.5331590254848955,65517,0.000418322449221962,0.0004183227416097884,0.00492328406377429
1003,419,0,2,450198272,3417376974,2967178703,0.5335553280030716,65518,0.0003963024539395264,0.00039630251817401765,0.004699172121844633
1004,419,0,2,450198272,3416652565,2966454294,0.5339075915413112,65520,0.0003522634716290214,0.0003522635382390748,0.004227909891679893
1005,419,0,2,450198272,3415928332,2965730061,0.5342598554967815,65520,0.0003522634716290214,0.0003522639554714365,0.004227909891679893
1006,419,0,2,450198272,3415159023,2964960752,0.5346341384666538,65519,0.0003742827947452993,0.00037428296987031826,0.004463541174757649
1007,419,0,2,450198272,3414299430,2964101159,0.5350524611576901,65517,0.000418322449221962,0.00041832269103848967,0.00492328406377429
1008,419,0,2,450198272,3413304400,2963106129,0.5355368460594718,65514,0.000484384451701118,0.0004843849017824294,0.0056416925501822975
1009,419,0,2,450198272,3412309704,2962111433,0.5360212309735637,65514,0.000484384451701118,0.00048438491409204406,0.0056111749720572975
1010,419,0,2,450198272,3411496135,2961297864,0.5364175338154773,65518,0.0003963024539395264,0.0003963028419110408,0.004668654543719633
1011,419,0,2,450198272,3410456861,2960258590,0.5369239396812198,65513,0.0005064057914389884,0.0005064058657438772,0.005791725496522608
1012,419,0,2,450198272,3409688971,2959490700,0.53729822279589,65519,0.0003742827947452993,0.0003742831146694414,0.004463541174757649
1013,419,0,2,450198272,3409011597,2958813326,0.5376284674438843,65521,0.00033024448458043404,0.0003302446479941899,0.0039922782726164955
1014,419,0,2,450198272,3408334378,2958136107,0.5379587121107434,65521,0.00033024448458043404,0.0003302446668591618,0.0039922782726164955
1015,419,0,2,450198272,3407521901,2957323630,0.5383550148828746,65518,0.0003963024539395264,0.0003963027721329389,0.004687653452683203
1016,419,0,2,450198272,3406754772,2956556501,0.5387292981573815,65519,0.0003742827947452993,0.000374283274504704,0.004463541174757649
1017,419,0,2,450198272,3406032956,2955834685,0.5390815618476701,65520,0.0003522634716290214,0.0003522636902896758,0.004227909891679893
1018,419,0,2,450198272,3405311316,2955113045,0.5394338256476665,65520,0.0003522634716290214,0.00035226379999793943,0.004227909891679893
1019,419,0,2,450198272,3404589852,2954391581,0.5397860895364452,65520,0.0003522634716290214,0.0003522638887772726,0.004227909891679893
1020,419,0,2,450198272,3403823484,2953625213,0.5401603726022692,65519,0.0003742827947452993,0.0003742830658234168,0.004463541174757649
1021,419,0,2,450198272,3403057315,2952859044,0.5405346555682051,65519,0.0003742827947452993,0.00037428296593613065,0.004463541174757649
1022,419,0,2,450198272,3402111116,2951912845,0.5409970194468912,65515,0.0004623634480924974,0.0004623638786864263,0.005350984204518786
1023,419,0,2,450198272,3401345391,2951147120,0.5413713025044693,65519,0.0003742827947452993,0.00037428305757709944,0.004463541174757649
1024,419,0,2,450198272,3400624896,2950426625,0.5417235660238475,65520,0.0003522634716290214,0.00035226351938086423,0.004227909891679893
1025,419,0,2,450198272,3399724497,2949526226,0.542163908926586,65516,0.0004403427806028656,0.0004403429027355353,0.005158914338864347
1026,419,0,2,450198272,3399004397,2948806126,0.5425161728012213,65520,0.0003522634716290214,0.0003522638746367788,0.004227909891679893
1027,419,0,2,450198272,3398194483,2947996212,0.5429124753569852,65518,0.0003963024539395264,0.0003963025557645394,0.004699172121844633
1028,419,0,2,450198272,3397474757,2947276486,0.5432647390059628,65520,0.0003522634716290214,0.00035226364897749155,0.004227909891679893
1029,419,0,2,450198272,3396800178,2946601907,0.5435949839541436,65521,0.00033024448458043404,0.00033024494817991327,0.0039922782726164955
1030,419,0,2,450198272,3396125754,2945927483,0.543925228608046,65521,0.00033024448458043404,0.00033024465390234025,0.0039922782726164955
1031,419,0,2,450198272,3395361582,2945163311,0.5442995114699194,65519,0.0003742827947452993,0.0003742828618743376,0.004463541174757649
1032,419,0,2,450198272,3394417849,2944219578,0.5447618753393897,65515,0.0004623634480924974,0.00046236386947089923,0.00539454427794825
1033,419,0,2,450198272,3393609194,2943410923,0.5451581782546064,65518,0.0003963024539395264,0.0003963029152145208,0.004699172121844633
1034,419,0,2,450198272,3392890587,2942692316,0.5455104421270889,65520,0.0003522634716290214,0.0003522638724817882,0.004227909891679893
1035,419,0,2,450198272,3392172156,2941973885,0.5458627057256216,65520,0.0003522634716290214,0.0003522635985349144,0.004227909891679893
1036,419,0,2,450198272,3391453900,2941255629,0.5462149695195038,65520,0.0003522634716290214,0.00035226379388094466,0.004227909891679893
1037,419,0,2,450198272,3390466540,2940268269,0.546699353979605,65514,0.000484384451701118,0.00048438446010156034,0.005556096229466404
1038,419,0,2,450198272,3389658971,2939460700,0.5470956565319653,65518,0.0003963024539395264,0.0003963025523606045,0.004699172121844633
1039,419,0,2,450198272,3388761918,2938563647,0.5475359996976827,65516,0.0004403427806028656,0.00044034316571764067,0.005158914338864347
1040,419,0,2,450198272,3387999656,2937801385,0.5479102826455389,65519,0.0003742827947452993,0.000374282947855626,0.004463541174757649
1041,419,0,2,450198272,3387237592,2937039321,0.548284565460964,65519,0.0003742827947452993,0.00037428281542461713,0.004463541174757649
1042,419,0,2,450198272,3386565357,2936367086,0.5486148099691235,65521,0.00033024448458043404,0.0003302445081582445,0.0039922782726164955
1043,419,0,2,450198272,3385758859,2935560588,0.5490111127633668,65518,0.0003963024539395264,0.00039630279424425653,0.004687653452683203
1044,419,0,2,450198272,3384773410,2934575139,0.5494954976106072,65514,0.000484384451701118,0.0004843848472413207,0.005599656302895868
1045,419,0,2,450198272,3383877848,2933679577,0.5499358407547845,65516,0.0004403427806028656,0.000440343144177474,0.005170433008025777
1046,419,0,2,450198272,3383116853,2932918582,0.5503101236659518,65519,0.0003742827947452993,0.0003742829111671959,0.004463541174757649
1047,419,0,2,450198272,3382400808,2932202537,0.5506623873463532,65520,0.0003522634716290214,0.0003522636804002058,0.004227909891679893
1048,419,0,2,450198272,3381595454,2931397183,0.5510586900562053,65518,0.0003963024539395264,0.0003963027098535553,0.004699172121844633
1049,419,0,2,450198272,3380835051,2930636780,0.5514329729928988,65519,0.0003742827947452993,0.00037428293669199223,0.004463541174757649
1050,419,0,2,450198272,3380030127,2929831856,0.5518292757265257,65518,0.0003963024539395264,0.0003963027336282285,0.004699172121844633
1051,419,0,2,450198272,3379270130,2929071859,0.552203558685413,65519,0.0003742827947452993,0.0003742829588862831,0.004463541174757649
1052,419,0,2,450198272,3378197471,2927999200,0.5527319865708087,65512,0.0005284274673163702,0.0005284278853977879,0.00604635333652084
1053,419,0,2,450198272,3377482627,2927284356,0.5530842502619073,65520,0.0003522634716290214,0.0003522636910987385,0.004227909891679893
1054,419,0,2,450198272,3376723291,2926525020,0.5534585331322077,65519,0.0003742827947452993,0.0003742828702978504,0.004463541174757649
1055,419,0,2,450198272,3375919496,2925721225,0.5538548360282682,65518,0.0003963024539395264,0.0003963028960628609,0.004687653452683203
1056,419,0,2,450198272,3375205208,2925006937,0.5542070997916682,65520,0.0003522634716290214,0.0003522637633993065,0.004227909891679893
1057,419,0,2,450198272,3374401830,2924203559,0.55460340266524,65518,0.0003963024539395264,0.00039630287357247376,0.004699172121844633
1058,419,0,2,450198272,3373643293,2923445022,0.5549776856130642,65519,0.0003742827947452993,0.0003742829478243845,0.004463541174757649
1059,419,0,2,450198272,3372751128,2922552857,0.555418028581979,65516,0.0004403427806028656,0.00044034296891241453,0.005158914338864347
1060,419,0,2,450198272,3372037614,2921839343,0.5557702921123138,65520,0.0003522634716290214,0.0003522635303357336,0.004227909891679893
1061,419,0,2,450198272,3371279690,2921081419,0.5561445751966971,65519,0.0003742827947452993,0.00037428308438311816,0.004463541174757649
1062,419,0,2,450198272,3370566535,2920368264,0.5564968388445344,65520,0.0003522634716290214,0.0003522636478375943,0.004227909891679893
1063,419,0,2,450198272,3369675309,2919477038,0.5569371817899373,65516,0.0004403427806028656,0.00044034294540394245,0.005128396760739348
1064,419,0,2,450198272,3368917998,2918719727,0.5573114647660766,65519,0.0003742827947452993,0.000374282976136885,0.004463541174757649
1065,419,0,2,450198272,3368160883,2917962612,0.5576857479627861,65519,0.0003742827947452993,0.0003742831967093327,0.004463541174757649
1066,419,0,2,450198272,3367493014,2917294743,0.5580159926254815,65521,0.00033024448458043404,0.0003302446626951958,0.0039922782726164955
1067,419,0,2,450198272,3366647240,2916448969,0.5584343154124589,65517,0.000418322449221962,0.000418322786978816,0.004934802732935719
1068,419,0,2,450198272,3365935216,2915736945,0.558786579045357,65520,0.0003522634716290214,0.00035226363289668917,0.004227909891679893
1069,419,0,2,450198272,3365134384,2914936113,0.5591828819595328,65518,0.0003963024539395264,0.00039630291417728673,0.004699172121844633
1070,419,0,2,450198272,3364422729,2914224458,0.5595351457655902,65520,0.0003522634716290214,0.0003522638060554961,0.004227909891679893
1071,419,0,2,450198272,3363266573,2913068302,0.5601076176211386,65510,0.0005724718275307164,0.0005724718555517937,0.006420101042470913
1072,419,0,2,450198272,3361755276,2911557005,0.5608562806238986,65502,0.0007486627160211863,0.0007486630027579303,0.00824599784456984
1073,419,0,2,450198272,3360911166,2910712895,0.56127460314773,65517,0.000418322449221962,0.00041832252383121413,0.00492328406377429
1074,419,0,2,450198272,3360067300,2909869029,0.5616929260294619,65517,0.000418322449221962,0.0004183228817327297,0.00492328406377429
1075,419,0,2,450198272,3359134877,2908936606,0.5621552896600797,65515,0.0004623634480924974,0.00046236363061639616,0.005375545368984679
1076,419,0,2,450198272,3358380300,2908182029,0.5625295727271009,65519,0.0003742827947452993,0.00037428306702389196,0.004463541174757649
1077,419,0,2,450198272,3357448417,2907250146,0.5629919366422307,65515,0.0004623634480924974,0.0004623639151276297,0.00536402669982325
1078,419,0,2,450198272,3355940139,2905741868,0.5637405993737374,65502,0.0007486627160211863,0.0007486627315064151,0.008113932689051445
1079,419,0,2,450198272,3355186391,2904988120,0.5641148822986111,65519,0.0003742827947452993,0.0003742829248734082,0.004452022505596219
1080,419,0,2,450198272,3354432838,2904234567,0.5644891654827191,65519,0.0003742827947452993,0.00037428318410906994,0.004452022505596219
1081,419,0,2,450198272,3353768111,2903569840,0.5648194101960158,65521,0.00033024448458043404,0.0003302447132952886,0.0039922782726164955
1082,419,0,2,450198272,3352882011,2902683740,0.5652597533770489,65516,0.0004403427806028656,0.000440343181034854,0.005158914338864347
1083,419,0,2,450198272,3352173347,2901975076,0.5656120173346544,65520,0.0003522634716290214,0.0003522639576052793,0.004227909891679893
1084,419,0,2,450198272,3351464856,2901266585,0.565964281299177,65520,0.0003522634716290214,0.00035226396452236504,0.004227909891679893
1085,419,0,2,450198272,3350756538,2900558267,0.5663165452496131,65520,0.0003522634716290214,0.00035226395043522137,0.004227909891679893
1086,419,0,2,450198272,3349915616,2899717345,0.566734868132464,65517,0.000418322449221962,0.0004183228828521713,0.00492328406377429
1087,419,0,2,450198272,3349207677,2899009406,0.5670871317011681,65520,0.0003522634716290214,0.0003522635687050123,0.004227909891679893
1088,419,0,2,450198272,3348455675,2898257404,0.5674614148238142,65519,0.0003742827947452993,0.0003742831226440377,0.004463541174757649
1089,419,0,2,450198272,3347748092,2897549821,0.5678136786071164,65520,0.0003522634716290214,0.0003522637833038515,0.004227909891679893
1090,419,0,2,450198272,3346996469,2896798198,0.5681879615384311,65519,0.0003742827947452993,0.0003742829313131651,0.004463541174757649
1091,419,0,2,450198272,3346333444,2896135173,0.5685182062771155,65521,0.00033024448458043404,0.0003302447386848913,0.0039922782726164955
1092,419,0,2,450198272,3345582188,2895383917,0.5688924891879985,65519,0.0003742827947452993,0.000374282910882017,0.004463541174757649
1093,419,0,2,450198272,3344875307,2894677036,0.569244752739813,65520,0.0003522634716290214,0.0003522635518153074,0.004227909891679893
1094,419,0,2,450198272,3344124429,2893926158,0.5696190357703408,65519,0.0003742827947452993,0.0003742830305285184,0.004463541174757649
1095,419,0,2,450198272,3342976325,2892778054,0.5701915080821358,65510,0.0005724718275307164,0.0005724723117948593,0.006458098860398054
1096,419,0,2,450198272,3342093519,2891895248,0.5706318509612096,65516,0.0004403427806028656,0.00044034287907469377,0.005158914338864347
1097,419,0,2,450198272,3341299236,2891100965,0.5710281535386841,65518,0.0003963024539395264,0.0003963025774743574,0.004699172121844633
1098,419,0,2,450198272,3340505171,2890306900,0.5714244561942294,65518,0.0003963024539395264,0.00039630265554600584,0.004699172121844633
1099,419,0,2,450198272,3339755427,2889557156,0.5717987390307542,65519,0.0003742827947452993,0.00037428283652449375,0.004463541174757649
1100,419,0,2,450198272,3339049968,2888851697,0.5721510028569412,65520,0.0003522634716290214,0.0003522638261841755,0.004227909891679893
1101,419,0,2,450198272,3338344681,2888146410,0.5725032667987016,65520,0.0003522634716290214,0.00035226394176094756,0.004227909891679893
1102,419,0,2,450198272,3337595497,2887397226,0.5728775498500269,65519,0.0003742827947452993,0.00037428305132639376,0.004463541174757649
1103,419,0,2,450198272,3336890566,2886692295,0.5732298133399567,65520,0.0003522634716290214,0.00035226348993130176,0.004227909891679893
1104,419,0,2,450198272,3335260811,2885062540,0.5740445532539269,65499,0.0008147398470877202,0.0008147399139668944,0.008736448689747088
1105,419,0,2,450198272,3329669945,2879471674,0.5768430160202556,65409,0.0027984623718733453,0.0027984627663286132,0.02231354018084698
1106,419,0,2,450198272,3329010886,2878812615,0.5771732606234679,65521,0.00033024448458043404,0.00033024460321333203,0.0039922782726164955
1107,419,0,2,450198272,3328264123,2878065852,0.5775475437663324,65519,0.0003742827947452993,0.00037428314286562736,0.004463541174757649
1108,419,0,2,450198272,3327517554,2877319283,0.5779218267638235,65519,0.0003742827947452993,0.00037428299749133994,0.004463541174757649
1109,419,0,2,450198272,3326683370,2876485099,0.5783401493373859,65517,0.000418322449221962,0.00041832257356040826,0.004904285154810719
1110,419,0,2,450198272,3325893319,2875695048,0.5787364521783225,65518,0.0003963024539395264,0.0003963028409362907,0.004699172121844633
1111,419,0,2,450198272,3325147365,2874949094,0.5791107351685376,65519,0.0003742827947452993,0.0003742829902157524,0.004463541174757649
1112,419,0,2,450198272,3324445473,2874247202,0.5794629987060951,65520,0.0003522634716290214,0.00035226353755737937,0.004227909891679893
1113,419,0,2,450198272,3323699894,2873501623,0.5798372819827904,65519,0.0003742827947452993,0.00037428327669625607,0.004463541174757649
1114,419,0,2,450198272,3322998355,2872800084,0.5801895457144646,65520,0.0003522634716290214,0.0003522637316747558,0.004227909891679893
1115,419,0,2,450198272,3322121645,2871923374,0.5806298889923838,65516,0.0004403427806028656,0.00044034327791906005,0.005115354265434883
1116,419,0,2,450198272,3321376669,2871178398,0.581004172168786,65519,0.0003742827947452993,0.0003742831764010679,0.004463541174757649
1117,419,0,2,450198272,3320675697,2870477426,0.581356435997975,65520,0.0003522634716290214,0.00035226382918988354,0.004227909891679893
1118,419,0,2,450198272,3319974896,2869776625,0.5817086998954935,65520,0.0003522634716290214,0.0003522638975175531,0.004227909891679893
1119,419,0,2,450198272,3319318056,2869119785,0.582038944509474,65521,0.00033024448458043404,0.00033024461397978985,0.0039922782726164955
1120,419,0,2,450198272,3318617587,2868419316,0.5823912081332416,65520,0.0003522634716290214,0.0003522636237690198,0.004227909891679893
1121,419,0,2,450198272,3317829752,2867631481,0.5827875106399354,65518,0.0003963024539395264,0.0003963025066934678,0.004699172121844633
1122,419,0,2,450198272,3317129646,2866931375,0.5831397744426603,65520,0.0003522634716290214,0.00035226380272664363,0.004227909891679893
1123,419,0,2,450198272,3316473457,2866275186,0.5834700191705444,65521,0.00033024448458043404,0.00033024472788382856,0.0039922782726164955
1124,419,0,2,450198272,3315729946,2865531675,0.5838443024165016,65519,0.0003742827947452993,0.00037428324595556906,0.004452022505596219
1125,419,0,2,450198272,3314986628,2864788357,0.5842185855952522,65519,0.0003742827947452993,0.0003742831787509103,0.004463541174757649
1126,419,0,2,450198272,3314024937,2863826666,0.5847029703353783,65514,0.000484384451701118,0.00048438474012682786,0.005630173881020868
1127,419,0,2,450198272,3313325760,2863127489,0.5850552340931507,65520,0.0003522634716290214,0.00035226375777239546,0.004227909891679893
1128,419,0,2,450198272,3312539378,2862341107,0.5854515368235766,65518,0.0003963024539395264,0.0003963027304248832,0.004699172121844633
1129,419,0,2,450198272,3311840564,2861642293,0.5858038004228412,65520,0.0003522634716290214,0.00035226359926643526,0.004227909891679893
1130,419,0,2,450198272,3311054590,2860856319,0.5862001031137041,65518,0.0003963024539395264,0.000396302690863072,0.004687653452683203
1131,419,0,2,450198272,3310399791,2860201520,0.5865303480791617,65521,0.00033024448458043404,0.00033024496545530147,0.0039922782726164955
1132,419,0,2,450198272,3309395997,2859197726,0.5870367539369994,65513,0.0005064057914389884,0.0005064058578376087,0.005854284478915642
1133,419,0,2,450198272,3308697950,2858499679,0.5873890177519137,65520,0.0003522634716290214,0.0003522638149162549,0.004227909891679893
1134,419,0,2,450198272,3308000074,2857801803,0.587741281274937,65520,0.0003522634716290214,0.0003522635230237292,0.004227909891679893
1135,419,0,2,450198272,3306779089,2856580818,0.5883577989805708,65508,0.0006165175324262582,0.0006165177056339308,0.006933786957750584
1136,419,0,2,450198272,3306125269,2855926998,0.5886880437368625,65521,0.00033024448458043404,0.000330244756291109,0.0039922782726164955
1137,419,0,2,450198272,3305471599,2855273328,0.5890182883151169,65521,0.00033024448458043404,0.00033024457825532973,0.0039922782726164955
1138,419,0,2,450198272,3304687374,2854489103,0.5894145911523125,65518,0.0003963024539395264,0.0003963028371943015,0.004687653452683203
1139,419,0,2,450198272,3303859809,2853661538,0.5898329136546323,65517,0.000418322449221962,0.0004183225023189337,0.004904285154810719
1140,419,0,2,450198272,3303119570,2852921299,0.5902071968888762,65519,0.0003742827947452993,0.0003742832342459298,0.004463541174757649
1141,419,0,2,450198272,3302423056,2852224785,0.5905594603660624,65520,0.0003522634716290214,0.00035226347718608065,0.004227909891679893
1142,419,0,2,450198272,3301683190,2851484919,0.5909337434451487,65519,0.0003742827947452993,0.0003742830790847179,0.004463541174757649
1143,419,0,2,450198272,3300769475,2850571204,0.5913961072248561,65515,0.0004623634480924974,0.0004623637797080732,0.005375545368984679
1144,419,0,2,450198272,3300030038,2849831767,0.5917703902726892,65519,0.0003742827947452993,0.00037428304783375285,0.004463541174757649
1145,419,0,2,450198272,3299203823,2849005552,0.5921887128970553,65517,0.000418322449221962,0.0004183226243659454,0.004904285154810719
1146,419,0,2,450198272,3298160486,2847962215,0.5927171403673412,65512,0.0005284274673163702,0.000528427470284631,0.0059961983609684265
1147,419,0,2,450198272,3297334813,2847136542,0.593135462999367,65517,0.000418322449221962,0.0004183226320272389,0.004904285154810719
1148,419,0,2,450198272,3296683155,2846484884,0.5934657075655991,65521,0.00033024448458043404,0.0003302445662325208,0.0039922782726164955
1149,419,0,2,450198272,3295771042,2845572771,0.5939280714392119,65515,0.0004623634480924974,0.00046236387361169376,0.00539454427794825
1150,419,0,2,450198272,3295076322,2844878051,0.5942803349540497,65520,0.0003522634716290214,0.00035226351483825743,0.004227909891679893
1151,419,0,2,450198272,3294251543,2844053272,0.5946986576631517,65517,0.000418322449221962,0.00041832270910192225,0.004934802732935719
1152,419,0,2,450198272,3293513797,2843315526,0.5950729405835702,65519,0.0003742827947452993,0.0003742829204182083,0.004463541174757649
1153,419,0,2,450198272,3292472543,2842274272,0.5956013684344263,65512,0.0005284274673163702,0.0005284278508550834,0.005984679691806997
1154,419,0,2,450198272,3291561780,2841363509,0.5960637319154927,65515,0.0004623634480924974,0.00046236348106632206,0.00539454427794825
1155,419,0,2,450198272,3290434530,2840236259,0.596636203779962,65510,0.0005724718275307164,0.0005724718644704679,0.006519134016648054
1156,419,0,2,450198272,3289784451,2839586180,0.5969664485239328,65521,0.00033024448458043404,0.0003302447439699928,0.0039922782726164955
1157,419,0,2,450198272,3288917878,2838719607,0.597406791339651,65516,0.0004403427806028656,0.0004403428157167291,0.005170433008025777
1158,419,0,2,450198272,3288268146,2838069875,0.5977370361519228,65521,0.00033024448458043404,0.0003302448122735495,0.0039922782726164955
1159,419,0,2,450198272,3287618563,2837420292,0.5980672808177623,65521,0.00033024448458043404,0.0003302446658394379,0.0039922782726164955
1160,419,0,2,450198272,3286882537,2836684266,0.5984415640391134,65519,0.0003742827947452993,0.00037428322134959365,0.004463541174757649
1161,419,0,2,450198272,3286146702,2835948431,0.5988158472222729,65519,0.0003742827947452993,0.0003742831831604495,0.004463541174757649
1162,419,0,2,450198272,3285454331,2835256060,0.5991681110895719,65520,0.0003522634716290214,0.0003522638672976988,0.004227909891679893
1163,419,0,2,450198272,3284718867,2834520596,0.5995423940061215,65519,0.0003742827947452993,0.0003742829165521112,0.004463541174757649
1164,419,0,2,450198272,3283291572,2833093301,0.6002690318820747,65503,0.0007266376781842033,0.0007266378759520206,0.0078106932224094976
1165,419,0,2,450198272,3282254062,2832055791,0.6007974594748191,65512,0.0005284274673163702,0.0005284275927426542,0.0060288782537003035
1166,419,0,2,450198272,3281519428,2831321157,0.601171742466871,65519,0.0003742827947452993,0.00037428299205371465,0.004463541174757649
1167,419,0,2,450198272,3280784984,2830586713,0.6015460257462486,65519,0.0003742827947452993,0.00037428327937581653,0.004452022505596219
1168,419,0,2,450198272,3280093922,2829895651,0.6018982896210154,65520,0.0003522634716290214,0.00035226387476831156,0.004227909891679893
1169,419,0,2,450198272,3279403029,2829204758,0.6022505533512188,65520,0.0003522634716290214,0.0003522637302041842,0.004227909891679893
1170,419,0,2,450198272,3278669134,2828470863,0.6026248366272142,65519,0.0003742827947452993,0.0003742832759946838,0.004452022505596219
1171,419,0,2,450198272,3277892271,2827694000,0.6030211392215499,65518,0.0003963024539395264,0.00039630259433541873,0.004699172121844633
1172,419,0,2,450198272,3277158768,2826960497,0.6033954224415332,65519,0.0003742827947452993,0.0003742832199823369,0.004463541174757649
1173,419,0,2,450198272,3276425456,2826227185,0.6037697052891104,65519,0.0003742827947452993,0.0003742828475788624,0.004463541174757649
1174,419,0,2,450198272,3275735459,2825537188,0.6041219688264334,65520,0.0003522634716290214,0.0003522635373228313,0.004227909891679893
1175,419,0,2,450198272,3275002516,2824804245,0.604496251779004,65519,0.0003742827947452993,0.00037428295256972994,0.004463541174757649
1176,419,0,2,450198272,3274269763,2824071492,0.604870534795463,65519,0.0003742827947452993,0.00037428301645990456,0.004463541174757649
1177,419,0,2,450198272,3273494108,2823295837,0.6052668375552379,65518,0.0003963024539395264,0.000396302759776652,0.004668654543719633
1178,419,0,2,450198272,3272761746,2822563475,0.6056411207150099,65519,0.0003742827947452993,0.00037428315977193174,0.004463541174757649
1179,419,0,2,450198272,3272072643,2821874372,0.6059933844878245,65520,0.0003522634716290214,0.0003522637728147138,0.004227909891679893
1180,419,0,2,450198272,3271340650,2821142379,0.6063676675082696,65519,0.0003742827947452993,0.00037428302044343774,0.004463541174757649
1181,419,0,2,450198272,3270264469,2820066198,0.606918117288469,65511,0.0005504494793435254,0.0005504497801991764,0.0062704632623674
1182,419,0,2,450198272,3269446883,2819248612,0.6073364401931869,65517,0.000418322449221962,0.00041832290471628995,0.00492328406377429
1183,419,0,2,450198272,3268801608,2818603337,0.6076666847810159,65521,0.00033024448458043404,0.0003302445878309615,0.0039922782726164955
1184,419,0,2,450198272,3268027455,2817829184,0.6080629874766856,65518,0.0003963024539395264,0.0003963026956682502,0.004668654543719633
1185,419,0,2,450198272,3267210518,2817012247,0.6084813101504665,65517,0.000418322449221962,0.0004183226737819137,0.004904285154810719
1186,419,0,2,450198272,3266479786,2816281515,0.6088555932903397,65519,0.0003742827947452993,0.00037428313987220984,0.004463541174757649
1187,419,0,2,450198272,3265792217,2815593946,0.6092078569006993,65520,0.0003522634716290214,0.0003522636103608479,0.004227909891679893
1188,419,0,2,450198272,3265061853,2814863582,0.6095821399927992,65519,0.0003742827947452993,0.00037428309209816963,0.004463541174757649
1189,419,0,2,450198272,3264202824,2814004553,0.6100224831872652,65516,0.0004403427806028656,0.00044034319446755707,0.005139915429900777
1190,419,0,2,450198272,3263429934,2813231663,0.6104187859314045,65518,0.0003963024539395264,0.00039630274414059714,0.004699172121844633
1191,419,0,2,450198272,3262743109,2812544838,0.6107710498459795,65520,0.0003522634716290214,0.0003522639145743575,0.004227909891679893
1192,419,0,2,450198272,3261970620,2811772349,0.6111673525506092,65518,0.0003963024539395264,0.00039630270462877315,0.004699172121844633
1193,419,0,2,450198272,3261155439,2810957168,0.6115856752142932,65517,0.000418322449221962,0.00041832266368531,0.004934802732935719
1194,419,0,2,450198272,3260469170,2810270899,0.6119379387681434,65520,0.0003522634716290214,0.0003522635538475768,0.004227909891679893
1195,419,0,2,450198272,3259568662,2809370391,0.6124003022429463,65515,0.0004623634480924974,0.0004623634748048203,0.00539454427794825
1196,419,0,2,450198272,3258496972,2808298701,0.6129507518482207,65511,0.0005504494793435254,0.0005504496052743731,0.0062094281061174
1197,433,14,0,667541504,3300323327,2632781824,0.7060591743733511,15,12.093109404391482,12.093108422525129,0.008002251377726623
1198,433,0,0,667541504,3291083522,2623542019,0.7111312494511743,65306,0.005072074734134133,0.005072075077823772,0.04165825525869564
1199,434,1,0,1335083008,4035486607,2700403600,0.6694720986622933,33728,0.9583408483627854,0.9583408492111186,1.73814427751454
1200,434,0,0,1335083008,4009321502,2674238495,0.6835190118425416,64901,0.014046912889830943,0.014046913180248689,0.09719035966178385
1201,434,0,1,522682368,3062017411,2539335044,0.7581963869370227,31115,1.0746773742252635,1.074677375094481,1.3563261500973958
1202,434,0,1,522682368,3061242467,2538560100,0.7586367299700072,65516,0.0004403427806028656,0.0004403430329857625,0.005115354265434883
1203,434,0,1,522682368,3011118920,2488436553,0.7874075425387588,64242,0.028770812508664943,0.02877081256874983,0.16128895698178353
1204,434,0,1,522682368,3010397479,2487715112,0.7878258655443062,65517,0.000418322449221962,0.00041832300554950694,0.00492328406377429
1205,434,0,1,522682368,3009790126,2487107759,0.7881781294090686,65520,0.0003522634716290214,0.00035226386476204817,0.004227909891679893
1206,436,2,0,1045364736,4088443695,3043078960,0.4971153774840964,40093,0.7089372477812256,0.7089372480750292,0.9799989926770478
1207,436,0,0,1045364736,4083335988,3037971253,0.49953892770453834,65426,0.002423550217891068,0.002423550220441753,0.022234795860252322
1208,436,0,0,1045364736,3692649621,2647284886,0.698133688050973,57108,0.19859476011835175,0.1985947603464322,0.6369615435904041
1209,436,0,0,1045364736,3691841733,2646476998,0.6985740312495459,65516,0.0004403427806028656,0.00044034319857304,0.005086360513452917
1210,436,0,0,1045364736,3690630271,2645265536,0.69923459636167,65506,0.0006605645820851047,0.0006605651121270718,0.0072092027009108455
1211,436,0,0,1045364736,3689217546,2643852811,0.7000052848834244,65501,0.0007706880901105886,0.000770688521751202,0.00790774802722137
1212,436,0,0,1045364736,3688410706,2643045971,0.7004456277474809,65516,0.0004403427806028656,0.0004403428640588547,0.005086360513452917
1213,436,0,0,1045364736,3673408064,2628043329,0.7086580841974417,65164,0.008212456073855021,0.008212456449959502,0.05743093042595227
1214,436,0,0,1045364736,3671403026,2626038291,0.7097591932890097,65486,0.001101109058724726,0.0011011090915688884,0.01119606947151
1215,436,0,0,1045364736,3668558044,2623193309,0.7113230190591295,65465,0.0015638255880888565,0.0015638257701192791,0.014032164260977321
1216,436,0,0,1045364736,3667877589,2622512854,0.711697301959866,65519,0.0003742827947452993,0.00037428290073829843,0.004463541174757649
1217,436,0,0,1045364736,3667197310,2621832575,0.7120715851410608,65519,0.0003742827947452993,0.0003742831811949578,0.004463541174757649
1218,436,0,0,1045364736,3666557214,2621192479,0.7124238486988261,65520,0.0003522634716290214,0.00035226355776279955,0.004227909891679893
1219,436,0,0,1045364736,3665837281,2620472546,0.7128201516943236,65518,0.0003963024539395264,0.0003963029954984225,0.004699172121844633
1220,436,0,0,1045364736,3665157531,2619792796,0.7131944350160815,65519,0.0003742827947452993,0.0003742833217564502,0.004463541174757649
1221,436,0,0,1045364736,3664318058,2618953323,0.7136567989164924,65515,0.0004623634480924974,0.0004623639004126198,0.00536402669982325
1222,436,0,0,1045364736,3659802345,2614437610,0.7161465033744321,65423,0.002489704107082812,0.0024897044579392158,0.02443739763132176
1223,436,0,0,1045364736,3658964588,2613599853,0.7166088672684445,65515,0.0004623634480924974,0.00046236389401140384,0.00538302560878682
1224,436,0,0,1045364736,3644448133,2599083398,0.7246442190329248,65172,0.008035351354643047,0.00803535176448091,0.052269960749599484
1225,436,0,0,1045364736,3643694614,2598329879,0.7250625417924184,65517,0.000418322449221962,0.0004183227594937771,0.004934802732935719
1226,436,0,0,1045364736,3642703429,2597338694,0.7256129917225316,65511,0.0005504494793435254,0.0005504499301137773,0.006184472783494724
1227,436,0,0,1045364736,3641831519,2596466784,0.7260973765344971,65514,0.000484384451701118,0.0004843848119635965,0.005524940162877561
1228,436,0,0,1045364736,3641197615,2595832880,0.7264496405488714,65520,0.0003522634716290214,0.0003522640143764893,0.004227909891679893
1229,436,0,0,1045364736,3640405429,2595040694,0.7268899837035434,65516,0.0004403427806028656,0.000440343154670136,0.005158914338864347
1230,436,0,0,1045364736,3639771874,2594407139,0.7272422472547291,65520,0.0003522634716290214,0.00035226355118519976,0.004227909891679893
1231,436,0,0,1045364736,3638742598,2593377863,0.727814719475461,65510,0.0005724718275307164,0.000572472220733048,0.006308729272713119
1232,436,0,0,1045364736,3637990733,2592625998,0.7282330423088368,65517,0.000418322449221962,0.0004183228333766019,0.004911765394612859
1233,436,0,0,1045364736,3637318207,2591953472,0.7286073252901772,65519,0.0003742827947452993,0.0003742829813391576,0.004452022505596219
1234,436,0,0,1045364736,3636408555,2591043820,0.7291137312822578,65513,0.0005064057914389884,0.0005064059920829858,0.005835285569952072
1235,436,0,0,1045364736,3635696903,2590332168,0.729510034048193,65518,0.0003963024539395264,0.0003963027659342078,0.004687653452683203
1236,436,0,0,1045364736,3634906396,2589541661,0.7299503770276523,65516,0.0004403427806028656,0.00044034297945907074,0.005139915429900777
1237,436,0,0,1045364736,3634234670,2588869935,0.730324660051128,65519,0.0003742827947452993,0.00037428302347386445,0.004463541174757649
1238,436,0,0,1045364736,3633563118,2588198383,0.7306989432114115,65519,0.0003742827947452993,0.00037428316028381193,0.004463541174757649
1239,436,0,0,1045364736,3632891740,2587527005,0.7310732264834101,65519,0.0003742827947452993,0.0003742832719989745,0.004463541174757649
1240,436,0,0,1045364736,3632260019,2586895284,0.7314254902560791,65520,0.0003522634716290214,0.00035226377266924273,0.004227909891679893
1241,436,0,0,1045364736,3631549506,2586184771,0.7318217932620783,65518,0.0003963024539395264,0.0003963030059981341,0.004699172121844633
1242,436,0,0,1045364736,3628510928,2583146193,0.7335178510101201,65459,0.0016960575738423276,0.0016960577480422316,0.015285171243230236
1243,445,9,0,672984576,2973599231,2300614656,0.9006277880204543,114,9.167109985835259,9.167109937010334,0.13007511423900883
1244,445,0,0,672984576,2970123876,2297139301,0.9028088000648644,65437,0.002181011907029251,0.002181012044412954,0.018743386995456447
1245,445,0,0,672984576,2969387793,2296403218,0.9032711636104231,65515,0.0004623634480924974,0.0004623635455554645,0.00539454427794825
1246,445,0,0,672984576,2965883759,2292899184,0.9054742232541066,65436,0.002203059159570524,0.0022030596436836978,0.01995416932684685
1247,445,0,0,672984576,2954513027,2281528452,0.9126465008633708,65211,0.0071722770539639595,0.007172277609265907,0.05425211876311978
1248,445,0,0,672984576,2948455502,2275470927,0.9164819924656555,65362,0.0038354915272883166,0.003835491602284078,0.030927563656560422
1249,445,0,0,672984576,2946997222,2274012647,0.9174068681628889,65494,0.0009248751246666447,0.0009248756972347537,0.01007374925243093
1250,445,0,0,672984576,2938253154,2265268579,0.9229650340998177,65284,0.005558165417950964,0.005558165936928648,0.04347452437462634
1251,445,0,0,672984576,2935487933,2262503358,0.9247272125730994,65456,0.0017621781119536897,0.00176217847328078,0.016473314783497693
1252,445,0,0,672984576,2934659379,2261674804,0.9252556403747789,65512,0.0005284274673163702,0.0005284278016780919,0.006017359584538874
1253,449,4,0,564878576,2533905023,1969026448,1.125164656337411,3566,4.199909012375005,4.199909015962633,0.5962039888020262
1254,453,4,0,1529599360,3584193855,2054594496,1.0637934607865915,4274,3.938628807340189,3.9386288044491824,3.104038932746459
1255,457,4,0,902615312,3531051631,2628436320,0.7084423633326296,5240,3.6446489035751872,3.644648902546038,2.902406298619527
1256,457,0,0,902615312,3435878300,2533262989,0.7616502887694132,63163,0.05320792514952981,0.05320792543678279,0.22797329822417822
1257,458,1,0,1805230624,4294891307,2489660684,0.7866980153139487,32204,1.0250477264659477,1.025047726544536,1.886175415094924
1258,458,0,0,1805230624,3672932006,1867701383,1.2013833374883411,49164,0.4146853217985428,0.4146853221743928,1.521585952094316
1259,458,0,2,778471552,2342717055,1564245504,1.457180188606646,13722,2.2557968488671714,2.255796851118304,3.3916231236707515
1260,461,3,0,1556943104,3413100265,1856157162,1.2103282764756393,38883,0.7531480867395557,0.7531480878689947,1.8598028760729655
1261,464,3,0,945770848,4041103239,3095332392,0.47255280457374127,13661,2.2622245261171168,2.2622245280981015,1.455550265563617
1262,464,0,0,945770848,2510629135,1564858288,1.4566151319591185,33132,0.9840623266907745,0.9840623273853757,1.5244755757695616
1263,464,0,0,945770848,2505161109,1559390262,1.4616651156093958,65307,0.005049983594034493,0.005049983650276244,0.0426531112551046
1264,464,0,0,945770848,2499117329,1553346482,1.4672674797721363,65282,0.005602363602501361,0.005602364162742598,0.042877432488149694
1265,465,1,0,1891541696,4271383413,2379841718,0.8517815221654352,50203,0.38451404201548806,0.38451404239329934,1.0701711699117809
1266,465,0,0,1891541696,4252427764,2360886069,0.8633187239535971,65014,0.011537201451850642,0.011537201788162098,0.07716295264011448
1267,465,0,0,1891541696,4251527157,2359985462,0.8638691736999711,65511,0.0005504494793435254,0.0005504497463741063,0.006145878346651145
1268,465,0,0,1891541696,3316802080,1425260385,1.5914216324688013,39579,0.7275524586276887,0.7275524587688292,1.7113037449208341
1269,465,0,0,1891541696,3311517377,1419975682,1.5967809231559045,65293,0.005359290342117367,0.00535929068710402,0.03986290944075603
1270,465,0,0,1891541696,3311019033,1419477338,1.5972873294389274,65513,0.0005064057914389884,0.0005064062830232233,0.005724733926613502
1271,465,0,2,1123715840,3804036295,2680320456,0.6802416480755866,30937,1.0829543168428466,1.0829543186366566,1.6813988628963523
1272,465,0,2,1123715840,3751277301,2627561462,0.7089226349621427,64246,0.02868098653012344,0.028680986886558155,0.15272879991146435
1273,465,0,2,1123715840,3750675899,2626960060,0.7092528799456836,65521,0.00033024448458043404,0.0003302449835390992,0.0039922782726164955
1274,465,0,2,1123715840,3750074635,2626358796,0.7095831247370725,65521,0.00033024448458043404,0.0003302447913901171,0.0039922782726164955
1275,465,0,2,1123715840,3747630056,2623914217,0.710926590970729,65475,0.00134346587467908,0.0013434662336563492,0.013223537365553888
1276,465,0,2,1123715840,3746989451,2623273612,0.7112788549610336,65520,0.0003522634716290214,0.0003522639903045504,0.004227909891679893
1277,465,0,2,1123715840,3746389031,2622673192,0.7116090996213771,65521,0.00033024448458043404,0.00033024466034334244,0.0039922782726164955
1278,465,0,2,1123715840,3743787807,2620071968,0.7130407058347075,65471,0.0014316057211096818,0.0014316062133310535,0.012885055019015896
1279,468,3,0,573335934,3122804765,2549468832,0.7524504453070797,31885,1.0394097392529829,1.039409739472372,1.1132962792701093
1280,468,0,0,573335934,2166442738,1593106805,1.4308041548074044,40952,0.6783537090086189,0.6783537095003238,1.658105400931233
1281,468,0,0,573335934,2163865996,1590530063,1.433139505144723,65430,0.002335349750730934,0.002335350337320205,0.021209436981220322
1282,469,1,0,1146671868,4031109397,2884437530,0.5743571275914228,59425,0.1412176222828406,0.14121762244669783,0.4537769263848693
1283,469,0,0,1146671868,3925126035,2778454168,0.62836470350992,63128,0.05400757560322576,0.05400757591849906,0.23033889367069657
1284,469,0,0,1146671868,3905242383,2758570516,0.6387262861578442,65067,0.010361582546734381,0.010361582647922621,0.07090625802511921
1285,469,0,0,1146671868,3904526811,2757854944,0.639100569174655,65519,0.0003742827947452993,0.0003742830168104504,0.004452022505596219
1286,469,0,0,1146671868,3749961362,2603289495,0.7223113925591669,61863,0.08321082290799414,0.0832108233845146,0.3143803867800372
1287,469,0,0,1146671868,3735502173,2588830306,0.730346744203981,65172,0.008035351354643047,0.008035351644811993,0.05362976766731602
1288,469,0,0,1146671868,3734909636,2588237769,0.7306769891158851,65521,0.00033024448458043404,0.00033024491190449787,0.0039922782726164955
1289,469,0,0,1146671868,3693560073,2546888206,0.7539115111715944,64489,0.023234521912011308,0.023234522055707845,0.13513750523286644
1290,469,0,1,145860088,3843775741,3697915654,0.21593482742189352,47577,0.4620233159337193,0.46202331625030113,1.1843982514705373
1291,472,3,1,1022330168,2726386759,1704056592,1.333673897514533,3775,4.117739070900196,4.117739070092638,0.7137571390018816
1292,472,0,1,1022330168,2719158247,1696828080,1.3398067453617521,65258,0.006132847459885405,0.0061328478472218164,0.04547055981341864
1293,472,0,1,1022330168,2717086923,1694756756,1.341568924035677,65456,0.0017621781119536897,0.0017621786739247009,0.015204088113683819
1294,472,0,1,1022330168,2716647304,1694317137,1.341943206907498,65519,0.0003742827947452993,0.00037428287181811047,0.004452022505596219
1295,472,0,1,1022330168,2690096039,1667765872,1.3647303746247985,64509,0.02278716767320181,0.02278716771730156,0.1432533733342205
1296,472,0,1,1022330168,2584740956,1562410789,1.4588733293216514,61396,0.09414295456429812,0.09414295469685328,0.3484509545703509
1297,472,0,1,1022330168,2574394180,1552064013,1.4684590850523769,65102,0.009585755312170414,0.009585755730726966,0.06223566387218816
1298,472,0,1,1022330168,2574038940,1551708773,1.4687893302242365,65521,0.00033024448458043404,0.00033024517185991135,0.0039922782726164955
1299,474,2,0,2044660336,4016213161,1971552826,1.1233147793229143,41634,0.6545254479214971,0.6545254490986754,1.1076481589262983
1300,477,3,0,1686849608,4076202199,2389352592,0.846027380877775,9928,2.7227125998696433,2.7227126015548633,1.3151135640608829
1301,477,0,0,1686849608,4057936426,2371086819,0.8570986569400816,65035,0.01107127559125969,0.011071276062305792,0.07482091632414661
1302,477,0,0,1686849608,3763395749,2076546142,1.0484612164157454,57395,0.1913625593230795,0.19136255947566194,0.5446485498458302
1303,479,2,0,2138693540,3950981947,1812288408,1.2448345815337412,14299,2.1963733647396917,2.196373365117996,2.899613541948613
1304,479,0,0,2138693540,3950539493,1811845954,1.2451868456227793,65520,0.0003522634716290214,0.00035226408903920003,0.004227909891679893
1305,479,0,0,2138693540,3950124794,1811431255,1.2455170904033253,65521,0.00033024448458043404,0.00033024478054724006,0.0039922782726164955
1306,479,0,1,2129903432,3896225801,1766322370,1.281898473946427,31952,1.0363813825560275,1.0363813835431017,1.6358041449153995
1307,479,0,1,2129903432,3882237743,1752334312,1.2933691060896173,65017,0.011470631401271398,0.011470632143190183,0.07817506718581176
1308,479,0,1,2129903432,3881622757,1751719326,1.2938755122997883,65513,0.0005064057914389884,0.000506406210169996,0.005804767991827072
1309,479,0,1,2129903432,3879457698,1749554267,1.295659731783175,65455,0.0017842189647608187,0.0017842194833865962,0.015523256599297635
1310,479,0,1,2129903432,3606063147,1476159716,1.5407983209465606,55295,0.24513858847755882,0.24513858916338677,0.8894238039709831
1311,479,0,1,2129903432,3605702756,1475799325,1.5411505848525593,65520,0.0003522634716290214,0.00035226390599781205,0.004227909891679893
1312,479,0,1,2129903432,3605342453,1475439022,1.5415028487450577,65520,0.0003522634716290214,0.00035226389249671814,0.004227909891679893
1313,479,0,1,2129903432,3531385891,1401482460,1.6156934573189403,62251,0.0741906076320312,0.07419060857388407,0.3706075833022032
1314,479,0,2,2112323216,4161683369,2049360154,1.067473600546684,47916,0.45178014264579586,0.45178014322774274,1.0646381994823702
1315,483,4,0,1952880996,3602225659,1649344664,1.3807542353613194,13186,2.3132806339781538,2.3132806348146358,0.8969155526351476
1316,483,0,0,1952880996,3596361747,1643480752,1.3858925859488807,65303,0.005138350184117335,0.00513835058756283,0.038369246996963466
1317,483,0,0,1952880996,3595985584,1643104589,1.3862228305284248,65521,0.00033024448458043404,0.00033024457954308154,0.0039922782726164955
1318,483,0,0,1952880996,3576855811,1623974816,1.4031178860975615,64773,0.016895055543096917,0.016895055569137056,0.0977066004839985
1319,483,0,0,1952880996,3432190818,1479309823,1.5377229074407346,59698,0.13460502126221818,0.13460502134317148,0.562970530716128
1320,483,0,0,1952880996,3353435447,1400554452,1.616649071131679,62047,0.07892616335444162,0.07892616369094616,0.3266715161100531
1321,485,2,0,882439760,2351893555,1469453796,1.547367148936452,17190,1.9307180756345765,1.9307180778047737,2.58587591805666
1322,485,0,0,882439760,2351512379,1469072620,1.547741432267717,65519,0.0003742827947452993,0.0003742833312615602,0.004452022505596219
1323,485,0,0,882439760,2306724673,1424284914,1.59240937407775,63538,0.04466794172261588,0.044667941810035215,0.2408829827911293
1324,486,1,0,1764879520,4215607555,2450728036,0.8094367527449258,56383,0.2170273782645062,0.2170273786671759,1.0038393210997574
1325,486,0,0,1764879520,4214971837,2450092318,0.809811035883218,65519,0.0003742827947452993,0.00037428313829106886,0.004463541174757649
1326,486,0,0,1764879520,4214074586,2449195067,0.8103394635833645,65512,0.0005284274673163702,0.0005284277001459469,0.006070914500986733
1327,486,0,1,1382275392,4079917857,2697642466,0.6709479936908771,36092,0.860608529580745,0.8606085301075136,1.840970951808628
1328,486,0,1,1382275392,4066416472,2684141081,0.6781866430635972,65208,0.007238649056868908,0.007238649372722194,0.04753886280133571
1329,486,0,1,1382275392,3434986371,2052710980,1.0651166345310301,50119,0.3869299908951963,0.38692999146743134,0.8060675223885266
1330,486,0,1,1382275392,3434516542,2052241151,1.0654468795374008,65521,0.00033024448458043404,0.0003302450063701802,0.0039922782726164955
1331,486,0,1,1382275392,3433984191,2051708800,1.0658211629283727,65519,0.0003742827947452993,0.00037428339097210115,0.004452022505596219
1332,486,0,1,1382275392,3433514592,2051239201,1.0661514074994969,65521,0.00033024448458043404,0.0003302445711228698,0.0039922782726164955
1333,486,0,1,1382275392,3433013801,2050738410,1.0665036710973617,65520,0.0003522634716290214,0.0003522635978674777,0.004227909891679893
1334,486,0,1,1382275392,3431073710,2048798319,1.067869171669038,65474,0.0013655003314663333,0.0013655005716753954,0.013154422121114895
1335,486,0,1,1382275392,3406908043,2024632652,1.0849869758998238,64763,0.017117803666206313,0.01711780423078552,0.11118353589251308
1336,486,0,2,617067136,4108644013,3491576878,0.2987684074922683,56510,0.21378143126187144,0.21378143159244595,0.9501591722167925
1337,486,0,2,617067136,3923718730,3306651595,0.3772761018893718,62065,0.07850769437613052,0.07850769439710133,0.3941484988018062
1338,486,0,2,617067136,2847957031,2230889896,0.9450278338725617,44215,0.5677517315029393,0.567751731983191,1.1326953800901598
1339,486,0,2,617067136,2847276217,2230209082,0.9454681769333355,65516,0.0004403427806028656,0.00044034306077355643,0.005086360513452917
1340,486,0,3,1062040894,2886540859,1824499966,1.2351460219763162,26807,1.289677845639362,1.289677845042981,1.5317376875002053
1341,486,0,3,1062040894,2886095424,1824054531,1.235498285794364,65520,0.0003522634716290214,0.00035226381804596583,0.004227909891679893
1342,486,0,3,1062040894,2885622265,1823581372,1.235872568844993,65519,0.0003742827947452993,0.0003742830506297881,0.004452022505596219
1343,486,0,3,1062040894,2885177054,1823136161,1.2362248328737948,65520,0.0003522634716290214,0.0003522640288029587,0.004227909891679893
1344,491,5,2,1746863648,4111688463,2364824816,0.8609138319835594,5313,3.6246890025269294,3.6246889991097655,1.1466670443557658
1345,491,0,2,1746863648,4104760265,2357896618,0.8651466812874027,65344,0.004232849122198513,0.00423284930384344,0.03109549653576841
1346,491,0,2,1746863648,4104076670,2357213023,0.8655650041678769,65517,0.000418322449221962,0.0004183228804737384,0.004879723990344825
1347,491,0,2,1746863648,4103465210,2356601563,0.8659392871603693,65519,0.0003742827947452993,0.00037428299249173667,0.004463541174757649
1348,491,0,2,1746863648,4092533708,2345670061,0.8726470460464668,65232,0.006707758511452549,0.006707758886095991,0.050591955177901264
1349,491,0,2,1746863648,4090565143,2343701496,0.8738583124583847,65481,0.001211266200721556,0.0012112664119173118,0.012052676520826814
1350,491,0,2,1746863648,4033453154,2286589507,0.9094497524417413,63939,0.035591439771633114,0.035591439983357585,0.2118058956260812
1351,491,0,2,1746863648,3639782661,1892919014,1.1820344574232173,54253,0.27258470472833646,0.27258470498147674,0.9660542038815442
1352,491,0,3,1346243648,3449493413,2103249766,1.0300269622429816,36409,0.8479925038058059,0.8479925048197638,2.32298232615405
1353,491,0,3,1346243648,3376963132,2030719485,1.0806561804071038,63276,0.05062921789901138,0.050629218164123864,0.26352989790188774
1354,491,0,3,1346243648,3374670144,2028426497,1.0822861206866428,65462,0.0016299400659799616,0.001629940279538233,0.014449100324734208
1355,491,0,4,545003648,3866948211,3321944564,0.37061914794210793,53664,0.2883330264356537,0.2883330272554653,0.7785231228250649
1356,491,0,4,545003648,3860003838,3315000191,0.37363819255227426,65399,0.0030190444530456694,0.0030190446101635853,0.025547259925718626
1357,496,5,0,891950482,3375064487,2483114006,0.7904966452259181,24545,1.4168584537465894,1.4168584526736465,1.0354854513497027
1358,496,0,0,891950482,3365289044,2473338563,0.796187409428093,65278,0.0056907640339560394,0.0056907642021741395,0.04257898257013914
1359,501,5,1,307134464,2563089791,2255955328,0.9289086459680576,934,6.132721260290338,6.132721236539966,1.231706250747386
1360,507,6,0,1268309056,4037582335,2769273280,0.6331397159106338,2514,4.704231065579492,4.704231069942576,1.8513625965953795
1361,508,1,0,791954764,2910658409,2118703646,1.0194653413836257,25070,1.3863256242786983,1.3863256254729908,1.76028737401375
1362,508,0,2,1171490472,3982419495,2810929024,0.6116001199069991,21737,1.5921347777751202,1.5921347785233726,1.6111702379455013
1363,508,0,2,1171490472,3979459990,2807969519,0.6131198709931382,65467,0.0015197509526750181,0.0015197510861389442,0.013511943838118271
1364,511,3,1,1048504172,4014490531,2965986360,0.534135182882558,17306,1.9210153126739653,1.9210153118894222,1.5144161748238072
1365,514,3,0,5045020,3010857859,3005812840,0.5148919648399826,16604,1.9807567833963922,1.9807567819574246,0.9391918413207792
1366,514,0,0,5045020,3006363082,3001318063,0.5170509301772377,65438,0.0021589649914087418,0.002158965337254643,0.019410858579546064
1367,514,0,0,5045020,2996791617,2991746598,0.521659162396066,65327,0.004608231813591129,0.004608232218827536,0.038333969012308906
1368,514,0,0,5045020,2949223868,2944178849,0.5447818330671339,64494,0.023122670346951445,0.023122670671066742,0.13626937220547547
1369,514,0,0,5045020,2920876442,2915831423,0.5587398324641661,64905,0.013957998969590239,0.013957999397034123,0.0837362239533981
1370,514,0,0,5045020,2910020380,2904975361,0.5641212187742468,65292,0.005381386218993227,0.005381386310080305,0.044492298850137287
1371,514,0,0,5045020,2307757498,2302712479,0.8993128612470471,51949,0.3351916424264819,0.3351916424727999,1.049216138442042
1372,515,1,1,1677428456,4122654999,2445226544,0.812679012629804,17398,1.9133661509237598,1.9133661513827562,2.338198625588571
1373,515,0,1,1677428456,3660705080,1983276625,1.1147612290710782,53155,0.30208221588273626,0.3020822164412732,0.9284541423866229
1374,515,0,1,1677428456,3660251144,1982822689,1.1150914735592217,65521,0.00033024448458043404,0.00033024448814426084,0.0039922782726164955
1375,515,0,1,1677428456,3659797311,1982368856,1.1154217187006843,65521,0.00033024448458043404,0.00033024514146172613,0.0039922782726164955
1376,515,0,2,1207373264,3558290429,2350917166,0.8694234391394957,38860,0.7540017195272931,0.7540017204388136,1.6302996671571246
1377,515,0,3,267262880,3966398897,3699136018,0.2154587963800907,51560,0.3460353567509867,0.3460353572405922,0.9802777884206219
1378,515,0,3,267262880,3293864631,3026601752,0.5049482918636379,53621,0.289489495468232,0.28948949548354985,0.9510867471996096
1379,520,5,1,40064912,3403612559,3363547648,0.35266345048862036,9104,2.847715157693418,2.8477151586249803,2.075876191642662
1380,520,0,1,40064912,3001337680,2961272769,0.5364297597336787,57698,0.1837663092069972,0.18376630924505877,0.7481496318363212
1381,520,0,1,40064912,2990086506,2950021595,0.5419216305611663,65287,0.005491870679863203,0.0054918708274887635,0.04108901277936795
1382,520,0,3,1539579216,3306819323,1767240108,1.2811490794758633,9815,2.7392274476464666,2.7392274489146966,1.609188296209539
1383,526,6,0,782307120,3949619047,3167311928,0.43938818997748896,14682,2.1582391131994543,2.1582391105016243,1.128404242041982
1384,526,0,0,782307120,3945656040,3163348921,0.4411944504703875,65454,0.0018062601543034325,0.0018062604929011366,0.017912756803138016
1385,526,0,0,782307120,3943773553,3161466434,0.44205324383816347,65497,0.0008587929491977406,0.0008587933677738103,0.008934596848116705
1386,526,0,0,782307120,3920087639,3137780520,0.452902703134594,65045,0.010849459010120237,0.010849459296431654,0.08130327288881647
1387,526,0,0,782307120,3847934391,3065627272,0.48646484547022695,64029,0.033562142211491376,0.03356214233563368,0.18901009532146323
1388,526,0,0,782307120,3649549911,2867242792,0.5829830719258204,61295,0.09651822629644892,0.09651822645559197,0.3687740704179026
1389,526,0,0,782307120,3632574657,2850267538,0.5915498030063127,65148,0.008566730749559787,0.008566731080492366,0.060154071565127795
1390,527,1,1,1924653884,3789575027,1864921144,1.2035325169087336,10720,2.6119827146548653,2.6119827139024228,0.6475911100262086
1391,527,0,1,1924653884,3763252821,1838598938,1.2240403336164398,64611,0.020507816298032545,0.020507816707705073,0.11386716896807664
1392,529,2,3,237204304,2252660655,2015456352,1.0915406064045072,4490,3.8675002703714907,3.8675002727880674,2.7499264129669743
1393,534,5,2,908628928,3261634863,2353005936,0.8681421859160601,4782,3.776601585288372,3.776601579511552,3.4861654152556896
1394,538,4,0,1599060280,3757753651,2158693372,0.992488813311688,15031,2.1243466266953304,2.124346627395629,3.306364997650168
1395,541,3,2,563305536,2410000255,1846694720,1.2177017541621638,1752,5.225212940398826,5.225212940850476,3.219989301747106
1396,541,0,2,563305536,2360209154,1796903619,1.2571341173104358,63769,0.03943236284327156,0.03943236314827121,0.2568178868851643
1397,545,4,0,1065985616,2777452959,1711467344,1.327413381038891,15605,2.0702792631934273,2.0702792637284566,2.5569738526487322
1398,545,0,0,1065985616,2373115665,1307130050,1.716244460001878,50053,0.3888310787536173,0.38883107896298846,1.2157473384124535
1399,545,0,0,1065985616,2215468632,1149483017,1.901661994851839,57632,0.185417534093724,0.18541753484995974,0.588547865326981
1400,546,1,0,2131971232,3623689241,1491718010,1.5256723074880902,42524,0.6240103107700986,0.624010312636252,1.5707475631162717
1401,546,0,0,2131971232,3623029148,1491057917,1.5263108488579284,65507,0.0006385408891551363,0.0006385413698371282,0.007193975373066486
1402,549,3,1,38267008,3696018447,3657751440,0.23169010495203324,10048,2.705379251108373,2.705379256094105,1.6431181728693425
1403,551,2,0,76534016,2725412239,2648878224,0.697265625322288,23730,1.4655755199186897,1.4655755203702545,2.564908168867633
1404,552,1,0,153068032,2414492845,2261424814,0.9254151147901553,27975,1.2281494892488813,1.228149489467868,3.0618004589383423
1405,552,0,0,153068032,2412456955,2259388924,0.9267145129850718,65477,0.0012993979706836883,0.0012993981949147866,0.01314067750043691
1406,552,0,3,922867024,3921135695,2998268672,0.5185174784068352,10871,2.5918029635550948,2.5918029654217665,0.8411976042514214
1407,560,8,1,519056896,2275854975,1756798080,1.2896987632747425,600,6.77118130950412,6.7711812848679065,1.852124270240207
1408,562,2,0,1038113792,2603995185,1565881394,1.4556722046288542,29207,1.1659734412425453,1.1659734413541125,2.0768972439079674
1409,563,1,0,2076227584,4172400291,2096172708,1.0348895576163173,43865,0.5792173518938801,0.5792173529874631,1.5953206550540011
1410,563,0,0,2076227584,3592095398,1515867815,1.5025031912899962,47393,0.4676136332902325,0.4676136336736774,1.118116986559842
1411,563,0,0,2076227584,3302665863,1226438280,1.808172513323619,53023,0.3056693213755086,0.3056693220336218,1.1890018482655051
1412,567,4,0,739269920,3543070703,2803800784,0.6152632995701595,9364,2.8070907808879872,2.807090786246541,1.1958229553267041
1413,567,0,0,739269920,3424263409,2684993490,0.6777285557382839,62759,0.06246525582036479,0.06246525616812587,0.36018031412512475
1414,567,0,0,739269920,3423321104,2684051185,0.6782349619415307,65513,0.0005064057914389884,0.0005064062032462428,0.005791725496522608
1415,568,1,1,809596032,3626014971,2816418940,0.6087851963758872,17192,1.9305502325722166,1.930550234434355,2.807100773689461
1416,568,0,2,1870408970,3650439371,1780030402,1.2707452641253951,20710,1.6619600668921257,1.6619600677495108,2.244974035779605
1417,571,3,2,1899234984,3628854367,1729619384,1.3121925493248554,7960,3.0414472845689886,3.04144728519946,1.4578732878742318
1418,571,0,2,1899234984,3574170355,1674935372,1.358541716290432,63464,0.046349166350692056,0.04634916696557714,0.2888563784283947
1419,571,0,2,1899234984,3299427385,1400192402,1.6170220628868748,54786,0.25848034607887316,0.25848034659644026,0.9697329242274253
1420,571,0,5,161494336,3676332775,3514838440,0.2891887688546326,20564,1.6721667032496732,1.6721667059677578,2.7058931044760746
1421,571,0,5,161494336,2628199113,2466704778,0.8000620857472889,45993,0.5108733165364676,0.510873316892657,1.726148435547502
1422,571,0,6,656512594,2811717603,2155205010,0.9948220364011107,28630,1.1947599501132846,1.1947599506538222,1.3244197439098804
1423,579,8,0,1130192416,3760400191,2630207776,0.7074703747985644,19995,1.7126483393025083,1.7126483383974536,2.1942470753598324
1424,581,2,0,340574900,2666086975,2325512076,0.8850987144547702,14486,2.177628340036673,2.177628339656207,2.7012014516469733
1425,581,0,2,576077672,3119180691,2543103020,0.7560572398517529,17917,1.870958525881318,1.8709585253969825,1.5187452314081615
1426,581,0,2,576077672,3095044184,2518966513,0.7698152029213219,64914,0.013757962682316379,0.013757963069568302,0.09686903798718295
1427,585,4,1,158914504,3540700847,3381786344,0.34486163061490416,10998,2.575046428738958,2.5750464276935823,1.266740332413234
1428,585,0,1,158914504,2515679424,2356764921,0.8658392839981346,45672,0.5209776530048219,0.5209776533832313,1.8028019747660187
1429,585,0,2,1018630406,2867620657,1848990252,1.2159095272361142,25708,1.3500702429633813,1.3500702432379776,1.0054489077899518
1430,585,0,2,1018630406,2624421560,1605791155,1.419362874103772,56916,0.20345334619931685,0.20345334686765773,0.7217033037422268
1431,585,0,2,1018630406,2585609713,1566979308,1.4546610169006833,63952,0.035298142579553105,0.035298142796912256,0.22647926061087315
1432,588,3,0,2037260812,3528205661,1490944850,1.5264202526465986,31178,1.0717592351546061,1.0717592357459145,1.7227900778256442
1433,588,0,0,2037260812,3521130406,1483869595,1.5332828349939476,65225,0.006862581407823226,0.00686258234734831,0.055908764196072866
1434,588,0,0,2037260812,3519907735,1482646924,1.5344720692199623,65482,0.0011892340994270377,0.00118923422601784,0.011783042903823485
1435,589,1,0,1031985566,2282018725,1250033160,1.78068077981996,27627,1.2462087112174929,1.2462087105999962,1.6895169548305378
1436,595,6,1,1707554432,3333574015,1626019584,1.4013025124817737,666,6.620621632928738,6.620621732661813,1.3838139826621272
1437,595,0,3,387766784,3447073403,3059306620,0.4894424372918955,30826,1.08813992382276,1.088139924810122,1.37259747363386
1438,603,8,1,655700608,3870362687,3214662080,0.41798005422435125,1076,5.928537637443376,5.9285376169324575,2.513326475865762
1439,603,0,1,655700608,3775153045,3119452438,0.4613543330511405,63595,0.043374278820917746,0.0433742788267891,0.24755376787191305
1440,603,0,1,655700608,2461942392,1806241785,1.2496561199321654,37947,0.7883017863566402,0.7883017868810245,1.4163689107702673
1441,603,0,1,655700608,2210613064,1554912457,1.4658137884277913,56417,0.21615766846174517,0.21615766849562423,0.8097236288318473
1442,603,0,1,655700608,2209521664,1553821057,1.466826778074683,65490,0.00101298940069043,0.001012989646893444,0.010294843032907034
1443,603,0,1,655700608,2209047475,1553346868,1.4672671212685948,65516,0.0004403427806028656,0.00044034319391031114,0.005158914338864347
1444,606,3,0,1502791184,3267277179,1764485996,1.283399165928138,18611,1.8161320445655231,1.8161320446595426,1.8165185743499863
1445,609,3,0,1046377536,3583903111,2537525576,0.7592247825602954,11781,2.475825616612447,2.4758256166321573,2.4330071825997845
1446,609,0,0,1046377536,3518389602,2472012067,0.7969613603124834,63844,0.0377365772959583,0.037736577752189915,0.22138136286144763
1447,609,0,0,1046377536,3499077007,2452699472,0.8082766739676863,65024,0.011315313227834146,0.011315313655203328,0.07560648568499108
1448,609,0,0,1046377536,2772092033,1725714498,1.3154533410504001,46111,0.5071766669237191,0.507176667082714,0.9604150312201
1449,609,0,0,1046377536,2769063816,1722686281,1.3179871502284044,65421,0.00253380838518502,0.002533809178004369,0.024350265740755012
1450,609,0,0,1046377536,2725113445,1678735910,1.355271855167235,63864,0.03728470425662376,0.03728470493883051,0.17495569130140537
1451,609,0,0,1046377536,2711229856,1664852321,1.3672529358103596,64994,0.011981080306158,0.011981080643124331,0.07483282961252442
1452,609,0,0,1046377536,2710416939,1664039404,1.3679575495044958,65504,0.0007046129765893727,0.0007046136941369587,0.0076981122431046605
1453,609,0,0,1046377536,2668318285,1621940750,1.4049260275944668,63878,0.03696847732024712,0.03696847808997026,0.20796402939350267
1454,609,0,0,1046377536,2650474362,1604096827,1.4208859171781505,64815,0.015959888801747778,0.01595988958368374,0.0948429922935576
1455,610,1,0,2092755072,4191033949,2098278878,1.0334407096764409,42863,0.6125547920493226,0.6125547924982895,1.21207475719015
1456,610,0,0,2092755072,3584083987,1491328916,1.5260486636107728,46579,0.49260795364817167,0.49260795393433204,1.0450406969049415
1457,610,0,0,2092755072,3436648683,1343893612,1.6762282128934274,59057,0.1501795486900052,0.15017954928265514,0.6556521693700522
1458,610,0,0,2092755072,3434926163,1342171092,1.6780785565569936,65452,0.0018503435436362735,0.0018503436635649865,0.01851130664461105
1459,610,0,0,2092755072,3434229846,1341474775,1.6788272194992118,65502,0.0007486627160211863,0.0007486629422184407,0.008064416201962875
1460,610,0,1,2038026496,4252516087,2214489592,0.9556729293754138,54093,0.27684570881414894,0.27684570987620316,0.8191624314239797
1461,612,2,1,704794288,3750663607,3045869320,0.49579310025953305,22535,1.5401201703972787,1.5401201708841177,2.2209283169704537
1462,617,5,1,144095520,2160794143,2016698624,1.0906516427008732,1356,5.594858536863656,5.594858542441343,3.413598700748546
1463,622,5,0,887134032,3252914527,2365780496,0.8603309235714249,4805,3.769679284338887,3.7696792808705486,1.149894458471758
1464,627,5,1,146422464,3145234047,2998811584,0.5182562658104573,1298,5.657925332000861,5.657925342239035,1.6737614412727655
1465,627,0,1,146422464,2480046608,2333624145,0.8800749276460031,50999,0.3618186617818123,0.3618186618355444,0.7677341627542996
1466,629,2,0,292844928,4136260083,3843415156,0.16025832492058356,53968,0.28018339698187344,0.28018339727457986,0.7700803079121704
1467,630,1,0,585689856,4282959525,3697269670,0.21618687192783526,31522,1.0559285469968678,1.0559285470072517,2.017257636031567
1468,630,0,1,1802264238,3856816953,2054552716,1.0638227981627928,18209,1.8476359257390422,1.8476359262349582,2.4038544456836957
1469,630,0,2,1457044828,3870931087,2413886260,0.8312894467227174,38499,0.7674666477281418,0.7674666485599262,0.985061197431507
1470,630,0,3,766606008,3761643045,2995037038,0.5200733018616077,40657,0.6887838549678359,0.6887838551388872,1.9868318690483635
1471,630,0,3,766606008,3239650353,2473044346,0.7963590360146924,54114,0.27628573402066914,0.27628573415308766,0.6955697528312907
1472,630,0,3,766606008,2596898821,1830292814,1.2305726737271598,48503,0.4342136370421279,0.43421363771246646,1.441625017827066
1473,634,4,1,918940384,4175574667,3256634284,0.399265430051436,29152,1.1686927561979492,1.1686927563242742,1.771808680325992
1474,634,0,1,918940384,4018000397,3099060014,0.4708164527024401,62365,0.07155102233734949,0.07155102265100602,0.3919924895876901
1475,634,0,1,918940384,2936998933,2018058550,1.0896791140029336,42676,0.6188626610314476,0.6188626613004924,1.7724131150349125
1476,634,0,3,773288784,2896906183,2123617400,1.0161232785735343,17241,1.926444165443435,1.9264441645706034,2.0663481821286815
1477,644,10,0,511937280,3867418623,3355481344,0.35612741005290616,809,6.340004107570023,6.34000413147937,3.1471408719392704
1478,644,0,0,511937280,2639884668,2127947389,1.0131846636742026,41561,0.6570572530783876,0.6570572536212971,1.1382099844336895
1479,644,0,0,511937280,2515005431,2003068152,1.1004356380534546,61690,0.08725097418211361,0.08725097437925279,0.41991795075705557
1480,644,0,0,511937280,2514119063,2002181784,1.1010741793476626,65507,0.0006385408891551363,0.0006385412942071208,0.00709622189472532
1481,645,1,0,1023874560,2983773939,1959899380,1.1318675568269612,32076,1.0307933770357656,1.0307933774792988,1.7374318536055253
1482,647,2,3,293924448,2330382399,2036457952,1.0765851195768263,2128,4.94471756449881,4.944717562749865,2.541919941639337
1483,651,4,1,2019758940,3775681883,1755922944,1.2904176102226224,14127,2.213832491979316,2.2138324906457942,2.6289745511293847
1484,651,0,2,1892034232,3949756431,2057722200,1.061598919726741,38400,0.7711813095041191,0.7711813095041191,1.3835182365432253
1485,651,0,2,1892034232,3854368246,1962334015,1.1300765179273036,62498,0.06847759765580998,0.06847759820056382,0.3439305168090216
1486,654,3,1,1174466716,3509529211,2335062496,0.8791859830326771,19496,1.7491094642766594,1.7491094651053736,1.62439610923298
1487,661,7,1,963374592,3152495615,2189121024,0.9722954309200951,480,7.093109404391481,7.093109447887419,1.243231168760925
1488,661,0,1,963374592,2791672780,1828298189,1.232145757943833,54734,0.25985032686345305,0.2598503270237372,0.6682845110858641
1489,661,0,1,963374592,2790305796,1826931205,1.233224837211992,65487,0.0010790786396167112,0.001079079268159751,0.011502882064200535
1490,667,6,0,375005888,4062766431,3687760544,0.2199021651920816,4134,3.9866773265745525,3.9866773279800873,1.609386693677376
1491,667,0,0,375005888,3508837067,3133831180,0.45471968232860505,55692,0.23481751710865195,0.23481751713652538,1.0088941134414848
1492,667,0,0,375005888,3263097955,2888092068,0.5725304121231929,60397,0.11781072971827229,0.1178107297945864,0.5719786869744355
1493,667,0,0,375005888,3261643685,2886637798,0.573257049805008,65503,0.0007266376781842033,0.0007266376818142321,0.007817271962264337
1494,668,1,0,750011776,2918778129,2168766354,0.9857725093622669,24619,1.412515458317089,1.412515459557261,1.8375919591583338
1495,668,0,0,750011776,2917222769,2167210994,0.9868075287246612,65489,0.0010350188106098368,0.0010350193623939016,0.010771012979586872
1496,669,1,0,1500023552,3779140093,2279116542,0.9141724477086299,34460,0.9273649188876895,0.9273649189839693,1.3537908074579577
1497,669,0,1,852563456,2825785387,1973221932,1.1220939181887069,28370,1.2079214698382787,1.207921470480076,2.3614639787000287
1498,674,5,0,151374704,2205529567,2054154864,1.0641021945900278,4264,3.942008277240824,3.94200827640132,3.34642832214539
1499,676,2,0,605498816,3860125651,3254626836,0.4001550074505964,25959,1.336052811952809,1.3360528128605706,1.6538159946701694
1500,677,1,0,874561602,3102781157,2228219556,0.9467557514208913,22434,1.546600743420675,1.5466007439702933,1.2918644856799286
1501,677,0,0,874561602,3101659159,2227097558,0.947482389253075,65503,0.0007266376781842033,0.0007266378321849509,0.007827266805282732
1502,679,2,0,756889668,2314797691,1557908024,1.4630370841391809,11461,2.515554692228356,2.5155546948861045,2.4103888575119323
1503,680,1,1,880075024,4133387103,3253312080,0.4007379237967612,34214,0.9377008392673928,0.9377008396575804,1.1761577963500947
1504,680,0,1,880075024,3898929813,3018854790,0.5086457825988475,60813,0.10790785877583528,0.10790785880208681,0.5739807739497824
1505,680,0,1,880075024,3804452408,2924377385,0.5545176458258823,63485,0.045871862927506155,0.0458718632270325,0.20565436345098034
1506,684,4,0,1584155064,3258389679,1674234616,1.3591454343605527,4690,3.804627792597261,3.804627788534671,3.074548879165981
1507,688,4,1,639322784,3356684031,2717361248,0.6604407747658918,3324,4.301295333229655,4.301295340405339,3.2797895418725163
1508,688,0,1,639322784,2862437417,2223114634,0.950064803749008,53616,0.28962402879552895,0.2896240289831166,0.948324559196367
1509,688,0,2,1890448274,3573998983,1683550710,1.3511399689742838,24815,1.4010751658155174,1.4010751652252755,0.967984438832106
1510,688,0,2,1890448274,3484370253,1593921980,1.4300661326338115,62047,0.07892616335444162,0.07892616365952827,0.3964430559415023
1511,688,0,2,1890448274,3481257124,1590808851,1.4328866518166379,65408,0.0028205190623786626,0.0028205191828255334,0.02343188657598249
1512,688,0,2,1890448274,3474120621,1583672348,1.4393732643914916,65242,0.006486611762872161,0.006486612574853809,0.05474096263747093
1513,688,0,2,1890448274,3448940771,1558492498,1.4624959356280947,64494,0.023122670346951445,0.02312267123660332,0.1449108857880055
1514,688,0,2,1890448274,3447632832,1557184559,1.4637072018700117,65481,0.001211266200721556,0.0012112662419164748,0.011737036616458373
1515,688,0,2,1890448274,3446112143,1555663870,1.4651167730094983,65472,0.0014095702546713536,0.0014095711394881414,0.013337059065182693
1516,688,0,2,1890448274,3389047080,1498598807,1.5190329379250223,63132,0.05391616454405442,0.05391616491552446,0.24329383015505957
1517,692,4,0,1733710980,3443781979,1710071000,1.3285909207730562,18696,1.8095579812171747,1.809557982848032,1.70667504737865
1518,692,0,2,492392976,2492938071,2000545096,1.102253995939435,19167,1.7736630749843312,1.7736630751663793,2.5055930294612563
1519,692,0,2,492392976,2488725497,1996332522,1.105295100746936,65398,0.003041104516210988,0.003041104807503126,0.028393077022341513
1520,692,0,2,492392976,2435722283,1943329308,1.1441167516458925,63796,0.038821650395724376,0.03882165089895356,0.24272962020549024
1521,692,0,4,754325708,2856475691,2102149984,1.0307815397708993,17723,1.88666478863487,1.8866647881250076,1.2390749251946094
1522,692,0,4,754325708,2608846939,1854521232,1.2116003609844839,57816,0.18081882104037314,0.18081882121358508,0.5872411848547998
1523,692,0,4,754325708,2608224388,1853898681,1.2120847458545398,65514,0.000484384451701118,0.00048438487005705616,0.005546101386448008
1524,692,0,4,754325708,2544094927,1789769220,1.262873573399208,63269,0.050788826975569495,0.050788827544668375,0.2205466419447335
1525,692,0,4,754325708,2537567906,1783242199,1.2681444836755276,65297,0.005270910218595495,0.005270910276319846,0.04339985184383641
1526,699,7,0,892274360,3043615015,2151340656,0.9974111583010021,9883,2.7292666747265724,2.7292666746254746,1.365782489323079
1527,699,0,0,892274360,2976319965,2084045606,1.0432602969817175,63486,0.04584913813143589,0.04584913868071196,0.20800308771421705
1528,699,0,0,892274360,2975715764,2083441405,1.043678619961586,65517,0.000418322449221962,0.00041832297987092344,0.004904285154810719
1529,703,4,0,194282720,2287897183,2093614464,1.0366513494397864,4116,3.9929727331060314,3.992972729478199,1.935194029427813
1530,703,0,0,194282720,2285022041,2090739322,1.0386339512799658,65446,0.0019826017943566226,0.0019826018401796976,0.0174318996154669
1531,704,1,0,388565440,3086594093,2698028654,0.670741475724526,42286,0.6321075238600339,0.6321075244445596,1.3183645048180186
1532,704,0,0,388565440,2722827900,2334262461,0.8796803613631461,56700,0.20893888528304647,0.2089388856386224,0.5872149533838221
1533,704,0,0,388565440,2717129017,2328563578,0.8832068726538189,65376,0.0035265112667726534,0.003526511290671862,0.028228839004807275
1534,704,0,0,388565440,2712652103,2324086664,0.8859832789099151,65410,0.0027764060185773093,0.002776406256097459,0.023709930352021895
1535,704,0,0,388565440,2587043048,2198477609,0.9661423069128752,61994,0.08015902735618784,0.08015902800296004,0.3172441424970158
1536,705,1,0,777130880,3864848667,3087717788,0.47610624718317496,46022,0.5099639396398522,0.5099639402702967,1.412945117830614
