position,stable_bits,released_bits,pending_underflow,low,high_inclusive,residual_width,residual_information_bits,selected_frequency,selected_information_bits,effective_interval_information_bits,table_entropy_bits
1,0,0,0,0,2219048959,2219048960,0.9527056472169946,33860,0.9527056472169959,0.9527056472169959,2.689557374772614
2,3,3,0,0,3697511999,3697512000,0.21609231652242045,13650,2.2633866693054228,2.2633866693054228,3.527483737578818
3,5,2,0,900145388,2177935483,1277790096,1.748996283384077,5662,3.5329039660942527,3.5329039668616575,3.682259825437512
4,7,2,0,996440016,2163250171,1166810156,1.8800772972883664,14961,2.1310810116137295,2.1310810139042897,2.863365979675157
5,12,5,1,1065957568,2540422719,1474465152,1.5424554203457888,1294,5.662378098007492,5.6623781230574215,3.558692906226154
6,14,2,0,2131915136,4147200497,2015285362,1.0916630089014632,44787,0.5492075881054568,0.5492075885556758,1.7661556048007139
7,19,5,1,888765504,3878236607,2989471104,0.5227568800285987,1519,5.431093845497917,5.431093871127136,2.9753703905151676
8,21,2,2,667673088,4141765479,3474092392,0.3060110235982023,9520,2.783254141804694,2.7832541435696023,3.7763501478650774
9,21,0,2,667673088,2297903240,1630230153,1.3975714900529752,30753,1.0915604661284195,1.0915604664547718,2.8598356869489523
10,24,3,1,523208704,3619193271,3095984568,0.4722488656571784,31115,1.0746773742252635,1.0746773756042032,2.1538410752925383
11,24,0,2,1161020628,3344404031,2183383404,0.9760816549515852,23109,1.503832789301668,1.5038327892944086,2.070075730967753
12,27,3,0,536552284,2188482257,1651929974,1.378494614404186,24792,1.4024129604137843,1.4024129594525996,1.3637604417239457
13,28,1,2,508340472,2440162879,1931822408,1.1526846723752762,9580,2.7741900593764575,2.7741900579710927,3.591360735359643
14,31,3,0,1016680944,2480581157,1463900214,1.5528299296006267,24831,1.4001452572044146,1.4001452572253472,2.9645940521600775
15,32,1,0,2033361888,3229482013,1196120126,1.8442848597538948,26774,1.2914549286489743,1.2914549301532698,2.6255002200218263
16,34,2,1,109435816,3161498679,3052062864,0.4928624680329641,20903,1.648577607592992,1.648577608279069,2.720082221764476
17,36,2,0,218871632,3378326721,3159455090,0.4429713872136958,33921,0.950108918893331,0.9501089191807301,2.151376878133605
18,36,0,0,218871632,2297663493,2078791862,1.0469018297090358,43120,0.6039304423601322,0.6039304424953416,1.8948335381322619
19,37,1,0,437743264,3285487643,2847744380,0.5928274934795112,44889,0.5459256630055213,0.5459256637704759,1.959432844165402
20,37,0,0,437743264,3278882767,2841139504,0.5961774743638699,65384,0.003349980824106516,0.0033499808843566324,0.031640080732014304
21,41,4,0,735855088,2582318319,1846463232,1.2178826110842884,2662,4.621705144088108,4.621705136720421,3.1518066911479474
22,42,1,1,795936704,3695911791,2899975088,0.5666066390746423,25732,1.3487240266533613,1.3487240279903532,2.73655549621685
23,42,0,2,2111432278,3847187019,1735754742,1.3070840331950606,19613,1.7404773937377078,1.7404773941204164,2.3517413483426033
24,42,0,2,2111432278,3516541843,1405109566,1.611964514384777,53052,0.30488048032477755,0.3048804811897185,0.8332722414324479
25,50,8,0,591338240,4279750847,3688412608,0.21964709268165805,2688,4.607682577221239,4.607682578296882,3.021554410674014
26,50,0,0,591338240,2669897419,2078559180,1.047063321565009,36932,0.8274162286908512,0.8274162288833512,1.7494055746904245
27,52,2,0,190810352,2210757815,2019947464,1.0883293750229548,15922,2.041266052857063,2.041266053457946,2.638255595901942
28,55,3,1,1391276384,3330347039,1939070656,1.1472817725826339,3932,4.058952393659419,4.058952397559678,3.4734941274845212
29,58,3,0,1642598276,3359759907,1717161632,1.3226213031152056,14509,2.175339532111158,2.1753395305325713,1.8773442223526153
30,62,4,0,702550720,3820356143,3117805424,0.4621162508803778,7437,3.1394949431921217,3.139494947765173,3.8062185412654457
31,62,0,0,702550720,3283103691,2580552972,0.7349669003337169,54243,0.27285064910323953,0.2728506494533371,1.1739053738431924
32,63,1,0,1405101440,3549052063,2143950624,1.0023754656521078,27224,1.2674085640349915,1.2674085653183915,2.2129667768912338
33,66,3,3,2054230976,3469573439,1415342464,1.6014959683377903,676,6.599120563717816,6.599120502685684,3.0503814218052305
34,66,0,4,1960978304,3695602123,1734623820,1.3080243200194737,40160,0.7065283511618656,0.7065283516816812,1.9775671065819098
35,66,0,4,1960978304,3686920534,1725942231,1.3152629691240953,65208,0.007238649056868908,0.007238649104622251,0.0499000961363583
36,66,0,6,1401462272,3674240811,2272778540,0.9181900315057057,21575,1.6029270610463202,1.602927062381611,2.880946110510631
37,66,0,6,1401462272,3665120010,2263657739,0.9239913042638648,65273,0.005801272191043642,0.005801272758159205,0.051695614275019515
38,66,0,7,655440896,2985002243,2329561348,0.8825888223113196,33722,0.9585975176072083,0.9585975180474534,1.8954374603555553
39,75,9,0,831529728,3035115039,2203585312,0.9627943942512225,15498,2.080205571160844,2.0802055719399024,3.157908445095432
40,78,3,1,1719932624,3276860319,1556927696,1.46394519905623,2894,4.501150793468275,4.5011508048050075,3.541048044811801
41,78,0,2,1292381600,3980039437,2687657838,0.6762976637159888,56566,0.21235246439189304,0.21235246465976146,0.6928512037757211
42,78,0,2,1292381600,3914504811,2622123212,0.7119116674849799,63938,0.035614003564041735,0.03561400376899026,0.21048518125006682
43,78,0,3,437279552,3981322975,3544043424,0.27725086514404396,44289,0.5653391974275482,0.5653391976590629,1.6057991236411915
44,78,0,3,437279552,2593199643,2155920092,0.9943434396356352,39867,0.7170925741311894,0.7170925744915916,1.9494619239834934
45,82,4,0,874559104,3945797807,3071238704,0.4838264996414061,46680,0.4894830594052895,0.48948306000577235,1.6229782054992226
46,85,3,0,1382079872,3760490319,2378410448,0.8526494400989186,6344,3.3688229442960216,3.3688229404575107,2.9372532070560204
47,86,1,1,2002054748,3433978619,1431923872,1.5846923520201983,9864,2.732042915597161,2.7320429119212792,1.7933326122507915
48,94,8,0,1287593472,3656420607,2368827136,0.8584742235583818,847,6.273781840667802,6.273781871538186,3.0960302275252816
49,94,0,1,427703296,3329024957,2901321662,0.5659368937571401,40134,0.7074626693518705,0.7074626701987571,1.6646151013423045
50,94,0,1,427703296,3320303637,2892600342,0.5702801398720148,65339,0.0043432456574473925,0.00434324611487679,0.03405824767489333
51,94,0,1,427703296,3319420885,2891717590,0.5707204828675394,65516,0.0004403427806028656,0.0004403429955246727,0.005170433008025777
52,94,0,1,427703296,3273840680,2846137385,0.5936418425912358,64503,0.022921359380199218,0.02292135972369351,0.15674924694544629
53,101,7,0,1057666176,2241703743,1184037568,1.858932289449367,426,7.265290379774162,7.265290446858132,3.063425295391571
54,101,0,0,1057666176,2151242376,1093576201,1.9735933943295514,60529,0.11466110397964466,0.11466110488018405,0.5570568200137606
55,105,4,0,29393664,2301447743,2272054080,0.9186499713739309,8510,2.945056583426675,2.9450565770443813,2.620542100006713
56,105,0,0,29393664,2283974670,2254581007,0.9297877991353936,65032,0.0111378272165518,0.011137827761462372,0.08097029242845567
57,106,1,0,58787328,3517444493,3458657166,0.31243513011276036,50268,0.3826473304123205,0.3826473309773649,1.251434116352943
58,107,1,0,717164552,2240354295,1523189744,1.4955514762324995,14431,2.183116345219238,2.1831163461197396,1.2520745343735598
59,111,4,0,1537672448,4108055135,2570382688,0.7406639768754104,6912,3.2451124978365313,3.245112500642913,1.9912481176469126
60,111,0,0,1537672448,3360190494,1822518047,1.2367140454870444,46468,0.4960500683967273,0.4960500686116327,1.9307010616410292
61,113,2,0,1855722496,3949660463,2093937968,1.036428442323988,18824,1.7997143947757024,1.799714396836943,2.633231183927185
62,113,0,0,1855722496,3939627862,2083905367,1.0433573816697184,65222,0.006928939164205971,0.006928939345732791,0.057143097769917967
63,113,0,1,1563961344,3266037857,1702076514,1.335351253591977,26764,1.2919938711039285,1.291993871922256,2.340243305979403
64,113,0,2,980439040,2755755539,1775316500,1.2745708975789647,34178,0.9392196434043909,0.9392196439869888,1.9438638663846621
65,119,6,0,668960784,2192022831,1523062048,1.4956724290615,3514,4.221101523991624,4.221101531482537,3.0145979513818686
66,120,1,1,528359488,3743485463,3215125976,0.41777187925683634,34586,0.922099450158525,0.9220994501953342,2.1057255522362937
67,120,0,1,528359488,2870383702,2342024215,0.8748911535734969,47739,0.4571192741848414,0.4571192743166594,0.9811760932900883
68,122,2,0,1056718976,3586002205,2529283230,0.7639185464830582,35388,0.889027392217107,0.8890273929095627,2.2192220125757256
69,122,0,0,1056718976,2397120217,1340401242,1.679982217573869,34731,0.9160636700164333,0.9160636710908112,1.1543614115500136
70,124,2,1,1872199184,3564226679,1692027496,1.3438941330992975,10341,2.6639119159115743,2.663911915525429,2.7385976718127165
71,124,0,1,1872199184,3347637038,1475437855,1.5415039898466212,57147,0.19760985602172756,0.19760985674732517,0.8970563829283025
72,124,0,3,1046345792,3983713463,2937367672,0.5481232860806173,32618,1.0066192957441018,1.006619296233995,1.707069104020858
73,128,4,0,702821074,2446345281,1743524208,1.30064075062921,19450,1.7525174652390834,1.7525174645485913,1.9611456330388375
74,130,2,2,268475536,4234822847,3966347312,0.11483613376175583,9318,2.8141953848915424,2.814195383132548,3.1016768372356323
75,130,0,2,268475536,2505598063,2237122528,0.9410028705299887,36964,0.8261667363179429,0.8261667367682315,1.973050812271718
76,130,0,2,268475536,2406058126,2137582591,1.0066669827056423,62620,0.06566411197396771,0.06566411217565253,0.3883113592262597
77,130,0,2,268475536,2405307936,2136832401,1.0071733890353336,65513,0.0005064057914389884,0.0005064063296907811,0.005791725496522608
78,136,6,0,552063568,2918438511,2366374944,0.8599684641395413,4536,3.852795075057771,3.8527950751042104,1.9896795031193621
79,136,0,0,552063568,2435566011,1883502444,1.189229240711235,52163,0.32926077617562066,0.32926077657169295,1.2064668877519238
80,137,1,0,1104127136,3855346647,2751219512,0.642575893222709,47864,0.4533466523450444,0.4533466525114748,1.2773644004956888
81,137,0,1,60770624,2768498565,2707727942,0.665564354089291,32250,1.0229884599146588,1.0229884608665822,2.662933064424218
82,137,0,1,60770624,2767837498,2707066875,0.6659166178848999,65520,0.0003522634716290214,0.0003522637956065713,0.004227909891679893
83,139,2,0,121541248,2892550679,2771009432,0.6322355245208371,33542,0.9663189057863095,0.9663189066359384,1.6316968310476239
84,139,0,0,121541248,2834919974,2713378727,0.6625567163699166,64173,0.030321191629506247,0.030321191849077854,0.1700389917265787
85,140,1,0,243082496,2878789431,2635706936,0.7044571798727226,31830,1.0419004634767166,1.0419004635028088,1.5796744312460476
86,140,0,2,299027116,3749544579,3450517464,0.3158344111474456,21449,1.6113772328036406,1.6113772312747228,1.4952525602575244
87,140,0,2,299027116,2977158543,2678131428,0.6814203840553112,50866,0.3655859724276948,0.3655859729078642,0.8280750259867873
88,143,3,0,598054232,2930794319,2332740088,0.8806215736433316,28542,1.1992011893163894,1.1992011895880204,2.5593414396414467
89,143,0,2,407942108,3084812615,2676870508,0.6820997948515419,18801,1.8014782214905793,1.8014782212082103,2.2318527087270823
90,143,0,2,407942108,3067453148,2659511041,0.691486119673435,65111,0.009386324297007921,0.009386324821893109,0.06318303560365161
91,146,3,0,815884216,4021939059,3206054844,0.42184804101720275,39502,0.7303619211598886,0.7303619213437685,1.4991245809126421
92,146,0,0,815884216,4018465702,3202581487,0.42341186681444754,65465,0.0015638255880888565,0.001563825797243727,0.015027991700547175
93,149,3,0,1893447696,3735557551,1842109856,1.2212880455071264,4712,3.7978761761695394,3.7978761786926793,2.187669975251341
94,149,0,0,1893447696,3460320433,1566872738,1.4547591376851443,55744,0.2334710914011354,0.23347109217801665,0.7533609406547274
95,150,1,1,826523376,2344335703,1517812328,1.5006537282523666,15871,2.0458945880815347,2.0458945905672237,1.4116449578917711
96,152,2,1,1158609856,3743819255,2585209400,0.732366003536864,27906,1.2317122747542324,1.2317122752844958,1.9076671908333418
97,157,5,0,2080249568,3265557983,1185308416,1.8573846503155913,1878,5.125018652346226,5.125018646778727,3.0442963227440325
98,157,0,0,2080249568,3265178169,1184928602,1.85784701401575,65515,0.0004623634480924974,0.00046236370016088416,0.00532199045253682
99,157,0,0,2080249568,3222074076,1141824509,1.9113062111190118,63152,0.053459196106896624,0.05345919710325995,0.2320245556160204
100,157,0,1,2013015488,3930087543,1917072056,1.163742582153116,55016,0.2524363697448821,0.2524363710341038,0.9666192802411794
101,159,2,2,1372365840,3895075407,2522709568,0.7676730233002296,10780,2.603930442360132,2.6039304411471145,2.014661715912097
102,159,0,2,1372365840,3506137152,2133771313,1.0092415824475012,55432,0.241568559099732,0.241568559147272,0.9941586133809536
103,164,5,0,1344952536,4150997255,2806044720,0.6141091446082712,10773,2.604867561614186,2.6048675621607713,3.3343878115738916
104,164,0,0,1344952536,3906769974,2561817439,0.7454794764363122,59832,0.13137033178734311,0.13137033182803964,0.6120935870106518
105,166,2,1,1002716440,2377128999,1374412560,1.6438320203684675,4395,3.8983525499692337,3.898352543932157,2.578109656506788
106,166,0,1,1002716440,2374486543,1371770104,1.6466084266094043,65410,0.0027764060185773093,0.0027764062409345192,0.0221728170589034
107,168,2,0,2005432880,3262791127,1257358248,1.7722513833067808,30035,1.1256429565861679,1.1256429566973785,1.9399108218656902
108,168,0,2,1579280576,3853023871,2273743296,0.9175777618332113,29628,1.1453263781360619,1.1453263785264294,2.547250381697644
109,168,0,3,1011077504,4206863673,3195786170,0.4264762652199856,46056,0.5088985030834636,0.5088985033867727,1.768428783266999
110,168,0,3,1011077504,2789543039,1778465536,1.2720141286134954,36471,0.8455378629135681,0.8455378633935111,2.2784520901106786
111,172,4,0,2022155008,3966808941,1944653934,1.1431337065470686,35830,0.8711195769019014,0.8711195779335749,1.9460369859395996
112,172,0,0,2022155008,3931438648,1909283641,1.1696157022206108,64344,0.026481995296282625,0.026481995673539746,0.1605136908556705
113,172,0,0,2022155008,3793463072,1771308065,1.2778319993125038,60800,0.10821629678168981,0.1082162970918922,0.48809010657027635
114,172,0,0,2022155008,3352257736,1330102729,1.6911094710425942,49212,0.41327747095162765,0.4132774717300939,1.619754656453306
115,172,0,0,2022155008,3316719865,1294564858,1.730179899608487,63785,0.039070427964313786,0.0390704285658915,0.19811289630832557
116,174,2,0,1901737260,3673546483,1771809224,1.2774238730497558,22424,1.547243970967506,1.5472439734412666,1.949105518299032
117,174,0,0,1901737260,3673113912,1771376653,1.277776136837936,65520,0.0003522634716290214,0.0003522637881822593,0.004227909891679893
118,174,0,0,1901737260,3581458360,1679721101,1.3544254365850463,62145,0.0766492994122744,0.07664929974710982,0.34717718131702907
119,174,0,0,1901737260,3573333488,1671596229,1.3614207368526081,65219,0.006995299972900017,0.006995300267563453,0.05575022681649429
120,174,0,0,1901737260,3545964976,1644227717,1.3852370273858767,64463,0.023816289881044894,0.02381629053326669,0.16278235172190883
121,174,0,0,1901737260,3544434551,1642697292,1.3865804938242405,65475,0.00134346587467908,0.0013434664383651697,0.012826947740841917
122,174,0,0,1901737260,3380530779,1478793520,1.5382265191803448,58997,0.1516460252161134,0.15164602535610425,0.6049949468598113
123,174,0,1,1655990872,3247562253,1591571382,1.432195282694952,35267,0.8939687628378603,0.8939687635146066,1.2484808768868187
124,174,0,2,1164498096,4005458839,2840960744,0.5962682493077587,58491,0.16407296591278753,0.16407296661280585,0.6678935127483357
125,177,3,0,387393106,2737722841,2350329736,0.8697839742783415,27109,1.2735157245987812,1.2735157249705837,1.6273065727285216
126,177,0,0,387393106,2736826261,2349433156,0.8703344239776882,65511,0.0005504494793435254,0.0005504496993470042,0.006116351545599367
127,178,1,0,774786212,4138330161,3363543950,0.3526650366380508,46912,0.48233061186618814,0.4823306126603623,1.2554704480741306
128,178,0,0,774786212,3701976848,2927190637,0.5531304398644643,57034,0.2004654027912195,0.2004654032264127,0.8325853677938323
129,182,4,0,248267712,2362191023,2113923312,1.0227241058135306,2958,4.469593662900932,4.469593665949066,2.6680513343234886
130,182,0,0,248267712,2361545904,2113278193,1.023164449141479,65516,0.0004403427806028656,0.0004403433279478239,0.005158914338864347
131,183,1,0,496535424,4228114693,3731579270,0.20286081237004794,57861,0.17969636315998389,0.17969636322856944,0.896286348197567
132,183,0,0,496535424,2156603074,1660067651,1.3714051106020833,29155,1.168544297689486,1.168544298232037,2.1560062859086404
133,183,0,0,496535424,2156197784,1659662361,1.3717573741138231,65520,0.0003522634716290214,0.0003522635117394671,0.004227909891679893
134,184,1,0,993070848,3387243203,2394172356,0.8431201306596989,47270,0.471362755753988,0.47136275654587523,1.4789761821540146
135,185,1,0,1986141696,4203717535,2217575840,0.9536637011848406,30351,1.1105435694959924,1.11054357052514,2.768954401434751
136,185,0,0,1986141696,4031789085,2045647390,1.0700896580854966,60455,0.116425956296303,0.11642595690065638,0.4040708314632972
137,188,3,0,716392568,2945578879,2229186312,0.9461299461206245,8927,2.8760402894077095,2.8760402880351283,1.8229284615847166
138,191,3,1,508522176,2746960479,2238438304,0.9401545908903799,4113,3.994024643499618,3.994024644769755,3.2870015803537727
139,196,5,1,1774391168,3908995647,2134604480,1.0086783677856772,1953,5.068523766113208,5.068523776895296,2.400124401658461
140,196,0,2,1401298688,3292398785,1891100098,1.1834214172759197,29030,1.174743048485976,1.1747430494902447,2.401703389737007
141,200,4,1,62875640,2438062279,2375186640,0.8546062624552597,10289,2.6711848486314222,2.67118484517934,2.8380956128997563
142,200,0,1,62875640,2434945426,2372069787,0.8565006909874242,65450,0.0018944282800345323,0.0018944285321646453,0.017793849081158865
143,200,0,1,62875640,2430203892,2367328253,0.8593873824248277,65405,0.0028866911572534176,0.0028866914374043127,0.024437381280398025
144,204,4,0,2100938928,4002430615,1901491688,1.1755155134914048,6580,3.316128131377396,3.316128131066574,2.57587368861469
145,204,0,0,2100938928,3964218570,1863279643,1.2048029342712354,64219,0.029287420448740293,0.029287420779830778,0.19801342740698183
146,204,0,0,2100938928,3530611425,1429672498,1.5869624462998786,50285,0.38215951173105217,0.38215951202864495,0.9728819261228013
147,210,6,0,603739200,3361164223,2757425024,0.6393254873861807,1975,5.0523630620481725,5.052363041086301,0.5670654017101383
148,210,0,0,603739200,3359439149,2755699950,0.6402283349718694,65495,0.0009028473965228007,0.0009028475856894384,0.009732540363908585
149,210,0,0,603739200,3295483161,2691743962,0.6741059583241338,64015,0.03387762330631708,0.03387762335226262,0.23679515293919182
150,210,0,0,603739200,3029496010,2425756811,0.8242122225752837,59060,0.15010626397868343,0.1501062642511517,0.4736921379410299
151,210,0,2,416568136,2700338815,2283770680,0.9112293532098583,15425,2.0870171310758576,2.0870171306345737,1.843971491281081
152,213,3,0,833136272,4091105759,3257969488,0.3986740534201729,46746,0.48744469987928024,0.4874447002103144,1.6171954485445537
153,213,0,0,833136272,2812346769,1979210498,1.1177220883170271,39813,0.7190480345763485,0.7190480348968545,1.0236668588248
154,214,1,0,1666272544,3894152767,2227880224,0.9469754738771776,36885,0.8292533847953991,0.8292533855601522,1.7894123014227963
155,214,0,0,1666272544,3808723949,2142451406,1.0033846637846544,63023,0.05640918976839235,0.056409189907475316,0.2520091536062313
156,217,3,0,445278464,4236936231,3791657768,0.17981839240274766,14498,2.176433726354651,2.1764337286180946,3.643283703714795
157,217,0,0,445278464,4175666614,3730388151,0.20332139371329205,64477,0.02350300105443071,0.02350300131054292,0.1266848587614713
158,217,0,0,445278464,2913552715,2468274252,0.7991444435773118,43363,0.5958230497503856,0.5958230498640187,1.1446763316320663
159,217,0,0,445278464,2833406114,2388127651,0.8467671919308515,63408,0.04762274803201619,0.047622748353540245,0.2141772037132444
160,218,1,0,890556928,4191286337,3300729410,0.3798622730855463,45290,0.533095081062526,0.5330950811546967,1.166265079755717
161,218,0,0,890556928,2606849592,1716292665,1.3233515615080194,34077,0.9434892882797147,0.943489288422472,2.579539372083188
162,219,1,1,1414744064,3403502375,1988758312,1.1107791857120368,18985,1.7874276214935485,1.7874276242040188,3.1146282691930427
163,219,0,2,682004480,2743896755,2061892276,1.0586781852477287,33973,0.9478989988180598,0.947898999535691,1.9720926598506976
164,222,3,1,580534272,4263976959,3683442688,0.22159235062175853,29269,1.162914164751241,1.1629141653740314,2.4227691367724162
165,222,0,1,580534272,4262234607,3681700336,0.2222749395758612,65505,0.0006825886112264284,0.0006825889541001524,0.007615073891052001
166,222,0,1,580534272,3270631631,2690097360,0.6749887582699898,47885,0.4527138186581244,0.4527138186941307,1.6782119952264412
167,222,0,1,580534272,2816357530,2235823259,0.9418409978335873,54469,0.2668522395634382,0.2668522395635956,1.0931457471344928
168,222,0,1,580534272,2695109424,2114575153,1.0222793106724737,61982,0.0804383127105263,0.08043831283888773,0.36256511851450757
169,222,0,1,580534272,2521357788,1940823517,1.1459782091701491,60151,0.12369889829361205,0.12369889849767482,0.6580248997701198
170,222,0,1,580534272,2407637660,1827103389,1.2330888729802858,61696,0.08711066377003839,0.08711066381013573,0.40523058300677745
171,224,2,1,174653440,4015206027,3840552588,0.16133324167881113,34439,0.9282443684238757,0.9282443686985268,1.5881180117374707
172,224,0,1,174653440,3263926056,3089272617,0.4753799568741286,52716,0.31404671518608224,0.3140467151953174,0.7172674682777186
173,224,0,1,174653440,3228195028,3053541589,0.49216365130401485,64778,0.016783694377100106,0.016783694429886288,0.12314835019728057
174,224,0,1,174653440,2594944848,2420291409,0.8274663840474652,51945,0.33530273219425305,0.33530273274344896,0.9094241344794116
175,224,0,1,174653440,2552622247,2377968808,0.8529173547480227,64390,0.025450970474473564,0.025450970700557556,0.1343185669368304
176,226,2,0,349306880,2648247121,2298940242,0.9016781804755816,31679,1.0487608253679768,1.0487608257275605,1.520143712499597
177,227,1,0,698613760,3384335541,2685721782,0.6773372844792647,38281,0.7756591031606446,0.7756591040036809,1.4888297404868207
178,227,0,0,698613760,2336864704,1638250945,1.3904907820888788,39976,0.7131534972641121,0.7131534976096137,1.8649380602792227
179,228,1,0,1397227520,4052385941,2655158422,0.6938492029446905,53108,0.30335842060768126,0.3033584208558128,0.9512229141750203
180,228,0,0,1397227520,3530721209,2133493690,1.0094293023690994,52660,0.3155800990665748,0.31558009942440945,0.7349822188774904
181,228,0,1,646971392,3279721355,2632749964,0.7060766329191743,40436,0.6966473300736682,0.6966473305500738,1.3714434666137043
182,228,0,1,646971392,3279118766,2632147375,0.7064068775981518,65521,0.00033024448458043404,0.000330244678980018,0.0039922782726164955
183,228,0,1,646971392,3174613647,2527642256,0.7648548565559175,62934,0.05844797887908652,0.05844797895776556,0.293290445202306
184,228,0,1,646971392,2334894604,1687923213,1.3473978715562431,43764,0.5825430149427315,0.5825430150003246,1.9489701496834586
185,232,4,0,1202487848,4240007863,3037520016,0.4997532305006551,14742,2.152355356916679,2.152355358944412,2.943888679289208
186,232,0,0,1202487848,3899204568,2696716721,0.6714431656612412,58183,0.17168993464245208,0.1716899351605854,0.8422665874644087
187,232,0,0,1202487848,3580138078,2377650231,0.8531106458653142,57782,0.18166747988922313,0.1816674802040721,0.9507081235767293
188,234,2,0,514984096,3283152927,2768168832,0.6337152096644019,19075,1.7806045633907448,1.7806045637990882,2.960479051719437
189,234,0,0,514984096,3281547848,2766563753,0.6345519762264296,65498,0.000836766229995985,0.0008367665620292183,0.008953074006977953
190,234,0,0,514984096,3240979797,2725995702,0.6558638585251195,64575,0.02131188210727514,0.021311882298688672,0.14852859929391085
191,235,1,0,1029968192,3683837479,2653869288,0.6945498311451743,31901,1.0386859716193844,1.038685972620057,1.8560978170405107
192,235,0,0,1029968192,3677925233,2647957042,0.6977674286255109,65390,0.0032175971660184,0.003217597480335045,0.026165175641949055
193,235,0,0,1029968192,2510635820,1480667629,1.5363993161959648,36646,0.8386318871692108,0.838631887570454,1.7841313062035304
194,239,4,0,503022128,3225411759,2722389632,0.6577735839747092,7531,3.121374270194642,3.1213742677787453,1.0031217946767614
195,239,0,0,503022128,3134313729,2631291602,0.7068760079441105,63343,0.049102423709180686,0.04910242396940135,0.2649908768368829
196,239,0,0,503022128,2955484188,2452462061,0.8084163275429326,61082,0.1015403195658961,0.10154031959882082,0.3613476179253231
197,239,0,0,503022128,2465560584,1962538457,1.1299262213447179,52444,0.32150989369935046,0.32150989380178396,0.9784991700686159
198,239,0,0,503022128,2319334459,1816312332,1.2416348370617563,60653,0.11170861520231333,0.1117086157170394,0.5288200383906749
199,239,0,0,503022128,2318835593,1815813466,1.2420311402455226,65518,0.0003963024539395264,0.00039630318376649516,0.004687653452683203
200,243,4,0,1883961728,3615102255,1731140528,1.3109243035624196,3905,4.068893166970659,4.068893163316897,2.4312007927113446
201,243,0,0,1883961728,3319015307,1435053580,1.5815425428011238,54327,0.2706182385364987,0.27061823923870443,0.8644049894886545
202,244,1,1,112523048,2294533227,2182010180,0.9769893135542098,24912,1.395446770920963,1.395446770753086,1.2417392986439915
203,244,0,5,1565004432,3663377999,2098373568,1.0333756059800052,3939,4.056386298385957,4.056386292425795,2.358490130413907
204,250,6,0,934823956,2761039085,1826215130,1.2337904197372467,28518,1.200414812976508,1.2004148137572421,1.312523092605742
205,251,1,1,1591812176,4216773495,2624961320,0.7103509818465312,23550,1.476560560612492,1.4765605621092834,2.484634199621602
206,251,0,1,1591812176,4070777645,2478965470,0.7929089700335226,61891,0.08255798806089115,0.08255798818699035,0.3318293622553195
207,251,0,1,1591812176,3501609654,1909797479,1.169227487613167,50489,0.37631851722132675,0.3763185175796477,1.2195014714653483
208,251,0,2,1036140704,2673759403,1637618700,1.391047664282798,28098,1.2218201765797787,1.2218201766696288,2.1900732521850066
209,251,0,2,1036140704,2637176856,1601036153,1.4236412602926585,64072,0.03259359568822905,0.032593596009862155,0.16786857689225188
210,260,9,0,989240320,2415163263,1425922944,1.5907511244793078,456,7.167109985835259,7.167109864186648,1.7579266730144103
211,261,1,0,1978480640,3981117351,2002636712,1.1007464129966849,46021,0.5099952879236097,0.5099952885173751,1.4082933006849085
212,261,0,0,1978480640,3407486119,1429005480,1.5876356970721979,46764,0.48688928310980656,0.4868892840755131,1.3641298298134685
213,261,0,1,1809477632,4289740621,2480262990,0.7921540438480186,56874,0.20451834654150833,0.20451834677582367,0.9162093195895004
214,266,5,1,1293927328,4058790815,2764863488,0.6354388952272885,2283,4.843284855775298,4.843284851379268,3.3679254394305933
215,266,0,1,1293927328,3695379345,2401452018,0.8387401627913178,56922,0.2033012674513882,0.20330126756403066,0.9715181169764682
216,266,0,1,1293927328,3693070820,2399143493,0.8401276980745394,65473,0.0013875351247936642,0.0013875352832210179,0.013104582627253324
217,266,0,1,1293927328,3605357993,2311430666,0.8938610580746129,63140,0.053733359799652596,0.05373336000007308,0.3164303158464191
218,266,0,1,1293927328,3604264634,2310337307,0.8945436469219317,65505,0.0006825886112264284,0.0006825888473207622,0.007339441073121889
219,266,0,1,1293927328,3396448495,2102521168,1.030526820532181,59641,0.13598317297429935,0.13598317361024773,0.5635438154178556
220,266,0,2,440371008,4222637707,3782266700,0.18339604999166426,58947,0.1528692287087153,0.15286922945948242,0.6396951916807879
221,266,0,2,440371008,3528294892,3087923885,0.4760099543165559,53505,0.29261390392466946,0.29261390432489104,0.6959633409997185
222,266,0,2,440371008,2616137932,2175766925,0.9811231271811955,46177,0.5051131724513821,0.50511317286464,1.4121882225839284
223,266,0,2,440371008,2602625707,2162254700,0.9901106725322251,65129,0.008987544952699829,0.008987545351029006,0.057792689745328064
224,266,0,2,440371008,2157049997,1716678990,1.323026857886763,52031,0.33291618526400596,0.3329161853545396,0.800583638261623
225,269,3,0,880742016,4151746839,3271004824,0.3929132589391955,62437,0.06988640070519414,0.06988640105243384,0.37947228059928995
226,269,0,0,880742016,3845140048,2964398033,0.5349079731063107,59393,0.14199471401009808,0.1419947141671146,0.7275338905374982
227,269,0,0,880742016,3173654318,2292912303,0.9054659687864728,50691,0.3705579956667692,0.3705579956801624,0.7802030667243456
228,269,0,0,880742016,3171590081,2290848066,0.9067653668547422,65477,0.0012993979706836883,0.0012993980682676656,0.012290042410072345
229,269,0,0,880742016,2991638819,2110896804,1.0247910950390242,60388,0.11802572753078262,0.11802572818428288,0.4765899655830275
230,269,0,0,880742016,2615171505,1734429490,1.3081859542767376,53848,0.283394858664635,0.2833948592377146,0.7193095676084259
231,269,0,0,880742016,2473158738,1592416723,1.4314292187166977,60170,0.12324326368278384,0.12324326443995913,0.5403915905501513
232,269,0,0,880742016,2400312282,1519570267,1.4989837574262737,62538,0.06755453863913984,0.0675545387095748,0.30933303691617947
233,269,0,0,880742016,2394167779,1513425764,1.5048292356555315,65271,0.005845477824117605,0.005845478229257983,0.04078050939533848
234,269,0,0,880742016,2158226143,1277484128,1.749341779389347,55319,0.24451254328391842,0.2445125437338151,0.6281335887238995
235,270,1,0,1761484032,4286433281,2524949250,0.7663927551826255,64766,0.017050975618071288,0.01705097579327841,0.09993079054765461
236,270,0,1,1375484416,3853738131,2478253716,0.7933232522892233,32162,1.0269304968825381,1.0269304971065973,2.5427688849391052
237,270,0,1,1375484416,3362821844,1987337429,1.111810298179428,52554,0.3184870454059203,0.3184870458902077,1.0418979115871472
238,272,2,3,1724103728,4282994735,2558891008,0.7471284466889756,5274,3.63531814413544,3.6353181485095463,0.4525094066020759
239,272,0,3,1724103728,4244886250,2520782523,0.7687754889530716,64560,0.021647041834857324,0.021647042264097634,0.11726744694305771
240,272,0,3,1724103728,3836205306,2112101579,1.0239679249558726,54911,0.25519243559517824,0.25519243600279923,0.9880874069494705
241,278,6,0,6469560,2182511711,2176042152,0.980940642783775,8440,2.9569727164054527,2.9569727178279037,1.6225875231015363
242,278,0,0,6469560,2181748024,2175278465,0.9814470487951823,65513,0.0005064057914389884,0.00050640601140691,0.005724733926613502
243,281,3,0,1541961400,3481708615,1939747216,1.1467784905008394,7305,3.165331442309139,3.165331441705656,1.0154023861929313
244,281,0,0,1541961400,3459450773,1917489374,1.1634285631329782,64784,0.0166500723235424,0.01665007263213884,0.09915739235206254
245,281,0,1,936439152,3605815151,2669376000,0.6861446126846893,45617,0.5227160494567412,0.5227160495517111,1.7002348161047576
246,281,0,1,936439152,3605081984,2668642833,0.6865409156707933,65518,0.0003963024539395264,0.00039630298610243426,0.004699172121844633
247,281,0,1,936439152,3195802670,2259363519,0.9267307350144804,55485,0.2401898192674862,0.24018981934368902,1.0238148042596056
248,284,3,0,1780980800,3921060295,2140079496,1.0049827576327282,15519,2.078252023075089,2.0782520226182477,1.0101694076971528
249,284,0,0,1780980800,3887066417,2106085618,1.028083059055021,64495,0.023100301074518634,0.023100301422292906,0.1214401078126393
250,286,2,0,1776285820,3703307883,1927022064,1.1562740557287547,14991,2.128190996542956,2.1281909966737347,2.3340850276153
251,286,0,0,1776285820,3616595418,1840309599,1.2226986518135945,62587,0.06642459561229036,0.06642459608483713,0.2843040103041935
252,286,0,0,1776285820,3607160236,1830874417,1.2301143085567183,65200,0.007415655994197752,0.007415656743126449,0.05127890583180197
253,287,1,2,188211864,2454678831,2266466968,0.9222020107990438,10141,2.692087697507053,2.6920877022423233,1.5775295107759961
254,291,4,0,41288380,2926247403,2884959024,0.5740963180586895,20855,1.651894308223412,1.651894307259645,1.96213824700064
255,291,0,0,41288380,2804793515,2763505136,0.6361478521970199,62777,0.0620515336862524,0.06205153413833269,0.29615651131941856
256,291,0,0,41288380,2795516611,2754228232,0.6409990311553955,65316,0.004851178553749898,0.004851178958373459,0.03520953491422732
257,291,0,0,41288380,2713817702,2672529323,0.6844413687266808,63592,0.043442337429477895,0.0434423375712871,0.22158217644153913
258,292,1,0,82576760,3922788037,3840211278,0.16146145971892523,47085,0.4770200908093663,0.47702009099224263,1.8932944609929132
259,292,0,0,82576760,3883469467,3800892708,0.17630884478676734,64865,0.014847384859444186,0.014847385067842531,0.11552390750797484
260,292,0,0,82576760,3568603644,3486026885,0.30106345012827873,60107,0.12475460493486173,0.12475460534151363,0.639425006419231
261,295,3,1,1133902272,4136515279,3002613008,0.5164286009943737,3528,4.2153651544424795,4.215365150866095,2.3938217002186652
262,295,0,1,1133902272,4041904746,2908002475,0.5626186488784093,63471,0.0461900476632306,0.04619004788403433,0.21031442650881507
263,295,0,1,1133902272,3932570668,2798668397,0.6179065881291663,63072,0.055287938956514224,0.055287939250758256,0.27868013710780326
264,299,4,0,1311009512,3390879287,2079869776,1.0461539442821852,6088,3.4282473564964544,3.428247356153018,2.285581979098129
265,299,0,0,1311009512,3384119456,2073109945,1.050850515866383,65323,0.004696571349226168,0.00469657158419733,0.033806703388927564
266,301,2,1,1108968504,3510303983,2401335480,0.8388101757972137,9489,2.78795965876145,2.787959659930832,2.591661801994027
267,301,0,2,70453360,2565957419,2495504060,0.7833158950146064,34053,0.9445057181171888,0.9445057192173908,1.9149064382145267
268,305,4,0,1907575744,4005084679,2097508936,1.0339701890337771,13771,2.250654293900115,2.2506542940191725,1.5236647579124964
269,305,0,0,1907575744,3357550487,1449974744,1.5666193747551027,45304,0.5326491855124184,0.5326491857213251,1.1922028643668756
270,312,7,0,1272787840,3875379199,2602591360,0.7226983379912539,919,6.156078948710966,6.1560789632361494,3.3927145065435407
271,312,0,1,398092032,3776901815,3378809784,0.3461320122638263,42541,0.623433673703817,0.6234336742725721,1.4008171668002543
272,314,2,1,540981256,2937535727,2396554472,0.8416854142391479,11621,2.495553400850419,2.4955534019753243,1.9362285933122891
273,314,0,4,1763281704,3648754551,1885472848,1.1877207711044626,6445,3.3460353567509866,3.346035356865313,3.2232067875191324
274,320,6,0,981030384,2870185795,1889155412,1.1849057556167324,16416,1.997184984392946,1.9971849845122696,2.84512099085283
275,320,0,0,981030384,2852832408,1871802025,1.1982192926387114,64934,0.013313536876051258,0.01331353702197853,0.07994044227990936
276,320,0,0,981030384,2656129823,1675099440,1.3584004042722349,58649,0.16018111078739292,0.16018111163352614,0.6085826014721425
277,320,0,0,981030384,2641586189,1660555806,1.3709809379659035,64967,0.012580533475407671,0.012580533693668823,0.07569572048771686
278,320,0,0,981030384,2641180779,1660150396,1.3713332021915576,65520,0.0003522634716290214,0.00035226422565192317,0.004227909891679893
279,320,0,0,981030384,2634721148,1653690765,1.3769576657433618,65281,0.005624463202555238,0.00562446355180645,0.043528365423295357
280,320,0,0,981030384,2326622328,1345591945,1.6744061715620084,53326,0.29744850537905587,0.2974485058186469,1.0324529971738774
281,324,4,2,471853440,3705741887,3233888448,0.4093772316712041,2461,4.7349710575418404,4.734971060109196,0.6369932432453603
282,324,0,2,471853440,3592938710,3121085271,0.4605993724258539,63250,0.05122214064360283,0.051222140754649176,0.23855458235717833
283,324,0,2,471853440,3589224039,3117370600,0.46231747003668033,65458,0.0017180974165047324,0.0017180976108271391,0.016204167019064734
284,324,0,3,1561976346,3752640799,2190664454,0.9712786236311004,23027,1.5089611540460568,1.5089611535944187,2.035388328881248
285,324,0,3,1561976346,3752105968,2190129623,0.9716308876369801,65520,0.0003522634716290214,0.0003522640058789276,0.004227909891679893
286,324,0,4,976469044,3373661091,2397192048,0.8413016527135966,35866,0.8696707645319821,0.8696707650766164,2.100911664175686
287,324,0,6,829355592,3121787539,2292431948,0.9057682386885659,15668,2.0644665870492536,2.0644665859749685,2.4566431080104967
288,335,11,0,1030136896,4272898303,3242761408,0.4054242671962811,2897,4.4996560307295965,4.499656028507718,1.1749944302260211
289,338,3,2,1607631040,3947866079,2340235040,0.8759937127804243,1478,5.470569445853849,5.470569445584141,2.004717424022203
290,347,9,1,80115456,3197381631,3117266176,0.4623657974669335,341,7.586372070975828,7.586372084686508,0.8768364668899137
291,351,4,0,634938376,2376604303,1741665928,1.3021792214098689,4577,3.839813423399338,3.839813423942938,2.70409283824248
292,352,1,0,1269876752,3258324749,1988447998,1.1110043128163092,37411,0.8088250906548609,0.8088250914064377,1.0139109279945093
293,354,2,2,1664023040,4140844735,2476821696,0.7941571319129181,5102,3.6831528163975276,3.6831528190966094,3.1190565815085076
294,357,3,0,784344710,2429789395,1645444686,1.3841696170141304,21769,1.5900124843151906,1.5900124851012114,2.1471402468805567
295,357,0,0,784344710,2346432516,1562087807,1.4591715944781498,62216,0.0750019765533039,0.07500197746402001,0.29450049629931624
296,357,0,0,784344710,2249636272,1465291563,1.551459386047167,61475,0.09228779062919296,0.09228779156901684,0.4506983369458501
297,362,5,2,1945296768,3985829759,2040532992,1.0737011092672724,713,6.522241733556112,6.522241723220105,0.2084095955312276
298,362,0,2,1945296768,3984117275,2038820508,1.074912375866024,65481,0.001211266200721556,0.0012112665987536303,0.011898882249223652
299,362,0,2,1945296768,3302903092,1357606325,1.6615819545820472,43639,0.5866695781742423,0.5866695787160227,1.7351338406489856
300,362,0,3,1743109888,4007264795,2264154908,0.9236744787635232,54649,0.26209252360626095,0.26209252418147744,0.8977764282959286
301,366,4,0,1804137546,3676100581,1871963036,1.198095198435368,27092,1.2744207195803996,1.2744207196718433,1.0667161909855207
302,366,0,0,1804137546,3674929461,1870791916,1.1989980462536707,65495,0.0009028473965228007,0.0009028478183024995,0.009348959782982079
303,366,0,0,1804137546,3673330883,1869193338,1.2002313456048128,65480,0.0012332986384842029,0.0012332993511434403,0.012077710338921344
304,366,0,0,1804137546,3667598036,1863460491,1.2046629145738166,65335,0.004431568968363998,0.004431568969001995,0.03246472410625568
305,370,4,3,2124066304,3525301247,1401234944,1.615948274380525,385,7.411285364417736,7.411285359806709,1.2017118752581348
306,370,0,3,2124066304,3524959148,1400892845,1.6163005384958034,65520,0.0003522634716290214,0.00035226411527878616,0.004227909891679893
307,370,0,3,2124066304,3266566925,1142500622,1.910452195298383,53448,0.2941516564910541,0.29415165680258026,0.7032424355196576
308,376,6,0,887948944,3330406639,2442457696,0.8143135714555143,17513,1.90386137994589,1.9038613761571292,1.8056481469793673
309,376,0,0,887948944,3318704189,2430755246,0.8212425110422537,65222,0.006928939164205971,0.006928939586739269,0.05455990068150774
310,381,5,0,1163716256,4154684639,2990968384,0.5220344854687049,2520,4.7007919816127215,4.700791974426453,1.66666723952974
311,381,0,0,1163716256,4146834807,2983118552,0.5258258331130214,65364,0.003791347438400061,0.0037913476443163286,0.03016698679266526
312,384,3,0,110766224,2269812847,2159046624,0.9922527477263614,5929,3.4664269186101975,3.46642691461334,1.5744064702071539
313,385,1,0,221532448,4219537543,3998005096,0.10336683501943256,60678,0.11111408657347739,0.1111140872930705,0.4805840958999534
314,385,0,0,221532448,3762856235,3541323788,0.27835838870507246,58050,0.1749915533597088,0.17499155368563968,0.7179166521120125
315,385,0,0,221532448,2981599226,2760066779,0.6379439730078857,51078,0.359585584183816,0.3595855843028151,1.19116331443425
316,385,0,0,221532448,2979956730,2758424283,0.6388027660646216,65497,0.0008587929491977406,0.0008587930567358941,0.008731177319401446
317,387,2,0,1714974988,3327535279,1612560292,1.4132940435595316,9578,2.774491279763999,2.7744912774949104,0.6037952912934864
318,387,0,0,1714974988,3298475926,1583500939,1.4395294231438527,64355,0.026235378842566243,0.02623537958431957,0.1565699342285998
319,387,0,0,1714974988,3229347566,1514372579,1.5039269527456938,62675,0.06439752939133607,0.06439752960184009,0.39528165118897124
320,387,0,2,417449008,3842533863,3425084856,0.3265074149292211,37056,0.8225804620107634,0.8225804621835272,0.9986194441215794
321,387,0,2,417449008,3841018246,3423569239,0.327145955914105,65507,0.0006385408891551363,0.0006385409848859295,0.006824120164363979
322,387,0,2,417449008,3840182413,3422733406,0.3274982196665661,65520,0.0003522634716290214,0.00035226375245997753,0.004227909891679893
323,387,0,2,417449008,3817307089,3399858082,0.3371726198472338,65098,0.009674400168781343,0.009674400180669266,0.06764306595556899
324,387,0,2,417449008,3657679352,3240230345,0.4065507693924708,62459,0.06937814918028026,0.06937814954523458,0.3280584576581665
325,387,0,2,417449008,3505200250,3087751243,0.4760906158643685,62452,0.06953984615327374,0.06953984647190033,0.2807706882782424
326,387,0,2,417449008,3456294521,3038845514,0.4991238116771157,64498,0.023033195338184924,0.023033195812747632,0.14535417686456875
327,387,0,2,417449008,3455459877,3038010870,0.4995201142030261,65518,0.0003963024539395264,0.00039630252590793207,0.004699172121844633
328,387,0,2,417449008,3416010608,2998561601,0.5183765348760936,64685,0.018856420358752804,0.018856420673069477,0.11030779117118174
329,387,0,2,417449008,3280852054,2863403047,0.5849163904572414,62582,0.06653985538441096,0.06653985558114638,0.3008710850598849
330,387,0,2,417449008,3261758622,2844309615,0.5945686291180472,65099,0.009652238443996328,0.00965223866080535,0.06089352638317895
331,387,0,2,417449008,3124655746,2707206739,0.6658420811645094,62377,0.07127345198343386,0.07127345204646156,0.30277278227937193
332,387,0,2,417449008,3112552297,2695103290,0.6723065805998871,65243,0.006464498952343484,0.006464499435378371,0.04877383906279226
333,390,3,0,834898016,4161419393,3326521378,0.3686328407363533,40445,0.6963262594780626,0.6963262601364665,0.9636804155426041
334,390,0,0,834898016,4158018560,3323120545,0.3701085187919766,65469,0.0014756776637093812,0.0014756780556238684,0.014511233714383643
335,390,0,0,834898016,4046463610,3211565595,0.4193703827733408,63336,0.04926186395257543,0.049261863981364416,0.2230360786573417
336,390,0,0,834898016,3949875539,3114977524,0.46342539243724445,63565,0.04405500942849355,0.04405500966390484,0.1978883216701655
337,391,1,0,838777282,2257761335,1418984054,1.597788768979182,14927,2.1343633759438485,2.134363376541935,1.4856335263572416
338,391,0,0,838777282,2257436555,1418659274,1.5981190137938164,65521,0.00033024448458043404,0.0003302448146337337,0.0039922782726164955
339,393,2,1,1941143912,3839501207,1898357296,1.177895593773144,10962,2.5797765806513553,2.579776579979331,2.425570817578754
340,393,0,1,1941143912,3629435180,1688291269,1.3470833224830692,58284,0.1691877282551217,0.1691877287099251,0.5478987029777674
341,393,0,1,1941143912,3608620065,1667476154,1.364981015939371,64728,0.017897693043240306,0.017897693456299896,0.11486248899203526
342,393,0,1,1941143912,3608238409,1667094498,1.3653112612863083,65521,0.00033024448458043404,0.0003302453469382511,0.0039922782726164955
343,393,0,2,1734804176,3487573329,1752769154,1.2930111455293805,34452,0.927699884071662,0.9276998842430733,1.4290582816073287
344,397,4,0,1284828104,3986942563,2702114460,0.6685583583312997,25258,1.375547213483258,1.3755472128019188,1.8449067016168463
345,400,3,1,85847680,2242393615,2156545936,0.9939246991583097,3269,4.325366338232734,4.325366340827007,3.4905335962314785
346,402,2,0,171695360,2954052919,2782357560,0.6263393138792637,42277,0.6324146145596785,0.6324146147209551,1.9289601182313956
347,402,0,0,171695360,2931594008,2759898649,0.6380318577312458,65007,0.011692543516532192,0.011692543851983516,0.09139990321247414
348,408,6,0,675935616,2702736191,2026800576,1.0834430020385604,752,6.445411148322362,6.4454111443073145,2.5331341753057512
349,409,1,0,1351871232,3859826643,2507955412,0.7761354467806072,40547,0.6926924444847559,0.6926924447420443,1.9486171550673137
350,409,0,1,556258816,2153886417,1597627602,1.4267159826531888,20874,1.6505805356589536,1.6505805358725838,3.2029334953175312
351,411,2,0,1112517632,4220695109,3108177478,0.466578261534476,63750,0.03986227847905502,0.03986227888128643,0.2443992341861448
352,411,0,1,77551616,2775580185,2698028570,0.6707415206411653,28444,1.2041632590663514,1.2041632591066904,2.2025252927304995
353,413,2,0,155103232,3085075967,2929972736,0.5517599058783667,35585,0.8810183844828329,0.8810183852371989,1.5443196523790643
354,413,0,0,155103232,2840926474,2685823243,0.6772827834815516,60075,0.125522877095409,0.1255228776031854,0.5232747047405989
355,414,1,0,310206464,3185614335,2875407872,0.5788805314609107,35081,0.9015977473977121,0.9015977479793601,2.4282454265960083
356,416,2,2,239901248,3361010479,3121109232,0.4605882967005286,4446,3.88170776697301,3.881707765239618,1.8882261979137542
357,419,3,0,479802496,3372219609,2892417114,0.5703715284042197,30367,1.1097832308422648,1.1097832317036924,2.3010122238567097
358,419,0,0,479802496,3371469317,2891666822,0.5707458115459119,65519,0.0003742827947452993,0.00037428314169254864,0.004463541174757649
359,421,2,0,1730360156,3634017279,1903657124,1.1738734940749964,10786,2.6031276814894397,2.6031276825290846,3.186332201076128
360,421,0,2,478989680,2993341495,2514351816,0.7724606157115907,21640,1.5985871212858225,1.5985871216365928,2.9380381657643495
361,421,0,2,478989680,2765332571,2286342892,0.9096053594819544,59593,0.1371447437628928,0.1371447437703645,0.443170234610861
362,424,3,1,1717811244,3439127135,1721315892,1.3191352642070946,12335,2.4095299048125147,2.4095299047251406,3.2572129865937773
363,424,0,1,1717811244,3249781336,1531970093,1.4872590126553966,58327,0.16812374819200598,0.16812374844830189,0.7650188178368548
364,424,0,2,1288138840,4260585327,2972446488,0.5309963081847542,63579,0.04373729517293962,0.043737295529358254,0.2622397019826889
365,424,0,2,1288138840,4258453598,2970314759,0.5320313270458215,65489,0.0010350188106098368,0.0010350188610657128,0.01089520095917433
366,424,0,3,428794032,3901564071,3472770040,0.3065602645582537,38311,0.7745289367349076,0.7745289375124328,2.489228857837213
367,424,0,3,428794032,3543826788,3115032757,0.4633998116206506,58785,0.15683954678927187,0.15683954706239533,0.679047986079307
368,424,0,3,428794032,3449381443,3020587412,0.5078180090554945,63549,0.04441819713049538,0.04441819743484592,0.23628874052021437
369,424,0,4,1441612172,4164454913,2722842742,0.6575334841932552,29538,1.1497154750439749,1.1497154751377592,1.6494537334382733
370,424,0,4,1441612172,4000176955,2558564784,0.7473123825222423,61582,0.08977889786764454,0.08977889832898871,0.40238392074140966
371,424,0,4,1441612172,3870405999,2428793828,0.822407116289483,62212,0.07509473349170272,0.07509473376723819,0.45776336857373595
372,424,0,4,1441612172,3335586606,1893974435,1.1812302886750459,51105,0.358823172295135,0.35882317238556233,1.3285794542922582
373,424,0,5,735740696,2253382501,1517641806,1.5008158201392234,26257,1.319585530280926,1.3195855314641778,2.9988722295326222
374,424,0,5,735740696,2238816511,1503075816,1.5147293645647864,64907,0.013913544064311742,0.013913544425565517,0.08266676670034331
375,430,6,0,1471481392,3818661245,2347179854,0.8717187525836572,51170,0.3569893871025962,0.35698938801886937,0.8132358312206205
376,430,0,0,1471481392,3702584433,2231103042,0.9448900009886039,62295,0.07317124796668645,0.07317124840494864,0.35510788434541996
377,430,0,0,1471481392,3696524613,2225043222,0.9488137849641802,65358,0.003923783757480437,0.003923783975575848,0.03198819517931517
378,430,0,0,1471481392,3600849384,2129367993,1.0122218510854992,62718,0.06340806603708285,0.06340806612131834,0.267590797974842
379,430,0,0,1471481392,3593278846,2121797455,1.0173602016431076,65303,0.005138350184117335,0.00513835055760921,0.041496060599056674
380,430,0,1,795479136,4008738317,3213259182,0.41860979249808494,49624,0.40124959042824593,0.4012495908549761,1.5174408196032667
381,430,0,1,795479136,3974956341,3179477206,0.4338575799745925,64847,0.015247787457549091,0.015247787476506217,0.089242147282842
382,430,0,1,795479136,3728063648,2932584513,0.5504744606997356,60447,0.11661688052160872,0.116616880725143,0.5371224686636822
383,430,0,1,795479136,2593083277,1797604142,1.2565717921532098,40172,0.7060973313784807,0.7060973314534762,1.0970670073108824
384,430,0,1,795479136,2441042875,1645563740,1.3840652364758625,59993,0.12749344396993645,0.12749344432265156,0.669936328719695
385,430,0,1,795479136,2440314705,1644835570,1.3847037773738506,65507,0.0006385408891551363,0.0006385408979883291,0.006874480119584336
386,430,0,1,795479136,2437528804,1642049669,1.3871493793509906,65425,0.002445601177240512,0.002445601977139715,0.021212646427682537
387,430,0,1,795479136,2376743701,1581264566,1.4415683765946632,63110,0.05441899705971259,0.054418997243673016,0.27003758416682927
388,430,0,1,795479136,2376357650,1580878515,1.4419206401398164,65520,0.0003522634716290214,0.0003522635451531165,0.004227909891679893
389,430,0,1,795479136,2293907656,1498428521,1.5191968808865717,62118,0.077276240122172,0.07727624074675563,0.4139620877079208
390,438,8,1,1302488832,3965711615,2663222784,0.6894740280441312,455,7.170277264913941,7.170277147157558,2.2735054396566667
391,440,2,0,716078704,2515184525,1799105822,1.255367098732517,22136,1.5658930713900454,1.5658930706883867,1.7714900532880824
392,441,1,0,1432157408,3853439351,2421281944,0.8268760635677062,44100,0.5715089646677547,0.5715089648351891,1.1674754032374854
393,441,0,0,1432157408,3851259547,2419102140,0.8281754615406456,65477,0.0012993979706836883,0.0012993979729404516,0.013332227595335954
394,442,1,1,1208469260,3227882099,2019412840,1.0887112668771088,13677,2.260535805414079,2.2605358053364633,1.707288044325096
395,442,0,2,269454872,3303874103,3034419232,0.5012267255096887,49238,0.412515458317089,0.41251545863258104,1.3624462493456937
396,442,0,2,269454872,2938647374,2669192503,0.6862437891631288,57648,0.1850170635732097,0.1850170636534401,0.7171487868302254
397,442,0,3,2096999708,3251412431,1154412724,1.895488039520938,14172,2.2092442498816864,2.2092442503578074,1.2484750590998954
398,442,0,3,2096999708,3250989672,1153989965,1.8960164675309343,65512,0.0005284274673163702,0.0005284280099969646,0.0060288782537003035
399,442,0,4,2046515768,3774894657,1728378890,1.3132276305926958,49078,0.41721116217656445,0.4172111630617624,1.0218839339293386
400,442,0,4,2046515768,3771677154,1725161387,1.3159158152338755,65414,0.0026881839772797777,0.0026881846411787227,0.02356639117454568
401,447,5,1,899178196,2928959447,2029781252,1.0813228883862749,19277,1.7654070720925419,1.7654070731523974,1.7842512717714227
402,447,0,1,899178196,2170052433,1270874238,1.7568258734919802,41033,0.6755029842093403,0.6755029851057067,1.3980943308145029
403,451,4,0,1641364424,3803184799,2161820376,0.9904004903878487,13935,2.2335746180088285,2.2335746168958694,2.9455392234101065
404,451,0,1,1135245200,4151092819,3015847620,0.5100836097891417,45713,0.5196831188767875,0.519683119401291,1.3167053130646313
405,451,0,1,1135245200,3624046572,2488801373,0.7871960501353072,54083,0.2771124398903578,0.27711244034616517,1.2741658575309665
406,451,0,1,1135245200,3623476930,2488231731,0.7875262949518032,65521,0.00033024448458043404,0.0003302448164991956,0.0039922782726164955
407,453,2,1,1593562460,3751325915,2157763456,0.9931104274159672,14208,2.2055841336498943,2.205584132464162,0.7621463462083843
408,453,0,1,1593562460,3597500981,2003938522,1.0998088966453956,60864,0.10669846913943656,0.10669846922942774,0.5977264270027529
409,456,3,0,2079282544,3978400791,1899118248,1.1773174087769682,15527,2.077508509541457,2.077508512131572,3.4253438716691615
410,456,0,0,2079282544,3962462756,1883180213,1.189476079167875,64986,0.012158670094459052,0.012158670390909395,0.07465996683274045
411,456,0,0,2079282544,3569309806,1490027263,1.5273084181215602,51854,0.33783233811253527,0.3378323389536826,0.8123686125217143
412,461,5,0,1982452064,4206579679,2224127616,0.9494075766176628,3057,4.42209916311303,4.422099158496103,2.0446523954929834
413,461,0,0,1982452064,4131645691,2149193628,0.9988516801994685,63328,0.04944410295248793,0.04944410358180613,0.2506079446570453
414,461,0,1,1817420480,4293964735,2476544256,0.7943187437608792,37759,0.7954670632228491,0.7954670635614098,1.8847256163944461
415,464,3,0,823734632,3727144183,2903409552,0.5648990545987793,19208,1.7705803117695835,1.7705803108379021,1.2343546058395722
416,464,0,0,823734632,3724574637,2900840006,0.5661764192181558,65478,0.0012773645234549914,0.001277364619376954,0.01318209865028939
417,472,8,1,363617792,3672388607,3308770816,0.3763517800420608,146,8.810175441119982,8.810175360823905,1.4146406921241268
418,475,3,0,653666020,3058098719,2404432700,0.8369506002264302,11906,2.4605988209718874,2.460598820184368,3.102868114883232
419,475,0,0,653666020,3016823896,2363157877,0.8619311304317847,64411,0.024980530087719985,0.024980530205354987,0.15198285207390988
420,476,1,0,1307332040,4229763881,2922431842,0.5554777679138638,40523,0.6935466367135171,0.6935466374820778,1.4234810327187106
421,476,0,0,1307332040,4229094989,2921762950,0.5558080126130385,65521,0.00033024448458043404,0.00033024469917567747,0.0039922782726164955
422,476,0,0,1307332040,4225929626,2918597587,0.5573718386545714,65465,0.0015638255880888565,0.001563826041534204,0.014223984262626659
423,476,0,0,1307332040,3920780842,2613448803,0.7166922485798999,58684,0.1593204095707056,0.15932040992532523,0.5375071223746897
424,476,0,1,467180432,3857374163,3390193732,0.34127942775252507,42507,0.6245871784071224,0.6245871791726256,1.126709331960589
425,482,6,0,501101440,3796939199,3295837760,0.38200191945264805,1991,5.040722494279497,5.040722491700125,0.48340275533755894
426,485,3,2,258277856,3650673375,3392395520,0.3403427622337212,2108,4.958340848362785,4.958340842781074,2.054632867063255
427,493,8,0,1764175872,3526631359,1762455488,1.2850603242768202,532,6.94471756449881,6.944717562043097,2.0051272203706603
428,493,0,1,1380868096,4030467773,2649599678,0.6968727433913955,49262,0.41181241909543354,0.41181241911457606,1.3693766870334378
429,493,0,1,1380868096,3732056285,2351188190,0.8692571285396298,58155,0.17238438464030098,0.17238438514823462,0.9074302286923747
430,495,2,1,1334767636,3290312155,1955544520,1.1350767651195106,13627,2.265819634353225,2.2658196365798813,1.1812698461866744
431,495,0,2,522051624,4133495001,3611443378,0.2500715947455596,60515,0.11499482941275178,0.11499482962604766,0.5742114715866373
432,495,0,2,522051624,4122969706,3600918083,0.25428236586735764,65345,0.0042107708288315554,0.004210771121796876,0.03476048867354326
433,502,7,0,178679072,3051677183,2872998112,0.5800901012147008,1634,5.325807731854317,5.325807735347346,2.439359615286268
434,502,0,0,178679072,2517680753,2339001682,0.8767542468662874,53355,0.29666414532963115,0.2966641456515836,1.0274130921898241
435,503,1,0,357358144,3694547065,3337188922,0.3640137846006404,46752,0.48725953719650167,0.4872595377343542,0.9991544177728138
436,503,0,0,357358144,3433065358,3075707215,0.48172897027303563,60401,0.11771518541843844,0.1177151856723939,0.4298347083537405
437,503,0,2,9597996,4020182035,4010584040,0.09883480203737349,21364,1.6171058311078654,1.6171058317643403,1.9859974202917734
438,503,0,2,9597996,3999803548,3990205553,0.10618407809862163,65203,0.007349275847676116,0.007349276061248439,0.05437256716960047
439,503,0,2,9597996,3766063327,3756465332,0.1932713581587855,61697,0.08708728002799596,0.08708728006016288,0.4491064531841398
440,506,3,2,1938999640,3568696631,1629696992,1.398043395530209,3554,4.204772033971322,4.204772037371422,2.5872293932244044
441,511,5,0,596428888,2404373983,1807945096,1.2482962796164117,9088,2.8502528804953178,2.8502528840862054,0.8217361507086226
442,513,2,1,340854536,3137078215,2796223680,0.6191673743134949,12670,2.370871095971828,2.3708710946970837,3.0378343582554233
443,515,2,0,681709072,4215218291,3533509220,0.2815454725761697,41408,0.6623780980074925,0.6623780982626734,1.5598019156820313
444,515,0,0,681709072,3181843692,2500134621,0.7806413663983172,46370,0.4990958937381121,0.49909589382214725,0.8960945388524196
445,515,0,0,681709072,3058278994,2376569923,0.8537662970428244,62297,0.07312493054531068,0.07312493064450643,0.33041565080068025
446,517,2,0,73829816,3297081787,3223251972,0.4141301730845548,22221,1.5603638774149058,1.5603638760417302,1.1744134626345561
447,517,0,0,73829816,3296344043,3222514228,0.414460417645671,65521,0.00033024448458043404,0.0003302445611177204,0.0039922782726164955
448,517,0,0,2097637198,3233896028,1136258831,1.9183556389295404,23108,1.5038952206598744,1.5038952212838694,1.0692298695586544
449,517,0,0,2097637198,3224949654,1127312457,1.9297597035406149,65020,0.011404064422281807,0.011404064611075189,0.09017996020119093
450,517,0,1,2047790748,3376222241,1328431494,1.692923314733907,38614,0.7631636105567551,0.7631636111932903,2.2269852476336127
451,517,0,2,1948097848,3627853417,1679755570,1.3543958318220213,41434,0.6614725169666021,0.6614725170881149,2.159969782660608
452,520,3,1,1283991552,3764358159,2480366608,0.7920937736053766,24193,1.4376979417997564,1.437697941783355,0.9666749669119123
453,522,2,0,979482728,2980322893,2000840166,1.1020412216132378,26433,1.3099474482328364,1.3099474480078621,1.3449768386457974
454,522,0,0,979482728,2507437557,1527954830,1.4910452515263515,50047,0.3890040292082766,0.38900402991311306,1.043112466791887
455,522,0,0,979482728,2349223728,1369741001,1.6487440206361867,58750,0.15769876877291322,0.157698769109836,0.49454001827943
456,523,1,1,1770447264,3878898679,2108451416,1.026463367319817,25220,1.3777193447844178,1.377719346683629,2.3260537432215216
457,523,0,1,1770447264,3863745471,2093298208,1.036869295692533,65065,0.010405928135551967,0.010405928372715815,0.07659943339859895
458,530,7,0,7384128,3081915839,3074531712,0.4822804585613518,1504,5.445411148322362,5.445411162868821,0.6231717261778127
459,531,1,0,14768256,4129844299,4115076044,0.06172805502953338,43858,0.5794475963065805,0.5794475964681794,1.6057531896938906
460,532,1,0,29536512,3674935295,3645398784,0.23657050094585585,29028,1.1748424452989188,1.1748424459163243,1.9596089301306183
461,532,0,0,29536512,3673155315,3643618804,0.2372751139719398,65504,0.0007046129765893727,0.0007046130260832544,0.007593164724815818
462,532,0,0,29536512,3402230106,3372693595,0.34874588874669854,60663,0.11147077434963826,0.11147077477475892,0.4742952531508918
463,532,0,0,29536512,2957382031,2927845520,0.5528077103594491,56892,0.20406182155244842,0.2040618216127489,1.0003004306183274
464,532,0,0,29536512,2925617837,2896081326,0.5685450301362991,64825,0.01573731937198068,0.01573731977685254,0.09074424731112432
465,532,0,0,29536512,2917575130,2888038619,0.5725571118678552,65354,0.004012081391444529,0.004012081731555999,0.03500319511208808
466,532,0,0,29536512,2916870042,2887333531,0.5729093755626025,65520,0.0003522634716290214,0.00035226369474528833,0.004227909891679893
467,532,0,0,29536512,2907177455,2877640944,0.5777605541531621,65316,0.004851178553749898,0.0048511785905613536,0.04108837449825516
468,532,0,2,146874480,3636962567,3490088088,0.2993836962501639,19871,1.7216231429943838,1.7216231420970012,1.7222958381812719
469,535,3,2,1446486784,4255343079,2808856296,0.6126643294353116,6593,3.3132806339781538,3.3132806331851468,0.8266043470540858
470,535,0,2,1446486784,4254700182,2808213399,0.6129945743381207,65521,0.00033024448458043404,0.0003302449028104513,0.0039922782726164955
471,535,0,2,1446486784,4169685909,2723199126,0.6573446669044252,63552,0.04435009247162612,0.0443500925663035,0.21935517952161945
472,538,3,1,447557044,3564509755,3116952712,0.4625108783397103,18753,1.805166212100017,1.805166211435285,1.862372278666411
473,538,0,1,447557044,3505248843,3057691800,0.49020414841231386,64290,0.027693269714933907,0.027693270072603953,0.17374787202765996
474,540,2,0,895114088,4238624673,3343510586,0.3612834609229658,35831,0.8710793124612438,0.8710793125106504,2.105370030743581
475,542,2,0,372021836,2401718875,2029697040,1.081382744469277,9946,2.7200992841972385,2.720099283546314,1.3128400237892357
476,544,2,1,831768256,3695444815,2863676560,0.5847785904348584,11558,2.5033958454243974,2.503395845965579,2.04382909567631
477,544,0,1,831768256,3178343551,2346575296,0.8720903922646706,53702,0.28731180158154884,0.2873118018298139,0.9170216572872903
478,544,0,1,831768256,3154783270,2323015015,0.8866486668579654,64878,0.014558274300965946,0.01455827459329342,0.10983148256772003
479,544,0,1,831768256,2747539625,1915771370,1.1647217472821971,54047,0.2780730802934092,0.27807308042423223,0.876008629190641
480,544,0,1,831768256,2640286128,1808517873,1.247839290258895,61867,0.08311754269841576,0.08311754297669835,0.39999871156116407
481,550,6,0,361597088,2538353215,2176756128,0.9804673611945596,2465,4.732628068734726,4.732628070935663,2.655822913559993
482,550,0,1,641928258,2537156905,1895228648,1.1802752345901801,28530,1.1998078735309181,1.1998078733956223,1.4843676713084408
483,552,2,0,1283856516,3712176057,2428319542,0.822688868025633,41985,0.6424136328185666,0.6424136334354514,1.498503120502752
484,552,0,0,1283856516,3710656875,2426800360,0.8235917155158603,65495,0.0009028473965228007,0.0009028474902273504,0.009250940050095777
485,552,0,0,1283856516,3645076683,2361220168,0.8631145765045254,63765,0.03952286075230677,0.03952286098866473,0.18416206207557728
486,552,0,1,420229384,4121165289,3700935906,0.21475699521663216,51360,0.3516424179903345,0.3516424187121087,1.1391734379843603
487,552,0,1,420229384,4120261740,3700032357,0.21510925876422604,65520,0.0003522634716290214,0.00035226354759376234,0.004227909891679893
488,552,0,1,420229384,4073740337,3653510954,0.23336361315881504,64712,0.018254354365424916,0.01825435439458767,0.10032477192992663
489,554,2,0,840458768,4285025643,3444566876,0.3183245578972169,30894,1.0849609444813868,1.0849609447384019,2.5169293099639116
490,554,0,0,840458768,3815980922,2975522155,0.5295042862222523,56612,0.21117972807325902,0.21117972832503765,0.6385003937881543
491,554,0,0,840458768,3806310111,2965851344,0.5342008579476563,65323,0.004696571349226168,0.004696571725401527,0.035111807397802515
492,554,0,0,840458768,3805405004,2964946237,0.5346412012143666,65516,0.0004403427806028656,0.0004403432667114954,0.005158914338864347
493,559,5,0,1433810176,3491031167,2057220992,1.0619503657933755,1421,5.52730916075722,5.527309164579009,0.8656255387104177
494,559,0,0,1433810176,3490528915,2056718740,1.062302629813015,65520,0.0003522634716290214,0.00035226401964052366,0.004227909891679893
495,559,0,1,720136704,4090235557,3370098854,0.3498562358873478,53693,0.2875536053042249,0.28755360607433195,0.7724883004358524
496,559,0,1,720136704,3064694153,2344557450,0.8733315153599399,45593,0.5234752794047828,0.5234752794725924,1.5694055006157586
497,559,0,1,720136704,3032603881,2312467178,0.8932142571297312,64639,0.019882741454290694,0.0198827417697895,0.13440068063261126
498,559,0,1,720136704,2498205757,1778069054,1.2723357915148945,50391,0.3791215338446951,0.3791215343851632,0.8605188124445171
499,559,0,1,720136704,2445679791,1725543088,1.3155966467011666,63600,0.04326085494091994,0.043260855186274,0.19590354355029188
500,559,0,1,720136704,2445232186,1725095483,1.315970929608003,65519,0.0003742827947452993,0.0003742829068371223,0.004463541174757649
501,559,0,1,720136704,2368579994,1648443291,1.3815428890935912,62624,0.06557195937319613,0.06557195948558583,0.3197714682428502
502,561,2,0,1440273408,3549624821,2109351414,1.025847680563725,41930,0.6443047902662479,0.6443047914701352,0.9483128965459925
503,561,0,1,733063168,2650134531,1917071364,1.1637431029186978,29781,1.137895422245149,1.1378954223549724,2.982527374115772
504,561,0,3,1282597144,3435792167,2153195024,0.9961681495855643,18402,1.8324250480118243,1.8324250466668666,1.4473731244261683
505,566,5,0,403825204,3549114299,3145289096,0.44945451898951205,23933,1.4532863705090013,1.4532863694039484,1.9605691905181415
506,567,1,0,807650408,4004964243,3197313836,0.4257867855615345,33310,0.9763322664382865,0.9763322665720224,1.3694227087832171
507,567,0,0,807650408,3805668786,2998018379,0.5186379184281407,61451,0.09285113250025817,0.09285113286660392,0.3713935008009372
508,567,0,0,807650408,3527349330,2719698923,0.6592001953970943,59452,0.14056227655955003,0.14056227696895446,0.7250062133167123
509,569,2,0,2124487000,4002579871,1878092872,1.1933787397520987,11314,2.5341785443562252,2.5341785443550062,2.205524393072412
510,569,0,0,2124487000,4002150009,1877663010,1.1937089847402511,65521,0.00033024448458043404,0.00033024498815100676,0.0039922782726164955
511,569,0,0,2124487000,3885884803,1761397804,1.2859263736727549,61478,0.09221738835965052,0.09221738893250436,0.4892055688184297
512,569,0,0,2124487000,3581290056,1456803057,1.5598412911878654,54203,0.27391491711225,0.2739149175151098,1.1209433969781517
513,569,0,0,2124487000,3580889933,1456402934,1.5602375937310136,65518,0.0003963024539395264,0.0003963025431493445,0.004687653452683203
514,569,0,0,2124487000,3548044420,1423557421,1.5931464588196356,64058,0.03290886503424986,0.03290886508862108,0.16786368508241953
515,569,0,2,2055497056,4246875331,2191378276,0.9708086019850164,25221,1.3776621415156056,1.3776621431653797,2.6004783084228262
516,569,0,2,2055497056,4043072068,1987575013,1.1116378358854782,59441,0.140829233327317,0.14082923390046215,0.4499447341725217
517,569,0,2,2055497056,4017080982,1961583927,1.130628083106295,64679,0.0189902469295382,0.018990247220816915,0.11909240061420798
518,569,0,2,2055497056,3972393408,1916896353,1.163874813731418,64043,0.03324673008935857,0.03324673062512505,0.16448065797111366
519,569,0,2,2055497056,3788413945,1732916890,1.3094446809328737,59246,0.1455698668610309,0.14556986720145412,0.5138988246968705
520,569,0,2,2055497056,3788017311,1732520256,1.3097749260841987,65521,0.00033024448458043404,0.00033024515132653334,0.0039922782726164955
521,569,0,2,2055497056,3763088011,1707590956,1.3306847193137372,64593,0.020909793185806994,0.02090979322953575,0.14199182938634702
522,569,0,2,2055497056,3762645062,1707148007,1.3310590028746034,65519,0.0003742827947452993,0.00037428356086665016,0.004463541174757649
523,569,0,2,2055497056,3432578039,1377080984,1.6410337413849625,52865,0.3099747381485836,0.3099747385103589,1.191380031986553
524,569,0,3,1963510464,3708185665,1744675202,1.2996886643514607,41515,0.6586549221684538,0.6586549229664977,2.1645935938541534
525,580,11,0,473252352,2967592447,2494340096,0.7839889601719676,366,7.484300161715957,7.484300295820507,0.4022163153072071
526,581,1,0,946504704,3315701515,2369196812,0.8582490960626714,31124,1.074260135662353,1.0742601358907047,2.274555977091659
527,581,0,0,946504704,2812189350,1865684647,1.2029419951174276,51608,0.3446928984895216,0.34469289905475536,1.2016992803503113
528,581,0,0,946504704,2705718699,1759213996,1.2877161588322146,61796,0.08477416366278188,0.08477416371478763,0.45828091483862976
529,581,0,0,946504704,2705316046,1758811343,1.2880464040310748,65521,0.00033024448458043404,0.00033024519885960435,0.0039922782726164955
530,581,0,0,946504704,2395479056,1448974353,1.5676150867484147,53991,0.2795686823875837,0.2795686827173405,0.8157291332727151
531,581,0,0,946504704,2353050745,1406546042,1.6104903672837096,63617,0.042875280436866274,0.04287528053529511,0.28310465424022047
532,581,0,0,946504704,2352449803,1405945100,1.6111068855322515,65508,0.0006165175324262582,0.0006165182485439556,0.0068188027268959416
533,581,0,0,946504704,2187175739,1240671036,1.7915265105174925,57832,0.18041962484499577,0.18041962498523997,0.6699885200903704
534,581,0,0,946504704,2156147604,1209642901,1.8280659340451635,63897,0.03653942302983157,0.03653942352767189,0.18792965260426822
535,581,0,0,946504704,2151090198,1204585495,1.834110354068489,65262,0.006044419936665017,0.006044420023324921,0.04834320369211886
536,581,0,0,946504704,2150814490,1204309787,1.834440598864969,65521,0.00033024448458043404,0.0003302447964778424,0.0039922782726164955
537,582,1,0,1893009408,3621632041,1728622634,1.3130241893976695,47034,0.47858358923766686,0.4785835905327009,1.093763465658051
538,582,0,0,1893009408,3621236390,1728226983,1.3133544344481365,65521,0.00033024448458043404,0.00033024505046919285,0.0039922782726164955
539,582,0,0,1893009408,3620788088,1727778681,1.3137287180221406,65519,0.0003742827947452993,0.00037428357400298517,0.004463541174757649
540,582,0,0,1893009408,3595294283,1702284876,1.3351746549351056,64569,0.021445936654936076,0.021445936912966344,0.12898615114705975
541,582,0,0,1893009408,3594904660,1701895253,1.3355049001930368,65521,0.00033024448458043404,0.0003302452579298938,0.0039922782726164955
542,582,0,2,1129586688,3767399675,2637812988,0.7033048599871172,25394,1.3677999578148685,1.3677999597940793,2.0801272239306603
543,582,0,3,111689728,2848436801,2736747074,0.6501850368303863,33997,0.9468801763251863,0.9468801768432697,1.0061562764385066
544,582,0,3,111689728,2845513639,2733823912,0.6517268253322719,65466,0.0015417881020707706,0.0015417885018874228,0.013747557306614817
545,582,0,3,111689728,2580624389,2468934662,0.7987584885755155,59186,0.1470316628259574,0.1470316632432406,0.6770480941011631
546,582,0,3,111689728,2557229485,2445539758,0.8124942267466722,64915,0.013735738140173754,0.01373573817115729,0.09047765903125692
547,582,0,3,111689728,2556632429,2444942702,0.8128464904513919,65520,0.0003522634716290214,0.00035226370471950965,0.004227909891679893
548,586,4,0,223379456,3344322549,3120943094,0.46066509402815115,41828,0.6478186030821081,0.6478186035767608,1.5646073632035702
549,586,0,0,223379456,3340989022,3117609567,0.46220688219300854,65466,0.0015417881020707706,0.0015417881648582027,0.014521965711845192
550,586,0,0,223379456,2737408849,2514029394,0.7726456281844669,52848,0.3104387457144749,0.3104387459914565,0.7313199767194992
551,586,0,0,223379456,2258087601,2034708146,1.0778252736424676,53041,0.30517964512371143,0.3051796454580009,0.9807735318293881
552,586,0,0,223379456,2219806425,1996426970,1.1052268473690319,64303,0.027401573656898884,0.027401573726564942,0.15538684787838683
553,587,1,0,446758912,4145217857,3698458946,0.21572288448553678,60704,0.11049603658852433,0.11049603711650377,0.5336960828112215
554,587,0,0,446758912,3986356133,3539597222,0.279061943582132,62721,0.06333905902772384,0.06333905909659618,0.2584290137390316
555,588,1,0,893517824,4198495745,3304977922,0.37800651177774824,30596,1.0989445674467282,1.0989445681956147,1.6316416146151822
556,588,0,0,893517824,3848158806,2954640983,0.5396643061396205,58589,0.16165779428609983,0.16165779436187222,0.6776906532209468
557,589,1,0,1787035648,4170369095,2383333448,0.8496663354330884,26432,1.3100020285805547,1.3100020292934687,2.1688325586052
558,589,0,0,1787035648,4099126568,2312090921,0.8934490143098017,63577,0.04378267864020842,0.04378267887671401,0.27067775364100116
559,590,1,1,150091124,2405028919,2254937796,0.9295595097127283,15979,2.03611049630127,2.036110495402927,2.6878647902266137
560,590,0,1,150091124,2404340766,2254249643,0.9299998528750422,65516,0.0004403427806028656,0.00044034316231504383,0.005115354265434883
561,590,0,1,150091124,2378026969,2227935846,0.9469394555217043,64771,0.016939602416468236,0.01693960264666118,0.09467290664264251
562,592,2,0,300182248,3077011099,2776828852,0.6292088856664506,40841,0.6822694291276273,0.6822694301447473,1.3953260819256008
563,593,1,0,600364496,3227708297,2627343802,0.7090421488209095,31004,1.0798332627611287,1.0798332631544594,2.7931063112363255
564,594,1,0,1200728992,3931665571,2730936580,0.6532513349430822,34060,0.9442091854340953,0.9442091861221728,2.204965532531873
565,594,0,0,1200728992,3881285591,2680556600,0.6801145480602706,64327,0.026863212755349815,0.026863213117187732,0.15603616228122105
566,594,0,1,253974336,3368338053,3114363718,0.46370970335897255,38071,0.7835951551972551,0.7835951552987018,1.2878258862099916
567,594,0,1,253974336,3364013603,3110039268,0.4657143497764409,65445,0.0020046460149816775,0.002004646417467746,0.017759318347247765
568,594,0,1,253974336,3350678626,3096704291,0.47191352156635347,65255,0.0061991716593663634,0.006199171789911864,0.04569179683807698
569,596,2,5,50663424,3277405119,3226741696,0.4125690527922643,1067,5.940655539175575,5.940655531225911,0.8732681325936712
570,596,0,5,50663424,3275928033,3225264610,0.4132296177648733,65506,0.0006605645820851047,0.000660564972608279,0.007252453232773281
571,596,0,5,50663424,3268349133,3217685710,0.416623729451441,65382,0.0033941114097633825,0.003394111686570185,0.025754000393994964
572,596,0,5,50663424,3266581605,3215918182,0.41741644345348305,65500,0.0007927138004626774,0.000792714002041706,0.008143372925597404
573,602,6,0,101326848,3338443707,3237116860,0.4079376981993299,32984,0.9905212541119351,0.990521254745844,1.0197729416567767
574,602,0,0,101326848,3336961872,3235635025,0.408598263004297,65506,0.0006605645820851047,0.0006605648049691088,0.007351092048793639
575,602,0,0,101326848,3320718526,3219391679,0.4158590367422832,65207,0.007260773736406036,0.007260773737985566,0.0485875742797702
576,607,5,0,1004504608,3829332159,2824827552,0.6044843483861726,1797,5.188625306490058,5.1886253116438885,2.5301686673981245
577,607,0,0,1004504608,3828685607,2824181000,0.6048145930156714,65521,0.00033024448458043404,0.0003302446295004199,0.0039922782726164955
578,607,0,0,1004504608,3547844732,2543340125,0.7559227371361352,59019,0.15110814405987674,0.1511081441204649,0.6541177582015939
579,609,2,1,999735320,2588391503,1588656184,1.4348402147248258,5117,3.6789174819899584,3.678917477588689,3.124284199120725
580,609,0,1,999735320,2571907643,1572172324,1.4498877876063112,64856,0.015047572267633055,0.015047572881486896,0.08670275804155385
581,609,0,1,999735320,2340529437,1340794118,1.6795594208844555,55891,0.22967163256498996,0.22967163327814227,0.6072453804559292
582,611,2,0,1999470640,3776202883,1776732244,1.273420864399057,43422,0.5938614430089902,0.5938614435146029,1.1953153826169776
583,611,0,1,1851457632,3674386647,1822929016,1.2363887614104812,33620,0.9629678958764702,0.9629678970114257,1.744900503088629
584,611,0,1,1851457632,3649269079,1797811448,1.2564054251055126,64633,0.020016663266462696,0.02001666369502948,0.11062173798397813
585,611,0,1,1851457632,3648802727,1797345096,1.256779708513342,65519,0.0003742827947452993,0.00037428340782825895,0.004463541174757649
586,611,0,2,1555431616,3717368777,2161937162,0.9903225551282482,39415,0.7335428459138685,0.7335428466149085,1.1958966838178942
587,611,0,2,1555431616,3319922809,1764491194,1.2833949158985014,53488,0.29307236038259665,0.2930723607702507,0.7012158755656193
588,611,0,2,1555431616,3318415065,1762983450,1.2846282145859327,65480,0.0012332986384842029,0.00123329868743194,0.012388830109183714
589,614,3,3,853594432,2613995375,1760400944,1.2867430955355168,4090,4.002114872170889,4.002114880949585,1.123420869598659
590,614,0,3,853594432,2611953894,1758359463,1.2884171139423195,65460,0.0016740180678742555,0.0016740184068022089,0.01579883217652476
591,614,0,3,853594432,2592716471,1739122040,1.3042879710891597,64819,0.01587085690941417,0.015870857146840046,0.10912519951264635
592,618,4,0,1707188864,3971953745,2264764882,0.9232858622673206,42672,0.6189978904490738,0.6189978911781604,0.976662275201586
593,618,0,0,1707188864,3957508680,2250319817,0.9325170931886682,65118,0.009231230342574597,0.009231230921347157,0.06691831720038703
594,618,0,0,1707188864,3321103841,1613914978,1.4120825674281754,47002,0.47956547368810026,0.47956547423951035,1.1533363920642832
595,618,0,1,1266894080,3594284775,2327390696,0.8839337316310178,47254,0.4718511633726813,0.4718511642028408,1.1220853415659588
596,618,0,2,386304512,4038975449,3652670938,0.2336953560419559,51427,0.349761624087808,0.34976162441093894,1.3280421613736735
597,618,0,2,386304512,3956710094,3570405583,0.26655917838479226,64060,0.03286382233795407,0.032863822342837315,0.2201768685789996
598,618,0,2,386304512,3955892893,3569588382,0.26688942287548656,65521,0.00033024448458043404,0.00033024449069188837,0.0039922782726164955
599,618,0,2,386304512,3948430832,3562126321,0.2699084674605494,65399,0.0030190444530456694,0.0030190445850619176,0.02343007208294689
600,618,0,2,386304512,3523873814,3137569303,0.45299982018054763,57725,0.1830913524511601,0.18309135271999935,0.7433406211315786
601,618,0,2,386304512,3513532704,3127228193,0.45776264984068504,65320,0.004762829550942718,0.004762829660137748,0.034854270624363914
602,618,0,2,386304512,3470395889,3084091378,0.47780163477037974,64632,0.020038984777171982,0.020038984929693547,0.12605683172032867
603,623,5,0,509800536,3211392303,2701591768,0.6688374575742451,7176,3.1910358250807387,3.191035822803867,2.195905077225697
604,623,0,0,509800536,3020941955,2511141420,0.7743038668318398,60916,0.10546640892124531,0.10546640925759627,0.3733297381837952
605,623,0,0,509800536,3019869079,2510068544,0.7749203847306525,65508,0.0006165175324262582,0.000616517898809724,0.006638852868734327
606,623,0,0,509800536,3019294569,2509494034,0.775250629734547,65521,0.00033024448458043404,0.00033024500389464633,0.0039922782726164955
607,623,0,0,509800536,2991418109,2481617574,0.7913663377988271,64808,0.016115707835345827,0.016115708064281815,0.10674648444665727
608,624,1,0,1019601072,3801954221,2782353150,0.6263416005336673,36739,0.8349752622286994,0.8349752627348415,2.0168362300325846
609,624,0,0,1019601072,3779028337,2759427266,0.6382782870701149,64996,0.011936686274586253,0.01193668653644505,0.07835644589981622
610,624,0,0,1019601072,3764375616,2744774545,0.6459594944767346,65188,0.0076812071268103615,0.007681207406620919,0.06200110754861458
611,629,5,0,1933398368,3505478719,1572080352,1.4499721876606415,1173,5.804012701971492,5.804012693183905,0.47190938165289925
612,629,0,0,1933398368,3502792058,1569393691,1.4524398403569094,65424,0.0024676524736343256,0.0024676526962698186,0.019915803996456326
613,630,1,2,1984812936,4272234895,2287421960,0.9089246222199208,11940,2.4564847838478325,2.4564847818630122,0.7891892053503254
614,630,0,2,1984812936,3739715411,1754902476,1.291256287165119,50279,0.3823316641962605,0.3823316649451971,0.7861430542557932
615,630,0,2,1984812936,3713526833,1728713898,1.3129480231818427,64558,0.02169173568206699,0.02169173601672169,0.11580346661767238
616,630,0,2,1984812936,3645339494,1660526559,1.3710063480564862,62951,0.05805832457803074,0.058058324874645226,0.26186022588944435
617,630,0,2,1984812936,3644655378,1659842443,1.3716008426888386,65509,0.0005944945118882062,0.0005944946323520753,0.006452011484427647
618,630,0,2,1984812936,3644250143,1659437208,1.3719531061853019,65520,0.0003522634716290214,0.0003522634964626007,0.004227909891679893
619,630,0,2,1984812936,3470446783,1485633848,1.5315685555513987,58672,0.1596154492883341,0.1596154493660977,0.4891575710909533
620,630,0,2,1984812936,3462081931,1477268996,1.5397145955641243,65167,0.008146039256314585,0.008146040012723507,0.05264859196401612
621,630,0,2,1984812936,3461743810,1476930875,1.5400448409864715,65521,0.00033024448458043404,0.0003302454223487947,0.0039922782726164955
622,630,0,3,1822142224,3764445145,1942302922,1.1448789246664077,43093,0.6048340825855623,0.6048340836799365,1.2737461547044395
623,630,0,3,1822142224,3756472740,1934330517,1.1508128183673705,65267,0.005933893153988784,0.0059338937009616784,0.045330028629839425
624,630,0,4,1496800800,3332195221,1835394422,1.2265570178131782,31092,1.0757441990987495,1.0757441994458088,1.6346467845895536
625,638,8,0,1745028608,4168770895,2423742288,0.8254108381228704,5409,3.598853817846502,3.598853820309692,2.2430675595485554
626,638,0,0,1745028608,3843871969,2098843362,1.033052644604325,56751,0.2076418063319307,0.2076418064814551,0.7667562014313074
627,641,3,0,1439552128,3628836375,2189284248,0.9721878655209011,8545,2.9391352234364985,2.9391352209165746,2.88052679428468
628,641,0,0,1439552128,3628301881,2188749754,0.9725401295036207,65520,0.0003522634716290214,0.00035226398272082904,0.004227909891679893
629,643,2,2,543255584,3253543359,2710287776,0.664201102196234,5072,3.691660969860593,3.6916609726926124,3.799754149976521
630,643,0,2,543255584,3245189505,2701933922,0.6686547532038034,65334,0.004453650641001229,0.004453651007569821,0.033221567209083314
631,643,0,2,543255584,3027050888,2483795305,0.7901008632080568,60245,0.12144610980563315,0.12144611000425212,0.4080716135215499
632,647,4,0,715075628,2983752187,2268676560,0.9207962040573854,14965,2.130695341614537,2.13069534084933,2.6143051109445516
633,647,0,0,715075628,2981398213,2266322586,0.9222939185273766,65468,0.0014977141398913162,0.0014977144699927912,0.014554039281507527
634,648,1,1,712818864,3350268371,2637449508,0.7035036712480505,19067,1.7812097524472368,1.7812097527206718,2.3345864149091007
635,648,0,1,712818864,3348578111,2635759248,0.7044285463729167,65494,0.0009248751246666447,0.0009248751248671476,0.00973830022336299
636,648,0,1,712818864,2622835379,1910016516,1.169062032648906,47491,0.464633485651402,0.4646334862759886,1.1187136436335683
637,648,0,1,712818864,2622369066,1909550203,1.1694142964031151,65520,0.0003522634716290214,0.00035226375420963573,0.004227909891679893
638,648,0,1,712818864,2543843708,1831024845,1.2299957789554377,62841,0.060581481773217,0.06058148255232115,0.33894626297757585
639,648,0,1,712818864,2427281274,1714462411,1.324890871987126,61364,0.09489509275840213,0.09489509303168972,0.48317824464112913
640,648,0,1,712818864,2416947828,1704128965,1.3336126261040029,65141,0.008721753280946777,0.00872175411687739,0.06390658086119502
641,648,0,1,712818864,2410889141,1698070278,1.338750977096904,65303,0.005138350184117335,0.005138350992902197,0.03926605788902791
642,648,0,1,712818864,2410500483,1697681620,1.3390812220550146,65521,0.00033024448458043404,0.0003302449581081629,0.0039922782726164955
643,648,0,1,712818864,2405164142,1692345279,1.3436232031574704,65330,0.004541980711492849,0.0045419811024568855,0.03312230603608209
644,648,0,1,712818864,2404750971,1691932108,1.3439754672821493,65520,0.0003522634716290214,0.00035226412467865306,0.004227909891679893
645,650,2,0,1425637728,3790976161,2365338434,0.8606005260339522,45810,0.51662505759463,0.5166250587518028,1.0560447026231181
646,651,1,0,1348689506,3282076487,1933386982,1.1515167132577062,26784,1.2909161874496562,1.2909161872237556,0.9898588775713498
647,655,4,0,1070452736,3661361215,2590908480,0.7291890906586396,5489,3.577672376025442,3.5776723774009316,2.0572135898566115
648,655,0,0,1070452736,3660728668,2590275933,0.7295413546785312,65520,0.0003522634716290214,0.00035226401989221426,0.004227909891679893
649,658,3,1,818922000,2853325727,2034403728,1.0780411351637902,3217,4.348499779347262,4.348499780485258,1.5503645824772838
650,661,3,3,267263264,3306948543,3039685280,0.49872518697898727,3060,4.420684062419986,4.420684051815198,1.4480943213587845
651,661,0,3,267263264,3306206432,3038943169,0.49907745061009834,65520,0.0003522634716290214,0.00035226363111050295,0.004227909891679893
652,661,0,3,267263264,3298369801,3031106538,0.5028025848373687,65367,0.003725133837594948,0.0037251342272709162,0.031509642666909206
653,665,4,4,2061566112,3500157695,1438591584,1.577990076777514,972,6.075187496394219,6.075187491940144,0.48411416948853775
654,673,8,1,1102654144,4081690719,2979036576,0.527801309203781,4241,3.9498112324035652,3.949811232426266,0.6677296670170286
655,673,0,1,1102654144,3674309649,2571655506,0.7399497510432482,56574,0.21214844175893657,0.21214844183947065,0.8241347311830858
656,673,0,1,1102654144,3642407245,2539753102,0.757958891470345,64723,0.018009140234965856,0.018009140427093836,0.12186214676537939
657,673,0,2,57824640,3698876319,3641051680,0.23829192790349296,46977,0.48033303616212086,0.48033303643315084,1.496768851239445
658,673,0,2,57824640,3697931832,3640107193,0.23866621082809303,65519,0.0003742827947452993,0.00037428292459864307,0.004452022505596219
659,673,0,2,57824640,3323901042,3266076403,0.3950886058979819,58802,0.15642239496354304,0.15642239506988873,0.5168302221679241
660,673,0,2,57824640,3317422313,3259597674,0.3979532396998593,65406,0.0028646334550583873,0.0028646338018789917,0.025448452795702875
661,673,0,2,57824640,2663423750,2605599111,0.721032013397906,52387,0.3230787736191195,0.3230787736980468,0.72683336246594
662,673,0,2,57824640,2555082417,2497257778,0.7823023956938435,62811,0.06127038210188761,0.06127038229593624,0.26576811967460273
663,673,0,2,57824640,2402661898,2344837259,0.8731593485528251,61536,0.0908569526601028,0.09085695285898229,0.3481854088408844
664,673,0,2,57824640,2235572206,2177747567,0.9798104118595496,60866,0.10665106274689508,0.1066510633067245,0.5615848802893335
665,673,0,2,57824640,2234807920,2176983281,0.9803168181895074,65513,0.0005064057914389884,0.0005064063299565987,0.005791725496522608
666,676,3,0,115649280,2158099137,2042449858,1.0723464852695592,30743,1.092029665768593,1.0920296670800536,2.2988435701340215
667,676,0,5,573379872,2242843263,1669463392,1.3632626876885467,1674,5.290916187449656,5.290916202418985,1.17161242739615
668,683,7,0,1627169184,4266478315,2639309132,0.7024868082013107,25902,1.3392241218173897,1.3392241205127653,1.4404252214269782
669,683,0,2,66225792,4076094131,4009868340,0.09909227799872511,24892,1.396605469112626,1.3966054697974142,2.4050322146840086
670,683,0,2,66225792,4022801355,3956575564,0.11839483545538698,64665,0.019302557212988864,0.019302557456663132,0.13786568645567465
671,683,0,2,66225792,3750823008,3684597217,0.22114022677390466,61031,0.1027453911203306,0.10274539131851816,0.38252263595232505
672,683,0,2,66225792,3021729735,2955503944,0.5392430002057012,52568,0.31810277321376534,0.31810277343179494,0.9199104295928923
673,686,3,0,132451584,3930194779,3797743196,0.1775047924966522,42106,0.6382617920644683,0.6382617922909508,1.0670785834053926
674,687,1,1,1006671288,2677687563,1671016276,1.3619213604362237,7209,3.1844165661489776,3.184416567939572,1.4109835213842703
675,689,2,0,2013342576,4169834771,2156492196,0.9939606508142553,42288,0.6320392903584302,0.6320392903780299,1.3942287628542351
676,689,0,0,2013342576,3849434311,1836091736,1.2260090046007903,55799,0.2320483533776006,0.23204835378653765,0.8392214752706747
677,689,0,0,2013342576,3651609546,1638266971,1.390476669160872,58475,0.16446766387284772,0.16446766456008172,0.5836474801889302
678,689,0,0,2013342576,3650859606,1637517031,1.39113723453222,65506,0.0006605645820851047,0.000660565371346557,0.007147374567811115
679,689,0,0,2013342576,3587618706,1574276131,1.4479585315440566,63005,0.05682129677497151,0.056821297011836906,0.33251137730128677
680,692,3,1,1335329696,3341224991,2005895296,1.0984008440935114,5219,3.650442313379481,3.6504423125494547,1.818387604813994
681,692,0,1,1335329696,3328706509,1993376814,1.1074326930850802,65127,0.009031848325780604,0.009031848991568833,0.06307634309111179
682,692,0,2,523175744,2823394373,2300218630,0.900876153789067,37812,0.7934434602613042,0.793443460703988,1.502981429435742
683,695,3,0,1046351488,3618443491,2572092004,0.7397048970723858,36641,0.8388287426883516,0.8388287432833186,1.247721600381817
684,695,0,0,1046351488,3491479415,2445127928,0.8127371977020665,62301,0.07303230016335369,0.07303230062967918,0.3638862273313635
685,695,0,0,1046351488,3490322814,2443971327,0.8134197866498809,65505,0.0006825886112264284,0.0006825889478141385,0.007190339640459158
686,695,0,0,1046351488,2249280916,1202929429,1.8360951380950397,32257,1.0226753507846151,1.0226753514451588,1.1321678837884828
687,696,1,1,2037922304,4057807039,2019884736,1.0883741775642761,27511,1.2522790391817327,1.252279039469236,2.4663789964590057
688,700,4,1,785805600,2280500575,1494694976,1.5227960438716366,3031,4.434421863215671,4.4344218663073605,1.2489409053069673
689,700,0,1,785805600,2278174236,1492368637,1.5250431995081435,65434,0.002247154675456557,0.0022471556365071883,0.0197089303508186
690,700,0,1,785805600,2179504294,1393698695,1.6237284486625363,61203,0.09868524892076706,0.09868524915439421,0.5053504738987536
691,702,2,0,1571611200,3279623655,1708012456,1.3303286498938007,40158,0.7066002003135471,0.7066002012312624,1.7121002485711
692,702,0,1,995738752,3738785487,2743046736,0.6468679429959678,52625,0.3165392922715169,0.31653929310216783,1.0170464040297982
693,702,0,1,995738752,2746096896,1750358145,1.2949970004413878,41819,0.6481290566648572,0.6481290574454194,1.5997519698260159
694,702,0,1,995738752,2669070026,1673331275,1.3599240571897937,62652,0.06492705593091597,0.06492705674840869,0.3577404261376885
695,702,0,1,995738752,2394488047,1398749296,1.6185097409300795,54782,0.2585856830416017,0.25858568374028273,0.8295969227034131
696,707,5,0,935334240,2984283407,2048949168,1.067762952774384,6000,3.449253214616757,3.4492532118443053,0.7103420650446687
697,707,0,0,935334240,2983501794,2048167555,1.0683134029025645,65511,0.0005504494793435254,0.0005504501281809532,0.006306543095994724
698,709,2,2,1239373552,3837086063,2597712512,0.7254053689852995,5195,3.657091966208426,3.657091966082735,1.6435389053674052
699,709,0,2,1239373552,3836174390,2596800839,0.7259117748950139,65513,0.0005064057914389884,0.000506405909713844,0.005724733926613502
700,709,0,2,1239373552,3694993948,2455620397,0.8065595876235925,61973,0.08064781221261687,0.08064781272857736,0.308168283695382
701,709,0,3,331263456,3655358729,3324095274,0.3696854133165779,44357,0.563125825543358,0.5631258256929863,0.9332010216792607
702,713,4,0,662526912,3836790375,3174263464,0.43622526912239223,31291,1.066539855384411,1.0665398558058143,2.5816255052604706
703,713,0,0,662526912,2958559400,2296032489,0.9035040896327331,47404,0.4672788200467542,0.46727882051034086,1.1309366255365754
704,713,0,0,662526912,2946052020,2283525109,0.9113844927412558,65179,0.007880402557995065,0.007880403108521412,0.05217916705499351
705,713,0,0,662526912,2377052309,1714525398,1.3248378703215558,49206,0.4134533771934951,0.41345337758030015,1.0181897084926588
706,713,0,0,662526912,2375718068,1713191157,1.3259610104297757,65485,0.001123139814249491,0.001123140108222059,0.011516421133864658
707,713,0,0,662526912,2367013040,1704486129,1.333310287048839,65203,0.007349275847676116,0.007349276619062336,0.05745327829411877
708,713,0,0,662526912,2354841111,1692314200,1.3436496977099992,65068,0.010339410263475958,0.01033941066115932,0.07068168989872747
709,716,3,0,1004345080,3993163663,2988818584,0.5230718153766496,14468,2.1794221173442256,2.1794221176666526,2.3744369654833877
710,717,1,0,2021824650,3377227609,1355402960,1.6639253188124883,14860,2.1408535045740416,2.140853503435837,1.8734051900189261
711,717,0,0,2021824650,3241141313,1219316664,1.81657429466269,58956,0.15264897552782558,0.15264897585020132,0.5731070048569599
712,717,0,1,1896165652,3676208719,1780043068,1.2707349985083845,47837,0.45416070375803913,0.45416070384569646,1.2278214848439253
713,717,0,1,1896165652,3675746976,1779581325,1.2711092820093697,65519,0.0003742827947452993,0.0003742835009848416,0.004452022505596219
714,717,0,1,1896165652,3664830965,1768665314,1.279986074534044,65134,0.008876792471826713,0.008876792524674746,0.06020139889740475
715,723,6,0,1810755936,3233978815,1423222880,1.5934855370714587,1648,5.3134994728167815,5.313499462537416,1.2929899582060635
716,723,0,1,1474028224,4262751105,2788722882,0.6230425664799881,64207,0.02955702848046364,0.029557029408528526,0.15305379060981328
717,723,0,1,1474028224,4261304318,2787276095,0.6237912296291661,65502,0.0007486627160211863,0.0007486631491766658,0.007842716296369295
718,723,0,2,800572800,4122456749,3321883950,0.37064547237749323,39053,0.74685424189432,0.746854242748328,1.0747591655580229
719,729,6,1,1251132544,3810670079,2559537536,0.7467639821911938,1578,5.376118509986542,5.376118509813702,1.368650450888977
720,729,0,1,1251132544,3810084247,2558951704,0.7470942268728784,65521,0.00033024448458043404,0.0003302446816844891,0.0039922782726164955
721,729,0,1,1251132544,3802860643,2551728100,0.7511725354376111,65351,0.004078308163540883,0.004078308564731231,0.03036903337390092
722,729,0,1,1251132544,3752243477,2501110934,0.7800780979381479,64236,0.028905561963849902,0.028905562500536275,0.17114659062597587
723,729,0,1,1251132544,3751442034,2500309491,0.7805404617281511,65515,0.0004623634480924974,0.0004623637900033408,0.00538302560878682
724,729,0,1,1251132544,3749763359,2498630816,0.7815093935577266,65492,0.0009689315899683129,0.0009689318295742605,0.009702317626060632
725,729,0,1,1251132544,3696996863,2445864320,0.812302770886113,64152,0.030793377035765655,0.03079337732838703,0.17742708387068304
726,729,0,1,1251132544,3695765272,2444632729,0.8130294087913654,65503,0.0007266376781842033,0.0007266379052528202,0.007661591789746767
727,729,0,1,1251132544,3456733189,2205600646,0.9614755510009196,59128,0.14844614157022257,0.1484461422095562,0.465789377158692
728,729,0,1,1251132544,3317032134,2065899591,1.0558770094712742,61385,0.09440145784236618,0.0944014584703542,0.35443984309451054
729,729,0,2,354781440,4014994653,3660213214,0.23071945547680883,58056,0.17484244529891887,0.174842446005532,0.7944863828842812
730,729,0,2,354781440,4013263289,3658481850,0.23140204445790857,65505,0.0006825886112264284,0.0006825889811030751,0.007548476479299678
731,729,0,2,354781440,3913338323,3558556884,0.271354848191649,63746,0.03995280336086228,0.03995280373373885,0.20328172682994472
732,729,0,2,354781440,3559144192,3204362753,0.4226096673275599,59013,0.15125481903365995,0.15125481913591207,0.7189248198044331
733,729,0,2,354781440,2651609752,2296828313,0.9030041261462678,46975,0.4803944588052198,0.4803944588187051,0.9555509645432002
734,735,6,0,1685624480,3763199887,2077575408,1.0477463037842902,3705,4.1447421728068035,4.144742177638025,0.3172371289413861
735,735,0,0,1685624480,3619593066,1933968587,1.1510827843672224,61006,0.10333648032322411,0.10333648058293174,0.5675443548295899
736,735,0,0,1685624480,3618914335,1933289856,1.1515891905835574,65513,0.0005064057914389884,0.0005064062163334695,0.005686139489769922
737,735,0,0,1685624480,3618471840,1932847361,1.1519194351191615,65521,0.00033024448458043404,0.00033024453560443715,0.0039922782726164955
738,735,0,0,1685624480,3318175028,1632550549,1.3955194830857778,55354,0.2436000474066139,0.24360004796661627,0.7892564298499297
739,735,0,1,1223765312,4039177649,2815412338,0.6093009148544155,56510,0.21378143126187144,0.213781431768638,0.6564800941262746
740,735,0,1,1223765312,4038533252,2814767941,0.6096311594697745,65521,0.00033024448458043404,0.00033024461536014196,0.0039922782726164955
741,738,3,0,808198972,3082828335,2274629364,0.9170156592874363,13240,2.30738449830542,2.3073844998176596,0.8465652822242697
742,738,0,0,808198972,3081092930,2272893959,0.9181167686742988,65486,0.001101109058724726,0.0011011093868645194,0.010467375606807314
743,738,0,0,808198972,3070133541,2261934570,0.9250899482959873,65220,0.006973179364172301,0.006973179621688428,0.046667222469350074
744,738,0,0,808198972,3034445669,2226246698,0.9480336745105653,64502,0.022943725878256157,0.02294372621457671,0.13392448715358382
745,738,0,0,808198972,3033936121,2225737150,0.9483639193636471,65521,0.00033024448458043404,0.0003302448530828512,0.0039922782726164955
746,738,0,0,808198972,2451792558,1643593587,1.3857935395153582,48395,0.4374296193933867,0.43742962015171044,0.9553571930298178
747,739,1,0,1616397944,4097638407,2481240464,0.7915855883692657,49468,0.4057920481909137,0.40579204885390685,1.2975181616666565
748,739,0,1,1085312240,4069267407,2983955168,0.5254212858193661,39407,0.733835697157601,0.7338356974500996,0.992284595658954
749,739,0,1,1085312240,4065260631,2979948392,0.5273598003096538,65448,0.0019385143635805371,0.0019385144902874642,0.01783255897847694
750,744,5,1,760085504,2251514751,1491429248,1.5259516068123737,1025,5.998591805607192,5.998591806502722,3.1668773922132476
751,746,2,1,2066321160,3222852447,1156531288,1.8928428498348318,12705,2.366891245059283,2.366891243022459,3.4199556878399227
752,746,0,2,1985158672,4293527073,2308368402,0.895773658024833,65403,0.0029308075734053776,0.002930808189997934,0.02750022865689556
753,750,4,0,1783475800,4183705543,2400229744,0.8394746424023793,17036,1.9437009854496625,1.9437009843775472,3.3142824118274112
754,750,0,0,1783475800,3476301406,1692825607,1.343213789954067,46221,0.5037391473296824,0.5037391475516896,1.4381155540317996
755,754,4,0,120434688,2705134719,2584700032,0.732650288087541,6254,3.3894364960749597,3.389436498133474,3.015800962575155
756,756,2,0,910821896,2287887727,1377065832,1.641049615422709,8729,2.9083993281127256,2.9083993273351663,2.9018870973400963
757,762,6,0,1547822912,3355221823,1807398912,1.2487321866573282,1344,5.607682577221239,5.607682571234618,3.2764192945681065
758,769,7,1,544762368,3460605183,2915842816,0.5587341954467604,413,7.310002028580555,7.310002008789432,1.9115958374263264
759,769,0,1,544762368,3078728368,2533966001,0.7612499784875624,56953,0.2025157825359572,0.20251578304080403,0.8440019405095905
760,771,2,1,31565824,3856332619,3824766796,0.16727535964920648,24730,1.4060253807227,1.4060253811616439,2.548259519929038
761,771,0,2,907482182,2967519693,2060037512,1.0599765377879429,17649,1.8927011783655388,1.8927011781387368,2.496474487281123
762,774,3,0,1814964364,3801950007,1986985644,1.1120656968810252,31606,1.0520891586126968,1.0520891590930814,2.4625721050792237
763,774,0,1,1482445080,3412188459,1929743380,1.1542381373891821,31824,1.0421724391662561,1.0421724405081574,2.273236458268325
764,774,0,1,1482445080,3408920003,1926474924,1.1566837387633804,65425,0.002445601177240512,0.002445601374195774,0.02294654059335212
765,780,6,0,214571648,3875626527,3661054880,0.23038774590025923,3892,4.073704005218889,4.073704007136879,0.6455182133078666
766,780,0,0,214571648,3828757248,3614185601,0.24897655050109435,64697,0.018588804453289764,0.01858880460083672,0.12077346981858854
767,781,1,0,429143296,3685858939,3256715644,0.3992293878704274,29527,1.1502528371241663,1.1502528373693335,1.9755800225615257
768,782,1,0,858286592,3898437799,3040151208,0.4985040652374231,30589,1.0992746766346104,1.0992746773669955,1.5122384720331064
769,782,0,0,858286592,3274134287,2415847696,0.8301176413307161,52078,0.3316135760462002,0.3316135760932923,1.3299468674618482
770,782,0,0,858286592,2604630108,1746343517,1.2983097717392447,47374,0.4681921301539967,0.4681921304085297,1.4455789388745979
771,782,0,2,635697208,2506962267,1871265060,1.1986332188283058,17556,1.900323445140357,1.900323447089059,2.009140311342567
772,782,0,2,635697208,2444316461,1808619254,1.2477584186409025,63342,0.049125199808023,0.049125199812599496,0.3213084663408785
773,782,0,4,416892980,2530297255,2113404276,1.0230783772303624,19145,1.775319960262477,1.7753199585894581,2.1627908757285064
774,791,9,0,1173237824,3385707935,2212470112,0.9569891798850527,2144,4.933910809542228,4.933910802654692,2.9463488701751768
775,791,0,0,1173237824,3345837829,2172600006,0.9832245593816111,64355,0.026235378842566243,0.026235379496555588,0.1529725556689515
776,791,0,1,198992000,3608531265,3409539266,0.3330703462263429,51424,0.3498457863249062,0.3498457868447341,1.1357855759791815
777,791,0,1,198992000,3490537566,3291545567,0.3838819759559904,63268,0.05081162971375547,0.05081162972964612,0.24915759376036412
778,791,0,1,198992000,3277583568,3078591569,0.4803766655953794,61296,0.09649468957612001,0.09649468963938844,0.4142279499244847
779,791,0,1,198992000,3187484406,2988492407,0.5232292687671567,63618,0.04285260279249297,0.04285260317177764,0.28306952591154194
780,791,0,1,198992000,2723177312,2524185313,0.7668293163857811,55354,0.2436000474066139,0.24360004761862483,1.0124765123149984
781,791,0,3,1360195756,3890851759,2530656004,0.7631357330147281,16426,1.9963064172621534,1.996306416628947,1.948107930532721
782,791,0,3,1360195756,3447515858,2087320103,1.040995282651533,54055,0.27785954936247026,0.2778595496368041,0.9232160948572652
783,791,0,3,1360195756,3416844329,2056648574,1.0623518489235515,64573,0.021356565572477986,0.021356566272019255,0.15673356672974628
784,791,0,4,572907864,3507561103,2934653240,0.5494571021289119,46757,0.48710525311237457,0.487105253205361,1.749395293923863
785,791,0,4,572907864,2220426204,1647518341,1.3823526198866567,36792,0.8328955176200663,0.832895517757746,1.5922712954651537
786,791,0,4,572907864,2219068690,1646160827,1.3835418546158103,65482,0.0011892340994270377,0.0011892347291522177,0.012195028621118952
787,791,0,4,572907864,2199300492,1626392629,1.4009715641648661,64749,0.017429708827907422,0.01742970954905693,0.1194138662610996
788,798,7,0,110531728,4059179551,3948647824,0.1212884450237155,19889,1.7203168797896502,1.7203168808588494,2.889795260488695
789,808,10,1,589107200,4044173311,3455066112,0.31393382945461923,28,11.192645077942396,11.1926453844309,1.2166242969262155
790,811,3,1,703092456,4112186623,3409094168,0.3332586950162977,8083,3.019324867677632,3.0193248655616816,0.6589887553285702
791,811,0,1,703092456,2874662967,2171570512,0.9839083474189678,41746,0.6506496517650768,0.6506496524026701,1.6144009120792444
792,813,2,0,1406184912,4127341429,2721156518,0.6584272047704403,41061,0.6745188571668939,0.6745188573514722,1.23994044215689
793,815,2,0,2013759732,3319861715,1306101984,1.7173795951732878,7864,3.0589523936594194,3.058952390402848,2.0839297577912648
794,820,5,0,289740928,3636627263,3346886336,0.3598275896930936,5248,3.642447995381916,3.6424479945198045,3.453121940706604
795,820,0,1,2046896926,3232831289,1185934364,1.8566229804401573,11611,2.49679539045957,2.4967953907470646,2.3061763753753364
796,820,0,2,1946310204,3601471831,1655161628,1.3756750416527943,45733,0.5190520600819176,0.5190520612126371,0.9215608984316059
797,827,7,1,282702784,3011133247,2728430464,0.654575869948669,1688,5.278900811292815,5.278900828295873,1.7869440174812334
798,827,0,1,282702784,2507004760,2224301977,0.9492944806385566,53427,0.29471861033898067,0.2947186106898866,1.255880794073405
799,836,9,0,171695616,3916516351,3744820736,0.19775048726932098,431,7.248455940910902,7.248456006630768,0.4878086365829971
800,839,3,1,1230141696,4113726815,2883585120,0.5747835363499796,3154,4.377033055209489,4.377033049080656,2.256838031369104
801,839,0,2,312799744,2543424609,2230624866,0.9451992364062463,25348,1.37041569980615,1.3704157000562671,2.6876795105909186
802,839,0,2,312799744,2469224746,2156425003,0.9940056036864817,63356,0.04880636714050416,0.04880636728023757,0.2914183686107173
803,842,3,0,625599488,3015975017,2390375530,0.8454098614019401,36323,0.8514042574036472,0.8514042577154571,1.9873264230021954
804,842,0,0,625599488,2372277700,1746678213,1.29803329807363,47888,0.45262343650189907,0.45262343667168975,1.4072997226053026
805,842,0,0,625599488,2168148542,1542549055,1.4773307763927512,57877,0.1792974773869228,0.17929747831912143,0.8589941849364672
806,845,3,0,36379288,2928093863,2891714576,0.5707219865707849,15357,2.093391208287463,2.093391210178033,2.211512279454381
807,847,2,0,145517152,4228934411,4083417260,0.07287015053605472,23136,1.5021481630488822,1.5021481639652692,3.035628996422633
808,847,0,0,145517152,2193331965,2047814814,1.0685618891736617,32866,0.995691738456408,0.9956917386376081,1.9183150373136528
809,847,0,0,145517152,2190707202,2045190051,1.0704122329712362,65452,0.0018503435436362735,0.001850343797573026,0.01589386746369
810,847,0,0,145517152,2189958231,2044441080,1.0709406604625862,65512,0.0005284274673163702,0.0005284274913497491,0.0060593958318253035
811,848,1,0,291034304,3561216637,3270182334,0.39327606838701357,52414,0.32233540729693144,0.32233540792443055,1.1883936071472971
812,849,1,0,582068608,3042689201,2460620594,0.8036249219243352,24656,1.4103488534852147,1.4103488535373188,2.36769476635092
813,849,0,2,1239145084,4114274519,2875129436,0.5790202395317223,19144,1.775395318461501,1.7753953176073896,1.923617489069212
814,852,3,0,1201296262,3886464295,2685168034,0.6776347731724606,30603,1.0986145337752544,1.0986145336407367,1.0779097216935365
815,852,0,0,1201296262,3885194150,2683897889,0.678317361895779,65505,0.0006825886112264284,0.0006825887233172097,0.007456347948812514
816,854,2,2,834693776,2677907839,1843214064,1.2204235160991495,2813,4.5421061626853,4.542106154203371,1.6811629277215174
817,857,3,1,1191291456,3359295495,2168004040,0.9862797009075024,19271,1.7658561833468347,1.765856184808352,2.787236619277494
818,859,2,4,231087584,4291860799,4060773216,0.08089268740160449,3836,4.094612994981869,4.094612986494105,1.4767093872422088
819,859,0,4,231087584,4290745474,4059657891,0.08128898997111023,65518,0.0003963024539395264,0.00039630256950540715,0.004687653452683203
820,865,6,0,1000338292,3631038231,2630699940,0.7072004432192607,10617,2.6259114528536136,2.6259114532481496,2.926343517895732
821,865,0,0,1000338292,3130516417,2130178126,1.0116730720170253,53067,0.3044726282764646,0.30447262879776515,1.1681694626696697
822,865,0,0,1000338292,3122455440,2122117149,1.0171428452670703,65288,0.0054697731107892274,0.005469773250043137,0.04504657159288078
823,869,4,1,960744320,2338877023,1378132704,1.6399323304064168,1330,5.622789469611448,5.622789485139348,0.849169304516632
824,873,4,0,810363984,3381745623,2571381640,0.7401033976568065,15285,2.100171068225668,2.1001710672503906,1.9771805123188868
825,873,0,0,810363984,3202200908,2391836925,0.8445281158062556,60960,0.10442471761931561,0.1044247181494495,0.574387477584482
826,875,2,0,1925627804,4168266895,2242639092,0.9374496798811762,15362,2.0929215657035147,2.09292156407492,3.0597415547263807
827,877,2,1,1466176736,3489534343,2023357608,1.0858958218200954,7391,3.1484461415702225,3.1484461419389183,1.6850468643272125
828,877,0,2,784869824,3391498791,2606628968,0.7204619041918114,42214,0.6345660816844694,0.6345660823717145,1.048331146121638
829,877,0,3,1824764790,3703449981,1878685192,1.1929238088942533,23617,1.4724619055039296,1.472461904702442,2.075109291584798
830,881,4,1,1274865780,4071451055,2796585276,0.6189808230614027,24389,1.4260570146172837,1.4260570141671502,0.9618296136156931
831,887,6,1,572489664,2650811327,2078321664,1.0472281870824816,761,6.428247356496454,6.428247364021079,2.096528352466166
832,889,2,0,1144979328,3400765101,2255785774,0.9290170806984861,35566,0.8817888924568162,0.8817888936160065,1.822665630015698
833,891,2,0,675997660,3014117411,2338119752,0.8772983234186889,16982,1.9482812428218856,1.948281242720202,1.782242367583702
834,893,2,1,403324416,3740111279,3336786864,0.36418760815111284,11691,2.4868892831098064,2.4868892847324253,1.1045106709197055
835,896,3,0,336433304,3476687007,3140253704,0.4517660255220548,15419,2.0875784182211383,2.0875784173709424,2.7180632334997337
836,898,2,0,203934544,2172726415,1968791872,1.1253365391439836,10272,2.673570512877697,2.6735705136219283,2.3352742715651744
837,898,0,7,1933172096,3517434367,1584262272,1.4388359550456684,412,7.3134994728167815,7.313499415901684,2.2246086515162813
838,906,8,1,63424556,2302993551,2239568996,0.9394260329999788,23161,1.5005900759362025,1.5005900779543109,1.9704517715811485
839,910,4,1,660716560,2191671935,1530955376,1.4882149139675107,2800,4.548788888167671,4.548788880967532,2.9491250300195393
840,912,2,1,2015685568,3284162079,1268476512,1.759550340316931,13575,2.271335422420914,2.271335426349418,3.160339270860687
841,916,4,0,475853920,2499501319,2023647400,1.0856892090379624,13069,2.326138865716194,2.3261388687210327,1.612778390518546
842,917,1,0,951707840,4229203907,3277496068,0.39005309636161556,53071,0.3043638872003884,0.3043638873236522,0.9541551584911565
843,917,0,0,951707840,4217151347,3265443508,0.39536819609848806,65295,0.005315099603580846,0.005315099736872579,0.041431796197131374
844,917,0,0,951707840,4202751426,3251043587,0.40174424752862237,65247,0.006376051099398992,0.006376051430136243,0.05127957466047451
845,917,0,0,951707840,4193375705,3241667866,0.40591086287608746,65347,0.004166615255697727,0.004166615347462962,0.03040029697484469
846,917,0,0,951707840,4184323806,3232615967,0.40994501974779496,65353,0.00403415664435244,0.004034156871707565,0.03548954175230841
847,917,0,0,951707840,3790407925,2838700086,0.5974167123429979,57550,0.18747169209304487,0.18747169259520435,0.6874681658478881
848,917,0,0,951707840,3775680782,2823972943,0.6049208800628314,65196,0.007504167607519725,0.0075041677198347265,0.053835249967545
849,917,0,0,951707840,3774301888,2822594049,0.6056254935308303,65504,0.0007046129765893727,0.0007046134679969291,0.007784347052284398
850,917,0,0,951707840,3772837529,2821129690,0.6063741565102703,65502,0.0007486627160211863,0.0007486629794409055,0.008263472927390377
851,917,0,0,951707840,3678995019,2727287180,0.6551805237408566,63356,0.04880636714050416,0.048806367230584145,0.25140610512383343
852,917,0,0,951707840,3652694275,2700986436,0.6691607511741431,64904,0.013980226935924123,0.01398022743328637,0.09179741756602144
853,917,0,0,951707840,2715698934,1763991095,1.2838038681295103,42801,0.6146431163898471,0.6146431169553694,1.0080674711216433
854,917,0,0,951707840,2705040052,1753332213,1.2925477690613434,65140,0.008743900716734303,0.008743900931833281,0.0706752850271114
855,917,0,0,951707840,2570977129,1619269290,1.4073042153201065,60525,0.11475644622633879,0.11475644625876265,0.5672754782030479
856,918,1,0,1903415680,3720152011,1816736332,1.2412980935954891,36764,0.833993877049509,0.833993878275383,2.1598066204215547
857,918,0,0,1903415680,3692818911,1789403232,1.2631686187380673,64550,0.021870524918084635,0.021870525142577073,0.15817823538828782
858,918,0,0,1903415680,3692327436,1788911757,1.2635649217755898,65518,0.0003963024539395264,0.0003963030375241852,0.004687653452683203
859,921,3,1,326077520,4146295071,3820217552,0.16899234747665304,8747,2.905427421507204,2.9054274257010624,0.928259745428383
860,921,0,1,326077520,4139766378,3813688859,0.17146000028868258,65424,0.0024676524736343256,0.0024676528120299804,0.022491583996975192
861,921,0,1,326077520,4134761842,3808684323,0.17335442873877582,65450,0.0018944282800345323,0.001894428450090549,0.017893492130097423
862,921,0,1,326077520,4130751844,3804674325,0.17487417975301867,65467,0.0015197509526750181,0.001519751014243708,0.014936041515724334
863,921,0,1,326077520,4129242421,3803164902,0.17544665165740625,65510,0.0005724718275307164,0.000572471904387544,0.006263474722486623
864,921,0,1,326077520,4092392297,3766314778,0.18949356462727707,64901,0.014046912889830943,0.014046912969871104,0.09130756963333622
865,921,0,1,326077520,4091242908,3765165389,0.18993390777004748,65516,0.0004403427806028656,0.00044034314277058024,0.005158914338864347
866,921,0,1,326077520,4089174640,3763097121,0.1907266219077215,65500,0.0007927138004626774,0.0007927141376748101,0.008640369522779825
867,921,0,1,326077520,4086188784,3760111265,0.19187179286382872,65484,0.001145170906201281,0.001145170956105575,0.011779092839031896
868,921,0,1,326077520,4083779044,3757701525,0.19279666826682273,65494,0.0009248751246666447,0.0009248754029950164,0.009452230431883932
869,921,0,1,326077520,4079880061,3753802542,0.1942943826775796,65468,0.0014977141398913162,0.0014977144107560312,0.014789418693614095
870,921,0,1,326077520,4073579428,3747501909,0.19671793292289053,65426,0.002423550217891068,0.0024235502453121348,0.02178915485645183
871,921,0,1,326077520,4071692410,3745614891,0.19744457088700784,65503,0.0007266376781842033,0.0007266379641165916,0.007903262441137014
872,921,0,1,326077520,4068263197,3742185678,0.1987660026985374,65476,0.0013214317544216249,0.0013214318115299785,0.013617720652361992
873,921,0,1,326077520,3397438042,3071360523,0.48376927706812367,53788,0.2850032742768688,0.28500327436958667,1.2066730810544999
874,921,0,1,326077520,3046698568,2720621049,0.6587111261412915,58052,0.17494184896043813,0.17494184907316826,0.633224249070253
875,921,0,1,326077520,2620854288,2294776769,0.9042933278520167,55278,0.2455822015818131,0.24558220171072373,1.0959846115927772
876,921,0,1,326077520,2496829335,2170751816,0.9844523552488695,61994,0.08015902735618784,0.08015902739685354,0.3781505267070124
877,923,2,0,652155040,3115052103,2462897064,0.8022908138975531,37178,0.8178384582536868,0.8178384586486822,1.3734481053027447
878,923,0,0,652155040,2896256529,2244101490,0.9365092223804332,59714,0.13421840817823394,0.13421840848288144,0.6586137718932628
879,923,0,0,652155040,2679913859,2027758820,1.082761076454311,59218,0.1462518539946264,0.14625185407387672,0.6163875656967176
880,926,3,0,656407344,4132954295,3476546952,0.3049920722437989,14045,2.2222309959862394,2.222230995789489,0.8272001006145069
881,926,0,0,656407344,3877210385,3220803042,0.41522670603745127,60715,0.11023463358745868,0.11023463379365313,0.5900655001468672
882,926,0,0,656407344,3866988109,3210580766,0.41981285413593383,65328,0.004586147774849142,0.00458614809848233,0.03871616507489069
883,927,1,0,131624758,2789113225,2657488468,0.6925837147259593,27123,1.2727708606431418,1.2727708605900268,1.6557245855779166
884,928,1,0,263249516,3063311979,2800062464,0.6171881347371162,34526,0.9246044196052314,0.9246044200111565,2.2961699922896246
885,928,0,0,263249516,2990849425,2727599910,0.6550151036274094,63840,0.03782696889029187,0.03782696889029187,0.2158607396772337
886,928,0,0,263249516,2378662732,2115413217,1.021707644423394,50827,0.36669254041867,0.36669254079598435,1.2403988140554774
887,928,0,0,263249516,2365686717,2102437202,1.030584436956012,65134,0.008876792471826713,0.00887679253261896,0.07476499468929754
888,929,1,0,526499032,4013472743,3486973712,0.3006716582140605,54347,0.27008722097675975,0.2700872212580484,0.8863299321956978
889,929,0,0,526499032,3537642574,3011143543,0.5123356621829132,56593,0.21166400360939744,0.2116640039688534,0.6033480910184832
890,929,0,0,526499032,3536585806,3010086775,0.5128420683119295,65513,0.0005064057914389884,0.0005064061290153792,0.005791725496522608
891,929,0,0,526499032,3474442138,2947943107,0.5429384641998176,64183,0.030096395742472082,0.03009639588788684,0.1787450708786939
892,929,0,1,1725438630,3474880209,1749441580,1.2957526572870854,19446,1.7528141939610034,1.752814193087268,1.947416004438469
893,929,0,2,1303393612,3660398825,2357005214,0.8656921959943382,44148,0.5699395383058693,0.5699395387072533,1.6863631699549344
894,929,0,2,1303393612,3510064935,2206671324,0.9607753847909457,61356,0.09508318859190051,0.09508318879660821,0.354992703345207
895,929,0,3,459303576,3784327885,3325024310,0.36928225749367627,49375,0.4085068722734477,0.40850687270272973,1.3640665934860772
896,933,4,0,918607152,3014910777,2096303626,1.0347994558557474,20659,1.6655171982881005,1.6655171983620711,3.288107372872035
897,934,1,0,1837214304,3595926551,1758712248,1.288127690687105,27491,1.253328233832454,1.2533282348313597,2.78733104958562
898,938,4,0,2037255968,3300901023,1263645056,1.7650558627677988,2943,4.476928173059605,4.476928172080692,1.8013900026783425
899,938,0,1,1927028288,3255999719,1328971432,1.6923370537058275,34462,0.9272811897422036,0.9272811909380296,2.1008999420750305
900,938,0,3,1265662208,4162566851,2896904644,0.568134949114242,35714,0.8757978943399236,0.8757978954084135,2.013112495369927
901,938,0,4,383840768,2850205687,2466364920,0.8002608712832711,27898,1.2321259211023858,1.2321259221690304,2.800739722494043
902,938,0,4,383840768,2767072750,2383231983,0.8497277562000782,63327,0.04946688444616633,0.04946688491680707,0.2843173484987936
903,938,0,4,383840768,2724052678,2340211911,0.8760079712877626,64353,0.026280215062257483,0.026280215087683967,0.1419323428618012
904,938,0,4,383840768,2713482873,2329642106,0.8825388098285956,65240,0.006530838400753308,0.006530838540831621,0.054564991081687456
905,938,0,4,383840768,2712345352,2328504585,0.883243423078067,65504,0.0007046129765893727,0.0007046132494708373,0.0076931884760661805
906,943,5,0,767681536,4191083539,3423402004,0.3272164306091625,48176,0.4439730072753225,0.44397300753109725,1.078746349904846
907,943,0,0,767681536,3133702811,2366021276,0.8601840991147007,45294,0.5329676682707017,0.5329676685055381,1.9272800092194866
908,943,0,0,767681536,2365800092,1598118557,1.4262727069271897,44266,0.566088607098071,0.5660886078124877,1.7846532355270135
909,943,0,0,767681536,2333318800,1565637265,1.4558971457751184,64204,0.029624438361602397,0.02962443884792992,0.15937292451875845
910,946,3,0,837430248,2636804623,1799374376,1.2551517625331137,9415,2.7992546204984095,2.7992546167579957,3.069003454137309
911,946,0,0,837430248,2467564149,1630133902,1.3976566712401528,59372,0.14250490802642293,0.14250490870703855,0.5206714997683741
912,946,0,0,837430248,2467166167,1629735920,1.398008934791747,65520,0.0003522634716290214,0.0003522635515938966,0.004227909891679893
913,947,1,0,1674860496,3297185811,1622325316,1.404584001723343,32619,1.0065750663944688,1.006575066931595,2.0402278728896794
914,957,10,2,1479835648,3304951807,1825116160,1.2346588583921019,18,11.830074998557688,11.83007485666876,0.707542331038278
915,957,0,2,1479835648,3246970058,1767134411,1.281235368315354,63454,0.04657650920889569,0.046576509923248854,0.2527246095329255
916,957,0,2,1479835648,3243033265,1763197618,1.2844529660062705,65390,0.0032175971660184,0.0032175976909188464,0.028518516499178546
917,957,0,2,1479835648,3242306849,1762471202,1.2850474613086682,65509,0.0005944945118882062,0.0005944953023987778,0.006703083137891865
918,957,0,2,1479835648,3234696080,1754860433,1.2912908508830583,65253,0.006243389486350209,0.0062433895743871735,0.0446426078618558
919,957,0,3,812187648,4215817859,3403630212,0.33557284233103957,63555,0.04428199102759124,0.04428199144798112,0.23419909329729638
920,957,0,3,812187648,4170322557,3358134910,0.3549869556201841,64660,0.019414112986552195,0.0194141132891476,0.126707531146333
921,957,0,3,812187648,4169553940,3357366293,0.3553172004985825,65521,0.00033024448458043404,0.000330244878398598,0.0039922782726164955
922,957,0,3,812187648,3638356871,2826169224,0.6037992927565199,55167,0.24848209208760788,0.24848209225793566,1.0192101933454898
923,957,0,3,812187648,2903784016,2091596369,1.0380426752249718,48502,0.43424338179839694,0.43424338246845223,1.5331594934120172
924,957,0,3,812187648,2886485962,2074298315,1.050023755902,64994,0.011981080306158,0.011981080677027241,0.08617035600166591
925,957,0,3,812187648,2886011192,2073823545,1.050354000938512,65521,0.00033024448458043404,0.00033024503651091116,0.0039922782726164955
926,957,0,3,812187648,2885536531,2073348884,1.0506842457429002,65521,0.00033024448458043404,0.0003302448043901948,0.0039922782726164955
927,957,0,3,812187648,2880031728,2067844081,1.0545197379471745,65362,0.0038354915272883166,0.003835492204273699,0.028739012750711574
928,957,0,3,812187648,2879558436,2067370789,1.0548499824668625,65521,0.00033024448458043404,0.00033024451968761276,0.0039922782726164955
929,957,0,3,812187648,2400601974,1588414327,1.43505986732238,50353,0.380209884796687,0.3802098848555183,1.0182785903091305
930,957,0,3,812187648,2285135576,1472947929,1.5439407162518641,60772,0.10888084884728316,0.10888084892948274,0.47346287369220824
931,968,11,0,1342156544,3361706239,2019549696,1.0886134984671116,351,7.544672779695439,7.544672782215249,2.169356727068094
932,969,1,1,285182848,2552615507,2267432660,0.9215874409166886,18395,1.832973944139663,1.832973942449576,1.7221469308538784
933,969,0,1,285182848,2474388803,2189205956,0.9722394593237347,63275,0.05065201811459117,0.05065201840704829,0.254316567122663
934,971,2,0,570365696,3602103275,3031737580,0.5025022633547245,45379,0.5302628032194284,0.5302628040309881,1.5625686872618836
935,971,0,0,570365696,3601039280,3030673585,0.5030086692331821,65513,0.0005064057914389884,0.0005064058784576134,0.005686139489769922
936,973,2,0,49024556,2269311115,2220286560,0.9519012568208147,12003,2.4488925859332418,2.4488925875876317,1.8917232011617853
937,975,2,0,68775756,2469569007,2400793252,0.8391359769964808,17716,1.8872347181146836,1.8872347201756663,2.0330286387147374
938,976,1,0,137551512,2422583857,2285032346,0.9104325583743744,31188,1.0712965808066433,1.071296581377895,1.9947449918862092
939,978,2,0,550206048,3958368607,3408162560,0.33365299621505073,24437,1.4232204363896424,1.4232204378406739,2.653198762661421
940,978,0,0,550206048,3774376920,3224170873,0.4137189408894244,61998,0.08006594425138175,0.08006594467437356,0.39362710038903875
941,978,0,0,550206048,3769703210,3219497163,0.4158117673306059,65441,0.002092826265968833,0.0020928264411835666,0.017611741288194455
942,978,0,0,550206048,2311851070,1761645023,1.2857239000478735,35860,0.8699121322442629,0.8699121327172672,1.8218928336384639
943,978,0,0,550206048,2304620196,1754414149,1.2916577937950784,65267,0.005933893153988784,0.005933893747204105,0.048271967549112574
944,979,1,0,1100412096,4257693661,3157281566,0.4439642202509333,58970,0.15230642629072208,0.15230642645585604,0.7029775458616928
945,979,0,0,1100412096,3980101858,2879689763,0.5767337515301492,59774,0.13276953114072784,0.1327695312792156,0.6008808445727024
946,979,0,0,1100412096,3766550645,2666138550,0.6878953917668404,60676,0.11116163984872236,0.11116164023669295,0.5144113074604886
947,980,1,1,56518624,4206575475,4150056852,0.04951604581040314,25503,1.3616206545213432,1.3616206540435605,1.0526889858219377
948,983,3,1,1989525320,4291003383,2301478064,0.9000864540968365,4543,3.8505704099432574,3.8505704082864356,2.8847575255585323
949,987,4,0,1726400640,4223414431,2497013792,0.7824433561472723,8888,2.882356898610908,2.882356902050434,3.643004889420746
950,987,0,2,463151616,3608498943,3145347328,0.4494278091268029,20638,1.6669844524939785,1.6669844529795301,2.366576203428053
951,987,0,2,463151616,2258230361,1795078746,1.2586000128446173,37402,0.8091722029329579,0.8091722037178158,2.299570737949369
952,987,0,2,463151616,2251464851,1788313236,1.264047688886027,65289,0.00544767588017561,0.005447676041409339,0.04356330745901306
953,990,3,0,926303232,2640940231,1714637000,1.324743965377241,31418,1.0606962756528966,1.0606962764912151,1.894512017091274
954,993,3,0,871896968,2517253591,1645356624,1.384246830190346,7861,3.059502865541795,3.0595028648131026,1.17118190220843
955,993,0,0,871896968,2515998283,1644101316,1.3853479397028146,65486,0.001101109058724726,0.0011011095124697982,0.010606895312761473
956,994,1,0,1743793936,4268549129,2524755194,0.7665036383569159,50320,0.38115569823334844,0.381155698654101,1.3509610114403574
957,994,0,0,1743793936,4003075373,2259281438,0.926783148006777,58645,0.16027950934428062,0.1602795096498628,0.6098825759421153
958,994,0,0,1743793936,3889380454,2145586519,1.0012750682713865,62238,0.07449191996645,0.07449192026460642,0.30169645288318786
959,994,0,2,532724800,3922919119,3390194320,0.3412791775294757,25888,1.3400041075700224,1.3400041092580903,2.2146642486263763
960,994,0,2,532724800,3249546324,2716821525,0.660727351692227,52519,0.31944817392226,0.3194481741627501,1.3487404078160923
961,994,0,2,532724800,2273893330,1741168531,1.3025912950806564,42001,0.6418639430861474,0.6418639433884314,1.7973960550291097
962,998,4,1,1272282552,3435352887,2163070336,0.9895665682087227,10177,2.6869752774044815,2.686975273128065,2.957230792875918
963,998,0,2,397081456,4123968205,3726886750,0.20467616587795945,56458,0.215109597599679,0.2151095976692369,0.9992933394569925
964,998,0,2,397081456,3848500684,3451419229,0.31545742365572593,60692,0.1107812575273865,0.11078125777776834,0.4926781139767369
965,998,0,2,397081456,2675399436,2278317981,0.9146780304001751,43261,0.599220606136178,0.5992206067444484,1.5951741208455463
966,1001,3,0,794162912,3027495791,2233332880,0.9434488440100743,32121,1.028770812508665,1.0287708136098994,2.4150289823547313
967,1001,0,0,794162912,2955420915,2161258004,0.9907758392614028,63421,0.04732699492196661,0.04732699525132916,0.23652334695185537
968,1007,6,0,949190016,2171229439,1222039424,1.8133563175740868,579,6.822580462010763,6.822580478312684,2.927648824290456
969,1008,1,0,1898380032,3483286995,1584906964,1.4382489911476455,42498,0.6248926723290451,0.6248926735735564,1.217911695834723
970,1008,0,1,1649276416,3489999203,1840722788,1.2223747721727314,38057,0.7841257807437069,0.7841257810250855,1.1211264033381843
971,1008,0,2,1151069184,3281033963,2129964780,1.011817571027148,37917,0.7894427979954333,0.7894427988544189,1.4688457887337687
972,1008,0,2,1151069184,3280448950,2129379767,1.012213873955897,65518,0.0003963024539395264,0.0003963029287485505,0.004699172121844633
973,1008,0,3,154654720,3711397357,3556742638,0.2720905596696497,54733,0.2598766854014769,0.2598766857137524,0.7732908209548246
974,1018,10,1,455293952,3067276799,2611982848,0.7175017227842915,188,8.445411148322362,8.44541116311464,2.2719165080263077
975,1018,0,1,455293952,3004663501,2549369550,0.7525066281622088,63965,0.03500490500212202,0.03500490537791682,0.2391745381221762
976,1018,0,1,455293952,2995132929,2539838978,0.757910110829144,65291,0.005403482434287977,0.005403482666938119,0.0433549143089372
977,1018,0,1,455293952,2807869410,2352575459,0.868406147787173,60704,0.11049603658852433,0.11049603695802578,0.5522512501550951
978,1018,0,1,455293952,2806325819,2351031868,0.869353051304401,65493,0.0009469031891450585,0.0009469035172311878,0.010112871545417724
979,1018,0,1,455293952,2805787710,2350493759,0.869683296101833,65521,0.00033024448458043404,0.00033024479742883704,0.0039922782726164955
980,1018,0,1,455293952,2615269172,2159975221,0.9916323839701207,60224,0.12194908727146324,0.12194908786828805,0.4495103864853216
981,1018,0,1,455293952,2398764087,1943470136,1.1440122070918264,58967,0.15237982285199803,0.15237982312170636,0.564571036905871
982,1021,3,1,1767271064,3769102247,2001831184,1.1013268303189108,8438,2.957314627780649,2.9573146232270853,2.980994050484595
983,1021,0,2,1387058480,4114895577,2727837098,0.6548896544833447,44652,0.5535628241530712,0.5535628241644338,1.024962449253868
984,1024,3,0,1397289362,3848413491,2451124130,0.8092035988955573,29444,1.1543139440229357,1.1543139444122124,1.12635020766453
985,1024,0,1,647095076,3703370395,3056275320,0.49087263375676216,40858,0.681669034605073,0.6816690348612051,2.0277068139553824
986,1024,0,1,647095076,3141697727,2494602652,0.7838371090649723,53492,0.2929644751672995,0.2929644753082102,0.9382420808181509
987,1024,0,1,647095076,2267505763,1620410688,1.406287640032673,42570,0.6224505303309301,0.6224505309677008,1.3789920303152565
988,1024,0,1,647095076,2150257418,1503162343,1.5146463158725432,60794,0.10835867502818815,0.10835867583987135,0.47081056980522784
989,1026,2,0,1294190152,3509620611,2215430460,0.9550601031382762,48295,0.44041378643294926,0.44041378726573327,1.3422919136347466
990,1026,0,0,1294190152,3509045929,2214855778,0.9554343863478039,65519,0.0003742827947452993,0.0003742832095258828,0.004452022505596219
991,1027,1,0,1007773918,2541572359,1533798442,1.4855382367273258,22692,1.5301038513290823,1.5301038503795235,1.1703823890280949
992,1032,5,0,781054528,3085496831,2304442304,0.8982294984411858,3077,4.412691271666455,4.412691261713857,1.0556880567573117
993,1036,4,0,608822176,3900641503,3291819328,0.38376199061608673,5851,3.4855324971807304,3.4855324921749022,2.3237303862301713
994,1036,0,0,608822176,3016808908,2407986733,0.8348197025406385,47940,0.4510577114635047,0.45105771192455324,0.9042063960763513
995,1036,0,0,608822176,3001597321,2392775146,0.8439623157868539,65122,0.009142612711042497,0.009142613246212542,0.0749670601615133
996,1037,1,0,1217644352,3665039729,2447395378,0.8113999576318314,33516,0.967437640998894,0.9674376418449788,1.0102063140602622
997,1038,1,1,1984870792,3385879167,1401008376,1.6161815649933722,9379,2.8047816062378876,2.804781607361542,1.7010088758454658
998,1047,9,0,765768704,3496640511,2730871808,0.6532855530029487,499,7.03710399466274,7.037103988009575,3.495277939061564
999,1050,3,0,347114864,2399602375,2052487512,1.0652737018086995,6157,3.4119881467849122,3.4119881488057517,3.6776798190236373
1000,1050,0,0,347114864,2399101279,2051986416,1.065625965572817,65520,0.0003522634716290214,0.00035226376411817077,0.004227909891679893
1001,1050,0,0,347114864,2390709977,2043595114,1.0715377544766618,65268,0.005911788813529641,0.005911788903842851,0.04401823191652989
1002,1051,1,0,694229728,3400833253,2706603526,0.6661635746652799,43399,0.5946258199849908,0.5946258201886174,1.8961568367525878
1003,1051,0,0,694229728,3331904400,2637674673,0.7033805103828534,63867,0.03721693550630531,0.03721693571757357,0.1786462389779782
1004,1051,0,0,694229728,2364308928,1670079201,1.3627306240446408,41495,0.6593501131424593,0.6593501136617884,1.1183862465763865
1005,1051,0,0,694229728,2185925224,1491695497,1.5256940807980115,58536,0.1629634564826599,0.16296345675337248,0.80745004983498
1006,1054,3,2,1211025696,3765408543,2554382848,0.7496723752732457,3507,4.223978284747187,4.223978294475233,2.94228528023782
1007,1054,0,2,1211025696,3710841038,2499815343,0.7808256165573013,64136,0.031153241103705116,0.03115324128405524,0.17405554693467976
1008,1054,0,3,274567744,3245387111,2970819368,0.5317862570345824,38942,0.7509606399366173,0.7509606404772806,1.3375518861812523
1009,1054,0,3,274567744,3201506600,2926938857,0.553254537480683,64568,0.02146828029062403,0.021468280446100017,0.14462567352297853
1010,1060,6,0,726415768,3064179551,2337763784,0.8775179838380964,6543,3.324263444638093,3.3242634463574134,3.3195783491355533
1011,1060,0,0,726415768,3062467321,2336051554,0.878575032806328,65488,0.001057048556915173,0.001057048968232068,0.011282508214830563
1012,1060,0,0,726415768,2230469955,1504054188,1.513790600706578,42195,0.6352155670767816,0.6352155679002488,1.7156587567391355
1013,1062,2,0,765613256,2625943951,1860330696,1.207088045609357,20265,1.693297445065797,1.693297444902782,2.7528816641949985
1014,1063,1,0,1531226512,3819226613,2288000102,0.9085600295814871,40301,0.7014719832570662,0.7014719839721291,2.006971406291563
1015,1063,0,1,914969376,3757373797,2842404422,0.5955353077932841,40708,0.6869752774044817,0.6869752782117969,1.2017954039750802
1016,1063,0,1,914969376,3755508816,2840539441,0.5964822110186212,65493,0.0009469031891450585,0.0009469032253369318,0.00929464846356167
1017,1063,0,1,914969376,2446154324,1531184949,1.4879985921833416,35327,0.8915163809556357,0.8915163811647197,1.1380062505015882
1018,1063,0,1,914969376,2429799504,1514830129,1.50349112511406,64836,0.015492532651411638,0.015492532930720141,0.11853967346558683
1019,1063,0,1,914969376,2207253354,1292283979,1.7327240093591953,55908,0.22923288417038645,0.22923288424513513,0.675169749816143
1020,1063,0,1,914969376,2205163173,1290193798,1.7350593591140573,65430,0.002335349750730934,0.0023353497548601024,0.022708632947562916
1021,1063,0,1,914969376,2203804784,1288835409,1.7365791102280035,65467,0.0015197509526750181,0.0015197511139478572,0.015335191314576788
1022,1063,0,1,914969376,2196194015,1281224640,1.7451236971875197,65149,0.008544586033397215,0.00854458695951484,0.06128573800241146
1023,1063,0,1,914969376,2189781635,1274812260,1.7523623471727277,65208,0.007238649056868908,0.007238649985210207,0.05792246353514252
1024,1063,0,1,914969376,2189334236,1274364861,1.7528687539813497,65513,0.0005064057914389884,0.000506406808619763,0.005724733926613502
1025,1065,2,0,1829938752,3577718023,1747779272,1.297124148416831,44941,0.5442553935965092,0.5442553944354811,1.0311292389590208
1026,1065,0,0,1829938752,3231421119,1401482368,1.6156935520243358,52551,0.3185694027652057,0.3185694036075045,0.8127287065735275
1027,1065,0,0,1829938752,3228256150,1398317399,1.6189552760087658,65388,0.003261723702316598,0.003261723984432059,0.030248360982579197
1028,1065,0,0,1829938752,3227914763,1397976012,1.6193075404259645,65520,0.0003522634716290214,0.00035226441719840275,0.004227909891679893
1029,1065,0,0,1829938752,3226165586,1396226835,1.621113801067267,65454,0.0018062601543034325,0.0018062606413027972,0.015984451383841913
1030,1065,0,0,1829938752,3225846015,1395907264,1.6214440455917618,65521,0.00033024448458043404,0.00033024452449481384,0.0039922782726164955
1031,1065,0,0,1829938752,3222012041,1392073290,1.6254119776890796,65356,0.0039679318989496466,0.003967932097316314,0.03001504724837159
1032,1065,0,0,1829938752,3221672179,1391733428,1.6257642415307103,65520,0.0003522634716290214,0.0003522638416326273,0.004227909891679893
1033,1065,0,1,1512393856,4245233689,2732839834,0.652246236999698,64344,0.026481995296282625,0.0264819954689878,0.13569925453589837
1034,1065,0,1,1512393856,4244566491,2732172636,0.652598500880508,65520,0.0003522634716290214,0.0003522638808080849,0.004227909891679893
1035,1065,0,1,1512393856,4243899456,2731505601,0.6529507647033874,65520,0.0003522634716290214,0.0003522638228815975,0.004227909891679893
1036,1065,0,1,1512393856,4241690444,2729296589,0.6541179671475028,65483,0.0011672023345903715,0.0011672024441150427,0.011032267226640701
1037,1065,0,1,1512393856,4241024111,2728630256,0.6544702310553063,65520,0.0003522634716290214,0.000352263907801301,0.004227909891679893
1038,1065,0,1,1512393856,4240399577,2728005722,0.6548004755914008,65521,0.00033024448458043404,0.0003302445360964359,0.0039922782726164955
1039,1065,0,1,1512393856,4151694434,2639300579,0.702491483436404,63405,0.04769100736068871,0.047691007845003394,0.27336998547813035
1040,1065,0,1,1512393856,4086171026,2573777171,0.7387599907491982,63909,0.036268507101916744,0.03626850731279354,0.19001381745542964
1041,1065,0,2,877304064,3588535763,2711231700,0.6636987358417201,34518,0.9249387443946052,0.9249387450925229,2.2950578948606783
1042,1065,0,2,877304064,3442582005,2565277942,0.7435319990035012,62008,0.07983326276112866,0.079833263161779,0.38432514719008315
1043,1065,0,2,877304064,3431152238,2553848175,0.7499743859242685,65244,0.006442386480742218,0.006442386920768154,0.05150182743262822
1044,1068,3,1,222132560,2938246111,2716113552,0.66110335071577,17425,1.9111289643568523,1.9111289647915006,0.8928844163354313
1045,1068,0,1,222132560,2935179210,2713046651,0.6627332909528576,65462,0.0016299400659799616,0.001629940237088947,0.015492158159781722
1046,1068,0,1,222132560,2934558242,2712425683,0.663063535916951,65521,0.00033024448458043404,0.0003302449640922519,0.0039922782726164955
1047,1068,0,1,222132560,2931081622,2708949063,0.6649138795495553,65452,0.0018503435436362735,0.0018503436326032662,0.01614652517304113
1048,1068,0,1,222132560,2697909294,2475776735,0.7947659275162735,59895,0.1298520477584335,0.12985204796672078,0.5066846343362879
1049,1068,0,1,222132560,2643812121,2421679562,0.8266391665709634,64104,0.03187323864373392,0.03187323905468795,0.20134308519601646
1050,1068,0,1,222132560,2565732761,2343600202,0.8739206666062103,63423,0.04728149982433461,0.04728150003524838,0.288035336828386
1051,1068,0,1,222132560,2560082601,2337950042,0.8774030437442129,65378,0.003482376631013855,0.0034823771380006483,0.030402683125944588
1052,1068,0,1,222132560,2559476138,2337343579,0.8777773266185775,65519,0.0003742827947452993,0.0003742828743675781,0.004463541174757649
1053,1073,5,5,136303616,2382344703,2246041088,0.9352628260616704,123,9.05748549466076,9.057485499443093,2.0506549806829955
1054,1079,6,0,272607232,3381613933,3109006702,0.4661934193535018,45358,0.530930592465262,0.5309305932918285,1.0995585290586178
1055,1079,0,0,272607232,3323358009,3050750778,0.4934828179586326,64308,0.02728939856755071,0.027289398605130966,0.15117438397537622
1056,1079,0,0,272607232,2714939541,2442332310,0.8143876355443354,52466,0.3209048171315341,0.3209048175857026,0.8698391169715908
1057,1079,0,0,272607232,2336977286,2064370055,1.0569455373360697,55394,0.2425579011981964,0.2425579017917367,0.8706043664279216
1058,1080,1,0,545214464,4155594073,3610379610,0.2504966101002424,57308,0.19355107213663345,0.19355107276417355,0.5659089949545447
1059,1080,0,0,545214464,3884496080,3339281617,0.363109378363891,60615,0.11261276820802217,0.1126127682636485,0.5757475867362385
1060,1081,1,0,1090428928,4223655019,3133226092,0.4549982684087155,30746,1.091888889853353,1.0918888900448231,1.9513719240498917
1061,1081,0,1,33374208,3291764877,3258390670,0.39848755753325804,34077,0.9434892882797147,0.9434892891245424,2.2337221243896237
1062,1081,0,1,33374208,3290571618,3257197411,0.3990159853097346,65512,0.0005284274673163702,0.0005284277764772773,0.006082433170148164
1063,1081,0,1,33374208,2306742535,2273368328,0.9178156994604585,45741,0.5187997138336605,0.5187997141507218,1.52827175731591
1064,1085,4,0,1391601512,4245522391,2853920880,0.5897018068601447,10284,2.671886105166344,2.6718861073996862,2.9910273977420383
1065,1088,3,2,2071939200,3234131583,1162192384,1.885798240378712,834,6.296096426555336,6.29609643351857,2.5410726759352293
1066,1088,0,3,1996394752,4045269555,2048874804,1.0678153145033242,57768,0.18201707280434695,0.18201707412460974,0.8872599182878135
1067,1099,11,0,1923628288,3484294655,1560666368,1.4604849883752884,195,8.39266968625039,8.392669673871966,1.9715320143740611
1068,1099,0,2,1252062208,4221271883,2969209676,0.5325681706263872,31171,1.0720831814994924,1.0720831822510961,2.4141274186519874
1069,1103,4,0,713281536,3297023131,2583741596,0.7331853549334433,14257,2.2006171828801766,2.2006171843070574,3.4502080906825157
1070,1103,0,0,713281536,3296392334,2583110799,0.7335376188026856,65520,0.0003522634716290214,0.0003522638692405708,0.004227909891679893
1071,1104,1,1,705642496,4215955111,3510312616,0.29104762845551235,22265,1.5575100086697342,1.5575100096528283,2.599575582150001
1072,1106,2,0,1411284992,3648187997,2236903006,0.9411444447336272,20881,1.6500968156071834,1.6500968162781162,3.3864432457874223
1073,1106,0,1,675086336,2380956977,1705870642,1.3321388963217053,24989,1.3909944510750378,1.3909944515880777,2.443607928284209
1074,1106,0,1,675086336,2370050607,1694964272,1.3413922827710998,65117,0.00925338560100616,0.009253386449392243,0.07026009794136913
1075,1106,0,1,675086336,2369533344,1694447009,1.3418326263640488,65516,0.0004403427806028656,0.0004403435929490246,0.005128396760739348
1076,1106,0,1,675086336,2369119660,1694033325,1.3421848903876992,65520,0.0003522634716290214,0.0003522640236520329,0.004227909891679893
1077,1108,2,0,1350172672,4139372071,2789199400,0.6227960696224102,53952,0.2806111790579177,0.2806111792347098,0.7705450611409193
1078,1108,0,0,1350172672,4120518077,2770345406,0.632581283653689,65093,0.009785213899499923,0.009785214031279993,0.06365130765976143
1079,1108,0,0,1350172672,3585606718,2235434047,0.9420921639755662,52882,0.30951087977139286,0.30951088032187674,1.1663514614762684
1080,1108,0,1,552861696,3158525861,2605664166,0.7209959935229158,38195,0.778903828978315,0.7789038295473507,1.258176343811555
1081,1110,2,0,1105723392,3992247109,2886523718,0.5733140662767724,36300,0.8523180722295246,0.8523180727538546,1.1389619786582659
1082,1110,0,0,1105723392,3939040922,2833317531,0.6001548518415589,64328,0.026840785410265397,0.026840785564787396,0.18529511055102302
1083,1110,0,1,63963136,3387629289,3323666154,0.3698716682848122,38439,0.7697168159155459,0.7697168164432542,1.6170060756868985
1084,1110,0,1,63963136,3386158550,3322195415,0.37051020939023616,65507,0.0006385408891551363,0.0006385411054235023,0.00697035748317309
1085,1110,0,1,63963136,3041701795,2977738660,0.528430004070426,58741,0.15791979430496925,0.15791979468019,0.7973494478644546
1086,1110,0,1,63963136,2892714901,2828751766,0.6024815658415363,62257,0.07405156162290673,0.07405156177111007,0.29010587959025363
1087,1114,4,1,1222971632,3667742447,2444770816,0.8129479193301954,3540,4.210466355029641,4.210466353488657,2.389724636776915
1088,1114,0,1,1222971632,3658975950,2436004319,0.818130454890035,65301,0.005182535508946643,0.00518253555984211,0.042387881620780575
1089,1116,2,1,1214331144,3844514031,2630182888,0.707484026177891,17690,1.8893535724221793,1.889353571287854,0.8979576999133746
1090,1120,4,0,1595568008,3966649631,2371081624,0.8571018178572132,7385,3.1496177943478485,3.1496177916793244,2.9260413473309193
1091,1120,0,0,1595568008,3941468466,2345900459,0.8725053476318827,64840,0.01540352959509611,0.015403529774667132,0.11599975526118175
1092,1120,0,0,1595568008,3935991739,2340423732,0.8758773936783228,65383,0.003372045948196188,0.00337204604644079,0.02949799663091876
1093,1120,0,0,1595568008,3935456058,2339888051,0.8762076384831161,65521,0.00033024448458043404,0.00033024480479279745,0.0039922782726164955
1094,1120,0,0,1595568008,3359874159,1764306152,1.283546219104565,49415,0.4073385798392101,0.40733858062144956,1.2462423680937094
1095,1122,2,1,1914130944,3426239519,1512108576,1.5060854109303925,7021,3.222539187330215,3.2225391918258284,3.053822984685943
1096,1122,0,1,1914130944,3417817893,1503686950,1.5141428999369637,65171,0.008057488255603087,0.008057489006569793,0.057115045938021594
1097,1130,8,0,654723072,3118772607,2464049536,0.8016158864812546,839,6.287472999560177,6.287472986544291,1.5198798081859517
1098,1130,0,0,654723072,2578257834,1923534763,1.1588872430989845,51160,0.35727135623100065,0.3572713566177312,1.283923789467215
1099,1131,1,0,1309446144,3951547465,2642101322,0.7009613524252032,45009,0.5420741088501146,0.5420741093262174,0.9002205701024957
1100,1135,4,3,1070278656,3727860991,2657582336,0.6925327566472816,515,6.991571377929419,6.991571404222078,0.3932730514689618
1101,1135,0,3,1070278656,3727131064,2656852409,0.6929290592157606,65518,0.0003963024539395264,0.00039630256848050964,0.004668654543719633
1102,1135,0,3,1070278656,3726320256,2656041601,0.6933694025343335,65516,0.0004403427806028656,0.00044034331857269795,0.005086360513452917
1103,1139,4,0,499362050,2504037979,2004675930,1.0992781123110795,24732,1.4059087097395875,1.405908709776748,1.779375842349619
1104,1139,0,0,499362050,2503487378,2004125329,1.0996744149890567,65518,0.0003963024539395264,0.00039630267797390896,0.004699172121844633
1105,1139,0,0,499362050,2426638517,1927276468,1.1560836047885061,63023,0.05640918976839235,0.05640918979944943,0.2439017731748953
1106,1141,2,0,1717248104,3821795423,2104547320,1.0291371974838164,17891,1.8730535927744734,1.8730535926953111,1.9890347845835217
1107,1141,0,0,1717248104,3819900765,2102652662,1.0304365956095332,65477,0.0012993979706836883,0.001299398125716459,0.012463701345731472
1108,1144,3,0,50387632,3286501495,3236113864,0.4083847755332002,12608,2.3779481805436236,2.377948179923668,3.2388625577188095
1109,1149,5,0,150336352,3038820799,2888484448,0.5723344189845427,1828,5.163949644941931,5.163949643451342,1.2376077467623685
1110,1151,2,0,338722484,3389402103,3050679620,0.49351646885261147,17304,1.9211820500380212,1.9211820498680694,0.9782827850029966
1111,1151,0,0,338722484,3387260817,3048538334,0.4945294586632869,65490,0.00101298940069043,0.0010129898106751472,0.010490990996961498
1112,1151,0,0,338722484,2376027680,2037305197,1.0759850276555092,43797,0.5814555687371505,0.5814555689922213,1.640898359962403
1113,1153,2,2,485137760,2922343695,2437205936,0.8174189867483506,4900,3.7414339661100673,3.7414339590928445,3.3204255312572335
1114,1153,0,2,485137760,2531972743,2046834984,1.0692523491537003,55039,0.2518333624044882,0.25183336240534854,1.0284731184758709
1115,1153,0,2,485137760,2531285634,2046147875,1.0697367336675434,65514,0.000484384451701118,0.00048438451384298555,0.005586613807591404
1116,1156,3,0,970275520,2319304409,1349028890,1.6707259014981766,21604,1.6009891670480096,1.6009891678306325,2.9333593998414433
1117,1160,4,0,1775114080,4074984383,2299870304,0.9010946400840005,6983,3.23036874261576,3.2303687385858244,2.62942677893385
1118,1160,0,0,1775114080,4074422891,2299308812,0.901446903697785,65520,0.0003522634716290214,0.00035226361378502564,0.004227909891679893
1119,1164,4,0,1922171248,4232707151,2310535904,0.8944196379331011,4116,3.9929727331060314,3.9929727342353147,1.9721158228002764
1120,1164,0,0,1922171248,4232107799,2309936552,0.8947939209404048,65519,0.0003742827947452993,0.0003742830073032576,0.004463541174757649
1121,1164,0,1,1696858848,4093150143,2396291296,0.841843851513719,33993,0.9470499301175149,0.9470499305733177,1.1693112788709432
1122,1164,0,1,1696858848,3890290278,2193431431,0.969457539133451,59988,0.1276136875953208,0.1276136876197289,0.5190482079410076
1123,1164,0,1,1696858848,3889353142,2192494295,0.9700740573167828,65508,0.0006165175324262582,0.0006165181833329321,0.006833763206500221
1124,1164,0,1,1696858848,3888851319,2191992472,0.9704043023808637,65521,0.00033024448458043404,0.00033024506408110485,0.0039922782726164955
1125,1164,0,1,1696858848,3888349611,2191490764,0.9707345473517073,65521,0.00033024448458043404,0.00033024497084437797,0.0039922782726164955
1126,1164,0,1,1696858848,3887814579,2190955732,0.9710868108728512,65520,0.0003522634716290214,0.00035226352114349946,0.004227909891679893
1127,1164,0,1,1696858848,3887279677,2190420830,0.9714390748043691,65520,0.0003522634716290214,0.0003522639315180533,0.004227909891679893
1128,1164,0,1,1696858848,3886644636,2189785789,0.9718573977683604,65517,0.000418322449221962,0.0004183229639927011,0.004911765394612859
1129,1164,0,1,1696858848,3886110020,2189251173,0.9722096614567057,65520,0.0003522634716290214,0.0003522636883427985,0.004227909891679893
1130,1164,0,1,1696858848,3885608940,2188750093,0.9725399060547879,65521,0.00033024448458043404,0.00033024459808154955,0.0039922782726164955
1131,1164,0,1,1696858848,3875222262,2178363415,0.9794024879727949,65225,0.006862581407823226,0.0068625819180069365,0.05359465133969441
1132,1164,0,1,1696858848,3853650029,2156791182,0.9937606428006909,64887,0.014358154771218788,0.014358154827896732,0.08435811300150188
1133,1164,0,1,1696858848,3776574758,2079715911,1.046260676196983,63194,0.052500033269145464,0.052500033396292334,0.319865187168844
1134,1164,0,2,1246234048,3822586219,2576352172,0.7373173312604244,40593,0.691056655010004,0.6910566550634416,1.2124204941341874
1135,1164,0,3,344984448,4129945187,3784960740,0.1823688102680059,48140,0.44505147863814076,0.4450514790075807,0.8918495306893849
1136,1164,0,3,344984448,2790631839,2445647392,0.8124307317164075,42346,0.6300619213230343,0.6300619214484032,1.0796021719480267
1137,1164,0,5,1989620964,4152848623,2163227660,0.9894616422166038,14492,2.1770309095467124,2.1770309105001964,1.8423831483178401
1138,1164,0,5,1989620964,3507537637,1517916674,1.500554549796913,45986,0.5110929072105502,0.5110929075803091,0.9220359926447101
1139,1164,0,5,1989620964,3295215521,1305594558,1.7179401970435748,56369,0.21738564651121123,0.21738564724665924,0.5874217456291332
1140,1164,0,5,1989620964,3294558101,1304937138,1.7186668356783663,65503,0.0007266376781842033,0.0007266386347922824,0.007551366044291256
1141,1164,0,5,1989620964,3291491689,1301870726,1.7220609480617703,65382,0.0033941114097633825,0.0033941123834034083,0.029344823269997013
1142,1164,0,6,1831758280,3950238223,2118479944,1.0196176754798394,53322,0.29755672644585995,0.29755672741807077,0.8819316315867313
1143,1164,0,6,1831758280,3442761162,1611002883,1.414688070165358,49837,0.3950703942914303,0.39507039468551863,1.0908889159409463
1144,1164,0,8,884582176,3636187683,2751605508,0.6423734973573545,27984,1.2276854260783474,1.2276854271919948,2.2327506863978233
1145,1164,0,8,884582176,3075924256,2191342081,0.970832431179101,52192,0.32845893328811565,0.32845893382174846,1.2420776631724249
1146,1164,0,8,884582176,3074051771,2189469596,0.972065730022937,65480,0.0012332986384842029,0.0012332988438349768,0.011448349961719324
1147,1164,0,8,884582176,2672179063,1787596888,1.264625707731657,53507,0.2925599774475994,0.29255997770872105,1.0409820052867804
1148,1173,9,0,1769164352,3396320489,1627156138,1.400294450805223,29827,1.1356687417641766,1.1356687430735664,1.558867252550432
1149,1176,3,1,458281488,3352680815,2894399328,0.5693831678960599,7286,3.1690887202572178,3.169088717090835,1.6868525768116673
1150,1176,0,1,458281488,3331393271,2873111784,0.5800330211958098,65054,0.010649853242378543,0.010649853299751665,0.06708962880772033
1151,1178,2,0,916562976,2659649591,1743086616,1.3010028855754463,19880,1.7209698635503514,1.720969864379635,2.701810516014187
1152,1178,0,0,916562976,2641244196,1724681221,1.3163174179677917,64844,0.01531453202923778,0.015314532392347216,0.10072185679983836
1153,1179,1,0,1833125952,3874816295,2041690344,1.0728830716939832,38791,0.7565656526130656,0.7565656537261916,0.988611317343094
1154,1179,0,0,1833125952,3721758057,1888632106,1.1853054451028662,60623,0.11242237311170149,0.11242237340888124,0.4684555759797578
1155,1183,4,1,1521726144,4057731167,2536005024,0.7600895424556988,2750,4.574784096700616,4.5747840973528335,1.2882833964649771
1156,1183,0,1,1521726144,4055873741,2534147598,0.7611465912661295,65488,0.001057048556915173,0.0010570488104324673,0.010582012759693381
1157,1183,0,1,1521726144,3717141853,2195415710,0.9681530007997488,56776,0.20700640899728373,0.2070064095336163,0.6124570158217049
1158,1186,3,0,649396128,3782392631,3132996504,0.45510398615624936,23381,1.4869509855258667,1.4869509853565015,2.1056208855367906
1159,1186,0,0,649396128,2368299055,1718902928,1.3211590725458393,35956,0.8660550862818075,0.8660550863895903,2.3824798890358405
1160,1190,4,0,845390320,2351109007,1505718688,1.5121948881798772,3588,4.191035825080739,4.19103581563404,2.500358472491406
1161,1190,0,0,845390320,2350327841,1504937522,1.5129435517674779,65502,0.0007486627160211863,0.0007486635875982673,0.007897217360283874
1162,1191,1,0,1690780640,3985571539,2294790900,0.9042844439112656,49966,0.3913408918933732,0.39134089214378726,1.2905604696573072
1163,1191,0,2,320671616,3540017855,3219346240,0.415879399310473,22985,1.5115949542958338,1.5115949553992079,3.034029966507723
1164,1200,9,0,127691264,3485368831,3357677568,0.3551834486099992,534,6.939304068312446,6.939304049299526,1.8729245834741841
1165,1201,1,0,255382528,4061255947,3805873420,0.1744195663710819,37142,0.8192361177137001,0.8192361177610841,1.0950652161549328
1166,1201,0,0,255382528,4059920267,3804537740,0.17492597236978114,65513,0.0005064057914389884,0.0005064059987003839,0.005686139489769922
1167,1201,0,0,255382528,4058933372,3803550845,0.17530025521742587,65519,0.0003742827947452993,0.00037428284764487007,0.004452022505596219
1168,1202,1,2,1198400904,3625300351,2426899448,0.8235328104447248,5227,3.6482325560401074,3.6482325552272963,2.549880459243499
1169,1202,0,2,1198400904,3609487880,2411086977,0.8329634506837316,65109,0.009430639917987874,0.009430640239006851,0.06275270910655431
1170,1206,4,0,498636320,2446018763,1947382444,1.1411109050577828,13233,2.3081474541866265,2.308147454374051,3.3802766292929918
1171,1206,0,0,498636320,2266215125,1767578806,1.2808726082119364,59485,0.13976170251495454,0.13976170315415395,0.6403330625815972
1172,1207,1,0,997272640,3645566141,2648293502,0.6975841256755935,49095,0.4167115173467181,0.4167115174636574,1.0406919161963613
1173,1207,0,0,997272640,3637120502,2639847863,0.7021923579527183,65327,0.004608231813591129,0.004608232277124568,0.035610176920690635
1174,1207,0,0,997272640,3636314884,2639042245,0.7026327009334175,65516,0.0004403427806028656,0.00044034298070061727,0.005170433008025777
1175,1207,0,0,997272640,3635670586,2638397947,0.7029849647205033,65520,0.0003522634716290214,0.0003522637870844974,0.004227909891679893
1176,1207,0,0,997272640,3635066704,2637794065,0.703315209551814,65521,0.00033024448458043404,0.0003302448313120267,0.0039922782726164955
1177,1207,0,0,997272640,3634382461,2637109822,0.7036894927651396,65519,0.0003742827947452993,0.000374283213323569,0.004463541174757649
1178,1207,0,0,997272640,3633778874,2636506235,0.7040197375027297,65521,0.00033024448458043404,0.00033024473759002984,0.0039922782726164955
1179,1207,0,0,997272640,3619135193,2621862554,0.7120550889285369,65172,0.008035351354643047,0.008035351425809538,0.06163381156536263
1180,1207,0,0,997272640,3618535096,2621262457,0.7123853335700119,65521,0.00033024448458043404,0.000330244641474846,0.0039922782726164955
1181,1207,0,0,997272640,3617895139,2620622500,0.712737597231822,65520,0.0003522634716290214,0.0003522636618097069,0.004227909891679893
1182,1207,0,0,997272640,3617295326,2620022687,0.7130678417774696,65521,0.00033024448458043404,0.00033024454564707526,0.0039922782726164955
1183,1207,0,0,997272640,3608580040,2611307401,0.7178748454699004,65318,0.004807003376047257,0.004807003692431694,0.03747007031729659
1184,1207,0,0,997272640,3603081376,2605808737,0.7209159501767495,65398,0.003041104516210988,0.003041104706847737,0.025851148597438953
1185,1207,0,0,997272640,3151072804,2153800165,0.9957627467990875,54168,0.27484679608700774,0.2748467966223377,0.8432339706607322
1186,1207,0,0,997272640,2529968841,1532696202,1.4865753794162728,46637,0.49081263260522007,0.4908126326171844,1.2010315913057905
1187,1207,0,0,997272640,2525852713,1528580074,1.4904550168592792,65360,0.0038796369669542195,0.003879637443008684,0.032782351969623834
1188,1208,1,1,1841606912,4273583031,2431976120,0.8205180832382943,26067,1.330063064971348,1.3300630663790127,1.6835935434467877
1189,1208,0,1,1841606912,3765523566,1923916655,1.1586008437990287,51845,0.3380827601108304,0.3380827605607364,1.0919587159551447
1190,1208,0,2,1535730176,3835646653,2299916478,0.9010656756976161,39172,0.7424648307776426,0.7424648318985867,1.5372127365278487
1191,1211,3,1,1645766568,4040717435,2394950868,0.8426510863862369,17061,1.941585410326612,1.9415854106886197,1.2075498867177374
1192,1214,3,1,1665309480,4049735663,2384426184,0.8490050248983749,8156,3.0063539399834034,3.0063539385121416,0.6950835598583897
1193,1214,0,1,1665309480,4045660715,2380351236,0.8514726779224588,65424,0.0024676524736343256,0.0024676530240824866,0.021266257942202087
1194,1214,0,2,1183135312,3994402181,2811266870,0.6114267325834106,38700,0.759954054080865,0.7599540546609524,1.7308897606854554
1195,1214,0,2,1183135312,3990198321,2807063010,0.6135856976979426,65438,0.0021589649914087418,0.0021589651145325173,0.01828803687285844
1196,1217,3,0,1007034814,2229385341,1222350528,1.8129890863145626,14269,2.1994033890421427,2.199403388616617,2.031969457435421
1197,1218,1,0,2014069628,4199998539,2185928912,0.9744006617343359,58599,0.16141157538239115,0.1614115754197734,0.7311165402548881
1198,1218,0,0,2014069628,4146764552,2132694925,1.0099695383604228,63940,0.03556887633211735,0.03556887662608932,0.18752141096096947
1199,1218,0,0,2014069628,4021574162,2007504535,1.0972438991854112,61689,0.08727436057754429,0.08727436082498624,0.368688239798879
1200,1218,0,0,2014069628,3915495240,1901425613,1.175565646621994,62073,0.07832174711835145,0.07832174743658252,0.4116158694503811
1201,1218,0,0,2014069628,3915031024,1900961397,1.1759179106722684,65520,0.0003522634716290214,0.00035226405027548324,0.004227909891679893
1202,1218,0,0,2014069628,3914566922,1900497295,1.1762701742171018,65520,0.0003522634716290214,0.00035226354483461813,0.004227909891679893
1203,1218,0,0,2014069628,3914073934,1900004307,1.176644457099357,65519,0.0003742827947452993,0.00037428288225565946,0.004452022505596219
1204,1218,0,0,2014069628,3913465106,1899395479,1.1771068212586187,65515,0.0004623634480924974,0.000462364159259547,0.005350984204518786
1205,1218,0,0,2014069628,3883439261,1869369634,1.200095281899575,64500,0.022988459914658838,0.02298846064095813,0.12380494457053919
1206,1219,1,1,926273584,3405949499,2479675916,0.7924955677129084,21733,1.5924002841095966,1.5924002858133306,1.7538547654938186
1207,1219,0,1,926273584,3317978818,2391705235,0.8446075500429089,63211,0.05211198191290197,0.05211198233000044,0.22577039761033665
1208,1219,0,1,926273584,3296739004,2370465421,0.8574767980098308,64954,0.0128692479341041,0.012869247966923307,0.09512618261798393
1209,1221,2,0,1852547168,3790052517,1937505350,1.1484468519325084,26783,1.290970052517368,1.2909700539226783,2.1257408176014385
1210,1221,0,1,1557610688,4281577177,2723966490,0.6569381904641176,46069,0.5084913381302795,0.5084913385316076,1.6240869010201737
1211,1221,0,1,1557610688,4280163986,2722553299,0.6576868533799853,65502,0.0007486627160211863,0.0007486629158676388,0.008002251377726623
1212,1225,4,1,448089040,4123801871,3675712832,0.2246230866862149,5530,3.5669362348779305,3.56693623330623,1.3859079138010886
1213,1225,0,1,448089040,4095870581,3647781542,0.2356278139097796,65038,0.011004727035857196,0.011004727223564898,0.07950760000315656
1214,1227,2,0,896178080,3537390995,2641212916,0.7014465398983809,23726,1.4658187254217756,1.4658187259886033,2.5390556052150637
1215,1227,0,0,896178080,3135059016,2238880937,0.9398693378620635,55553,0.23842279761643734,0.23842279796368163,0.8273472603781283
1216,1227,0,0,896178080,2947267138,2051089059,1.0662570105157343,60039,0.12638767259014164,0.1263876726536687,0.449950445813874
1217,1228,1,1,1437228672,4075076419,2637847748,0.7032858488785045,21071,1.6370288363947045,1.6370288383627731,2.611851589680878
1218,1239,11,0,948467712,2638339071,1689871360,1.3457337192422294,41,10.642447995381916,10.642447870363723,0.7969861352547639
1219,1239,0,0,948467712,2637513938,1689046227,1.3464383326458922,65504,0.0007046129765893727,0.000704613403663296,0.007772828383122968
1220,1243,4,2,1793318016,3373499967,1580181952,1.4425564571464982,958,6.09611815426382,6.096118124500605,2.3858617055979434
1221,1243,0,3,1439152384,4150123109,2710970726,0.6638376114742819,56217,0.22128115358046194,0.22128115432778542,0.9220128389702973
1222,1243,0,3,1439152384,4141063926,2701911543,0.6686667024989958,65317,0.004829090795818638,0.004829091024714109,0.039135369398661066
1223,1247,4,0,1967488276,3700296839,1732808564,1.3095348677552998,21015,1.6408681639606635,1.6408681652563042,1.3150484053669675
1224,1247,0,0,1967488276,3564180834,1596692559,1.4275605955095436,60388,0.11802572753078262,0.11802572775424412,0.42469117316786303
1225,1247,0,0,1967488276,3561500838,1594012563,1.4299841462296605,65426,0.002423550217891068,0.002423550720116093,0.022152488638616463
1226,1247,0,1,1787492904,3644920321,1857427418,1.209341309805648,38183,0.7793571621536565,0.7793571635759858,2.3516930879079823
1227,1247,0,1,1787492904,3588661266,1801168363,1.253714103518842,63551,0.044372793667363734,0.04437279371319595,0.2677224665183899
1228,1247,0,1,1787492904,3529488971,1741996068,1.3019057784967671,63383,0.04819167447773603,0.048191674977925134,0.25194830623063597
1229,1249,2,4,625147392,2536409663,1911262272,1.1681213810153892,2247,4.866215590820093,4.866215602518621,3.27734024972453
1230,1254,5,1,353105920,4152766239,3799660320,0.17677669497216186,32572,1.0086553130134803,1.008655313956774,2.12593741756326
1231,1254,0,1,353105920,4116877723,3763771804,0.19046798532707143,64917,0.013691290082961261,0.013691290354909846,0.09713473390348604
1232,1256,2,0,706211840,4001694529,3295482690,0.3821573534760887,28691,1.191689367579294,1.1916893681490166,2.1325545668352928
1233,1262,6,0,444782016,2295272831,1850490816,1.214739170464302,575,6.832581854168263,6.832581816988214,1.8675588816441058
1234,1262,0,0,444782016,2245746450,1800964435,1.25387745447291,63782,0.03913828383806585,0.03913828400860578,0.2052353070054235
1235,1263,1,0,889564032,2991385377,2101821346,1.0310071000217178,38242,0.7771296443434569,0.7771296455488085,1.782456191749048
1236,1263,0,0,889564032,2927756019,2038191988,1.075357193091957,63552,0.04435009247162612,0.04435009307024084,0.25733784795569054
1237,1263,0,0,889564032,2908411606,2018847575,1.0891151561431833,64914,0.013757962682316379,0.013757963051225012,0.09328727531056619
1238,1271,8,0,868457216,3746892287,2878435072,0.5773624758333078,365,7.488247346232621,7.488247319690126,1.874104877856294
1239,1271,0,1,1915509906,3686597793,1771087888,1.2780113402278843,20162,1.700648864203657,1.7006488643945743,2.3755393519616224
1240,1271,0,1,1915509906,3661572961,1746063056,1.2985414857085509,64610,0.020530145409259324,0.020530145480669223,0.13037807720497543
1241,1271,0,1,1915509906,3254017929,1338508024,1.6820213584356374,50239,0.38347987257051525,0.38347987272708606,1.2820154232505416
1242,1271,0,1,1915509906,3223688271,1308178366,1.7150878848413882,64051,0.03306652554672398,0.03306652640575014,0.200586612973634
1243,1271,0,2,1683536164,4214858107,2531321944,0.762756138970289,63406,0.04766825389228425,0.04766825412890006,0.24998678829801477
1244,1274,3,1,689034688,2621361563,1932326876,1.1523079822256328,12507,2.3895518424704547,2.3895518432553433,2.5612958640089314
1245,1274,0,3,2070922696,3687524531,1616601836,1.4096827547485589,13707,2.2573747720703956,2.257374772522926,1.0750329206656766
1246,1274,0,3,2070922696,3597858581,1526935886,1.4920076594465819,61901,0.08232490433269755,0.08232490469802346,0.3570292294445197
1247,1274,0,4,1994361744,3564214741,1569852998,1.4520176754227592,33689,0.9600100152753159,0.960010015976177,2.1036126841924463
1248,1274,0,4,1994361744,3375313057,1380951314,1.6369846883213945,57650,0.18496701257350345,0.1849670128986366,0.6008952458945777
1249,1274,0,6,1534996032,4195501903,2660505872,0.6909465583184904,31565,1.0539618693496495,1.0539618699970956,1.7070153328580044
1250,1281,7,0,553296240,2150021961,1596725722,1.427530631319808,19666,1.736584072442784,1.7365840730013158,2.757693739757057
1251,1282,1,2,1034499328,3862879079,2828379752,0.6026713096196374,14511,2.175140676832981,2.17514067829983,3.0992718504549197
1252,1282,0,2,1034499328,3166789341,2132290014,1.0102434727830811,49407,0.4075721626517888,0.4075721631634466,1.0641131235930859
1253,1290,8,0,1441536192,3448887359,2007351168,1.0973541207359787,964,6.087110663770038,6.087110647952895,2.867000455330253
1254,1293,3,0,940511592,3096600823,2156089232,0.9942302592498784,8799,2.896876143521888,2.8968761385138992,3.2574978009035527
1255,1293,0,0,940511592,2415979881,1475468290,1.5414742305649547,44848,0.5472439709675061,0.5472439713150791,1.1858018763450642
1256,1294,1,0,1881023184,3286788563,1405765380,1.6112913150138404,31220,1.069817083134729,1.069817084448886,2.500565054295114
1257,1300,6,1,1183226880,3923371135,2740144256,0.6483952995660722,998,6.03710399466274,6.03710398455223,3.1140975760211522
1258,1300,0,1,1183226880,3655235375,2472008496,0.7969634443911922,59123,0.148568144347514,0.14856814482511868,0.5344993735040543
1259,1300,0,3,1246184504,4100672343,2854487840,0.5894152294886936,18919,1.7924517861690366,1.7924517850975017,2.856192889714231
1260,1304,4,0,445676756,2301250653,1855573898,1.2107816886833973,21301,1.6213664594278,1.6213664591947041,2.597025697660114
1261,1305,1,0,891353512,4212053857,3320700346,0.37115960349368393,58641,0.1603779146128684,0.1603779148102877,0.722901962607154
1262,1305,0,0,891353512,2244137596,1352784085,1.6667155538222147,26698,1.2955559496296396,1.29555595032853,2.7093949164822004
1263,1309,4,1,2116202080,3733201791,1616999712,1.4093277241571478,2448,4.742612157307348,4.742612170334934,3.189158715241564
1264,1309,0,1,2116202080,3595844652,1479642573,1.5373984299144787,59969,0.128070704793252,0.12807070575733143,0.5290875873895212
1265,1311,2,1,245419512,2427494939,2182075428,0.9769461737194334,24162,1.4395477423330898,1.4395477438049555,2.193131669541907
1266,1316,5,2,1511897920,3632176255,2120278336,1.0183934814096602,995,6.041447284568989,6.041447307690223,3.070587750090379
1267,1316,0,2,1511897920,3283476915,1771578996,1.2776113482987057,54758,0.259217866381667,0.2592178668890487,0.7759543588365748
1268,1320,4,0,909554540,3539350239,2629795700,0.7076964202776601,24321,1.4300850715464768,1.4300850719789513,1.8838944136824407
1269,1320,0,2,925537884,2171737459,1246199576,1.7851120148518227,7764,3.077415597286336,3.0774155945741644,3.5154275948936666
1270,1323,3,0,1851075768,4186939351,2335863584,0.8786911236936703,61420,0.09357910813676311,0.0935791088418483,0.38098899254044044
1271,1323,0,1,1554667888,4229562451,2674894564,0.683165119917593,37524,0.8044739953538034,0.804473996223921,1.9382323817075156
1272,1326,3,0,1603038616,4121854127,2518815512,0.7699016887568959,15428,2.0867365693712383,2.086736568839303,2.718275227066151
1273,1330,4,0,195835152,2525862495,2330027344,0.8823002603094103,3789,4.112398575491292,4.112398571552515,2.787285464712943
1274,1330,0,0,195835152,2285841520,2090006369,1.0391398072909723,58785,0.15683954678927187,0.15683954698156005,0.547983986509684
1275,1332,2,0,604348988,3869728811,3265379824,0.395396332395034,25598,1.3562565251783298,1.356256525104065,1.6924505042360183
1276,1334,2,1,2050382608,3777542119,1727159512,1.314245816740229,4333,3.918849478728131,3.918849484345192,3.4406513858061136
1277,1339,5,0,10319888,2288601823,2278281936,0.9147008552887748,5403,3.600455033372568,3.6004550385485476,1.320788462259881
1278,1339,0,0,10319888,2285612134,2275292247,0.9165952836830549,65450,0.0018944282800345323,0.0018944283942786493,0.018278827361264353
1279,1340,1,0,20639776,3908800927,3888161152,0.14355913067778303,55996,0.2269638466066064,0.22696384699473043,0.6849413239170641
1280,1341,1,0,187534904,2416511565,2228976662,0.9462656347517076,18785,1.8027065044708668,1.8027065040739232,1.8030420785999703
1281,1345,4,0,668479920,2457756111,1789276192,1.2632710475708038,3288,4.317005416318317,4.317005412819097,3.1413615229567724
1282,1345,0,0,668479920,2192133124,1523653205,1.4951125741277984,55807,0.2318415264982773,0.231841526556994,0.6825753316592811
1283,1353,8,0,280389376,3946679807,3666290432,0.22832606984419002,616,6.733213459305099,6.733213495716392,1.4744363427365692
1284,1354,1,0,560778752,2795707687,2234928936,0.9424181872272221,19975,1.7140921172972985,1.714092117383032,2.8412080167241625
1285,1354,0,0,560778752,2730435867,2169657116,0.9851800831286575,63622,0.042761895779518166,0.04276189590143498,0.23687305976154074
1286,1357,3,1,633171712,2925189855,2292018144,0.9060286812578333,4327,3.920848594578109,3.920848598129176,2.6365518776998424
1287,1357,0,1,633171712,2524604286,1891432575,1.1831677973012553,54082,0.2771391157104647,0.27713911604342406,0.7573228094002287
1288,1357,0,1,633171712,2470287939,1837116228,1.2252042423435832,63654,0.04203644491240706,0.04203644504232439,0.20376137641145736
1289,1359,2,0,1266343424,3697965891,2431622468,0.8207278916664613,43372,0.5955236491528274,0.5955236493228812,1.7803530887981167
1290,1359,0,0,1266343424,3677224970,2410881547,0.8330863767629673,64977,0.012358484739992882,0.012358485096504047,0.07639525415593885
1291,1359,0,0,1266343424,3525882704,2259539281,0.9266185082297369,61422,0.09353213088009141,0.09353213146677104,0.36912602718256254
1292,1359,0,1,385203200,2420291785,2035088586,1.0775555506370686,29513,1.1509370421021816,1.1509370424073324,2.722866983668929
1293,1362,3,2,518871840,3786142959,3267271120,0.3945609706224005,6576,3.317005416318317,3.317005419985332,2.959386218916695
1294,1362,0,2,518871840,3526300779,3007428940,0.5141164964330862,60324,0.11955552558347686,0.11955552581068347,0.43474924982560736
1295,1362,0,2,518871840,2513376905,1994505066,1.1066163581696138,43463,0.5924998615837279,0.592499861736527,1.2443078332817556
1296,1365,3,0,1037743680,3794309395,2756565716,0.639775150600606,45288,0.5331587916783984,0.5331587924309938,2.0207204950259845
1297,1365,0,0,1037743680,3696473520,2658729841,0.6919099565770495,63210,0.05213480557417532,0.052134805976441614,0.23795542637839573
1298,1365,0,0,1037743680,2674783878,1637040199,1.3915573970875101,40352,0.6996474396717801,0.6996474405104617,1.2788611199201319
1299,1366,1,1,2003491072,4190974043,2187482972,0.9733753593804408,21893,1.5818179597384459,1.5818179622929294,3.114293135643099
1300,1369,3,2,1577551840,3509223199,1931671360,1.152797480219025,3617,4.179422117344226,4.179422120838585,3.0250507731242915
1301,1369,0,2,1577551840,3450332217,1872780378,1.1974654221658234,63538,0.04466794172261588,0.044667941946799544,0.2528640649791472
1302,1369,0,3,1007620032,4231033523,3223413492,0.41405788017456757,56400,0.21659245782648176,0.21659245800874316,0.6461704618016012
1303,1369,0,3,1007620032,3263753711,2256133680,0.92879459345464,45870,0.5147367130306768,0.5147367132800735,1.1857593099681767
1304,1375,6,1,2131427328,3221488015,1090060688,1.9782386882231435,1979,5.049444102952488,5.0494440947685035,2.7601371777539483
1305,1375,0,2,2115371008,4225600491,2110229484,1.0252472478271777,63435,0.047008559362679773,0.04700855960403305,0.21777442085811624
1306,1379,4,0,1067120024,3825333183,2758213160,0.6389131906152343,21415,1.6136659432215954,1.613665942788058,1.1200553234672146
1307,1384,5,0,234052928,3034016383,2799963456,0.6172391481976476,2079,4.97832595714163,4.978325957582415,3.384629072639452
1308,1384,0,0,234052928,2446560671,2212507744,0.9569646412312807,51786,0.33972549281840064,0.3397254930336325,0.8696530413933249
1309,1385,1,0,468105856,4079230707,3611124852,0.2501988447392627,53482,0.29323420333397393,0.2932342035079811,0.9130579943005486
1310,1388,3,0,37055408,2438153679,2401098272,0.838952694704588,5447,3.5887538481595564,3.5887538499653275,0.4631360433737153
1311,1388,0,0,37055408,2386201204,2349145797,0.8705108906962096,64118,0.0315581955052287,0.03155819599161965,0.2195577544093585
1312,1388,0,0,37055408,2184500712,2147445305,1.0000257593345836,59909,0.12951486818739444,0.12951486863837314,0.4739127176017272
1313,1388,0,0,37055408,2177291880,2140236473,1.0048769383702378,65316,0.004851178553749898,0.004851179035654472,0.03698383500413608
1314,1392,4,0,526162480,3247962223,2721799744,0.6580862213342265,5209,3.6532092782492978,3.65320928296399,3.13802935828277
1315,1394,2,0,1004109336,3903164959,2899055624,0.5670641314488236,17451,1.9089779104508953,1.9089779101145974,3.0819384692374743
1316,1394,0,0,1004109336,3889407538,2885298203,0.5739267131892376,65225,0.006862581407823226,0.006862581740414315,0.05725033374820876
1317,1394,0,0,1004109336,3663113092,2659003757,0.6917613303821142,60396,0.1178346167819419,0.11783461719287631,0.6438844858739634
1318,1398,4,0,564913968,3399843023,2834929056,0.5993345137871984,4367,3.907573184219745,3.907573183405083,2.3394096161841382
1319,1398,0,0,564913968,2837494424,2272580457,0.9183157744281694,52536,0.31898126009789773,0.3189812606409722,1.0493960670125415
1320,1398,0,0,564913968,2833992064,2269078097,0.9205408815536664,65435,0.00222510674904286,0.002225107125495633,0.020845730179608807
1321,1398,0,0,564913968,2588720011,2023806044,1.0855761132777033,58452,0.16503523143839563,0.16503523172403664,0.5796798402186876
1322,1398,0,0,564913968,2587824466,2022910499,1.086214654839857,65507,0.0006385408891551363,0.0006385415621558505,0.007176500290245949
1323,1398,0,0,564913968,2582978321,2018064354,1.0896749647724882,65379,0.003460309819433334,0.003460309932629459,0.028254553610841622
1324,1398,0,0,564913968,2579529480,2014615513,1.0921426176408922,65424,0.0024676524736343256,0.002467652868406366,0.02312960487530868
1325,1398,0,0,564913968,2573135436,2008221469,1.0967287658638618,65328,0.004586147774849142,0.004586148222968721,0.04128363116116645
1326,1398,0,0,564913968,2560050863,1995136896,1.1061594058796658,65109,0.009430639917987874,0.009430640015801765,0.07711506547822014
1327,1398,0,0,564913968,2556001894,1991087927,1.1090902137318608,65403,0.0029308075734053776,0.0029308078521974043,0.027853236781820653
1328,1398,0,0,564913968,2551475036,1986561069,1.1123740019261454,65387,0.0032837874765994056,0.003283788194283098,0.029252584838119697
1329,1398,0,0,564913968,2548504409,1983590442,1.1145329672095414,65438,0.0021589649914087418,0.002158965283395621,0.019305222774832417
1330,1398,0,0,564913968,2540059863,1975145896,1.120687922768699,65257,0.006154955187593595,0.006154955559158691,0.050738472504464865
1331,1398,0,0,564913968,2539035159,1974121192,1.1214365859405788,65502,0.0007486627160211863,0.0007486631718813581,0.008298914272553857
1332,1398,0,0,564913968,2516533502,1951619535,1.137975316713522,64789,0.016538730065386375,0.016538730772942566,0.11450866429664623
1333,1398,0,0,564913968,2514627623,1949713656,1.139384887373577,65472,0.0014095702546713536,0.0014095706600553066,0.014436837324136281
1334,1398,0,0,564913968,2503828275,1938914308,1.147398102319066,65173,0.00801321479334929,0.008013214945488373,0.06125304070066956
1335,1398,0,0,564913968,2494390505,1929476538,1.1544376448745801,65217,0.007039542207896552,0.007039542555512042,0.05598224959721746
1336,1398,0,0,564913968,2490209815,1925295848,1.1575669933763102,65394,0.0031293481422027154,0.003129348501732499,0.02925850899066985
1337,1398,0,0,564913968,2485979428,1921065461,1.1607404658176854,65392,0.0031734719793412905,0.0031734724413742615,0.02886274986225963
1338,1398,0,0,564913968,2474283488,1909369521,1.169550810938329,65137,0.008810345064139169,0.00881034512064454,0.07072537382505874
1339,1398,0,0,564913968,2465164337,1900250370,1.1764576307413819,65223,0.0069068195729465555,0.006906819803052898,0.06016643939498003
1340,1398,0,0,564913968,2461974829,1897060862,1.178881181604325,65426,0.002423550217891068,0.002423550862942579,0.023326577618612978
1341,1398,0,0,564913968,2449961885,1885047918,1.1880459486830333,65121,0.009164766608617297,0.009164767078707496,0.0745215423497862
1342,1398,0,0,564913968,2448523707,1883609740,1.1891470581801151,65486,0.001101109058724726,0.0011011094970812903,0.011609632062583405
1343,1398,0,0,564913968,2443608892,1878694925,1.192916334669981,65365,0.003769275900471719,0.0037692764898665534,0.033532552767968286
1344,1398,0,0,564913968,2432600913,1867686946,1.2013944893078978,65152,0.008478153924304704,0.008478154637915894,0.06505256658404732
1345,1398,0,0,564913968,2424763786,1859849819,1.207461016148958,65261,0.006066526309349022,0.006066526841060283,0.051642097453312115
1346,1398,0,0,564913968,2403394356,1838480389,1.2241333585632788,64783,0.016672341806372403,0.016672342414323214,0.12118004880086551
1347,1398,0,0,564913968,2366055833,1801141866,1.25373532717148,64205,0.029601968051251593,0.029601968608201617,0.20571648111070093
1348,1398,0,0,564913968,2362785326,1797871359,1.2563573489501678,65417,0.0026220209864989156,0.0026220217786842954,0.02500809774153675
1349,1398,0,0,564913968,2360864992,1795951025,1.257899137222541,65466,0.0015417881020707706,0.0015417882723757657,0.01593090425373309
1350,1399,1,0,1129827936,3525434115,2395606180,0.8422563868266408,43709,0.5843572487681533,0.5843572496040977,1.6377089647350023
1351,1403,4,0,1815234096,3253416623,1438182528,1.5784003579074515,2459,4.736143980403917,4.7361439710808115,1.893210248059828
1352,1403,0,1,1482984544,3272198071,1789213528,1.2633215744964765,40766,0.6849212153354369,0.6849212165890267,1.780547447055586
1353,1403,0,2,818485440,3086234957,2267749518,0.9213858483684412,41532,0.6580642731133962,0.6580642738719653,1.9597649826680426
1354,1403,0,2,818485440,2955746623,2137261184,1.0068839226970354,61765,0.08549807407473924,0.085498074328593,0.40895444064451525
1355,1403,0,2,818485440,2954768262,2136282823,1.0075444875983202,65506,0.0006605645820851047,0.0006605649012838529,0.007007918449616499
1356,1403,0,2,818485440,2948509620,2130024181,1.0117773373416092,65344,0.004232849122198513,0.004232849743290114,0.033111911351296396
1357,1403,0,2,818485440,2947892089,2129406650,1.0121956603302351,65517,0.000418322449221962,0.0004183229886271453,0.004934802732935719
1358,1403,0,2,818485440,2933303106,2114817667,1.022113861984959,65087,0.009918201612688788,0.009918201654721574,0.0738749926942822
1359,1403,0,2,818485440,2932238210,2113752771,1.0228405000926912,65503,0.0007266376781842033,0.0007266381077322071,0.008071407430282732
1360,1403,0,2,818485440,2931335117,2112849678,1.0234570178883011,65508,0.0006165175324262582,0.0006165177956101736,0.006940873039395941
1361,1403,0,2,818485440,2930400170,2111914731,1.0240955592562138,65507,0.0006385408891551363,0.0006385413679116576,0.007176500290245949
1362,1403,0,2,818485440,2929658988,2111173549,1.0246019657227023,65513,0.0005064057914389884,0.0005064064664900254,0.005822243074647608
1363,1403,0,2,818485440,2927436225,2108950786,1.0261217168954886,65467,0.0015197509526750181,0.0015197511727865958,0.015633414920913857
1364,1403,0,2,818485440,2512828651,1694343212,1.341921004462094,52652,0.315799287010006,0.3157992875666053,0.8036584393776928
1365,1403,0,2,818485440,2512337432,1693851993,1.3423393270069184,65517,0.000418322449221962,0.00041832254482262657,0.004934802732935719
1366,1403,0,2,818485440,2511820509,1693335070,1.3427796701238108,65516,0.0004403427806028656,0.0004403431168934124,0.005139915429900777
1367,1403,0,2,818485440,2511432935,1692947496,1.3431099149154484,65521,0.00033024448458043404,0.0003302447916385997,0.0039922782726164955
1368,1403,0,2,818485440,2511019617,1692534178,1.3434621790180437,65520,0.0003522634716290214,0.00035226410259556656,0.004227909891679893
1369,1403,0,2,818485440,2510606400,1692120961,1.3438144430421133,65520,0.0003522634716290214,0.00035226402406777894,0.004227909891679893
1370,1403,0,2,818485440,2510219104,1691733665,1.34414468773803,65521,0.00033024448458043404,0.0003302446959173673,0.0039922782726164955
1371,1403,0,2,818485440,2509651200,1691165761,1.3446290723968808,65514,0.000484384451701118,0.0004843846588524797,0.0056111749720572975
1372,1403,0,2,818485440,2509238317,1690752878,1.3449813364949357,65520,0.0003522634716290214,0.0003522640980523189,0.004227909891679893
1373,1403,0,2,818485440,2508825535,1690340096,1.3453336004237322,65520,0.0003522634716290214,0.0003522639287983209,0.004227909891679893
1374,1403,0,2,818485440,2508412854,1689927415,1.3456858641621423,65520,0.0003522634716290214,0.0003522637384109639,0.004227909891679893
1375,1403,0,2,818485440,2507768197,1689282758,1.3462363143683405,65511,0.0005504494793435254,0.0005504502061979724,0.0062875441870311535
1376,1403,0,2,818485440,2507175339,1688689900,1.3467427206610658,65513,0.0005064057914389884,0.000506406292725803,0.005822243074647608
1377,1403,0,2,818485440,2506608457,1688123018,1.3472271051251816,65514,0.000484384451701118,0.00048438446411551986,0.005575095138429974
1378,1403,0,2,818485440,2503208306,1684722867,1.3501358550740008,65404,0.002908749196698977,0.002908749948818661,0.024961427243809065
1379,1403,0,2,818485440,2502617048,1684131609,1.35064226162811,65513,0.0005064057914389884,0.0005064065541098243,0.005810724405486178
1380,1403,0,2,818485440,2502205883,1683720444,1.3509945251480637,65520,0.0003522634716290214,0.00035226351995233483,0.004227909891679893
1381,1403,0,2,818485440,2501820509,1683335070,1.3513247704670412,65521,0.00033024448458043404,0.00033024531897586824,0.0039922782726164955
1382,1403,0,2,818485440,2501409538,1682924099,1.351677034387805,65520,0.0003522634716290214,0.0003522639207669716,0.004227909891679893
1383,1403,0,2,818485440,2500972988,1682487549,1.3520513175896873,65519,0.0003742827947452993,0.0003742832018821261,0.004452022505596219
1384,1403,0,2,818485440,2499329933,1680844494,1.3534608884906127,65472,0.0014095702546713536,0.0014095709009226377,0.013372239517486742
1385,1403,0,2,818485440,2498611798,1680126359,1.3540774066719763,65508,0.0006165175324262582,0.0006165181813647068,0.0067799847825495765
1386,1403,0,2,818485440,2497611966,1679126527,1.354936200433368,65497,0.0008587929491977406,0.0008587937613912266,0.008719658650240016
1387,1403,0,2,818485440,2494767986,1676282547,1.357381801988602,65425,0.002445601177240512,0.002445601555233158,0.021690695477939313
1388,1403,0,2,818485440,2491775355,1673289916,1.359959716095176,65419,0.002577914011629573,0.0025779141065762966,0.02142481102504244
1389,1403,0,2,818485440,2489988088,1671502649,1.3615015046712635,65466,0.0015417881020707706,0.0015417885760873992,0.014798679030368906
1390,1403,0,2,818485440,2489095409,1670609970,1.36227219300158,65501,0.0007706880901105886,0.0007706883303158274,0.007965733012277015
1391,1403,0,2,818485440,2486928632,1668443193,1.3641445794050284,65451,0.0018723857434470804,0.0018723864034475043,0.01678790976643625
1392,1403,0,2,818485440,2486368546,1667883107,1.364628964461886,65514,0.000484384451701118,0.000484385056858547,0.005586613807591404
1393,1403,0,2,818485440,2485655949,1667170510,1.3652454823903888,65508,0.0006165175324262582,0.0006165179285016758,0.006687639071324846
1394,1403,0,2,818485440,2474869811,1656384372,1.374609649968523,65112,0.009364166996977705,0.009364167578134274,0.06504279833361265
1395,1408,5,2,180062752,3754876703,3574813952,0.2647789859440941,4420,3.890169345721206,3.890169335975571,1.5454331130322503
1396,1408,0,2,180062752,3732403202,3552340451,0.2738772919630357,65124,0.009098305936446659,0.009098306018940794,0.0597794989359977
1397,1408,0,2,180062752,3706927127,3526864376,0.2842610473786529,65066,0.010383755170756225,0.010383755415619854,0.07868071673690706
1398,1408,0,2,180062752,3668610363,3488547612,0.30002062221032233,64824,0.015759574769876807,0.01575957483166725,0.10988713687930109
1399,1408,0,2,180062752,3655515534,3475452783,0.305446201203349,65290,0.0054255789880119825,0.00542557899302864,0.040182844378403415
1400,1408,0,2,180062752,3654720065,3474657314,0.3057764460974539,65521,0.00033024448458043404,0.000330244894102506,0.0039922782726164955
1401,1408,0,2,180062752,3652493264,3472430513,0.3067013213688661,65494,0.0009248751246666447,0.0009248752714154789,0.009682338662001194
1402,1408,0,2,180062752,3651592517,3471529766,0.3070756043961538,65519,0.0003742827947452993,0.0003742830272846881,0.004463541174757649
1403,1408,0,2,180062752,3650268233,3470205482,0.3076260540789626,65511,0.0005504494793435254,0.0005504496828098939,0.006184472783494724
1404,1408,0,2,180062752,3647726578,3467663827,0.30868310288310497,65488,0.001057048556915173,0.0010570488041435392,0.010810235982281837
1405,1408,0,2,180062752,3646879980,3466817229,0.30903536651536,65520,0.0003522634716290214,0.00035226363225488615,0.004227909891679893
1406,1408,0,2,180062752,3643124120,3463061369,0.310599192215971,65465,0.0015638255880888565,0.0015638257006095446,0.015280858609666291
1407,1408,0,2,180062752,3642225803,3462163052,0.3109734753899218,65519,0.0003742827947452993,0.00037428317395333545,0.004463541174757649
1408,1408,0,2,180062752,3640905092,3460842341,0.3115239251224011,65511,0.0005504494793435254,0.0005504497324785881,0.0062819819315288305
1409,1408,0,2,180062752,3639743310,3459680559,0.31200830966095694,65514,0.000484384451701118,0.0004843845385554659,0.005586613807591404
1410,1408,0,2,180062752,3633725188,3453662437,0.31452006611886674,65422,0.0025117560775962753,0.002511756457909681,0.021567247381729184
1411,1408,0,2,180062752,3632196925,3452134174,0.31515860722034006,65507,0.0006385408891551363,0.0006385411014727301,0.00711142670463666
1412,1408,0,2,180062752,3630616663,3450553912,0.31581917196327325,65506,0.0006605645820851047,0.0006605647429321439,0.007278538223382209
1413,1408,0,2,180062752,3629510986,3449448235,0.31628153551168836,65515,0.0004623634480924974,0.0004623635484147982,0.00538302560878682
1414,1408,0,2,180062752,3628247760,3448185009,0.31680996311623844,65512,0.0005284274673163702,0.0005284276045503236,0.0060593958318253035
1415,1408,0,2,180062752,3081944889,2901882138,0.5656582215008754,55153,0.24884825834360624,0.24884825838463914,0.7750917147525003
1416,1408,0,2,180062752,3080705071,2900642320,0.5662747391288043,65508,0.0006165175324262582,0.000616517627929652,0.006811716645250584
1417,1408,0,2,180062752,3079996906,2899934155,0.5666270027850508,65520,0.0003522634716290214,0.0003522636562452779,0.004227909891679893
1418,1408,0,2,180062752,3076235699,2896172948,0.5684993889752619,65451,0.0018723857434470804,0.0018723861902103457,0.016044612245303454
1419,1408,0,2,180062752,3075528625,2895465874,0.56885165270916,65520,0.0003522634716290214,0.00035226373389671435,0.004227909891679893
1420,1408,0,2,180062752,3074821724,2894758973,0.5692039162564697,65520,0.0003522634716290214,0.0003522635473109909,0.004227909891679893
1421,1408,0,2,180062752,3073938313,2893875562,0.5696442593705342,65516,0.0004403427806028656,0.00044034311406440397,0.005158914338864347
1422,1408,0,2,180062752,3073275957,2893213206,0.5699745040787043,65521,0.00033024448458043404,0.0003302447081716768,0.0039922782726164955
1423,1408,0,2,180062752,3071024463,2890961712,0.5710976441768167,65485,0.001123139814249491,0.001123140098109942,0.01145743819229134
1424,1408,0,2,180062752,3070318661,2890255910,0.5714499080481623,65520,0.0003522634716290214,0.0003522638713455758,0.004227909891679893
1425,1408,0,2,180062752,3069568930,2889506179,0.571824190997912,65519,0.0003742827947452993,0.00037428294975190573,0.004463541174757649
1426,1408,0,2,180062752,3068863484,2888800733,0.5721764545472077,65520,0.0003522634716290214,0.00035226354929599824,0.004227909891679893
1427,1408,0,2,180062752,3067497016,2887434265,0.5728590433423655,65505,0.0006825886112264284,0.0006825887951551949,0.007283854988740478
1428,1408,0,2,180062752,3066748017,2886685266,0.5732333262588121,65519,0.0003742827947452993,0.000374282916448133,0.004463541174757649
1429,1408,0,2,180062752,3065778975,2885716224,0.5737177111732592,65514,0.000484384451701118,0.00048438491444790404,0.005599656302895868
1430,1408,0,2,180062752,3065030421,2884967670,0.5740919944192449,65519,0.0003742827947452993,0.0003742832459832859,0.004463541174757649
1431,1408,0,2,180062752,3064238040,2884175289,0.5744882973552272,65518,0.0003963024539395264,0.0003963029359845157,0.004699172121844633
1432,1408,0,2,180062752,3063005787,2882943036,0.5751048150748552,65508,0.0006165175324262582,0.0006165177196271906,0.006914788048787013
1433,1408,0,2,180062752,3062345933,2882283182,0.5754350599123228,65521,0.00033024448458043404,0.0003302448374689801,0.0039922782726164955
1434,1408,0,2,180062752,3061378369,2881315618,0.5759194447024854,65514,0.000484384451701118,0.00048438479016128485,0.005599656302895868
1435,1408,0,2,180062752,3060674922,2880612171,0.5762717085768791,65520,0.0003522634716290214,0.00035226387439550187,0.004227909891679893
1436,1408,0,2,180062752,3059883738,2879820987,0.5766680111496569,65518,0.0003963024539395264,0.000396302572775402,0.004699172121844633
1437,1408,0,2,180062752,3058829116,2878766365,0.5771964386452986,65512,0.0005284274673163702,0.0005284274956407085,0.0060273544275572695
1438,1408,0,2,180062752,3058038439,2877975688,0.5775927412009842,65518,0.0003963024539395264,0.0003963025556871554,0.004687653452683203
1439,1408,0,2,180062752,3054964429,2874901678,0.5791345294653887,65466,0.0015417881020707706,0.0015417882644040133,0.015196325343093597
1440,1408,0,2,180062752,3053736138,2873673387,0.5797510472428904,65508,0.0006165175324262582,0.0006165177775009945,0.0068546382302162034
1441,1408,0,2,180062752,3052376825,2872314074,0.5804336363275375,65505,0.0006825886112264284,0.0006825890846472362,0.007495560051315662
1442,1408,0,2,180062752,3051631748,2871568997,0.5808079193293736,65519,0.0003742827947452993,0.00037428300183775526,0.004463541174757649
1443,1408,0,2,180062752,3050536331,2870473580,0.5813583689896085,65511,0.0005504494793435254,0.0005504496602331418,0.0062224706014218645
1444,1408,0,2,180062752,3049791731,2869728980,0.5817326522042663,65519,0.0003742827947452993,0.00037428321465750146,0.004452022505596219
1445,1408,0,2,180062752,3048828382,2868765631,0.582217036675182,65514,0.000484384451701118,0.0004843844709157941,0.005546101386448008
1446,1408,0,2,180062752,3047340069,2867277318,0.5829656997698152,65502,0.0007486627160211863,0.0007486630946338984,0.008046318792946604
1447,1408,0,2,180062752,3046683801,2866621050,0.5832959444070447,65521,0.00033024448458043404,0.00033024463723045557,0.0039922782726164955
1448,1408,0,2,180062752,3045677754,2865615003,0.5838023502909913,65513,0.0005064057914389884,0.0005064058839462085,0.005810724405486178
1449,1408,0,2,180062752,3044934415,2864871664,0.5841766331599096,65519,0.0003742827947452993,0.00037428286891937876,0.004463541174757649
1450,1408,0,2,180062752,3044147554,2864084803,0.5845729358639886,65518,0.0003963024539395264,0.00039630270407747223,0.004687653452683203
1451,1408,0,2,180062752,3042923884,2862861133,0.5851894538780513,65508,0.0006165175324262582,0.0006165180140615499,0.006811716645250584
1452,1408,0,2,180062752,3041744421,2861681670,0.5857839486713097,65509,0.0005944945118882062,0.0005944947932604903,0.006693726783337312
1453,1408,0,2,180062752,3040827439,2860764688,0.5862463122523884,65515,0.0004623634480924974,0.000462363581078592,0.0053715069396253895
1454,1408,0,2,180062752,3038557545,2858494794,0.5873914832310412,65484,0.001145170906201281,0.0011451709786539656,0.011775099039279107
1455,1408,0,2,180062752,3034021359,2853958608,0.5896827349793803,65432,0.0022912515391492285,0.002291251748337232,0.022137358714939725
1456,1408,0,2,180062752,2919707983,2739645232,0.6486580612848023,62911,0.058975325794894125,0.05897532630542273,0.3152845629536231
1457,1408,0,2,180062752,2907961152,2727898401,0.6548572329943951,65255,0.0061991716593663634,0.006199171709593297,0.050765988987103876
1458,1408,0,2,180062752,2839988463,2659925712,0.6912611921766754,63903,0.036403958706643876,0.036403959182279004,0.21272125053970464
1459,1408,0,2,180062752,2838567909,2658505158,0.692031880490557,65501,0.0007706880901105886,0.0007706883138830836,0.00804782395270343
1460,1408,0,2,180062752,2837634900,2657572149,0.6925382867722938,65513,0.0005064057914389884,0.000506406281734513,0.005842765809754212
1461,1408,0,2,180062752,2832160470,2652097719,0.6955132121471657,65401,0.002974925338641957,0.002974925374873667,0.025665119199185803
1462,1408,0,2,180062752,2829772869,2649710118,0.6968126105641126,65477,0.0012993979706836883,0.0012993984169476366,0.012433183767606472
1463,1408,0,2,180062752,2829166398,2649103647,0.697142855312002,65521,0.00033024448458043404,0.0003302447478878793,0.0039922782726164955
1464,1408,0,2,180062752,2828560066,2648497315,0.6974730999565608,65521,0.00033024448458043404,0.00033024464455756817,0.0039922782726164955
1465,1408,0,2,180062752,2827792221,2647729470,0.6978914227461246,65517,0.000418322449221962,0.00041832278956409,0.00492328406377429
1466,1408,0,2,180062752,2827186203,2647123452,0.6982216676764317,65521,0.00033024448458043404,0.0003302449303074299,0.0039922782726164955
1467,1408,0,2,180062752,2826499540,2646436789,0.6985959508678263,65519,0.0003742827947452993,0.0003742831913937896,0.004463541174757649
1468,1408,0,2,180062752,2825853437,2645790686,0.6989482144857568,65520,0.0003522634716290214,0.00035226361793319437,0.004227909891679893
1469,1408,0,2,180062752,2825247863,2645185112,0.6992784592813734,65521,0.00033024448458043404,0.0003302447956146417,0.0039922782726164955
1470,1408,0,2,180062752,2824602065,2644539314,0.6996307232186254,65520,0.0003522634716290214,0.0003522639372537473,0.004227909891679893
1471,1408,0,2,180062752,2823956425,2643893674,0.699982986973481,65520,0.0003522634716290214,0.000352263754855444,0.004227909891679893
1472,1408,0,2,180062752,2823310943,2643248192,0.7003352505247946,65520,0.0003522634716290214,0.0003522635513143294,0.004227909891679893
1473,1408,0,2,180062752,2822463954,2642401203,0.7007976144650172,65515,0.0004623634480924974,0.0004623639402199412,0.00536402669982325
1474,1408,0,2,180062752,2821576917,2641514166,0.7012819991697796,65514,0.000484384451701118,0.0004843847047645048,0.0055806573939322975
1475,1408,0,2,180062752,2820811097,2640748346,0.7017003217054167,65517,0.000418322449221962,0.00041832253563493826,0.004934802732935719
1476,1408,0,2,180062752,2820166383,2640103632,0.7020525852034609,65520,0.0003522634716290214,0.00035226349804451856,0.004227909891679893
1477,1408,0,2,180062752,2819320402,2639257651,0.7025149489396796,65515,0.0004623634480924974,0.00046236373622043713,0.005350984204518786
1478,1408,0,2,180062752,2818031701,2637968950,0.7032195624495472,65504,0.0007046129765893727,0.0007046135098664564,0.007581359855799923
1479,1408,0,2,180062752,2817387665,2637324914,0.7035718262558568,65520,0.0003522634716290214,0.00035226380631071135,0.004227909891679893
1480,1408,0,2,180062752,2816743786,2636681035,0.7039240901910269,65520,0.0003522634716290214,0.000352263935168288,0.004227909891679893
1481,1408,0,2,180062752,2816059832,2635997081,0.7042983732509143,65519,0.0003742827947452993,0.00037428305988801007,0.004463541174757649
1482,1408,0,2,180062752,2815456500,2635393749,0.7046286178168302,65521,0.00033024448458043404,0.00033024456591482834,0.0039922782726164955
1483,1408,0,2,180062752,2757147769,2577085018,0.7369070135411704,64086,0.0322783952223543,0.032278395724340825,0.18007838438305174
1484,1408,0,2,180062752,2756518597,2576455846,0.7372592774904554,65520,0.0003522634716290214,0.00035226394928458997,0.004227909891679893
1485,1408,0,2,180062752,2755928893,2575866142,0.7375895220062603,65521,0.00033024448458043404,0.00033024451580817616,0.0039922782726164955
1486,1408,0,2,180062752,2755339324,2575276573,0.737919766506689,65521,0.00033024448458043404,0.0003302445004286894,0.0039922782726164955
1487,1408,0,2,180062752,2754474820,2574412069,0.7384041513819923,65514,0.000484384451701118,0.00048438487530026275,0.0055806573939322975
1488,1408,0,2,180062752,2753846301,2573783550,0.7387564150937891,65520,0.0003522634716290214,0.0003522637117995293,0.004227909891679893
1489,1408,0,2,180062752,2748465924,2568403173,0.7417754598958659,65399,0.0030190444530456694,0.00301904480207393,0.023527412918122277
1490,1408,0,2,180062752,2747878063,2567815312,0.7421057044739001,65521,0.00033024448458043404,0.0003302445780342427,0.0039922782726164955
1491,1408,0,2,180062752,2734987266,2554924515,0.7493664785079446,65207,0.007260773736406036,0.00726077403404451,0.04847082189246547
1492,1408,0,2,180062752,2734324520,2554261769,0.7497407613466507,65519,0.0003742827947452993,0.0003742828387080352,0.004463541174757649
1493,1408,0,2,180062752,2733739895,2553677144,0.7500710063266034,65521,0.00033024448458043404,0.0003302449799531637,0.0039922782726164955
1494,1408,0,2,180062752,2733077472,2553014721,0.750445289485917,65519,0.0003742827947452993,0.0003742831593113197,0.004463541174757649
1495,1408,0,2,180062752,2732493133,2552430382,0.7507755341420328,65521,0.00033024448458043404,0.0003302446561157739,0.0039922782726164955
1496,1408,0,2,180062752,2731908928,2551846177,0.751105778653784,65521,0.00033024448458043404,0.0003302445117542731,0.0039922782726164955
1497,1408,0,2,180062752,2731285918,2551223167,0.7514580425096327,65520,0.0003522634716290214,0.00035226385584842,0.004227909891679893
1498,1408,0,2,180062752,2730701989,2550639238,0.7517882871965078,65521,0.00033024448458043404,0.00033024468687522813,0.0039922782726164955
1499,1408,0,2,180062752,2730118194,2550055443,0.7521185316858379,65521,0.00033024448458043404,0.0003302444893283581,0.0039922782726164955
1500,1408,0,2,180062752,2729534532,2549471781,0.7524487765260517,65521,0.00033024448458043404,0.00033024484021542576,0.0039922782726164955
1501,1408,0,2,180062752,2728951004,2548888253,0.7527790211340779,65521,0.00033024448458043404,0.00033024460802357706,0.0039922782726164955
1502,1408,0,2,180062752,2728328716,2548265965,0.7531312850749607,65520,0.0003522634716290214,0.0003522639408847566,0.004227909891679893
1503,1408,0,2,180062752,2727745464,2547682713,0.7534615296770291,65521,0.00033024448458043404,0.0003302446020681653,0.0039922782726164955
1504,1408,0,2,180062752,2727123471,2547060720,0.7538137932337037,65520,0.0003522634716290214,0.0003522635566743298,0.004227909891679893
1505,1408,0,2,180062752,2726501630,2546438879,0.7541660567075468,65520,0.0003522634716290214,0.00035226347384216837,0.004227909891679893
1506,1408,0,2,180062752,2725685662,2545622911,0.754628420695159,65515,0.0004623634480924974,0.00046236398761380587,0.005375545368984679
1507,1408,0,2,180062752,2725064172,2545001421,0.7549806841846411,65520,0.0003522634716290214,0.0003522634894822319,0.004227909891679893
1508,1408,0,2,180062752,2724404000,2544341249,0.7553549670489055,65519,0.0003742827947452993,0.0003742828642645536,0.004463541174757649
1509,1408,0,2,180062752,2723433410,2543370659,0.7559054170044242,65511,0.0005504494793435254,0.0005504499555179912,0.00626298302256526
1510,1408,0,2,180062752,2722812469,2542749718,0.7562576809853887,65520,0.0003522634716290214,0.000352263980965243,0.004227909891679893
1511,1408,0,2,180062752,2722230479,2542167728,0.7565879259104769,65521,0.00033024448458043404,0.000330244925086732,0.0039922782726164955
1512,1408,0,2,180062752,2721609832,2541547081,0.7569401897124912,65520,0.0003522634716290214,0.0003522638020157899,0.004227909891679893
1513,1408,0,2,180062752,2720911775,2540849024,0.7573364923058712,65518,0.0003963024539395264,0.00039630259337701063,0.004687653452683203
1514,1408,0,2,180062752,2720252680,2540189929,0.7577107752437122,65519,0.0003742827947452993,0.0003742829378415197,0.004463541174757649
1515,1408,0,2,180062752,2719632516,2539569765,0.7580630389670695,65520,0.0003522634716290214,0.00035226372335679,0.004227909891679893
1516,1408,0,2,180062752,2718973753,2538911002,0.758437321813517,65519,0.0003742827947452993,0.0003742828464479196,0.004463541174757649
1517,1408,0,2,180062752,2717540346,2537477595,0.7592520621297538,65499,0.0008147398470877202,0.0008147403162390898,0.008793508108989479
1518,1408,0,2,180062752,2714791308,2534728557,0.7608158881097324,65465,0.0015638255880888565,0.0015638259799761402,0.01440263778889549
1519,1408,0,2,180062752,2682341398,2502278647,0.7794046929363603,64697,0.018588804453289764,0.018588804826628964,0.11951996431407297
1520,1408,0,2,180062752,2675926865,2495864114,0.7831077564429592,65368,0.0037030633126258566,0.003703063506597566,0.033095352243516424
1521,1408,0,2,180062752,2673832252,2493769501,0.7843190229199628,65481,0.001211266200721556,0.0012112664770050174,0.011662606676294532
1522,1408,0,2,180062752,2673109265,2493046514,0.7847373458593694,65517,0.000418322449221962,0.00041832293940568133,0.004904285154810719
1523,1408,0,2,180062752,2660784022,2480721271,0.7918875000764096,65212,0.007150153731529768,0.0071501542170408945,0.049692967526870316
1524,1408,0,2,180062752,2658285737,2478222986,0.793341141617173,65470,0.0014536415241189304,0.0014536415407654826,0.013539294450666739
1525,1408,0,2,180062752,2657680702,2477617951,0.7936934051419726,65520,0.0003522634716290214,0.0003522635247972587,0.004227909891679893
1526,1408,0,2,180062752,2657075814,2477013063,0.7940456690824185,65520,0.0003522634716290214,0.00035226394044802296,0.004227909891679893
1527,1408,0,2,180062752,2656508870,2476446119,0.7943759139762534,65521,0.00033024448458043404,0.00033024489383319636,0.0039922782726164955
1528,1408,0,2,180062752,2655942056,2475879305,0.7947061587321862,65521,0.00033024448458043404,0.0003302447559340054,0.0039922782726164955
1529,1408,0,2,180062752,2655375372,2475312621,0.7950364033328157,65521,0.00033024448458043404,0.0003302446006294975,0.0039922782726164955
1530,1408,0,2,180062752,2654771047,2474708296,0.7953886671715082,65520,0.0003522634716290214,0.0003522638386930862,0.004227909891679893
1531,1408,0,2,180062752,2654204631,2474141880,0.7957189117854249,65521,0.00033024448458043404,0.0003302446139150658,0.0039922782726164955
1532,1408,0,2,180062752,2653638344,2473575593,0.7960491567740071,65521,0.00033024448458043404,0.0003302449885813254,0.0039922782726164955
1533,1408,0,2,180062752,2652732493,2472669742,0.7965775845698744,65512,0.0005284274673163702,0.0005284277958667099,0.005880722950591376
1534,1408,0,2,180062752,2652166543,2472103792,0.7969078295270364,65521,0.00033024448458043404,0.0003302449571622949,0.0039922782726164955
1535,1408,0,2,180062752,2651600723,2471537972,0.7972380742132685,65521,0.00033024448458043404,0.0003302446862329543,0.0039922782726164955
1536,1408,0,2,180062752,2651035032,2470972281,0.7975683191949337,65521,0.00033024448458043404,0.0003302449816645055,0.0039922782726164955
