position,stable_bits,released_bits,pending_underflow,low,high_inclusive,residual_width,residual_information_bits,selected_frequency,selected_information_bits,effective_interval_information_bits,table_entropy_bits
1,3,3,2,96468992,2925527039,2829058048,0.6023253670517335,1349,5.602325367051733,5.602325367051733,3.0730381108176084
2,6,3,0,192937984,2588502975,2395564992,0.842281191502245,27747,1.2399558244505124,1.2399558244505124,2.2597911553512198
3,10,4,0,83465216,3990879695,3907414480,0.13643284812598822,6681,3.2941516564910542,3.2941516566237428,2.3190179928342864
4,10,0,0,83465216,2859484779,2776019564,0.6296294106673344,46560,0.4931965622043538,0.4931965625413461,1.707126325674195
5,11,1,1,1274834528,3351596719,2076762192,1.0483111219663073,12257,2.418681709508838,2.4186817112989742,2.93493229535864
6,11,0,1,1274834528,3349378497,2074543970,1.0498529105305252,65466,0.0015417881020707706,0.0015417885642177182,0.014920219348572482
7,11,0,1,1274834528,3276445310,2001610783,1.1014856793456467,63232,0.05163276841532235,0.051632768815122757,0.3021229486138741
8,16,5,0,1956653680,3951423023,1994769344,1.1064252093433424,4082,4.004939532967281,4.004939529997692,2.0809997038227923
9,16,0,1,1765823712,3342439043,1576615332,1.445816436621417,25899,1.3393912261253185,1.3393912272780775,2.3942358595790987
10,16,0,1,1765823712,3227830347,1462006636,1.554697286363222,60772,0.10888084884728316,0.10888084974180351,0.6038107859919662
11,16,0,1,1765823712,3224528696,1458704985,1.557959010334283,65388,0.003261723702316598,0.0032617239710627994,0.02871758472926188
12,16,0,3,620843904,3968368847,3347524944,0.3595523402173946,37599,0.8015933286068402,0.8015933298831105,1.6884308034777553
13,20,4,0,1241687808,4261488751,3019800944,0.5081936913537035,29560,1.1486413509664868,1.14864135113631,2.355300504378215
14,21,1,1,653598244,3295739755,2642141512,0.7009394072135535,14335,2.192745715872114,2.1927457158598496,2.6432246555008847
15,21,0,1,653598244,3098957944,2445359701,0.8126004515191383,60655,0.11166104389486388,0.1116610443055833,0.6248525995251124
16,28,7,0,542986560,4182369535,3639382976,0.23895327056816384,1524,5.426352812506678,5.426352819049025,3.2905198963891293
17,29,1,0,1085973120,3962893809,2876920690,0.5781216961290419,25903,1.339168424682323,1.3391684255608782,2.5364850984437766
18,29,0,2,777835444,3546941843,2769106400,0.6332266572048084,15770,2.055104960322127,2.0551049610757666,2.9159911678876225
19,29,0,2,777835444,3330943431,2553107988,0.7503925857629312,60424,0.11716592845437898,0.11716592855812308,0.5382745989700692
20,32,3,0,1555670888,4282061105,2726390218,0.6556550815654205,34992,0.9052624949519067,0.9052624958024892,1.928252576457495
21,32,0,0,1555670888,4281270678,2725599791,0.6560734040932275,65517,0.000418322449221962,0.00041832252780797956,0.00492328406377429
22,32,0,0,1555670888,4277444457,2721773570,0.6581000949785505,65444,0.002026690572445132,0.002026690885322387,0.0195641536964379
23,34,2,1,1614916976,4158605751,2543688776,0.7557249804183037,7656,3.0976248855139743,3.0976248854397554,2.366146401854316
24,34,0,1,1614916976,3719546189,2104629214,1.0290810591552173,54224,0.2733560785160057,0.27335607873691437,0.8695745009424627
25,37,3,1,641154896,4102797231,3461642336,0.3111904758254447,13474,2.2821094160127195,2.282109416670225,2.172370882866461
26,37,0,1,641154896,2911273063,2270118168,0.9198797489599073,42978,0.608689272566594,0.6086892731344619,1.422974114356525
27,37,0,1,641154896,2910510999,2269356104,0.9203641336697181,65514,0.000484384451701118,0.0004843847098107947,0.005618655211859437
28,40,3,0,825553048,2220353827,1394800780,1.6225880700028448,10070,2.702223937105853,2.70222393633313,1.1423194640302243
29,41,1,0,1651106096,3615524307,1964418212,1.128545043169197,46150,0.5059569725795011,0.5059569731663505,1.0394070634025965
30,41,0,2,161973440,2892543527,2730570088,0.6534449577742407,22774,1.5248999133700782,1.5248999146050435,3.0568558357587547
31,45,4,0,235789128,3118853819,2883064692,0.5750439367284486,17299,1.9215989777757694,1.9215989789542094,2.713406482253387
32,48,3,0,755808968,3419617151,2663808184,0.6891569457198834,7569,3.1141130083025432,3.1141130089914326,2.250903928053673
33,48,0,0,755808968,3395147965,2639338998,0.7024704829873443,64934,0.013313536876051258,0.013313537267460845,0.09236554822325109
34,48,0,0,755808968,2515421996,1759613029,1.2873889572229125,43692,0.5849184738343288,0.5849184742355681,1.8678805005446686
35,48,0,2,1329613620,3566182303,2236568684,0.9413600824869377,20825,1.6539711248597277,1.6539711252640248,0.9756120458798248
36,58,10,0,987398144,3748162559,2760764416,0.6375793621693937,316,7.696219251822897,7.696219279682456,1.5133724991196134
37,61,3,1,1595737168,4117900367,2522163200,0.7679855157825699,3742,4.130406156759216,4.130406153613177,1.4128982962599783
38,61,0,1,1595737168,3986242647,2390505480,0.8453314330870683,62115,0.07734591702160304,0.07734591730449851,0.3953444772451412
39,61,0,2,1043990688,2862694959,1818704272,1.2397361714708595,24930,1.394404737621137,1.394404738383792,2.2292929839930986
40,64,3,0,2087981376,3848019557,1760038182,1.287040419205404,31711,1.0473042471938159,1.0473042477345427,2.2330301422148797
41,65,1,0,1827360922,3276728301,1449367380,1.5672238160429224,26984,1.2801833969818734,1.2801833968375216,1.2534148426728313
42,65,0,1,1507238196,4187824763,2680586568,0.6800984191550619,60604,0.11287460249956621,0.11287460311213797,0.5990022099461106
43,65,0,1,1507238196,4186106857,2678868662,0.6810232947050707,65494,0.0009248751246666447,0.000924875550007822,0.00994508403780798
44,71,6,0,1366737504,4056070495,2689332992,0.6753987458925756,2056,4.994375450806122,4.994375451187505,2.8356859086096144
45,73,2,1,2140685376,3479114399,1338429024,1.6821065101640649,4077,4.006707758511452,4.00670776427149,1.8894431501566036
46,73,0,1,2140685376,3419459382,1278774007,1.7478858214255482,62615,0.06577931100312533,0.06577931126148434,0.42877907262055454
47,84,11,1,544561152,4021227519,3476666368,0.3049425179260794,87,9.557056504151271,9.557056696500528,0.7287489523313754
48,84,0,1,544561152,3747437920,3202876769,0.4232788546675117,60375,0.11833633650213979,0.11833633674143461,0.5257018537364738
49,84,0,1,544561152,3743186054,3198624903,0.4251953258985033,65449,0.0019164711534089207,0.0019164712309927107,0.016932902769075667
50,84,0,1,544561152,3713560118,3168998967,0.4386199565694575,64929,0.013424630493294187,0.013424630670953555,0.08136678443761677
51,89,5,0,678249024,2582278927,1904029904,1.173591008747234,2461,4.7349710575418404,4.734971052177777,2.4795414610948705
52,90,1,1,565512448,4014823455,3449311008,0.31633893038674543,29681,1.1427479209872093,1.142747921639509,2.6774152257655732
53,90,0,1,565512448,3452078806,2886566359,0.5732927543074737,54844,0.256953823773328,0.2569538239207289,1.1270743622129988
54,93,3,0,1509572748,3832004247,2322431500,0.8870111009957782,13182,2.3137183448555674,2.3137183466883053,1.9332684739423163
55,93,0,0,1509572748,3419547273,1909974526,1.169093749354051,53897,0.2820826481327842,0.28208264835827285,1.3140906657755793
56,93,0,0,1509572748,3362949822,1853377075,1.212490714249661,63594,0.043396964667035236,0.04339696489560891,0.2711125287700768
57,93,0,0,1509572748,3359160263,1849587516,1.215443580662896,65402,0.0029528662873829327,0.0029528664132345995,0.02426342134967767
58,93,0,0,1509572748,3356902465,1847329718,1.2172057593521792,65456,0.0017621781119536897,0.001762178689286264,0.016680707162789004
59,93,0,0,1509572748,3347008471,1837435724,1.224953362616219,65185,0.007747602548000805,0.007747603264039671,0.05865808816214108
60,93,0,0,1509572748,3345606618,1836033871,1.2260544722985145,65486,0.001101109058724726,0.0011011096822930338,0.011771576307762958
61,93,0,0,1509572748,3345102336,1835529589,1.2264507749380336,65518,0.0003963024539395264,0.000396302639521589,0.004668654543719633
62,93,0,0,1509572748,3344290105,1834717358,1.2270893159799918,65507,0.0006385408891551363,0.0006385410419555599,0.006874480119584336
63,93,0,0,1509572748,3343870171,1834297424,1.22741956087566,65521,0.00033024448458043404,0.00033024489566966055,0.0039922782726164955
64,93,0,0,1509572748,3343226420,1833653673,1.2279259669646407,65513,0.0005064057914389884,0.0005064060889812421,0.005781730653504212
65,93,0,1,871661848,4193480369,3321818522,0.3706738880543057,59362,0.14274792098720926,0.14274792108966303,0.4656121928671461
66,93,0,1,871661848,4178122229,3306460382,0.3773595307040942,65233,0.006685642311078238,0.006685642649787573,0.056018424768292344
67,93,0,1,871661848,4177264535,3305602688,0.37773381354871916,65519,0.0003742827947452993,0.0003742828446251776,0.004463541174757649
68,93,0,1,871661848,4175549592,3303887745,0.3784824763517314,65502,0.0007486627160211863,0.0007486628030132394,0.008274353108087964
69,93,0,1,871661848,4174390085,3302728238,0.3789888823605736,65513,0.0005064057914389884,0.0005064060088421474,0.005846804239113502
70,93,0,1,871661848,4173482963,3301821116,0.3793851850752503,65518,0.0003963024539395264,0.00039630271467892055,0.004699172121844633
71,93,0,1,871661848,4172525708,3300863861,0.3798035079411335,65517,0.000418322449221962,0.0004183228658804626,0.00492328406377429
72,93,0,1,871661848,4171770200,3300108353,0.38013375252159065,65521,0.00033024448458043404,0.0003302445804572284,0.0039922782726164955
73,93,0,1,871661848,4169050994,3297389147,0.38132298684369204,65482,0.0011892340994270377,0.0011892343221024222,0.012395548362901958
74,93,0,1,871661848,4168044710,3296382863,0.38176332992670936,65516,0.0004403427806028656,0.0004403430830167694,0.005158914338864347
75,93,0,1,871661848,4166938136,3295276289,0.38224771444974337,65514,0.000484384451701118,0.0004843845230344593,0.005599656302895868
76,93,0,1,871661848,4165731369,3294069522,0.3827761422590612,65512,0.0005284274673163702,0.0005284278093180187,0.006051915592023164
77,93,0,1,871661848,4164675835,3293013988,0.38323850581586427,65515,0.0004623634480924974,0.00046236355680389675,0.00539454427794825
78,93,0,1,871661848,4163721134,3292059287,0.3836568283918993,65517,0.000418322449221962,0.000418322576032889,0.00492328406377429
79,93,0,1,871661848,4162565778,3290903931,0.384163234499173,65513,0.0005064057914389884,0.0005064061072733007,0.005835285569952072
80,93,0,1,871661848,4161661904,3290000057,0.3845595370582018,65518,0.0003963024539395264,0.0003963025590302084,0.004699172121844633
81,93,0,1,871661848,4160858681,3289196834,0.3849118006745016,65520,0.0003522634716290214,0.0003522636162995285,0.004227909891679893
82,93,0,1,871661848,4159905086,3288243239,0.3853301235392905,65517,0.000418322449221962,0.00041832286478841823,0.004934802732935719
83,93,0,1,871661848,4157898101,3286236254,0.3862109438079244,65496,0.000880820004703256,0.0008808202686352866,0.00956071123579835
84,93,0,1,871661848,4156544213,3284882366,0.38680543848808924,65509,0.0005944945118882062,0.0005944946801640136,0.006758800368946601
85,93,0,1,871661848,4155591869,3283930022,0.3872237612820726,65517,0.000418322449221962,0.0004183227939822554,0.004934802732935719
86,93,0,1,871661848,4154188822,3282526975,0.38784027913355956,65508,0.0006165175324262582,0.0006165178514877101,0.006965828362018618
87,93,0,1,871661848,4153237161,3281575314,0.3882586018697012,65517,0.000418322449221962,0.000418322736142517,0.00492328406377429
88,93,0,1,871661848,4151885193,3280223346,0.3888530966592256,65509,0.0005944945118882062,0.0005944947895248771,0.006754761939587312
89,93,0,1,871661848,4150683939,3279022092,0.3893815242731655,65512,0.0005284274673163702,0.0005284276139396416,0.006017359584538874
90,93,0,1,871661848,4106003660,3234341813,0.40917499167296967,64643,0.019793467152138852,0.019793467399805118,0.10796831877565692
91,93,0,1,871661848,4105115321,3233453474,0.4095712943452483,65518,0.0003963024539395264,0.0003963026722763314,0.004699172121844633
92,93,0,1,871661848,4103881856,3232220009,0.41012174399751444,65511,0.0005504494793435254,0.0005504496522679867,0.006276025517869724
93,93,0,1,871661848,4102944780,3231282933,0.41054006666859166,65517,0.000418322449221962,0.00041832267107775814,0.004934802732935719
94,93,0,1,871661848,4098753815,3227091968,0.41241245263670834,65451,0.0018723857434470804,0.0018723859681149552,0.016286722656730968
95,93,0,1,871661848,4097473535,3225811688,0.4129849247297841,65510,0.0005724718275307164,0.0005724720930763106,0.006458098860398054
96,93,0,1,871661848,4096489095,3224827248,0.41342526768841736,65516,0.0004403427806028656,0.00044034295863396695,0.005158914338864347
97,93,0,1,871661848,4095652576,3223990729,0.41379955079703734,65519,0.0003742827947452993,0.0003742831086201233,0.004463541174757649
98,93,0,1,871661848,4094865468,3223203621,0.4141518146663259,65520,0.0003522634716290214,0.0003522638692862308,0.004227909891679893
99,93,0,1,871661848,4093881824,3222219977,0.4145921575887854,65516,0.0004403427806028656,0.000440342922459766,0.005158914338864347
100,93,0,1,871661848,4088817604,3217155757,0.4168613609675127,65433,0.002269202938821913,0.0022692033787272523,0.020052855424058026
101,93,0,1,871661848,4087983075,3216321228,0.41723564406802893,65519,0.0003742827947452993,0.00037428310051879863,0.004463541174757649
102,93,0,1,871661848,4087050608,3215388761,0.4176539668868209,65517,0.000418322449221962,0.0004183228187897348,0.00492328406377429
103,93,0,1,871661848,4086216538,3214554691,0.4180282496992547,65519,0.0003742827947452993,0.0003742828124340834,0.004463541174757649
104,93,0,1,871661848,4085333634,3213671787,0.4184245522361216,65518,0.0003963024539395264,0.00039630253686617994,0.004699172121844633
105,93,0,1,871661848,4080135739,3208473892,0.4207599022427573,65430,0.002335349750730934,0.00233535000663765,0.01989170226291301
106,93,0,1,871661848,4079352420,3207690573,0.4211121657947636,65520,0.0003522634716290214,0.00035226355200627826,0.004227909891679893
107,93,0,1,871661848,4078373510,3206711663,0.4215525088108336,65516,0.0004403427806028656,0.0004403430160692309,0.005158914338864347
108,93,0,1,871661848,4077297038,3205635191,0.4220368933477303,65514,0.000484384451701118,0.00048438453689569395,0.005618655211859437
109,93,0,1,871661848,4075633958,3203972111,0.4227855561625944,65502,0.0007486627160211863,0.0007486628148642173,0.007990732708565193
110,93,0,1,871661848,4038185187,3166523340,0.43974743266525707,64770,0.016961876368976208,0.016961876502663786,0.09441468266877985
111,93,0,1,871661848,4036445763,3164783916,0.44054014682063425,65500,0.0007927138004626774,0.0007927141553781806,0.008728128158102595
112,93,0,1,871661848,4035286784,3163624937,0.4410685745228662,65512,0.0005284274673163702,0.0005284277022321416,0.006082433170148164
113,93,0,1,871661848,4034562687,3162900840,0.44139881933412894,65521,0.00033024448458043404,0.0003302448112618361,0.0039922782726164955
114,93,0,1,871661848,4033838756,3162176909,0.441729064023491,65521,0.00033024448458043404,0.00033024468936261744,0.0039922782726164955
115,93,0,1,871661848,4032149971,3160488124,0.4424997522664569,65501,0.0007706880901105886,0.000770688242964272,0.008455143930263266
116,93,0,1,871661848,4030365637,3158703790,0.4433144924789829,65499,0.0008147398470877202,0.000814740212527105,0.008699793060007602
117,93,0,1,871661848,4029642667,3157980820,0.4436447369989054,65521,0.00033024448458043404,0.00033024451992263787,0.0039922782726164955
118,93,0,1,871661848,4028919862,3157258015,0.44397498173574945,65521,0.00033024448458043404,0.00033024473684314015,0.0039922782726164955
119,93,0,1,871661848,3842189941,2970528094,0.5319277130118216,61660,0.08795273100546247,0.08795273127607264,0.48960764491550074
120,100,7,0,492685504,2697374335,2204688832,0.9620720966749943,760,6.430144391669052,6.4301443836631735,1.676003577823755
121,101,1,0,985371008,4008744339,3023373332,0.5064880092678692,44936,0.5444159124213895,0.5444159125928765,1.8129678133404534
122,101,0,0,985371008,4001270790,3015899783,0.5100586567211849,65374,0.003570647252730634,0.003570647453313761,0.031753568812693006
123,101,0,0,985371008,4000074296,3014703289,0.5106311288147047,65510,0.0005724718275307164,0.0005724720935183987,0.006401102133507343
124,101,0,0,985371008,2613842551,1628471544,1.3991286357909836,35401,0.8884975066206896,0.8884975069762823,1.5709630146846578
125,101,0,0,985371008,2543074012,1557703005,1.4632269537296168,62688,0.06409831773241305,0.06409831793863027,0.34237263819385505
126,101,0,0,985371008,2542598638,1557227631,1.463667297222191,65516,0.0004403427806028656,0.0004403434925745812,0.005158914338864347
127,101,0,0,985371008,2541885795,1556514788,1.4643278625102667,65506,0.0006605645820851047,0.0006605652880750889,0.007110107034382025
128,101,0,0,985371008,2539486991,1554115984,1.4665529696184727,65435,0.00222510674904286,0.0022251071082062027,0.018907024002540088
129,101,0,0,985371008,2532396526,1547025519,1.4731501510166432,65237,0.006597180899790373,0.006597181398172919,0.045420731550779796
130,101,0,0,985371008,2245256352,1259885345,1.7693546977856087,53372,0.2962045462421925,0.2962045467689638,0.7091854975084411
131,102,1,0,1970742016,3844460047,1873718032,1.1967432818331325,48733,0.42738858298287846,0.4273885840475235,1.2729836370081866
132,102,0,0,1970742016,3663738433,1692996418,1.3430682251954842,59215,0.14632494316949476,0.14632494336235305,0.5040517250936082
133,102,0,0,1970742016,3646662770,1675920755,1.3576932124128724,64875,0.014624986980032142,0.014624987217387688,0.09594386816077974
134,102,0,0,1970742016,3645895594,1675153579,1.358353777306224,65506,0.0006605645820851047,0.0006605648933511003,0.007147374567811115
135,102,0,1,1794000384,3313130745,1519130362,1.4994014680492533,29716,1.1410476892490622,1.1410476907430307,2.0610120931598606
136,102,0,2,1440517120,3913183653,2472666534,0.7965794562992912,53336,0.29717798822297103,0.2971779882500358,1.1891244657714788
137,105,3,1,341094572,4247799035,3906704464,0.13669502395727662,25886,1.3401155685382,1.340115567657988,1.3433903132596068
138,105,0,1,341094572,4246666414,3905571843,0.1371133467730985,65517,0.000418322449221962,0.0004183228158202585,0.004934802732935719
139,105,0,1,341094572,4198514222,3857419651,0.15501103984925635,64728,0.017897693043240306,0.017897693076157562,0.10929703090263532
140,105,0,1,341094572,4196925014,3855830443,0.15560553438918134,65509,0.0005944945118882062,0.0005944945399262157,0.006730200775121419
141,107,2,0,1081220022,3529710007,2448489986,0.810754850386779,20808,1.6551493160570088,1.6551493159975978,1.3505060559283995
142,107,0,1,14956396,2935764043,2920807648,0.5562797944929905,39089,0.7455249433059438,0.7455249441062098,1.1600243522909854
143,109,2,0,29912792,2368573381,2338660590,0.8769646475789266,26237,1.3206848521925314,1.3206848530859367,2.079383113985935
144,110,1,0,59825584,2945396453,2885570870,0.5737903817895713,40431,0.6968257335068025,0.6968257342106465,0.9654900250454328
145,110,0,3,1045279920,2768450415,1723170496,1.3175816925271526,4892,3.7437913114726133,3.7437913107375818,2.8132431638134077
146,110,0,3,1045279920,2420219365,1374939446,1.643279064015875,52292,0.32569737078783406,0.3256973714887196,1.200143436165483
147,110,0,3,1045279920,2355181640,1309901721,1.713188572376783,62436,0.06990950730215137,0.06990950836090869,0.38824898376347483
148,110,0,5,843369268,2898405511,2055036244,1.0634833075432972,25704,1.3502947345285878,1.3502947351665155,1.086136390324158
149,110,0,5,843369268,2754757423,1911388156,1.1680263620090656,60955,0.10454305375856819,0.10454305446576848,0.48647896175476185
150,110,0,5,843369268,2262269318,1418900051,1.5978741781834138,48650,0.4298478154441638,0.42984781617434653,1.4812081382549702
151,110,0,5,843369268,2261186783,1417817516,1.5989752874161915,65486,0.001101109058724726,0.0011011092327771483,0.011398460049078036
152,110,0,9,890180576,3666970639,2776790064,0.6292290380233538,8022,3.030253749185491,3.030253750607164,2.000942816904001
153,110,0,9,890180576,3403426416,2513245841,0.7730953461663503,59316,0.14386630813907095,0.14386630814299503,0.5853444853071131
154,110,0,9,890180576,2979975784,2089795209,1.039285574729643,54494,0.2661902281163397,0.2661902285632948,1.1267993443870243
155,120,10,0,1780361152,3961801737,2181440586,0.9773659651943234,34205,0.9380803904284122,0.9380803904646807,1.9528813341294944
156,120,0,0,1780361152,3432119363,1651758212,1.3786446286742269,49623,0.40127866324739286,0.4012786634799042,1.1285993058723434
157,120,0,2,678993664,3908914899,3229921236,0.4111481618430517,32038,1.0325035313849948,1.0325035331688224,2.4498771175343954
158,120,0,2,678993664,3906943511,3227949848,0.4120289820832248,65496,0.000880820004703256,0.0008808202401751724,0.009678104630475219
159,120,0,2,678993664,3751890011,3072896348,0.4830480418711467,62388,0.07101905939751797,0.07101905978791934,0.3039890879966838
160,120,0,2,678993664,3750436462,3071442799,0.483730630485784,65505,0.0006825886112264284,0.0006825886146380898,0.007624716445461019
161,120,0,2,678993664,3748421202,3069427539,0.48467753395465607,65493,0.0009469031891450585,0.0009469034688725661,0.010186310708508345
162,120,0,2,678993664,3747343979,3068350316,0.48518394012728194,65513,0.0005064057914389884,0.000506406172625635,0.005781730653504212
163,120,0,2,678993664,3746360773,3067367110,0.48564630380345264,65515,0.0004623634480924974,0.00046236367617010345,0.005375545368984679
164,120,0,3,1888926992,3922854987,2033927996,1.0783785394104832,21728,1.5927322357552682,1.5927322356070326,1.9713255266114686
165,120,0,3,1888926992,3921427364,2032500373,1.0793915289531881,65490,0.00101298940069043,0.001012989542704948,0.0107014609521564
166,120,0,3,1888926992,3920279864,2031352873,1.0802062693009375,65499,0.0008147398470877202,0.0008147403477464005,0.008865752392833881
167,120,0,3,1888926992,3919256996,2030330005,1.0809329073308405,65503,0.0007266376781842033,0.0007266380299029298,0.008038727537550857
168,120,0,3,1888926992,3916995428,2028068437,1.0825408092274103,65463,0.0016079015700331673,0.0016079018965707425,0.015729650908071123
169,120,0,3,1888926992,3916159889,2027232898,1.083135304131364,65509,0.0005944945118882062,0.0005944949039534069,0.006735763030623742
170,120,0,4,1630370336,4143253203,2512882868,0.7733037209925051,40618,0.6901684162945211,0.6901684168611416,1.6929772345509129
171,120,0,4,1630370336,4068483281,2438112946,0.8168821854125596,63586,0.04357846427927512,0.0435784644200557,0.26012935903206613
172,120,0,4,1630370336,3944152020,2313781685,0.892394399470831,62194,0.07551221353152739,0.07551221405827148,0.3639483332337335
173,120,0,5,1113257024,3533237671,2419980648,0.827651635351085,34272,0.9352572352497441,0.9352572358802529,2.015580477343489
174,120,0,6,79030400,3691793867,3612763468,0.2495443431431852,48919,0.4218927077910266,0.4218927077920991,1.24790728141632
175,127,7,0,158060800,4066742759,3908681960,0.1359649452180598,35452,0.8864206020494656,0.8864206020748773,1.9266334297877217
176,127,0,0,158060800,2994205105,2836144306,0.5987162057303763,47553,0.46275126046679904,0.4627512605123147,1.3440518217109418
177,127,0,0,158060800,2984165043,2826104244,0.6038324639483577,65304,0.005116258029165194,0.00511625821798126,0.04387146112529217
178,127,0,2,2127515952,3825179403,1697663452,1.339096661359676,9842,2.7352641988698605,2.735264197411321,2.1197135117012356
179,132,5,0,158290568,3731217271,3572926704,0.2655408276294118,17241,1.926444165443435,1.9264441662697356,2.0372309068906636
180,132,0,0,158290568,3713444228,3555153661,0.2727352285961224,65210,0.007194400715658276,0.0071944009667098165,0.05534368082112218
181,132,0,0,158290568,3476871579,3318581012,0.3720806528033229,61175,0.09934542414588564,0.09934542420719902,0.36948976624623936
182,133,1,0,316581136,3959039773,3642458638,0.2377345561786086,35966,0.865653903041579,0.8656539033752858,2.0011873532425737
183,133,0,0,316581136,3957983762,3641402627,0.23815287876550784,65517,0.000418322449221962,0.0004183225869001402,0.00492328406377429
184,133,0,0,316581136,3859303173,3542722038,0.2777888699818263,63760,0.03963599112216588,0.039635991216317404,0.18283758800670155
185,133,0,0,316581136,3791785170,3475204035,0.3055494626693047,64287,0.027760592566197388,0.02776059268747828,0.15533338075573216
186,133,0,0,316581136,3552896709,3236315574,0.4082948538061011,61031,0.1027453911203306,0.10274539113679854,0.5400575012673502
187,133,0,0,316581136,3542477052,3225895917,0.41294725508694086,65325,0.0046524009052545294,0.004652401280838446,0.04076877128360474
188,133,0,0,316581136,3541197247,3224616112,0.41351972695978745,65510,0.0005724718275307164,0.0005724718728469072,0.006412376472361713
189,133,0,0,316581136,3539327504,3222746369,0.4143564936337292,65498,0.000836766229995985,0.0008367666739401428,0.009044912941207418
190,133,0,0,316581136,3538442350,3221861215,0.41475279620998506,65518,0.0003963024539395264,0.00039630257625720153,0.004699172121844633
191,133,0,0,316581136,3537016660,3220435525,0.41539133740404566,65507,0.0006385408891551363,0.0006385411940594105,0.007151939125780056
192,133,0,0,316581136,3536230420,3219649285,0.4157436012602034,65520,0.0003522634716290214,0.0003522638561600293,0.004227909891679893
193,133,0,0,316581136,3535395244,3218814109,0.4161178844412987,65519,0.0003742827947452993,0.000374283181092742,0.004463541174757649
194,133,0,0,316581136,3213543302,2896962167,0.5681063022193271,58983,0.1519884176668211,0.15198841777803118,0.6253369145030284
195,133,0,0,316581136,3209830154,2893249019,0.569956646107638,65452,0.0018503435436362735,0.0018503438883091363,0.016830183573152885
196,133,0,0,316581136,3199190612,2882609477,0.5752717457947121,65295,0.005315099603580846,0.005315099687073498,0.040391995948311464
197,133,0,0,316581136,3197783087,2881201952,0.5759763591925662,65504,0.0007046129765893727,0.0007046133978552106,0.0075309999005795675
198,133,0,0,316581136,3196991741,2880410606,0.5763726617712308,65518,0.0003963024539395264,0.00039630257866651966,0.004699172121844633
199,133,0,0,316581136,3195761096,2879179961,0.5769891797146371,65508,0.0006165175324262582,0.0006165179434060592,0.006908193146664064
200,139,6,0,986662848,2454369855,1467707008,1.5490831480596619,522,6.972094003430115,6.972093968345025,0.0823355120783463
201,142,3,1,1101255808,4081460687,2980204880,0.5272356310311146,8317,2.978152483319394,2.9781524829714523,2.7196426678897154
202,142,0,1,1101255808,3919481167,2818225360,0.6078601643325854,61974,0.08062453298777204,0.08062453330147064,0.344367966334017
203,142,0,1,1101255808,3894453591,2793197784,0.6207294127491458,64954,0.0128692479341041,0.012869248416560237,0.08333759553870197
204,142,0,1,1101255808,3642053119,2540797312,0.757365854697909,59614,0.13663644146232196,0.1366364419487605,0.609425635908424
205,146,4,1,978025024,2738470047,1760445024,1.286706971264259,2838,4.529341125939449,4.52934111656635,1.4863107538417721
206,146,0,1,978025024,2490746291,1512721268,1.5055009630323823,56314,0.21879399086750478,0.218793991768126,0.7496269968863237
207,146,0,4,1013358720,2631889231,1618530512,1.4079625830022309,8765,2.9024616243530996,2.902461619969849,1.7259721867034947
208,154,8,0,621605312,3766596607,3144991296,0.4495911216707036,7959,3.041628539050148,3.0416285386684723,2.052166452224324
209,154,0,2,1947931320,4257342347,2309411028,0.8951221797946296,12031,2.445531058145886,2.445531058123924,2.847239303332356
210,154,0,3,1748378992,3726404195,1978025204,1.1185863369773053,28066,1.2234641565777862,1.2234641571826788,1.8677195847516674
211,154,0,4,1349274336,4018413141,2669138806,0.6862728126130158,44217,0.5676864748066694,0.5676864756357102,1.5063358949166057
212,154,0,4,1349274336,3981798825,2632524490,0.706200193514043,64637,0.019927380677069992,0.019927380901027223,0.14118756981640554
213,154,0,4,1349274336,3327323093,1978048758,1.1185691577034511,49243,0.41236896355747765,0.41236896418940666,1.6071592898475677
214,154,0,5,551065024,2487461753,1936396730,1.1492725829844872,32078,1.0307034250426643,1.0307034252810374,1.2179027766687005
215,162,8,1,841424544,3181552431,2340127888,0.8760597707598698,4950,3.7267871901456657,3.7267871877753818,3.1151411057036547
216,162,0,1,841424544,2403699862,1562275319,1.4589984247011927,43752,0.5829386532397095,0.5829386539413208,1.5340802159144045
217,162,0,1,841424544,2342840351,1501415808,1.516323568079283,62983,0.05732514303369705,0.05732514337809302,0.35458452500285886
218,166,4,1,41718880,2844410607,2802691728,0.6158340769710797,7646,3.0995105151653513,3.0995105088917945,2.8319178795981803
219,166,0,1,41718880,2815158880,2773440001,0.6309706306445975,64852,0.015136553366183417,0.015136553673517815,0.1075229385969711
220,168,2,0,83437760,3098944361,3015506602,0.5102467522476566,35628,0.8792761212921884,0.8792761216030598,1.867515408183603
221,168,0,0,83437760,2395820026,2312382267,0.8932672321206283,50255,0.38302047955502644,0.38302047987297394,1.1408197126781925
222,168,0,0,83437760,2356019501,2272581742,0.9183149586759285,64408,0.025047726465947565,0.025047726555297453,0.15242676040657405
223,168,0,0,83437760,2355395317,2271957558,0.9187112616266191,65518,0.0003963024539395264,0.0003963029506927636,0.004687653452683203
224,169,1,0,1791455522,3231744045,1440288524,1.5762892993124034,20773,1.6575780377499152,1.6575780376857825,2.608695677062661
225,173,4,0,1124280624,4065690175,2941409552,0.5461394717843788,8365,2.969850175074285,2.9698501724719764,2.8984130159845294
226,173,0,0,1124280624,4064972057,2940691434,0.5464917354687273,65520,0.0003522634716290214,0.0003522636843489125,0.004227909891679893
227,174,1,0,1190795532,3669760359,2478964828,0.7929093436612895,27623,1.246417608237353,1.246417608192561,1.1532215954310499
228,176,2,0,876229940,2316038855,1439808916,1.5767697886736016,9516,2.7838604435748655,2.7838604450123112,3.3352373656255794
229,176,0,0,876229940,2276976656,1400746717,1.6164510347580539,63758,0.03968124575417099,0.039681246084453045,0.21339144558531553
230,177,1,0,1752459880,3820450721,2067990842,1.0544173492537539,48377,0.4379663141198672,0.43796631449569984,1.2486788958700326
231,177,0,0,1752459880,3810952655,2058492776,1.061058760287402,65235,0.006641410927413218,0.0066414110336486575,0.05257258574735588
232,177,0,0,1752459880,3378843812,1626383933,1.4009792779907855,51779,0.3399205174947218,0.3399205177033838,1.1490941785018849
233,181,4,0,1184474000,3680433327,2495959328,0.7830527205358457,6286,3.382073443201249,3.382073442545058,1.7329396714745204
234,181,0,1,221464352,3182369227,2960904876,0.5366090037345081,38872,0.7535562828827144,0.7535562831986642,2.2672542839117584
235,181,0,1,221464352,3179793977,2958329626,0.5378643351923884,65479,0.0012553314127252556,0.0012553314578790241,0.01168396780116469
236,181,0,1,221464352,3168644266,2947179915,0.5433120113898191,65289,0.00544767588017561,0.0054476761974325974,0.03868585255425347
237,183,2,0,442928704,4009620801,3566692098,0.26806046843764975,39656,0.7247484565296733,0.7247484570478286,2.030155490522667
238,183,0,0,442928704,4008750026,3565821323,0.2684127321366603,65520,0.0003522634716290214,0.0003522636990132944,0.004227909891679893
239,183,0,0,442928704,3999445896,3556517193,0.2721820081451263,65365,0.003769275900471719,0.0037692760084634277,0.03030531892154866
240,183,0,0,442928704,2461161039,2018232336,1.0895548810337985,37190,0.81737287250065,0.8173728728886719,1.26626085674688
241,183,0,0,442928704,2306011891,1863083188,1.2049550529281525,60498,0.11540017124968584,0.11540017189435477,0.5824915741352301
242,183,0,1,953798454,2445777395,1491978942,1.5254199726769997,26241,1.3204649207860475,1.3204649197488474,1.021743658451693
243,183,0,1,953798454,2439812757,1486014304,1.5311991430507277,65274,0.005779169882435751,0.005779170373726436,0.0474084687726404
244,186,3,0,1759769072,3485138339,1725369268,1.315741981746715,19023,1.7845428377732666,1.7845428386959887,2.2920667613170314
245,186,0,2,596625344,3601173107,3004547764,0.5154992890984609,28531,1.1997573067675933,1.199757307351746,1.579731868450749
246,190,4,0,1764193200,3600590987,1836397788,1.2257685466221986,10014,2.7102692599162452,2.710269257523736,2.582072606489878
247,190,0,0,1764193200,3393178016,1628984817,1.398673988768408,58134,0.1729054415964705,0.17290544214621192,0.7347055301488321
248,195,5,0,1947826560,3299215839,1351389280,1.6682038300259556,1699,5.269529862815779,5.2695298412575475,2.157277178613534
249,195,0,2,1348855296,3820518571,2471663276,0.797164933165444,29966,1.1289611013405247,1.128961103139488,2.1819990821622417
250,195,0,2,1348855296,3815313957,2466458662,0.8002060381369844,65398,0.003041104516210988,0.003041104971541877,0.02608909035054187
251,201,6,0,952638432,3512432319,2559793888,0.7466194954491598,4251,3.9464134563608253,3.9464134573121723,2.9108142216281987
252,207,6,1,77936256,2952704767,2874768512,0.579201356925573,575,6.832581854168263,6.832581861476415,2.08153581412606
253,207,0,2,1194251404,3697654707,2503403304,0.7787564147917294,28535,1.1995550574361873,1.1995550578661562,1.0834466906914515
254,207,0,2,1194251404,3696852530,2502601127,0.7792187782617077,65515,0.0004623634480924974,0.000462363469977792,0.00536402669982325
255,207,0,3,241019160,4247640183,4006621024,0.10026109061305633,52461,0.3210423122511869,0.321042312351349,0.9063314520751026
256,207,0,3,241019160,4214565506,3973546347,0.11221997405337447,64995,0.011958883119612716,0.011958883440317139,0.0962685825015093
257,207,0,3,241019160,3020973687,2779954528,0.6275858611820162,45850,0.5153658866302209,0.5153658871286433,1.8849716267867724
258,207,0,3,241019160,3020294987,2779275828,0.6279381247388081,65520,0.0003522634716290214,0.0003522635567922447,0.004227909891679893
259,211,4,0,482038320,3892011627,3409973308,0.3328866995991149,40204,0.7049485744423888,0.7049485748603052,1.8134422922067304
260,211,0,0,482038320,3552190220,3070151901,0.48433710885542425,59005,0.15145040886478384,0.1514504092563086,0.7952967712914262
261,212,1,0,964076640,3628910023,2664833384,0.6886018132512071,28442,1.2042647037129415,1.204264704395783,2.7924179604013935
262,213,1,3,806705728,2254277583,1447571856,1.5690121821019076,2225,4.880410379258877,4.8804103688507015,3.642418575001898
263,217,4,2,11194880,3687023703,3675828824,0.22457756124650885,20802,1.6555653780760105,1.6555653791446028,2.564371036707207
264,217,0,2,11194880,3684275356,3673080477,0.2256566402254414,65487,0.0010790786396167112,0.0010790789789319635,0.010564127346014755
265,217,0,2,11194880,3673066003,3661871124,0.23006612823672157,65336,0.004409487633700345,0.0044094880112781395,0.03707509622199979
266,224,7,0,1992528544,3233416511,1240887968,1.7912742765622234,694,6.561208147421739,6.561208148325504,1.0215759167186904
267,224,0,2,1527663232,3840316679,2312653448,0.8930980522446497,30535,1.1018237752693862,1.1018237756824278,2.817207949023978
268,227,3,0,1023467854,2735373433,1711905580,1.3270440137970354,24256,1.4339459618289083,1.4339459615523835,1.7901038631583097
269,227,0,0,1023467854,2557511416,1534043563,1.4853076936607081,58727,0.15826367911901354,0.1582636798636723,0.6060672557736321
270,227,0,0,1023467854,2282097039,1258629186,1.7707938433516475,53770,0.28548614883716983,0.28548614969094044,0.8479486255905431
271,228,1,1,1946387768,4127786347,2181398580,0.9773937461166007,28396,1.2065999015161808,1.2065999027649545,2.8357078494593915
272,228,0,1,1946387768,3335857712,1389469945,1.6281125174258975,41744,0.650718771182548,0.6507187713092943,1.2102162389299767
273,228,0,3,1343100128,3453510255,2110410128,1.0251237527045944,24885,1.3970112334356182,1.3970112352787,2.453135598781789
274,228,0,4,538716608,2738520327,2199803720,0.9652723426344529,34156,0.9401485892291972,0.9401485899298582,1.5087834577976982
275,233,5,0,1077433216,3497230733,2419797518,0.8277608142158606,36045,0.8624884712616152,0.8624884715814056,1.5648332203186528
276,233,0,1,7382784,3921092159,3913709376,0.13411051763478454,52998,0.3063497031242321,0.3063497034189259,0.9778211715330514
277,235,2,0,1196698208,3421688807,2224990600,0.9488479049288756,18629,1.814737387596762,1.8147373872940886,1.006850407841712
278,235,0,0,1196698208,3421111645,2224413438,0.949222188204903,65519,0.0003742827947452993,0.0003742832760291296,0.004463541174757649
279,235,0,1,245912768,2401560005,2155647238,0.9945260391791813,31755,1.045303850383892,1.0453038509742765,2.0710144381672353
280,235,0,1,245912768,2400737690,2154824923,0.9950764892192829,65511,0.0005504494793435254,0.0005504500401019771,0.006145878346651145
281,237,2,0,491825536,4254417625,3762592090,0.1909202535339709,57217,0.1958437641488692,0.19584376431468956,0.7661984096831332
282,237,0,0,491825536,4236734544,3744909009,0.19771648042964074,65228,0.00679622670347101,0.006796226895668658,0.04736600985986835
283,238,1,0,983651072,2856334145,1872683074,1.1975403821808328,16386,1.9998239005135574,1.9998239017511927,3.116298714480215
284,241,3,0,1164888936,4260805295,3095916360,0.4722806501913617,13543,2.274740265162766,2.274740268010527,2.050367860696714
285,241,0,2,657708784,2521040767,1863331984,1.20476240839481,9861,2.7324817581985337,2.7324817582034484,3.573121928142145
286,247,6,0,1931354512,3808333935,1876979424,1.1942343110052427,4126,3.989471894113515,3.989471902610435,1.9049547637816835
287,247,0,0,1931354512,3405735366,1474380855,1.5425379033670126,51479,0.3483035915433201,0.34830359236177033,1.2366683100534424
288,248,1,1,635346636,2882643575,2247296940,0.9344563826165633,24973,1.3919184781933807,1.39191847924955,0.9659143592091883
289,248,0,1,635346636,2861314554,2225967919,0.9482143455320369,64914,0.013757962682316379,0.013757962915471956,0.09265979494771669
290,250,2,0,1270693272,4195400997,2924707726,0.5543546865548272,43054,0.6061403407358988,0.6061403410227916,1.3178631125840874
291,255,5,0,666871872,2212054367,1545182496,1.4748699062493458,1082,5.920515216173185,5.920515219694518,1.9735897325419098
292,258,3,0,2018434616,3672074135,1653639520,1.377002373045631,8767,2.902132467372231,2.902132466796287,2.425639396306272
293,258,0,0,2018434616,3671695646,1653261031,1.3773326183598122,65521,0.00033024448458043404,0.0003302453141811634,0.0039922782726164955
294,258,0,1,1889385584,3857577501,1968191918,1.125776241572762,39010,0.7484436220880756,0.7484436232129503,1.2735653221810712
295,258,0,3,1115091392,4158436975,3043345584,0.49698897909698303,25334,1.3712127374560523,1.37121273752422,2.9605979325821434
296,258,0,4,82699136,3631844891,3549145756,0.2751753219275308,38214,0.77818634265231,0.7781863428305467,1.4478593019333639
297,264,6,1,450757264,4044094039,3593336776,0.257322991554215,8294,2.9821476680940386,2.982147669626686,1.822190670105585
298,264,0,1,450757264,4043052269,3592295006,0.2577413142484133,65517,0.000418322449221962,0.00041832269419702283,0.004879723990344825
299,267,3,1,210393824,2853309103,2642915280,0.7005169666198938,6027,3.442775650545552,3.4427756523714796,1.6175264227235002
300,267,0,1,210393824,2845566187,2635172364,0.7047498158190812,65344,0.004232849122198513,0.004232849199187455,0.034951692878713435
301,267,0,4,166317056,3394660543,3228343488,0.4118530599412047,10036,2.7071032445908276,2.707103244122123,1.871105629732753
302,267,0,4,166317056,3393921633,3227604578,0.4121833047902683,65521,0.00033024448458043404,0.0003302448490662766,0.0039922782726164955
303,272,5,0,332634112,3445192235,3112558124,0.4645463676527477,31600,1.0523630620481723,1.0523630628624796,2.1373488717285465
304,273,1,0,665268224,2959127051,2293858828,0.9048705403668045,24149,1.4403241715514556,1.4403241727140543,2.266005546003414
305,273,0,0,665268224,2803720355,2138452132,1.006080232322585,61096,0.10120969161878868,0.10120969195578158,0.5187076377983205
306,274,1,1,513589248,4123271383,3609682136,0.2507753451912933,27656,1.2446951117376013,1.2446951128687092,2.129285725274967
307,274,0,1,513589248,3751926214,3238336967,0.40739403210699976,58794,0.15661868668001155,0.1566186869157071,0.7181665081203287
308,274,0,1,513589248,3747133143,3233543896,0.40953095062356937,65439,0.0021369184126987005,0.0021369185165675346,0.018039390326357457
309,277,3,0,1632554796,4158366243,2525811448,0.7659002001536592,12798,2.356369248938272,2.3563692495300916,1.9214222393040128
310,277,0,0,1632554796,4149039363,2516484568,0.7712373952832898,65294,0.005337194803650028,0.005337195129629139,0.04557503311190496
311,278,1,1,136593672,3300477071,3163883400,0.44095071350437465,20599,1.669713318481809,1.669713318221085,2.085268819620801
312,278,0,1,136593672,2352219659,2215625988,0.9549327803296208,45894,0.513982066725572,0.5139820668252469,0.8867793051508599
313,281,3,0,1023171220,3769849655,2746678436,0.6449591274614299,20311,1.690026348835924,1.6900263471318082,1.6129016489302292
314,281,0,0,1023171220,2775176203,1752004984,1.2936402669754195,41803,0.6486811391535783,0.6486811395139901,0.9480689362165993
315,281,0,2,2111516156,3387130623,1275614468,1.7514547801928018,11929,2.4578145124978183,2.4578145132173823,1.8609132746847965
316,281,0,2,2111516156,3227503635,1115987480,1.9443263040108256,57335,0.19287152315720693,0.1928715238180223,0.5867505322565039
317,287,6,1,2137988672,3488834815,1350846144,1.6687837792171472,2479,4.724457443913278,4.724457475206324,2.6376595387672697
318,292,5,1,234311200,2244750207,2010439008,1.0951365771923847,3048,4.426352812506678,4.4263527979752375,0.9403486795283142
319,294,2,0,468622400,4214574353,3745951954,0.19731475048255476,61055,0.10217817323412978,0.10217817329016983,0.3810250374801256
320,294,0,0,468622400,4205657597,3737035198,0.20075299392448898,65380,0.0034382433453716316,0.0034382434419320397,0.029130610223096473
321,294,0,0,468622400,4178400778,3709778379,0.2113141427438876,65058,0.010561148431671248,0.010561148819397953,0.0707459701002747
322,294,0,0,468622400,3966351983,3497729584,0.29622838988812106,61790,0.08491424700963565,0.0849142471442334,0.3829173433653761
323,295,1,0,923815324,3575185719,2651370396,0.6959089174739646,24839,1.3996805275717628,1.3996805275858442,1.0279782370530142
324,295,0,0,923815324,2340892209,1417076886,1.599729109676158,35027,0.9038201912732855,0.9038201922021947,1.4308580287638886
325,295,0,0,923815324,2278856174,1355040851,1.6643108002303642,62667,0.06458169049204907,0.0645816905542057,0.2844415373945889
326,295,0,0,923815324,2271288654,1347473331,1.672390426367901,65170,0.008079625496239836,0.008079626137535574,0.05988735166798465
327,295,0,5,44955936,3055716639,3010760704,0.5125190991506408,4576,3.8401286632216105,3.8401286727827406,1.9768705103316069
328,295,0,5,44955936,3052776443,3007820508,0.5139286694053098,65472,0.0014095702546713536,0.0014095702546713536,0.013913873670562094
329,301,6,0,89911872,3775244681,3685332810,0.22085223587769676,40149,0.7069235657841128,0.706923566472386,2.256811762330215
330,301,0,0,89911872,3262168256,3172256385,0.43713777017348576,56412,0.21628553408510737,0.21628553429578976,0.5916909404999123
331,305,4,0,1370634736,4012374607,2641739872,0.7011587323630906,3411,4.2640209603865955,4.264020962189604,2.8077332289901586
332,305,0,0,1370634736,3853272017,2482637282,0.7907736495754705,61589,0.08961491664971019,0.08961491721238055,0.3402811276467505
333,308,3,0,1150635944,3928147015,2777511072,0.6288544833687126,9165,2.838080834572752,2.8380808337932413,2.9157735546558414
334,310,2,0,1323175092,4010667951,2687492860,0.6763862241883949,15853,2.0475317406173263,2.047531740819682,2.2976197617088725
335,310,0,1,498866536,4150782873,3651916338,0.2339934311119336,44527,0.5576072067591444,0.5576072069235403,1.6019230325366332
336,310,0,1,498866536,4085363107,3586496572,0.2600718941809923,64362,0.026078463045955406,0.02607846306905866,0.14735004182826042
337,312,2,0,931959730,3359477657,2427517928,0.8231651955634298,22179,1.563093301279345,1.563093301382435,1.3410278297671467
338,312,0,0,931959730,3358847960,2426888231,0.8235394785197805,65519,0.0003742827947452993,0.00037428295635043356,0.004463541174757649
339,312,0,0,931959730,3259937155,2327977426,0.8835700772674357,62865,0.06003059826086218,0.06003059874765693,0.30199963460982643
340,316,4,1,1847640768,3522011231,1674370464,1.3590283783140258,1473,5.475458284964151,5.475458301046588,0.6275704918807257
341,316,0,1,1847640768,3506656362,1659015595,1.3723196981024728,64935,0.013291319179127166,0.013291319788447937,0.10398789771079887
342,316,0,1,1847640768,3506175385,1658534618,1.3727380207158433,65517,0.000418322449221962,0.0004183226133695586,0.00492328406377429
343,316,0,1,1847640768,3505745162,1658104395,1.3731123035905384,65519,0.0003742827947452993,0.00037428287469617474,0.004463541174757649
344,320,4,0,445401392,2270287767,1824886376,1.2348405066153276,9016,2.861728199827779,2.861728203024789,0.5848863273955869
345,320,0,0,445401392,2268449960,1823048569,1.2362941483656869,65470,0.0014536415241189304,0.0014536417503610076,0.013691174110986654
346,320,0,0,445401392,2268004879,1822603488,1.2366464124570733,65520,0.0003522634716290214,0.0003522640913859625,0.004227909891679893
347,320,0,0,445401392,2248259266,1802857875,1.2523614769831255,64826,0.01571506431739695,0.015715064526049885,0.09908765139979461
348,321,1,0,890802784,4180270147,3289467364,0.38479314671135967,59788,0.1324316690998661,0.13243166972823708,0.5189315291113082
349,321,0,0,890802784,4170030716,3279227933,0.3892909617636917,65332,0.004497815000237805,0.00449781505233151,0.032342204040720454
350,321,0,0,890802784,3318850504,2428047721,0.8228503693239801,48525,0.4335594075116116,0.43355940756028927,1.3500342751918513
351,321,0,0,890802784,3311107248,2420304465,0.8274586016062351,65327,0.004608231813591129,0.004608232282252791,0.03381000817394225
352,322,1,0,271672456,2302281901,2030609446,1.0807343581279163,27492,1.2532757559741687,1.2532757565216812,1.0326711770511656
353,322,0,0,271672456,2271916952,2000244497,1.1024707894884749,64556,0.021736430913908752,0.021736431360557737,0.14540102235217697
354,323,1,0,543344912,2499577679,1956232768,1.1345691022779718,32047,1.0320983115846245,1.0320983127894994,1.538399411794922
355,323,0,0,543344912,2499100083,1955755172,1.1349213658302837,65520,0.0003522634716290214,0.0003522635523113189,0.004227909891679893
356,323,0,0,543344912,2322134321,1778789410,1.2717514252525852,59606,0.13683005931745423,0.13683005942230117,0.4430135108901899
357,323,0,2,826708716,2836640867,2009932152,1.0955003439255648,18513,1.8237489200327537,1.823748918672979,0.8746948545948341
358,323,0,2,826708716,2826060016,1999351301,1.1031151593329511,65191,0.007614814761116029,0.007614815407385972,0.049764066887405714
359,323,0,2,826708716,2743475726,1916767011,1.1639721624260382,62829,0.060857002431182874,0.06085700309308923,0.26214936963266244
360,323,0,2,826708716,2181542672,1354833957,1.6645310945018856,46323,0.5005589313511531,0.5005589320758447,0.9399770953821573
361,326,3,0,1653417432,3593755649,1940338218,1.146338997259953,46929,0.4818079018361712,0.48180790275807023,1.0235169801939954
362,326,0,0,1653417432,3517369043,1863951612,1.2042827377563903,62956,0.05794374039751279,0.05794374049643568,0.3051371625699322
363,328,2,0,1642991276,3714111827,2071120552,1.0522356162549897,18205,1.8479528796681226,1.847952878498601,1.8013219903896882
364,328,0,0,1642991276,3713448168,2070456893,1.0526979799649787,65515,0.0004623634480924974,0.00046236370998798114,0.0053394655353573555
365,328,0,0,1642991276,3555137323,1912146048,1.1674544267335278,60525,0.11475644622633879,0.1147564467685479,0.4820967754749263
366,328,0,0,1642991276,3554699667,1911708392,1.1677846715969125,65521,0.00033024448458043404,0.0003302448633856671,0.0039922782726164955
367,334,6,0,1314676800,3741650367,2426973568,0.8234887497302843,1300,5.655704092084183,5.655704078133373,2.326522935592673
368,334,0,0,1314676800,3513010614,2198333815,0.9662366711558619,59362,0.14274792098720926,0.1427479214255755,0.5154443119773775
369,334,0,0,1314676800,3240265065,1925588266,1.1573478904447292,57405,0.19111121872298578,0.19111121928887007,0.718358231402374
370,334,0,1,481869952,3269412827,2787542876,0.6236531503021041,47436,0.4663052594592301,0.46630525985737525,1.5282162668237824
371,334,0,1,481869952,3232195114,2750325163,0.6430449516252921,64661,0.019391801141748682,0.019391801323184833,0.11648881153588679
372,334,0,1,481869952,3223843754,2741973803,0.6474323584350863,65337,0.004387406636999922,0.004387406809796086,0.040182511653308474
373,334,0,1,481869952,3217023964,2735154013,0.6510250744088886,65373,0.003592715752060134,0.0035927159738032848,0.03201408198853867
374,334,0,1,481869952,3216189261,2734319310,0.6514654173146681,65516,0.0004403427806028656,0.00044034290577859794,0.005158914338864347
375,334,0,1,481869952,3215563424,2733693473,0.6517956623144805,65521,0.00033024448458043404,0.0003302449998122262,0.0039922782726164955
376,334,0,1,481869952,3214103474,2732233523,0.6525663504984145,65501,0.0007706880901105886,0.0007706881839350809,0.008387022692367909
377,334,0,1,481869952,3199261629,2717391678,0.6604246190323408,65180,0.007858268374073475,0.007858268533923856,0.06182634423636974
378,334,0,1,481869952,3198349418,2716479467,0.6609090038339609,65514,0.000484384451701118,0.000484384801622828,0.0055806573939322975
379,334,0,1,481869952,3197727665,2715857714,0.6612392484206993,65521,0.00033024448458043404,0.0003302445867359399,0.0039922782726164955
380,334,0,1,481869952,2387147573,1905277622,1.1726459148564885,45976,0.5114066661645911,0.511406666435789,0.9652676601755078
381,336,2,0,963739904,3032345309,2068605406,1.053988673894363,35577,0.881342758738074,0.8813427590378762,2.0519615494952954
382,336,0,1,1863058066,3911020345,2047962280,1.0684580024327062,32441,1.0144693288606856,1.0144693285383413,1.0177914806664963
383,336,0,1,1863058066,3808959724,1945901659,1.1422083442492799,62270,0.07375034123536525,0.07375034181657641,0.3814451070386034
384,336,0,1,1863058066,3801685158,1938627093,1.1476118272617946,65291,0.005403482434287977,0.005403483012513477,0.039301310940954404
385,336,0,2,1578632484,4197210783,2618578300,0.7138634015156526,44261,0.5662515737684002,0.5662515742538573,1.0041424975465953
386,336,0,3,1009781320,4128533007,3118751688,0.4616784547162034,39027,0.7478150531763263,0.7478150532005512,2.0465546438122253
387,340,4,1,545609352,2846983123,2301373772,0.9001518316308506,12090,2.438473375863514,2.438473376914647,2.1665903774468918
388,340,0,1,545609352,2546810042,2001200691,1.1017812904183266,56988,0.2016294584205065,0.20162945878747596,0.5897271248394259
389,340,0,1,545609352,2458530757,1912921406,1.166869545462653,62645,0.06508825476722856,0.0650882550443281,0.3168928582463412
390,340,0,1,545609352,2272393369,1726784018,1.3145595006954593,59159,0.147689954545588,0.14768995523280476,0.7384666887670077
391,340,0,4,428636432,3060337903,2631701472,0.7066513002884918,12485,2.3920917991844255,2.3920917995930315,0.7769448166921723
392,349,9,0,739257120,3144796735,2405539616,0.8362865871522764,1872,5.129635280416595,5.129635286863786,2.6261372243054817
393,349,0,0,739257120,2424559028,1685301909,1.3496400836268378,45914,0.5133534962028677,0.513353496474562,1.2265289492010905
394,350,1,0,1478514240,3376278983,1897764744,1.1783459859522196,36899,0.8287059021212466,0.8287059023253808,2.0485145655126837
395,350,0,0,1478514240,3276491121,1797976882,1.2562726749046327,62090,0.07792668875396967,0.07792668895241464,0.4106606686236496
396,350,0,0,1478514240,3274378629,1795864390,1.2579687331624498,65459,0.0016960575738423276,0.001696058257816532,0.01600738806985074
397,350,0,0,1478514240,3271967189,1793452950,1.2599072483302578,65448,0.0019385143635805371,0.0019385151678073475,0.01712746454026874
398,350,0,0,1478514240,3271283040,1792768801,1.260457698609148,65511,0.0005504494793435254,0.0005504502788917493,0.0062529881795468645
399,350,0,0,1478514240,3270298242,1791784003,1.2612504129611537,65500,0.0007927138004626774,0.0007927143520037528,0.008610096274961886
400,350,0,2,1857771492,4116093003,2258321512,0.927396252131242,20650,1.66614583880583,1.6661458391700876,2.6713440926379635
401,350,0,3,1568059336,3468004629,1899945294,1.1766892670423275,27568,1.2492930137750518,1.2492930149110881,1.6867125515051813
402,350,0,4,988635024,4021543299,3032908276,0.5019452787014842,52308,0.3252560109248464,0.32525601165915474,1.1618517218955804
403,350,0,4,988635024,3982021453,2993386430,0.5208686110273923,64682,0.01892333209240115,0.018923332325909717,0.11378028739487266
404,350,0,4,988635024,3033342312,2044707289,1.0707528177285859,44766,0.5498842063407811,0.5498842067011912,1.7707191479569888
405,350,0,4,988635024,2424104652,1435469629,1.5811243390176557,46009,0.5103715204692749,0.5103715212890698,1.4965459934249794
406,350,0,4,988635024,2410940631,1422305608,1.5944156587110534,64935,0.013291319179127166,0.013291319693399072,0.0953097710656996
407,350,0,4,988635024,2410181037,1421546014,1.59518634766998,65501,0.0007706880901105886,0.0007706889589259672,0.008374289738630471
408,350,0,4,988635024,2409725524,1421090501,1.5956487116397078,65515,0.0004623634480924974,0.0004623639697284701,0.005350984204518786
409,350,0,4,988635024,2373252833,1384617810,1.6331593355939198,63854,0.03751062308464128,0.037510623954210884,0.2120585372419806
410,350,0,4,988635024,2372280963,1383645940,1.6341723258387937,65490,0.00101298940069043,0.0010129902448739426,0.010616642010817379
411,350,0,4,988635024,2371816482,1383181459,1.6346567105473042,65514,0.000484384451701118,0.00048438470851072814,0.005630173881020868
412,350,0,4,988635024,2371267734,1382632711,1.6352291828683079,65510,0.0005724718275307164,0.0005724723210059622,0.006431619711632343
413,350,0,4,988635024,2370887982,1382252959,1.6356254859318007,65518,0.0003963024539395264,0.00039630306349172563,0.004699172121844633
414,350,0,4,988635024,2369812315,1381177292,1.6367486259309842,65485,0.001123139814249491,0.0011231399991829035,0.012020877148044945
415,350,0,4,988635024,2368611034,1379976011,1.6380039580770678,65479,0.0012553314127252556,0.0012553321460839605,0.012954936566442551
416,350,0,4,988635024,2363620581,1374985558,1.6432306804754973,65299,0.005226722187078397,0.005226722398428921,0.04260352126601278
417,350,0,4,988635024,2362382724,1373747701,1.6445300792222532,65477,0.0012993979706836883,0.0012993987467558902,0.012948615114256526
418,350,0,4,988635024,2360600977,1371965954,1.6464024652353757,65451,0.0018723857434470804,0.0018723860131225293,0.017528606984135518
419,350,0,4,988635024,2359512380,1370877357,1.647547637159409,65484,0.001145170906201281,0.0011451719240322524,0.012192308420463309
420,350,0,4,988635024,2358299140,1369664117,1.6488250018425248,65478,0.0012773645234549914,0.0012773646831181252,0.013497799804719312
421,350,0,4,988635024,2355289624,1366654601,1.6519984739463496,65392,0.0031734719793412905,0.0031734721038222252,0.03001228702907371
422,350,0,4,988635024,2353892439,1365257416,1.6534741525435415,65469,0.0014756776637093812,0.0014756785971917433,0.01454456267142705
423,350,0,4,988635024,2353371634,1364736611,1.6540246026855208,65511,0.0005504494793435254,0.0005504501419812933,0.006306543095994724
424,350,0,4,988635024,2352559489,1363924466,1.6548833957459408,65497,0.0008587929491977406,0.0008587930604186626,0.009391088474641925
425,350,0,4,988635024,2350956977,1362321954,1.6565794540073497,65459,0.0016960575738423276,0.0016960582614084297,0.0168771372713269
426,350,0,4,988635024,2349688946,1361053923,1.657922920535814,65475,0.00134346587467908,0.0013434665284672424,0.01410094040523959
427,350,0,4,988635024,2348359791,1359724768,1.6593324916163006,65472,0.0014095702546713536,0.0014095710804847502,0.014570817945046206
428,350,0,4,988635024,2346699970,1358064947,1.6610946705000948,65456,0.0017621781119536897,0.001762178883793097,0.018052083567130756
429,350,0,4,988635024,2344710617,1356075594,1.6632095427244877,65440,0.00211487217088883,0.0021148722243942747,0.020990870124106907
430,350,0,4,988635024,2339454830,1350819807,1.668811907238883,65282,0.005602363602501361,0.005602364514394269,0.04309779491171932
431,350,0,4,988635024,2274218247,1285583224,1.7402241379692391,62371,0.071412230484925,0.07141223073035721,0.3033613795900271
432,361,11,3,2022755328,3991304191,1968548864,1.125514621997592,98,9.385290155884793,9.385290484028351,0.08770859399406832
433,361,0,3,2022755328,3896054733,1873299406,1.1970656447079726,62365,0.07155102233734949,0.07155102271038397,0.34660618912604163
434,361,0,3,2022755328,3859381101,1836625774,1.2255894493381945,64253,0.028523804524096745,0.028523804630220667,0.19723305476076095
435,361,0,3,2022755328,3856018138,1833262811,1.22823352492167,65416,0.0026440749796186494,0.0026440755834757903,0.02572058055182798
436,361,0,3,2022755328,3852661333,1829906006,1.2308776003242627,65416,0.0026440749796186494,0.0026440754025937015,0.025875056939269492
437,361,0,3,2022755328,3850958081,1828202754,1.2322210668817526,65475,0.00134346587467908,0.0013434665574881476,0.013962323094640594
438,361,0,3,2022755328,3849284311,1826528984,1.2335424989432653,65476,0.0013214317544216249,0.0013214320615128707,0.013872494608844233
439,361,0,3,2022755328,3303633303,1280877976,1.7455141034371238,45958,0.5119716042955945,0.5119716044938578,0.9727987057597327
440,361,0,3,2022755328,3298512605,1275757278,1.7512932739134222,65274,0.005779169882435751,0.005779170476299702,0.051102142627564816
441,361,0,3,2022755328,3295767826,1273012499,1.7544005616866514,65395,0.003107286729684582,0.003107287773227725,0.02929360315442502
442,361,0,3,2022755328,3294602348,1271847021,1.7557219937226485,65476,0.0013214317544216249,0.0013214320359964816,0.013891737848114864
443,361,0,3,2022755328,3292933359,1270178032,1.75761642233714,65450,0.0018944282800345323,0.0018944286144931075,0.019009333770872824
444,361,0,3,2022755328,3290898314,1268142987,1.7599297230871684,65431,0.0023133004764488018,0.002313300750027764,0.022475880516549713
445,361,0,4,1898027008,4074861317,2176834310,0.9804155452117236,56248,0.22048582085649931,0.22048582212455722,0.7567701198208314
446,361,0,4,1898027008,3757683112,1859656105,1.207611288918038,55987,0.22719574350874255,0.22719574370631135,0.6152542946901264
447,361,0,4,1898027008,3752774046,1854747039,1.2114247087449037,65363,0.0038134193140021496,0.003813419826868572,0.03320140603788499
448,361,0,4,1898027008,3751358986,1853331979,1.2125258180436838,65486,0.001101109058724726,0.001101109298778046,0.011715218069336092
449,361,0,4,1898027008,3748446187,1850419180,1.2147950209994818,65433,0.002269202938821913,0.0022692029557984045,0.021488951819283297
450,361,0,4,1898027008,3746865018,1848838011,1.2160283198463837,65480,0.0012332986384842029,0.0012332988469011938,0.013102103247370421
451,361,0,4,1898027008,3745567310,1847540303,1.2170413097592103,65490,0.00101298940069043,0.00101298991282884,0.010973848882372204
452,361,0,4,1898027008,3744467852,1846440845,1.2179001027998666,65497,0.0008587929491977406,0.0008587930406534515,0.009399559491517287
453,361,0,4,1898027008,3743538095,1845511088,1.2186267405599622,65503,0.0007266376781842033,0.0007266377600957405,0.008095968594748627
454,369,8,0,1113091792,3662384207,2549292416,0.7525502791592871,5658,3.533923538603747,3.533923538599326,0.5479006792366201
455,369,0,0,1113091792,3642895750,2529803959,0.7636215549031391,65035,0.01107127559125969,0.011071275743853954,0.07795326406199608
456,369,0,0,1113091792,3623054453,2509962662,0.774981243091915,65022,0.011359688142587471,0.011359688188773281,0.07440229425022407
457,369,0,0,1113091792,3538566879,2425475088,0.8243797842931819,63330,0.04939854104432551,0.049398541201268825,0.2426450057668692
458,371,2,0,157399872,2662372035,2504972164,0.7778525741630311,16921,1.9534727888479044,1.9534727898698474,3.1509806808201475
459,372,1,0,314799744,3855458029,3540658286,0.27862953213014663,46316,0.5007769575670113,0.5007769579671151,1.1217769215904891
460,372,0,0,314799744,3844490718,3529690975,0.2831052651661885,65333,0.004475732651622382,0.004475733036042734,0.03597600339879836
461,372,0,0,314799744,3843628977,3528829234,0.2834575286538872,65520,0.0003522634716290214,0.00035226348769876924,0.004227909891679893
462,372,0,0,314799744,3550600890,3235801147,0.4085241949367884,60094,0.1250666661590559,0.12506666628290128,0.4234290011217216
463,372,0,0,314799744,3546009070,3231209327,0.41057293046383236,65443,0.0020487354667572794,0.0020487355270443447,0.02009328832060092
464,372,0,0,314799744,3545269504,3230469761,0.41090317534004583,65521,0.00033024448458043404,0.0003302448762119191,0.0039922782726164955
465,372,0,0,314799744,3541079594,3226279851,0.41277556116588343,65451,0.0018723857434470804,0.0018723858258381154,0.018302253284368956
466,372,0,0,314799744,3346673784,3031874041,0.502437327926696,61587,0.08966176652439409,0.08966176676081246,0.428829379119071
467,372,0,0,314799744,3312023001,2997223258,0.5190205942900263,64787,0.016583265937492427,0.01658326636333229,0.10807888561683147
468,372,0,0,314799744,3309736301,2994936558,0.5201217034097603,65486,0.001101109058724726,0.0011011091197324775,0.011776786274655903
469,372,0,0,314799744,3202571899,2887772156,0.5726902273260777,63191,0.05256852375652102,0.052568523916316404,0.24300831536188183
470,372,0,0,314799744,3192305008,2877505265,0.5778285779403554,65303,0.005138350184117335,0.0051383506142784465,0.04669478788292706
471,373,1,0,629599488,3804181177,3174581690,0.43608064342706143,36151,0.8582520652496217,0.8582520654867083,1.0221446776984904
472,373,0,0,629599488,3776570221,3146970734,0.4486833839993878,64966,0.012602740228748507,0.012602740572326205,0.0871811693757627
473,373,0,0,629599488,3235252455,2605652968,0.7210021936057949,54263,0.27231880936821024,0.27231880960640636,0.989115333456547
474,373,0,0,629599488,2811738425,2182138938,0.9769041842320405,54884,0.25590199007196135,0.2559019906262455,0.7560049791210421
475,378,5,0,1590477952,3555255391,1964777440,1.1282812454347528,1844,5.151377059570662,5.151377061202712,0.7070764541585511
476,378,0,0,1590477952,3551178094,1960700143,1.1312782302108069,65400,0.002996984727192764,0.0029969847760549593,0.026338779788580416
477,378,0,0,1590477952,3548455564,1957977613,1.1332828763727036,65445,0.0020046460149816775,0.0020046461618955613,0.017458255726079227
478,378,0,0,1590477952,3547619025,1957141074,1.133899394430859,65508,0.0006165175324262582,0.0006165180581544117,0.006723211563161652
479,378,0,0,1590477952,3547171070,1956693119,1.1342296396216334,65521,0.00033024448458043404,0.0003302451907743875,0.0039922782726164955
480,378,0,0,1590477952,3506267298,1915789347,1.164708209546184,64166,0.030478569594056964,0.030478569924552747,0.1732120485743017
481,378,0,1,1033472256,2569997517,1536525262,1.482975659549819,26281,1.3182674487631754,1.3182674500036347,2.3769499697169034
482,380,2,0,2066944512,3730028661,1663084150,1.3687859769578736,35467,0.8858103163450413,0.8858103174080558,2.468627952204104
483,380,0,1,1986405376,4111192299,2124786924,1.0153289725758263,41865,0.6465429953254141,0.6465429956179523,1.08321114435037
484,380,0,1,1986405376,4110479022,2124073647,1.0158133571222976,65514,0.000484384451701118,0.00048438454646898413,0.005630173881020868
485,380,0,1,1986405376,4106978656,2120573281,1.018192806767889,65428,0.002379449310284077,0.002379449645591994,0.022018226190180755
486,380,0,1,1986405376,4106137364,2119731989,1.018765278670255,65510,0.0005724718275307164,0.0005724719023661808,0.006488616438523054
487,380,0,1,1986405376,3587945435,1601540060,1.4231872607075644,49515,0.4044219811689455,0.40442198203731,1.0916345705163457
488,380,0,1,1986405376,3466368564,1479963189,1.5370858537457366,60561,0.11389859275025915,0.11389859303817086,0.5155047649413249
489,380,0,1,1986405376,3465284606,1478879231,1.5381429028744904,65488,0.001057048556915173,0.0010570491287544932,0.01095960556996677
490,380,0,1,1986405376,3464494799,1478089424,1.5389135912396377,65501,0.0007706880901105886,0.0007706883651470261,0.00813284259474301
491,380,0,1,1986405376,3448210915,1461805540,1.5548957397418484,64814,0.015982147633350544,0.01598214850221235,0.09749891372879113
492,380,0,2,1825327104,3991135121,2165808018,0.9877417810705715,48549,0.4328460407669259,0.4328460413287235,1.2820461478980207
493,380,0,2,1825327104,3990540264,2165213161,0.9881380835654667,65518,0.0003963024539395264,0.00039630249489232706,0.004699172121844633
494,380,0,2,1825327104,3918615382,2093288279,1.0368761387467025,63359,0.048738055020810744,0.04873805518123794,0.23947097950317361
495,380,0,2,1825327104,3916666978,2091339875,1.0382196048269066,65475,0.00134346587467908,0.001343466080202329,0.013269585186383624
496,380,0,2,1825327104,3915071412,2089744309,1.0393207140923728,65486,0.001101109058724726,0.0011011092654688716,0.01067569308289823
497,380,0,2,1825327104,3914274237,2088947134,1.039871164131032,65511,0.0005504494793435254,0.0005504500386594044,0.0063180617651561535
498,380,0,2,1825327104,3913254243,2087927140,1.0405757773026316,65504,0.0007046129765893727,0.0007046131715994807,0.007889336440120645
499,380,0,2,1825327104,3910769222,2085442119,1.0422938749232458,65458,0.0017180974165047324,0.0017180976206142037,0.015147220506259624
500,380,0,2,1825327104,3910005510,2084678407,1.042822302588835,65512,0.0005284274673163702,0.0005284276655870591,0.006082433170148164
501,380,0,2,1825327104,3907842452,2082515349,1.0443200171241998,65468,0.0014977141398913162,0.0014977145353647127,0.013658213078605727
502,380,0,2,1825327104,3903361942,2078034839,1.0474273042686306,65395,0.003107286729684582,0.0031072871444328643,0.02609824828871312
503,380,0,2,1825327104,3785248542,1959921439,1.1318513191409174,61811,0.08442401479225572,0.08442401487228357,0.31989607268538495
504,380,0,2,1825327104,3784500891,1959173788,1.1324017688445451,65511,0.0005504494793435254,0.0005504497036304982,0.006306543095994724
505,384,4,0,379426500,2243057083,1863630584,1.2045312342242767,15585,2.0721294654872695,2.0721294653797306,0.8078053991266724
506,384,0,3,1057085320,2239143975,1182058656,1.8613455194486193,5196,3.656814284552119,3.656814285224344,1.745945822403775
507,384,0,3,1057085320,2204621571,1147536252,1.9041074152465534,63622,0.042761895779518166,0.042761895797934345,0.2736092834818102
508,384,0,3,1057085320,2180195102,1123109783,1.9351481892026499,64141,0.031040773939551014,0.031040773956094066,0.16698028051592986
509,384,0,3,1057085320,2179818081,1122732762,1.9356325743019802,65514,0.000484384451701118,0.0004843850993308594,0.0056416925501822975
510,384,0,3,1057085320,2178070663,1120985344,1.9378797298478645,65434,0.002247154675456557,0.0022471555458861655,0.019571743793069495
511,384,0,3,1057085320,2175761504,1118676185,1.9408546556348618,65401,0.002974925338641957,0.0029749257869950032,0.027335417392744445
512,388,4,0,2114170640,4270851871,2156681232,0.9938341911184061,63173,0.05297953497667299,0.05297953548354442,0.23313858090512368
513,388,0,0,2114170640,3260006268,1145835629,1.906247042786731,34819,0.9124128509985198,0.9124128516683264,1.9109071947968685
514,388,0,0,2114170640,3259114580,1144943941,1.9073701835178944,65485,0.001123139814249491,0.001123140731163514,0.011826999456899677
515,388,0,0,2114170640,3258433232,1144262593,1.9082289766369485,65497,0.0008587929491977406,0.0008587931190535165,0.008791211947381347
516,388,0,0,2114170640,3247520693,1133350054,1.9220536156852113,64911,0.013824638363016357,0.013824639048262791,0.0891397253639069
517,388,0,0,2114170640,3247105647,1132935008,1.9225820441893546,65512,0.0005284274673163702,0.0005284285041413275,0.0060288782537003035
518,388,0,0,2114170640,3246638892,1132468253,1.9231765389046487,65509,0.0005944945118882062,0.0005944947152954097,0.0065876077275148145
519,388,0,0,2114170640,3245256484,1131085845,1.9249387176091979,65456,0.0017621781119536897,0.0017621787045483998,0.015370866859375621
520,388,0,0,2114170640,3244428051,1130257412,1.9259957674229113,65488,0.001057048556915173,0.0010570498137130928,0.01118102672619208
521,388,0,0,2114170640,3244100370,1129929731,1.926414090090102,65517,0.000418322449221962,0.00041832266719135555,0.00492328406377429
522,388,0,1,2080857632,4294096457,2213238826,0.95648800825251,64184,0.03007391808013023,0.0300739181624069,0.19510015151332274
523,388,0,1,2080857632,4289267154,2208409523,0.9596394186359234,65393,0.0031514098920848456,0.003151410383415411,0.02744957514346196
524,388,0,1,2080857632,4277338184,2196480553,0.9674534197288231,65182,0.007814001024968608,0.007814001092899654,0.052971983551226565
525,388,0,1,2080857632,4275595371,2194737740,0.968598590675267,65484,0.001145170906201281,0.0011451709464426203,0.011617800779311975
526,388,0,1,2080857632,4273351605,2192493974,0.9700742685397472,65469,0.0014756776637093812,0.0014756778644795681,0.015172996135517727
527,388,0,1,2080857632,4272649054,2191791423,0.9705366320770459,65515,0.0004623634480924974,0.00046236353730095295,0.00539454427794825
528,388,0,1,2080857632,4271779507,2190921876,0.9711091044591527,65510,0.0005724718275307164,0.0005724723821048096,0.0065611702639344835
529,388,0,1,2080857632,4133944257,2053086626,1.0648526455696405,61413,0.09374354058239508,0.09374354111048896,0.34297027245577927
530,388,0,1,2080857632,4133380359,2052522728,1.0652489486677368,65518,0.0003963024539395264,0.0003963030980967949,0.004699172121844633
531,388,0,1,2080857632,4132378150,2051520519,1.065953562092087,65504,0.0007046129765893727,0.0007046134243503941,0.00780374011940475
532,388,0,1,2080857632,3976172592,1895314961,1.1802095324904656,60546,0.11425596970987328,0.1142559703983778,0.4461315705904358
533,388,0,1,2080857632,3962956055,1882098424,1.1903050704957394,65079,0.010095537635024018,0.010095538005273538,0.07309824762526398
534,388,0,1,2080857632,3920423893,1839566262,1.223281502245893,64055,0.03297643171559302,0.03297643175015319,0.1608229308635672
535,388,0,1,2080857632,3919160763,1838303132,1.2242724626435724,65491,0.0009909603271466795,0.0009909603976797838,0.01067006423766667
536,388,0,1,2080857632,3918599757,1837742126,1.22471280574252,65516,0.0004403427806028656,0.00044034309894906817,0.005170433008025777
537,388,0,1,2080857632,3917954797,1837097166,1.2252192118893959,65513,0.0005064057914389884,0.0005064061468762654,0.005822243074647608
538,388,0,1,2080857632,3917422191,1836564560,1.2256375345862836,65517,0.000418322449221962,0.00041832269688467605,0.004934802732935719
539,388,0,1,2080857632,3893293741,1812436110,1.2447170062851995,64675,0.019079471540534305,0.019079471698917664,0.10700205251182324
540,388,0,1,2080857632,3778467771,1697610140,1.339141967256797,61384,0.09442496043733593,0.09442496097159747,0.4140962125605186
541,388,0,1,2080857632,3467548360,1386690729,1.631001084011956,53533,0.2918591166142508,0.29185911675515763,0.7452850896619617
542,388,0,1,2080857632,3460290747,1379433116,1.6385716389814071,65193,0.0075705548813454395,0.007570554969452642,0.05699815111388348
543,388,0,1,2080857632,3459827680,1378970049,1.6390560239177745,65514,0.000484384451701118,0.00048438493636605845,0.005557620055609438
544,388,0,1,2080857632,3459491017,1378633386,1.6394082877979237,65520,0.0003522634716290214,0.00035226388014994046,0.004227909891679893
545,388,0,1,2080857632,3457702933,1376845302,1.6412806741043937,65451,0.0018723857434470804,0.0018723863064683648,0.017791516745945552
546,388,0,1,2080857632,3445139555,1364281924,1.6545053430525911,64938,0.013224668141214178,0.01322466894819781,0.08631226403146305
547,388,0,1,2080857632,3444744026,1363886395,1.6549236660181137,65517,0.000418322449221962,0.00041832296552358193,0.00492328406377429
548,388,0,1,2080857632,3444431857,1363574226,1.65525391069092,65521,0.00033024448458043404,0.0003302446728052815,0.0039922782726164955
549,388,0,1,2080857632,3436088453,1355230822,1.664108554660082,65135,0.008854642995882055,0.008854643969163875,0.05840288767582461
550,388,0,1,2080857632,3435219927,1354362296,1.665033430197795,65494,0.0009248751246666447,0.0009248755377128798,0.009467564022901866
551,388,0,1,2080857632,3433979971,1353122340,1.66635486225573,65476,0.0013214317544216249,0.0013214320579337693,0.013008661010344704
552,388,0,1,2080857632,3433628971,1352771340,1.6667291459653484,65519,0.0003742827947452993,0.0003742837096188661,0.004463541174757649
553,388,0,1,2080857632,3433319346,1352461715,1.667059390676176,65521,0.00033024448458043404,0.0003302447108282457,0.0039922782726164955
554,388,0,1,2080857632,3422897697,1342040066,1.6782194028238848,65031,0.011160011773895816,0.011160012147708747,0.07137204060966218
555,388,0,1,2080857632,3422365271,1341507640,1.678791875121064,65510,0.0005724718275307164,0.0005724722971772707,0.006393025274788764
556,388,0,1,2080857632,3421137084,1340279453,1.6801133069548477,65476,0.0013214317544216249,0.0013214318337861387,0.012903605463517985
557,388,0,1,2080857632,3419132881,1338275250,1.682272272956478,65438,0.0021589649914087418,0.0021589660016300225,0.019293967127754136
558,388,0,1,2080857632,3418744892,1337887261,1.6826905956912448,65517,0.000418322449221962,0.00041832273476704744,0.004904285154810719
559,388,0,1,2080857632,3418050797,1337193166,1.683439259115918,65502,0.0007486627160211863,0.0007486634246736423,0.008263078769233594
560,388,0,1,2080857632,3245515008,1164657377,1.882741545815211,57080,0.1993022856368742,0.19930228669929,0.8555127094595402
561,391,3,1,944134664,2736899495,1792764832,1.2604608925865044,12610,2.377719344784418,2.377719346771296,2.7492808434338114
562,391,0,1,944134664,2696139918,1752005255,1.293640043819476,64046,0.03317915074806528,0.033179151232970036,0.21586899806895005
563,391,0,1,944134664,2694696310,1750561647,1.2948292780461408,65482,0.0011892340994270377,0.001189234226663542,0.012156765891231285
564,391,0,1,944134664,2693975100,1749840437,1.295423773238518,65509,0.0005944945118882062,0.0005944951923772556,0.0065876077275148145
565,391,0,1,944134664,2621109582,1676974919,1.3567860340374835,62807,0.06136226033853373,0.06136226079896605,0.3125368468325966
566,391,0,1,944134664,2619906917,1675772254,1.3578210532717065,65489,0.0010350188106098368,0.001035019234222423,0.011069924688174889
567,391,0,1,944134664,2619216520,1675081857,1.3584155478747206,65509,0.0005944945118882062,0.0005944946030142206,0.006766280608748742
568,391,0,1,944134664,2618628646,1674493983,1.3589219540310147,65513,0.0005064057914389884,0.0005064061562946014,0.005846804239113502
569,391,0,1,944134664,2618168732,1674034069,1.3593182569085194,65518,0.0003963024539395264,0.0003963028775054397,0.004699172121844633
570,391,0,1,944134664,2617325788,1673191125,1.3600448952933135,65503,0.0007266376781842033,0.000726638384794486,0.008063288702016749
571,391,0,1,944134664,2614951417,1670816754,1.3620936308026401,65443,0.0020487354667572794,0.002048735509327159,0.0199024723478018
572,391,0,1,944134664,2610846779,1666712116,1.3656422106672537,65375,0.0035485790909715823,0.003548579864611558,0.03205873753121278
573,391,0,1,944134664,2609804066,1665669403,1.3665450586243004,65495,0.0009028473965228007,0.0009028479570472133,0.00964365728593098
574,391,0,1,944134664,2608711173,1664576510,1.3674919624921316,65493,0.0009469031891450585,0.0009469038678313554,0.00998696526431809
575,391,0,1,944134664,2607009411,1662874748,1.3689676407947502,65469,0.0014756776637093812,0.0014756783026204693,0.015228739757298783
576,391,0,1,944134664,2605334762,1661200099,1.3704212831603009,65470,0.0014536415241189304,0.0014536423655508804,0.015161624440363956
577,391,0,1,944134664,2602876015,1658741352,1.3725582020214269,65439,0.0021369184126987005,0.0021369188611252018,0.02087029989227839
578,391,0,1,944134664,2601483943,1657349280,1.3737694689690514,65481,0.001211266200721556,0.0012112669476243864,0.012517993547361767
579,391,0,1,944134664,2600725268,1656590605,1.3744300341677267,65506,0.0006605645820851047,0.0006605651986763449,0.007367928643150333
580,391,0,1,944134664,2599562499,1655427836,1.3754430243842997,65490,0.00101298940069043,0.001012990216572146,0.010781100859213187
581,391,0,1,944134664,2597971130,1653836467,1.3768305595771935,65473,0.0013875351247936642,0.0013875351928914167,0.0142002447044575
582,391,0,1,944134664,2596583175,1652448512,1.3780418259536944,65481,0.001211266200721556,0.0012112663765043046,0.012411877010447556
583,391,0,1,944134664,2595246813,1651112150,1.3792090289402026,65483,0.0011672023345903715,0.0011672029865060153,0.012343322060998746
584,391,0,1,944134664,2593861144,1649726481,1.3804202956124172,65481,0.001211266200721556,0.0012112666722147523,0.012790775635734355
585,391,0,1,944134664,2592375947,1648241284,1.3817196936927942,65477,0.0012993979706836883,0.0012993980803758258,0.013424733927663869
586,391,0,1,944134664,2587647715,1643513052,1.3858642323512775,65348,0.004144537975910174,0.0041445386584860215,0.032869402520654366
587,391,0,1,944134664,2547046402,1602911739,1.4219521573351415,63917,0.03608792474242523,0.0360879249838622,0.1878625972507759
588,391,0,1,944134664,2388702124,1444567461,1.5720095669796272,59062,0.15005740957252617,0.1500574096444848,0.5854626025199466
589,391,0,1,944134664,2387710218,1443575555,1.5730005275487962,65491,0.0009909603271466795,0.0009909605691712452,0.010719228436145862
590,391,0,1,944134664,2379824475,1435689812,1.5809030647001947,65178,0.007902537081509986,0.007902537151398912,0.06642241663623673
591,391,0,1,944134664,2377809041,1433674378,1.5829297555785082,65444,0.002026690572445132,0.0020266908783127396,0.020496496494273684
592,391,0,1,944134664,2376802738,1432668075,1.583942745778515,65490,0.00101298940069043,0.0010129902000080944,0.011011313651229532
593,391,0,1,944134664,2375163179,1431028516,1.5855947251847375,65461,0.0016519788985902288,0.0016519794062200836,0.017000687064306127
594,391,0,1,944134664,2374180569,1430045906,1.5865856862159937,65491,0.0009909603271466795,0.0009909610312571796,0.010676659139789619
595,391,0,1,944134664,2371322048,1427187385,1.589472377659682,65405,0.0028866911572534176,0.002886691443688061,0.027979720492984035
596,391,0,1,944134664,2368491018,1424356355,1.5923370114552178,65406,0.0028646334550583873,0.0028646337955374026,0.02733167007969152
597,391,0,1,944134664,2366969641,1422834978,1.5938787998392172,65466,0.0015417881020707706,0.0015417883839974578,0.015672337722153214
598,391,0,1,944134664,2364038691,1419904028,1.5968537254440562,65401,0.002974925338641957,0.002974925604840699,0.02725962358261901
599,391,0,1,944134664,2362933724,1418799061,1.5979768654426962,65485,0.001123139814249491,0.001123139998639019,0.011804697628406285
600,391,0,1,944134664,2362111056,1417976393,1.5988136317616508,65498,0.000836766229995985,0.000836766318953062,0.00912593778349421
601,391,0,1,944134664,2359103568,1414968905,1.6018767969107977,65397,0.003063164916699035,0.003063165149147841,0.027465895849638988
602,391,0,1,944134664,2358369483,1414234820,1.602625460432975,65502,0.0007486627160211863,0.000748663522176946,0.00831107143017913
603,391,0,1,944134664,2357614200,1413479537,1.6033961486474908,65501,0.0007706880901105886,0.0007706882145170676,0.008601775407229159
604,391,0,1,944134664,2356427960,1412293297,1.6046074156292107,65481,0.001211266200721556,0.001211266981721122,0.012670337107679706
605,391,0,1,944134664,2355221166,1411086503,1.6058407146881635,65480,0.0012332986384842029,0.0012332990589512516,0.012950324495863263
606,391,0,1,944134664,2354359907,1410225244,1.6067215348443469,65496,0.000880820004703256,0.0008808201561838828,0.009710784523207096
607,391,0,1,944134664,2353628283,1409493620,1.6074701983751396,65502,0.0007486627160211863,0.0007486635307923863,0.00836806815706984
608,391,0,1,944134664,2352402374,1408267711,1.6087255303487957,65479,0.0012553314127252556,0.0012553319736572385,0.013143383148758821
609,391,0,1,944134664,2351714743,1407580080,1.609430143614155,65504,0.0007046129765893727,0.0007046132653562171,0.007890860266263677
610,391,0,1,944134664,2349158864,1405024201,1.6120521654878317,65417,0.0026220209864989156,0.0026220218736780487,0.02256166558018385
611,391,0,1,944134664,2347165039,1403030376,1.6141009019667152,65443,0.0020487354667572794,0.0020487364788827848,0.019910271628762306
612,391,0,1,944134664,2345923343,1401788680,1.615378266918075,65478,0.0012773645234549914,0.0012773649513593082,0.013544738996239947
613,391,0,1,944134664,2330950624,1386815961,1.6308708001470293,64836,0.015492532651411638,0.015492533228957094,0.09005531742962712
614,391,0,1,944134664,2324009772,1379875109,1.638109449865393,65208,0.007238649056868908,0.007238649718363147,0.05477225438776161
615,391,0,1,944134664,2323504446,1379369783,1.6386378780049142,65512,0.0005284274673163702,0.0005284281395222525,0.0060899134099503035
616,391,0,1,944134664,2322536260,1378401597,1.6396508678476387,65490,0.00101298940069043,0.001012989842722296,0.011021447385160959
617,391,0,1,944134664,2322199736,1378065073,1.6400031314999701,65520,0.0003522634716290214,0.0003522636523314971,0.004227909891679893
618,391,0,1,944134664,2321589935,1377455272,1.6406416728880515,65507,0.0006385408891551363,0.000638541388081027,0.007151300637316213
619,391,0,1,944134664,2320959386,1376824723,1.641302237487789,65506,0.0006605645820851047,0.0006605645997366971,0.007398446221275333
620,391,0,1,944134664,2320623247,1376488584,1.641654501118321,65520,0.0003522634716290214,0.0003522636305326239,0.004227909891679893
621,391,0,1,944134664,2319846115,1375711452,1.6424692416877917,65499,0.0008147398470877202,0.0008147405694703707,0.008982751629353965
622,391,0,1,944134664,2319132397,1374997734,1.643217904939828,65502,0.0007486627160211863,0.0007486632520375967,0.008206476200499666
623,391,0,1,944134664,2318419049,1374284386,1.6439665684819467,65502,0.0007486627160211863,0.0007486635421199732,0.008317027843838237
624,391,0,1,944134664,2317768981,1373634318,1.644649157741938,65505,0.0006825886112264284,0.0006825892599885194,0.007727787848997449
625,391,0,1,944134664,2316595221,1372460558,1.6458824565977892,65480,0.0012332986384842029,0.001233298855853451,0.012355007092620605
626,391,0,1,944134664,2314815143,1370680480,1.6477548430539706,65451,0.0018723857434470804,0.001872386456178787,0.018857365080427922
627,391,0,1,944134664,2313790311,1369655648,1.648833922439863,65487,0.0010790786396167112,0.0010790793858945786,0.01148357273617499
628,391,0,1,944134664,2313309627,1369174964,1.6493403286609087,65513,0.0005064057914389884,0.0005064062210467233,0.005865803148077072
629,391,0,1,944134664,2312306813,1368172150,1.6503973775401377,65488,0.001057048556915173,0.001057048879228388,0.011350490561812891
630,391,0,1,944134664,2311242103,1367107440,1.6515205182385735,65485,0.001123139814249491,0.0011231406984350645,0.01202215664388092
631,391,0,1,944134664,2300248670,1356114007,1.6631686766695566,65009,0.01164815836267412,0.01164815843098245,0.08415498294293967
632,391,0,1,944134664,2299731353,1355596690,1.6637191267454803,65511,0.0005504494793435254,0.0005504500759222616,0.0062875441870311535
633,391,0,1,944134664,2299110810,1354976147,1.6643796914144495,65506,0.0006605645820851047,0.0006605646689720133,0.0070597470791616684
634,391,0,1,944134664,2298738654,1354603991,1.6647759945992,65518,0.0003963024539395264,0.0003963031847506979,0.004699172121844633
635,391,0,1,944134664,2298407940,1354273277,1.6651282582146543,65520,0.0003522634716290214,0.0003522636154537776,0.004227909891679893
636,391,0,1,944134664,2297643350,1353508687,1.665942999021187,65499,0.0008147398470877202,0.0008147408065310751,0.009025426365104238
637,391,0,1,944134664,2297271597,1353136934,1.66633930225996,65518,0.0003963024539395264,0.00039630323877418557,0.004699172121844633
638,391,0,1,944134664,2296218588,1352083925,1.6674624423052435,65485,0.001123139814249491,0.0011231400452821289,0.011542080156211144
639,391,0,1,944134664,2294361783,1350227120,1.66944504441312,65446,0.0019826017943566226,0.001982602107877912,0.017911620755639474
640,391,0,1,944134664,2293826109,1349691446,1.670017516667066,65510,0.0005724718275307164,0.0005724722539454153,0.0065291288596664495
641,391,0,1,944134664,2293414215,1349279552,1.6704578603656266,65516,0.0004403427806028656,0.00044034369856186807,0.005170433008025777
642,391,0,1,944134664,2292981859,1348847196,1.6709202240132193,65515,0.0004623634480924974,0.00046236364759358984,0.00538302560878682
643,391,0,1,944134664,2292446732,1348312069,1.6714926967546688,65510,0.0005724718275307164,0.0005724727414463033,0.0064986112815414495
644,391,0,1,944134664,2291952965,1347818302,1.6720211246214198,65512,0.0005284274673163702,0.0005284278667537452,0.006101432079111733
645,391,0,1,944134664,2290904095,1346769432,1.6731442646141303,65485,0.001123139814249491,0.0011231399927109497,0.011478360623585837
646,391,0,1,944134664,2290493093,1346358430,1.6735846080231198,65516,0.0004403427806028656,0.00044034340898945455,0.005170433008025777
647,391,0,1,944134664,2285500949,1341366286,1.6789438991972006,65293,0.005359290342117367,0.005359291174079987,0.03782770754649301
648,391,0,1,944134664,2282881092,1338746429,1.6817644193077577,65408,0.0028205190623786626,0.00282052011055799,0.024204558296129254
649,391,0,1,944134664,2282472539,1338337876,1.682204762101982,65516,0.0004403427806028656,0.0004403427942222252,0.005147395669702917
650,391,0,1,944134664,2281859896,1337725233,1.6828653272660858,65506,0.0006605645820851047,0.0006605651641054782,0.007419607444845779
651,391,0,1,944134664,2281431242,1337296579,1.6833276913504278,65515,0.0004623634480924974,0.00046236408434215207,0.00539454427794825
652,391,0,1,944134664,2280982320,1336847657,1.6838120762542133,65514,0.000484384451701118,0.000484384903784282,0.005630173881020868
653,391,0,1,944134664,2280390758,1336256095,1.6844506175581735,65507,0.0006385408891551363,0.0006385413039596233,0.00723753544649595
654,391,0,1,944134664,2279289716,1335155053,1.6856398526366796,65482,0.0011892340994270377,0.0011892350785060906,0.012512193669399324
655,391,0,1,944134664,2278841513,1334706850,1.6861242374288352,65514,0.000484384451701118,0.0004843847921567284,0.0056111749720572975
656,391,0,1,944134664,2278250898,1334116235,1.6867627790768545,65507,0.0006385408891551363,0.0006385416480198886,0.007224492951191486
657,391,0,1,944134664,2277680902,1333546239,1.6873792966633623,65508,0.0006165175324262582,0.0006165175865054237,0.006988865700341477
658,391,0,1,944134664,2276887318,1332752655,1.6882380899049672,65497,0.0008587929491977406,0.0008587932416075379,0.009354966771467198
659,391,0,1,944134664,2276338240,1332203577,1.6888325853112036,65509,0.0005944945118882062,0.0005944954062348181,0.006735763030623742
660,391,0,1,944134664,2275911355,1331776692,1.6892949497550909,65515,0.0004623634480924974,0.0004623644438871023,0.005406062947109679
661,391,0,1,944134664,2275403322,1331268659,1.6898453997865346,65511,0.0005504494793435254,0.0005504500314455793,0.006264506848708294
662,391,0,1,944134664,2274834542,1330699879,1.6904619180407003,65508,0.0006165175324262582,0.0006165182541646866,0.007009388435448081
663,391,0,1,944134664,2274184786,1330050123,1.691166531233911,65504,0.0007046129765893727,0.000704613193210097,0.007839181464568232
664,391,0,1,944134664,2273677412,1329542749,1.691716980868712,65511,0.0005504494793435254,0.0005504496348010474,0.006295024426833294
665,391,0,1,944134664,2272703625,1328568962,1.6927740303018233,65488,0.001057048556915173,0.001057049433112486,0.011321849098440303
666,391,0,1,944134664,2272237360,1328102697,1.6932804370366341,65513,0.0005064057914389884,0.0005064067348090159,0.005854284478915642
667,391,0,1,944134664,2271345689,1327211026,1.6942493691571698,65492,0.0009689315899683129,0.0009689321205371049,0.00996732485674821
668,391,0,1,944134664,2263265287,1319130624,1.7030597146568347,65137,0.008810345064139169,0.008810345499665142,0.05632529167598072
669,391,0,1,944134664,2257287171,1313152508,1.7096126671338752,65239,0.006552952228126558,0.006552952477039477,0.04660321408518974
670,391,0,1,944134664,2256265278,1312130615,1.7107358069773184,65485,0.001123139814249491,0.0011231398434416488,0.011670927008789474
671,391,0,1,944134664,2255864847,1311730184,1.7111761503237481,65516,0.0004403427806028656,0.0004403433464330716,0.005170433008025777
672,391,0,1,944134664,2255324430,1311189767,1.711770645734596,65509,0.0005944945118882062,0.00059449541084725,0.006753238113444278
673,391,0,1,944134664,2254844257,1310709594,1.7122990742653919,65512,0.0005284274673163702,0.0005284285307955885,0.00604635333652084
674,391,0,1,944134664,2254484259,1310349596,1.7126953776640939,65518,0.0003963024539395264,0.00039630339870032664,0.004699172121844633
675,391,0,1,944134664,2253924417,1309789754,1.7133118954759219,65508,0.0006165175324262582,0.0006165178118275617,0.006988865700341477
676,391,0,1,944134664,2253424771,1309290108,1.713862345903646,65511,0.0005504494793435254,0.0005504504277270246,0.006306543095994724
677,391,0,1,944134664,2253045185,1308910522,1.7142806689590735,65517,0.000418322449221962,0.000418323055424339,0.004934802732935719
678,391,0,1,944134664,2251587200,1307452537,1.7158885711496232,65463,0.0016079015700331673,0.0016079021905495835,0.01580038946424072
679,391,0,1,944134664,2249811637,1305676974,1.7178491294138212,65447,0.0019605579105596736,0.00196055826419928,0.01899880192940078
680,391,0,1,944134664,2249413176,1305278513,1.7182894722048125,65516,0.0004403427806028656,0.00044034279099186514,0.005170433008025777
681,391,0,1,944134664,2248496995,1304362332,1.7193024620513597,65490,0.00101298940069043,0.0010129898465481106,0.010385491024273054
682,391,0,1,944134664,2248059129,1303924466,1.7197868467541433,65514,0.000484384451701118,0.0004843847027807577,0.005630173881020868
683,391,0,1,944134664,2247601513,1303466850,1.7202932535497446,65513,0.0005064057914389884,0.0005064067956036774,0.005854284478915642
684,391,0,1,944134664,2247183837,1303049174,1.7207556171749872,65515,0.0004623634480924974,0.00046236362524348923,0.005406062947109679
685,391,0,1,944134664,2246825943,1302691280,1.7211519205761334,65518,0.0003963024539395264,0.0003963034011450524,0.004699172121844633
686,391,0,1,944134664,2246448270,1302313607,1.721570243759107,65517,0.000418322449221962,0.00041832318297306895,0.004934802732935719
687,391,0,1,944134664,2245832246,1301697583,1.722252832827742,65505,0.0006825886112264284,0.0006825890686342216,0.007624716445461019
688,391,0,1,944134664,2245375412,1301240749,1.7227592391032758,65513,0.0005064057914389884,0.0005064062755341872,0.005846804239113502
689,391,0,1,944134664,2241563183,1297428520,1.7269920884958623,65344,0.004232849122198513,0.004232849392588483,0.03454891432562507
690,391,0,1,944134664,2241127644,1296992981,1.7274764739059236,65514,0.000484384451701118,0.0004843854100610265,0.005618655211859437
691,391,0,1,944134664,2240632880,1296498217,1.7280269238773158,65511,0.0005504494793435254,0.0005504499713899766,0.006306543095994724
692,391,0,1,944134664,2240257003,1296122340,1.728445246478529,65517,0.000418322449221962,0.0004183226012147973,0.004934802732935719
693,391,0,1,944134664,2239782348,1295647685,1.728973674861976,65512,0.0005284274673163702,0.0005284283834472764,0.006082433170148164
694,391,0,1,944134664,2239406717,1295272054,1.7293919981134032,65517,0.000418322449221962,0.00041832325142595315,0.004934802732935719
695,391,0,1,944134664,2238260388,1294125725,1.7306693632868644,65478,0.0012773645234549914,0.00127736517346187,0.01251860627480764
696,391,0,1,944134664,2226866489,1282731826,1.7434275607303,64959,0.01275819707378979,0.012758197443434243,0.07708705780847498
697,391,0,1,944134664,2224967914,1280833251,1.7455644795568297,65439,0.0021369184126987005,0.0021369188265292056,0.01973087155553751
698,391,0,1,944134664,2224322963,1280188300,1.746291117431955,65503,0.0007266376781842033,0.000726637875126883,0.008052408521319162
699,391,0,1,944134664,2224010417,1279875754,1.746643380935506,65520,0.0003522634716290214,0.0003522635035520728,0.004227909891679893
700,391,0,1,944134664,2223717476,1279582813,1.7469736261953983,65521,0.00033024448458043404,0.00033024525989019883,0.0039922782726164955
701,391,0,1,944134664,2222467883,1278333220,1.7483831969118597,65472,0.0014095702546713536,0.0014095707164613858,0.01417931175072533
702,391,0,1,944134664,2221726661,1277591998,1.749219964221048,65498,0.000836766229995985,0.0008367673091878918,0.008902714051757596
703,391,0,1,944134664,2221375759,1277241096,1.749616267666159,65518,0.0003963024539395264,0.0003963034451137464,0.004699172121844633
704,391,0,1,944134664,2221083421,1276948758,1.7499465129563028,65521,0.00033024448458043404,0.00033024529014131305,0.0039922782726164955
705,391,0,1,944134664,2220284548,1276149885,1.7508493610747422,65495,0.0009028473965228007,0.000902848118441669,0.009642926436637677
706,391,0,1,944134664,2219953515,1275818852,1.7512236443982232,65519,0.0003742827947452993,0.00037428332347889893,0.004463541174757649
707,391,0,1,944134664,2219447361,1275312698,1.7517961165432254,65510,0.0005724718275307164,0.0005724721450037933,0.0065001351076844835
708,391,0,1,944134664,2219038706,1274904043,1.7522584808101556,65515,0.0004623634480924974,0.00046236426692853775,0.005375545368984679
709,391,0,1,944134664,2218746903,1274612240,1.752588725998752,65521,0.00033024448458043404,0.00033024518859668027,0.0039922782726164955
710,391,0,1,944134664,2217677205,1273542542,1.7537999931489274,65481,0.001211266200721556,0.001211267150177733,0.012435839037088723
711,391,0,1,944134664,2217327416,1273192753,1.7541962957091677,65518,0.0003963024539395264,0.0003963025602398342,0.004699172121844633
712,391,0,1,944134664,2216258910,1272124247,1.7554075620448835,65481,0.001211266200721556,0.0012112663357157613,0.012298412850723155
713,391,0,1,944134664,2215346589,1271211926,1.7564425813654339,65489,0.0010350188106098368,0.001035019320548284,0.01088121509437516
714,391,0,1,944134664,2214958645,1270823982,1.7568829251760967,65516,0.0004403427806028656,0.00044034381066475206,0.005158914338864347
715,391,0,1,944134664,2214241169,1270106506,1.757697665366397,65499,0.0008147398470877202,0.0008147401903005555,0.009006427456140668
716,393,2,0,1888269328,4243633159,2355363832,0.8666972165028142,60767,0.10899955107798301,0.10899955113641561,0.5834319196089639
717,393,0,0,1888269328,3276451822,1388182495,1.6294499042325796,38625,0.7627526874335384,0.7627526877297657,2.104872685567003
718,393,0,0,1888269328,3263255446,1374986119,1.6432300918498584,64913,0.013780187566830656,0.013780187617278715,0.09936292562505937
719,393,0,0,1888269328,3262416221,1374146894,1.6441109119320991,65496,0.000880820004703256,0.000880820082239866,0.009568191475600491
720,393,0,0,1888269328,3261682347,1373413020,1.644881600425709,65501,0.0007706880901105886,0.0007706884936126523,0.008226357943024329
721,393,0,0,1888269328,3232741255,1344471928,1.6756075133451525,64155,0.03072591251514783,0.030725912919443606,0.17812669051641986
722,393,0,0,1888269328,3232064259,1343794932,1.676334151616885,65503,0.0007266376781842033,0.0007266382717296358,0.008180041089321487
723,393,0,0,1888269328,3231469623,1343200296,1.676972692700545,65507,0.0006385408891551363,0.0006385410836603637,0.00723753544649595
724,393,0,0,1888269328,3230977728,1342708401,1.6775011205550463,65512,0.0005284274673163702,0.0005284278545020784,0.006101432079111733
725,393,0,0,1888269328,3230588454,1342319127,1.6779194430246847,65517,0.000418322449221962,0.00041832246963979477,0.004934802732935719
726,393,0,0,1888269328,3229851096,1341581769,1.678712156912379,65500,0.0007927138004626774,0.0007927138876920064,0.008702287497800729
727,393,0,0,1888269328,3228438602,1340169275,1.6802319089281994,65467,0.0015197509526750181,0.0015197520158226653,0.015028649520423992
728,393,0,0,1888269328,3226741305,1338471978,1.6820602107135088,65453,0.001828301680591821,0.001828301785309592,0.018205673406859385
729,393,0,0,1888269328,3226006060,1337736733,1.6828529249272144,65500,0.0007927138004626774,0.0007927142137053754,0.008740285315727868
730,393,0,0,1888269328,3225209982,1336940655,1.6837117184563546,65497,0.0008587929491977406,0.0008587935291391373,0.009306482930999253
731,393,0,0,1888269328,3223965576,1335696249,1.6850551845232218,65475,0.00134346587467908,0.0013434660668654227,0.013876127636099975
732,393,0,0,1888269328,3223028045,1334758718,1.6860681739925525,65490,0.00101298940069043,0.0010129894693331018,0.010936841841518285
733,393,0,0,1888269328,3221785670,1333516343,1.6874116399696142,65475,0.00134346587467908,0.0013434659770621877,0.013875005712353429
734,393,0,1,1629055008,4294541255,2665486248,0.688248407179934,65498,0.000836766229995985,0.0008367672103183106,0.009121899354134919
735,393,0,1,1629055008,4293443108,2664388101,0.6888429019652698,65509,0.0005944945118882062,0.0005944947853348309,0.006693726783337312
736,393,0,1,1629055008,4291979515,2662924508,0.6896356162552237,65500,0.0007927138004626774,0.0007927142899545344,0.008703566993636704
737,393,0,1,1629055008,4289825965,2660770958,0.6908028190355537,65483,0.0011672023345903715,0.0011672027803312445,0.012055508472689056
738,393,0,1,1629055008,4287633557,2658578550,0.6919920532919406,65482,0.0011892340994270377,0.0011892342563881227,0.012167826832389305
739,393,0,1,1629055008,4285767489,2656712482,0.6930050428512935,65490,0.00101298940069043,0.0010129895593526676,0.01081314226348122
740,393,0,1,1629055008,4283618963,2654563956,0.6941722455042445,65483,0.0011672023345903715,0.0011672026529511298,0.012340231661670326
741,393,0,1,1629055008,4281391164,2652336157,0.6953835118517411,65481,0.001211266200721556,0.0012112663474947152,0.012582857221725205
742,393,0,1,1629055008,4276372705,2647317698,0.6981158065541351,65412,0.0027322943235718405,0.0027322947023928784,0.02352385600496919
743,393,0,1,1629055008,4262315292,2633260285,0.7057970141780565,65188,0.0076812071268103615,0.0076812076239231265,0.054508141263557124
744,393,0,1,1629055008,4169659374,2540604367,0.7574754153319141,63230,0.05167840093864189,0.05167840115385771,0.271979984537192
745,393,0,1,1629055008,4167992412,2538937405,0.7584223188145636,65493,0.0009469031891450585,0.0009469034826491316,0.010142527127576096
746,393,0,1,1629055008,4157183642,2528128635,0.7645772741303745,65257,0.006154955187593595,0.006154955315812171,0.052997002207070015
747,393,0,1,1629055008,4154406156,2525351149,0.7661631380709082,65464,0.0015858634107395607,0.001585863940531029,0.016222624336865787
748,393,0,1,1629055008,4152864803,2523809796,0.7670439586360089,65496,0.000880820004703256,0.0008808205651025948,0.009653787796316385
749,393,0,1,1629055008,4150323124,2521268117,0.7684976004081641,65470,0.0014536415241189304,0.0014536417721558459,0.014840224798838921
750,393,0,1,1629055008,4148361077,2519306070,0.7696207405564266,65485,0.001123139814249491,0.0011231401482608109,0.01185555630368251
751,393,0,1,1629055008,4143709648,2514654641,0.7722868700105181,65415,0.002666129309875501,0.0026661294540920645,0.025639657906143493
752,393,0,1,1629055008,4138376136,2509321129,0.7753500353424592,65397,0.003063164916699035,0.0030631653319421717,0.02869965639524634
753,393,0,1,1629055008,4135695891,2506640884,0.7768918239476612,65466,0.0015417881020707706,0.0015417886052020858,0.015619180718874928
754,393,0,1,1629055008,4115806772,2486751765,0.7883846454060652,65016,0.01149282107682941,0.01149282145840419,0.08215487991382132
755,393,0,1,1629055008,4113757751,2484702744,0.7895738799037026,65482,0.0011892340994270377,0.0011892344976361,0.012407309479806297
756,393,0,1,1629055008,4112203295,2483148288,0.7904767274412912,65495,0.0009028473965228007,0.000902847537586965,0.009681105892520199
757,393,0,1,1629055008,4106481929,2477426922,0.7938046439291746,65385,0.003327916037484043,0.0033279164878845355,0.028532569557979563
758,393,0,1,1629055008,4105158840,2476103833,0.7945753321831717,65501,0.0007706880901105886,0.0007706882539979604,0.008522135500172372
759,393,0,1,1629055008,4103647546,2474592539,0.7954561522791828,65496,0.000880820004703256,0.0008808200960109924,0.009695824043602815
760,393,0,1,1629055008,4101193192,2472138185,0.7968877582559379,65471,0.0014316057211096818,0.0014316059767562554,0.014631401724689103
761,393,0,1,1629055008,4098778994,2469723987,0.7982973288340638,65472,0.0014095702546713536,0.0014095705781229423,0.014526290436256082
762,393,0,1,1629055008,4097460019,2468405012,0.7990680169781719,65501,0.0007706880901105886,0.0007706881441104371,0.00859025673806773
763,393,0,1,1629055008,4096292407,2467237400,0.7997506061663238,65505,0.0006825886112264284,0.0006825891881514956,0.007678271361908878
764,393,0,1,1629055008,4093770054,2464715047,0.8012262840123086,65469,0.0014756776637093812,0.001475677845984898,0.01504254664927946
765,393,0,1,1629055008,4091588757,2462533750,0.8025036486025066,65478,0.0012773645234549914,0.0012773645901972255,0.013497161316255469
766,393,0,1,1629055008,4077873778,2448818771,0.8105611372625852,65171,0.008057488255603087,0.00805748866007883,0.05510399077301014
767,393,0,1,1629055008,4074697667,2445642660,0.8124335231407009,65451,0.0018723857434470804,0.0018723858781144018,0.018477029387215724
768,393,0,1,1629055008,4072383979,2443328972,0.8137990235789125,65474,0.0013655003314663333,0.0013655004382138744,0.014309171254404323
769,393,0,1,1629055008,4057060977,2428005970,0.8228751771059741,65125,0.009076153059404728,0.009076153527060411,0.059791833291740815
770,393,0,1,1629055008,4051059131,2422004124,0.8264458244706461,65374,0.003570647252730634,0.003570647364671744,0.029684026688419084
771,393,0,1,1629055008,4050098252,2421043245,0.8270182968339164,65510,0.0005724718275307164,0.0005724723632716011,0.006542171354970913
772,393,0,1,1629055008,4047992547,2418937540,0.8282736284096792,65479,0.0012553314127252556,0.0012553315757624162,0.013197004153961595
773,393,0,1,1629055008,4047328165,2418273158,0.8286699314374069,65518,0.0003963024539395264,0.0003963030277260565,0.004699172121844633
774,393,0,1,1629055008,4045889068,2416834061,0.8295287244579228,65497,0.0008587929491977406,0.0008587930205173831,0.009251010030251576
775,393,0,1,1629055008,4044708973,2415653966,0.8302333375800295,65504,0.0007046129765893727,0.0007046131221052787,0.007847300192834214
776,393,0,1,1629055008,4044082353,2415027346,0.8306076208387267,65519,0.0003742827947452993,0.00037428325869746,0.004463541174757649
777,393,0,1,1629055008,4042129282,2413074275,0.8317748232802167,65483,0.0011672023345903715,0.0011672024414902747,0.012072352517531944
778,393,0,1,1629055008,4040472355,2411417348,0.8327657838401237,65491,0.0009909603271466795,0.0009909605599082636,0.010416173099955335
779,393,0,1,1629055008,4038742975,2409687968,0.8338008029460298,65489,0.0010350188106098368,0.001035019105906687,0.01107559490197953
780,393,0,1,1629055008,4037676676,2408621669,0.8344393440197315,65507,0.0006385408891551363,0.0006385410737014691,0.00724905411565738
781,393,0,1,1629055008,4035728785,2406673778,0.8356065466847014,65483,0.0011672023345903715,0.0011672026649698548,0.011855240511699304
782,393,0,1,1629055008,4032644059,2403589052,0.8374568902813131,65452,0.0018503435436362735,0.0018503435966102024,0.018553414429922664
783,393,0,1,1629055008,4030260128,2401205121,0.838888496127435,65471,0.0014316057211096818,0.0014316058461218166,0.014645789168240319
784,393,0,1,1629055008,4029344140,2400289133,0.8394389461712066,65511,0.0005504494793435254,0.0005504500437730627,0.006325542004958294
785,393,0,1,1629055008,4027952370,2398897363,0.8402757128753215,65498,0.000836766229995985,0.0008367667041154974,0.009272569260460103
786,393,0,1,1629055008,4025536488,2396481481,0.8417293545537099,65470,0.0014536415241189304,0.0014536416783864944,0.01511707358986127
787,393,0,1,1629055008,4012701328,2383646321,0.84947695752588,65185,0.007747602548000805,0.0077476029721705855,0.06396710570648262
788,393,0,1,1629055008,4011464695,2382409688,0.8502256202915568,65502,0.0007486627160211863,0.0007486627656776349,0.008170396366872341
789,393,0,1,1629055008,4008520127,2379465120,0.852009839475766,65455,0.0017842189647608187,0.0017842191842079257,0.015594957959537597
790,393,0,1,1629055008,4007757664,2378702657,0.8524722029946368,65515,0.0004623634480924974,0.0004623635188711806,0.00539454427794825
791,393,0,1,1629055008,4007213222,2378158215,0.852802447581567,65521,0.00033024448458043404,0.0003302445869312334,0.0039922782726164955
792,393,0,1,1629055008,4004310196,2375255189,0.854564626200812,65456,0.0017621781119536897,0.0017621786192449772,0.017599813355580037
793,393,0,1,1629055008,4003657812,2374602805,0.8549609290665678,65518,0.0003963024539395264,0.0003963028657541259,0.004699172121844633
794,393,0,1,1629055008,4000831594,2371776587,0.8566790265207374,65458,0.0017180974165047324,0.0017180974541693198,0.016864148088829977
795,393,0,1,1629055008,3997900168,2368845161,0.8584632457716204,65455,0.0017842189647608187,0.0017842192508842863,0.017541605197663762
796,393,0,1,1629055008,3996888088,2367833081,0.8590797634004765,65508,0.0006165175324262582,0.0006165176288548765,0.006994427955843801
797,393,0,1,1629055008,3995768049,2366713042,0.859762352480427,65505,0.0006825886112264284,0.0006825890799526364,0.007603555221890572
798,393,0,1,1629055008,3994829106,2365774099,0.8603348245811198,65510,0.0005724718275307164,0.000572472100691474,0.0064696175295594835
799,393,0,1,1629055008,3993746140,2364691133,0.8609953895058453,65506,0.0006605645820851047,0.0006605649247257265,0.007376047371416315
800,393,0,1,1629055008,3992483258,2363428251,0.8617660780160037,65501,0.0007706880901105886,0.000770688510159499,0.008523020837851563
801,393,0,1,1629055008,3989273646,2360218639,0.8637266360915881,65447,0.0019605579105596736,0.0019605580755824546,0.018510611753344966
802,393,0,1,1629055008,3988301265,2359246258,0.8643211311443189,65509,0.0005944945118882062,0.0005944950527324961,0.006754761939587312
803,393,0,1,1629055008,3982181394,2353126387,0.8680683358631995,65366,0.003747204700206792,0.003747204718879631,0.028685618352060436
804,393,0,1,1629055008,3980134760,2351079753,0.869323667292452,65479,0.0012553314127252556,0.0012553314292513707,0.012239428698128833
805,393,0,1,1629055008,3979130270,2350075263,0.8699401850455324,65508,0.0006165175324262582,0.0006165177530815726,0.006916311874930047
806,393,0,1,1629055008,3977946913,2348891906,0.8706668227300227,65503,0.0007266376781842033,0.0007266376844915625,0.008057970776821487
807,393,0,1,1629055008,3977086723,2348031716,0.8711952502544911,65512,0.0005284274673163702,0.0005284275244689702,0.006078394740788874
808,393,0,1,1629055008,3976083535,2347028528,0.8718117681688504,65508,0.0006165175324262582,0.0006165179143565087,0.006948353279198081
809,393,0,1,1629055008,3974865899,2345810892,0.8725604311001831,65502,0.0007486627160211863,0.0007486629313344383,0.0082995527610177
810,393,0,1,1629055008,3972933010,2343878003,0.8737496654375683,65482,0.0011892340994270377,0.0011892343373835052,0.012489156331076464
811,393,0,1,1629055008,3971931597,2342876590,0.8743661831417917,65508,0.0006165175324262582,0.0006165177042236603,0.006940873039395941
812,393,0,1,1629055008,3970787614,2341732607,0.8750707962970665,65504,0.0007046129765893727,0.0007046131552766196,0.007908335349084215
813,393,0,1,1629055008,3969358333,2340303326,0.875951616822281,65496,0.000880820004703256,0.0008808205252146495,0.009452077576759596
814,393,0,1,1629055008,3967429982,2338374975,0.8771408512185559,65482,0.0011892340994270377,0.001189234396273528,0.01252159189350128
815,393,0,1,1629055008,3966252516,2337197509,0.8778674892508995,65503,0.0007266376781842033,0.0007266380323434077,0.008065451016623627
816,393,0,1,1629055008,3965467934,2336412927,0.8783518738981471,65514,0.000484384451701118,0.00048438464724609307,0.0056416925501822975
817,393,0,1,1629055008,3964647964,2335592957,0.8788582802230493,65513,0.0005064057914389884,0.0005064063249043034,0.005865803148077072
818,393,0,1,1629055008,3963329346,2334274339,0.8796730201629259,65499,0.0008147398470877202,0.0008147399398761,0.008981227803210931
819,393,0,1,1629055008,3961797763,2332742756,0.8806199236060266,65493,0.0009469031891450585,0.0009469034431005878,0.010162740321115674
820,393,0,1,1629055008,3960836702,2331781695,0.8812144184887849,65509,0.0005944945118882062,0.0005944948827588137,0.006722720535319278
821,393,0,1,1629055008,3958737472,2329682465,0.8825138166227049,65477,0.0012993979706836883,0.0012993981339196505,0.01347720380573198
822,393,0,1,1629055008,3957742124,2328687117,0.88313033432064,65508,0.0006165175324262582,0.0006165176979345692,0.006958348122216477
823,393,0,1,1629055008,3956036542,2326981535,0.8841873832591425,65488,0.001057048556915173,0.0010570489385029976,0.01076618088426991
824,393,0,1,1629055008,3951065573,2322010566,0.8872726090035741,65396,0.003085225654520128,0.003085225744432971,0.02450208020118753
825,393,0,1,1629055008,3945502895,2316447888,0.8907329188852167,65379,0.003460309819433334,0.0034603098816415427,0.027215830756031074
826,393,0,1,1629055008,3943240738,2314185731,0.8921424896756349,65472,0.0014095702546713536,0.0014095707904174374,0.014295920636945562
827,393,0,1,1629055008,3942463881,2313408874,0.8926268742631258,65514,0.000484384451701118,0.00048438458749061836,0.005618655211859437
828,393,0,1,1629055008,3941510785,2312455778,0.8932213693448396,65509,0.0005944945118882062,0.0005944950817157456,0.0067127256923008825
829,393,0,1,1629055008,3940416941,2311361934,0.8939039582538513,65505,0.0006825886112264284,0.0006825889090088548,0.0075406439508881595
830,393,0,1,1629055008,3939641032,2310586025,0.8943883427977362,65514,0.000484384451701118,0.00048438454388775756,0.0056111749720572975
831,393,0,1,1629055008,3938618586,2309563579,0.8950268839378701,65507,0.0006385408891551363,0.0006385411401310086,0.00720701786837095
832,393,0,1,1629055008,3937631833,2308576826,0.8956434020843531,65508,0.0006165175324262582,0.0006165181464838702,0.006958348122216477
833,393,0,1,1629055008,3936821633,2307766626,0.8961498078777197,65513,0.0005064057914389884,0.0005064057933658851,0.005835285569952072
834,393,0,1,1629055008,3933300260,2304245253,0.8983528674034567,65436,0.002203059159570524,0.002203059525740005,0.020755673145508254
835,393,0,1,1629055008,3929643620,2300588613,0.9006441194471506,65432,0.0022912515391492285,0.0022912520436907924,0.02178277929409431
836,393,0,1,1629055008,3928801119,2299746112,0.901172547094653,65512,0.0005284274673163702,0.0005284276475046226,0.0060899134099503035
837,393,0,1,1629055008,3927222008,2298167001,0.9021635078380577,65491,0.0009909603271466795,0.0009909607434048008,0.010262098321156796
838,393,0,1,1629055008,3926345326,2297290319,0.9027139578590706,65511,0.0005504494793435254,0.0005504500210133253,0.0063180617651561535
839,393,0,1,1629055008,3925048332,2295993325,0.9035286982524902,65499,0.0008147398470877202,0.0008147403934165275,0.00883424403763566
840,393,0,1,1629055008,3924172480,2295117473,0.9040791477658523,65511,0.0005504494793435254,0.0005504495133648802,0.0063140233357968645
841,393,0,1,1629055008,3923507086,2294452079,0.9044974704952011,65517,0.000418322449221962,0.00041832272934816183,0.004934802732935719
842,393,0,1,1629055008,3922736853,2293681846,0.9049818553706359,65514,0.000484384451701118,0.0004843848754340507,0.0056416925501822975
843,393,0,1,1629055008,3921686888,2292631881,0.905642420441076,65506,0.0006605645820851047,0.0006605650704411812,0.007408088775684349
844,393,0,1,1629055008,3920882283,2291827276,0.9061488268089981,65513,0.0005064057914389884,0.0005064063679226787,0.005865803148077072
845,393,0,1,1629055008,3917804878,2288749871,0.908087341305233,65448,0.0019385143635805371,0.001938514496235565,0.01881322005312292
846,393,0,1,1629055008,3916931789,2287876782,0.9086377909186005,65511,0.0005504494793435254,0.0005504496133673937,0.006306543095994724
847,393,0,1,1629055008,3916024123,2286969116,0.9092102627715839,65510,0.0005724718275307164,0.0005724718529811452,0.006542171354970913
848,393,0,1,1629055008,3915047024,2285992017,0.9098267805429856,65508,0.0006165175324262582,0.000616517771400826,0.006938710724789064
849,393,0,1,1629055008,3914070342,2285015335,0.9104432986060118,65508,0.0006165175324262582,0.0006165180630269831,0.006977347031180047
850,393,0,1,1629055008,3913338144,2284283137,0.9109056621128211,65515,0.0004623634480924974,0.0004623635068110603,0.00538302560878682
851,393,0,1,1629055008,3911281675,2282226668,0.9122050605397583,65477,0.0012993979706836883,0.0012993984269370651,0.012836241650359684
852,393,0,1,1629055008,3902366727,2273311720,0.9178516237304812,65280,0.005646563141142063,0.005646563190721999,0.040295935297291044
853,393,0,1,1629055008,3900493575,2271438568,0.9190408583783736,65482,0.0011892340994270377,0.0011892346478916934,0.012435004795712166
854,393,0,1,1629055008,3899280495,2270225488,0.9198115470599859,65501,0.0007706880901105886,0.0007706886816114777,0.008471980524619959
855,393,0,1,1629055008,3898691599,2269636592,0.9201858303878012,65519,0.0003742827947452993,0.0003742833278161821,0.004463541174757649
856,393,0,1,1629055008,3898068224,2269013217,0.9205821332816626,65518,0.0003963024539395264,0.00039630289386326467,0.004699172121844633
857,393,0,1,1629055008,3896025502,2266970495,0.9218815317300049,65477,0.0012993979706836883,0.0012993984483412888,0.013190760678900413
858,393,0,1,1629055008,3894468896,2265413889,0.9228724926260128,65491,0.0009909603271466795,0.0009909608960090247,0.010324969894130615
859,393,0,1,1629055008,3893639276,2264584269,0.923400920511174,65512,0.0005284274673163702,0.0005284278851592054,0.0060593958318253035
860,393,0,1,1629055008,3893086398,2264031391,0.9237531846080493,65520,0.0003522634716290214,0.0003522640968739711,0.004227909891679893
861,393,0,1,1629055008,3891566357,2262511350,0.9247221164487733,65492,0.0009689315899683129,0.0009689318407247057,0.010227661068732774
862,393,0,1,1629055008,3890979462,2261924455,0.9250963998057529,65519,0.0003742827947452993,0.00037428335698165604,0.004463541174757649
863,393,0,1,1629055008,3890013063,2260958056,0.9257129177288483,65508,0.0006165175324262582,0.0006165179230929422,0.006922268288589154
864,393,0,1,1629055008,3889254074,2260199067,0.9261973024325343,65514,0.000484384451701118,0.0004843847036879523,0.005599656302895868
865,393,0,1,1629055008,3888736755,2259681748,0.9265275472286554,65521,0.00033024448458043404,0.0003302447961192969,0.0039922782726164955
866,393,0,1,1629055008,3886840354,2257785347,0.9277388138173919,65481,0.001211266200721556,0.001211266588739163,0.012356445979247285
867,393,0,1,1629055008,3886185783,2257130776,0.9281571366905084,65517,0.000418322449221962,0.0004183228731162177,0.00492328406377429
868,393,0,1,1629055008,3883843789,2254788782,0.9296548510843969,65468,0.0014977141398913162,0.0014977143938886663,0.01492653542020531
869,393,0,1,1629055008,3882157927,2253102920,0.9307339297407609,65487,0.0010790786396167112,0.0010790786563632917,0.011253423514005271
870,393,0,1,1629055008,3881367195,2252312188,0.9312403359739001,65513,0.0005064057914389884,0.000506406233139097,0.005822243074647608
871,393,0,1,1629055008,3879236406,2250181399,0.9326058366208514,65474,0.0013655003314663333,0.0013655006469521732,0.014291302013427003
872,393,0,1,1629055008,3804180001,2175124994,0.9815488379063773,63350,0.04894300108446584,0.04894300128552367,0.2922346011196455
873,397,4,1,246577904,2901759775,2655181872,0.69383646131352,5000,3.712287620450551,3.7122876234071427,1.2693029041572543
874,397,0,1,246577904,2863999925,2617422022,0.714500588857522,64604,0.02066412733461656,0.020664127544003884,0.15772235193696763
875,397,0,1,246577904,2862082867,2615504964,0.7155576378860395,65488,0.001057048556915173,0.0010570490285166571,0.010821259626860803
876,397,0,1,246577904,2854539983,2607962080,0.7197242532061239,65347,0.004166615255697727,0.004166615320085529,0.03592214412358747
877,397,0,1,246577904,2804637876,2558059973,0.7475970578163036,64282,0.027872804300100293,0.027872804610179148,0.16729823848836495
878,397,0,1,246577904,2803662053,2557084150,0.748147507612483,65511,0.0005504494793435254,0.0005504497961781971,0.006325542004958294
879,397,0,1,246577904,2802881692,2556303789,0.7485878508709938,65516,0.0004403427806028656,0.00044034325851030295,0.005158914338864347
880,397,0,1,246577904,2802179582,2555601679,0.7489841534348294,65518,0.0003963024539395264,0.00039630256383602747,0.004699172121844633
881,397,0,1,246577904,2801555655,2554977752,0.7493364173631782,65520,0.0003522634716290214,0.0003522639283478092,0.004227909891679893
882,397,0,1,246577904,2800425064,2553847161,0.7499749587433868,65507,0.0006385408891551363,0.0006385413802107297,0.007157895539439163
883,397,0,1,246577904,2785500084,2538922181,0.7584309695418767,65153,0.008456010567704154,0.008456010798487412,0.06404252328041563
884,397,0,1,246577904,2776705904,2530128001,0.7634367722654396,65309,0.005005802328615196,0.005005802723564188,0.04378567755161585
885,397,0,1,246577904,2775895163,2529317260,0.7638991360107994,65515,0.0004623634480924974,0.0004623637453587369,0.00539454427794825
886,397,0,1,246577904,2771649787,2525071884,0.7663226867773716,65426,0.002423550217891068,0.0024235507665721556,0.023323695194330293
887,397,0,1,246577904,2770570959,2523993056,0.7669392048248724,65508,0.0006165175324262582,0.0006165180475011899,0.007001908195645941
888,397,0,1,246577904,2769762184,2523184281,0.7674015684843098,65515,0.0004623634480924974,0.0004623636594372493,0.005406062947109679
889,397,0,1,246577904,2768222154,2521644251,0.768282388793164,65496,0.000880820004703256,0.0008808203088540274,0.009554158203222805
890,397,0,1,246577904,2767221745,2520643842,0.7688548610896611,65510,0.0005724718275307164,0.0005724722964965929,0.006519134016648054
891,397,0,1,246577904,2764298635,2517720732,0.7705288792009704,65460,0.0016740180678742555,0.0016740181113121578,0.016791821668885452
892,397,0,1,246577904,2762493018,2515915115,0.7715638983730173,65489,0.0010350188106098368,0.0010350191720470557,0.01105280189396373
893,397,0,1,246577904,2760803866,2514225963,0.7725328299665932,65492,0.0009689315899683129,0.0009689315935757109,0.01032936369930731
894,397,0,1,246577904,2759230940,2512653037,0.7734356774844855,65495,0.0009028473965228007,0.0009028475178913492,0.009887248699593058
895,397,0,1,246577904,2758119078,2511541175,0.7740742188115348,65507,0.0006385408891551363,0.0006385413270481254,0.007151300637316213
896,397,0,1,246577904,2756931062,2510353159,0.7747568077748532,65505,0.0006825886112264284,0.0006825889633183684,0.007615073891052001
897,397,0,1,246577904,2753253786,2506675883,0.7768716804434384,65440,0.00211487217088883,0.0021148726685857734,0.019710326568761573
898,397,0,1,246577904,2752259316,2505681413,0.7774441523848452,65510,0.0005724718275307164,0.0005724719414090153,0.0065306526858094835
899,397,0,1,246577904,2751303474,2504725571,0.777994602092587,65511,0.0005504494793435254,0.0005504497077406208,0.0063485793432811535
900,397,0,1,246577904,2749468958,2502891055,0.779051650765318,65488,0.001057048556915173,0.0010570486727322715,0.011137177056504919
901,397,0,1,246577904,2746948346,2500370443,0.7805052924514548,65470,0.0014536415241189304,0.0014536416861339353,0.014978653201990818
902,397,0,1,246577904,2745918225,2499340322,0.7810997870328791,65509,0.0005944945118882062,0.0005944945814260846,0.006785279517712312
903,397,0,1,246577904,2744964802,2498386899,0.7816502367032321,65511,0.0005504494793435254,0.0005504496703526221,0.006337060674119724
904,397,0,1,246577904,2742639338,2496061435,0.7829937026472749,65475,0.00134346587467908,0.0013434659440436896,0.01387194189779925
905,397,0,1,246577904,2740544559,2493966656,0.7842049693565905,65481,0.001211266200721556,0.001211266709313696,0.012768729074484715
906,397,0,1,246577904,2736777122,2490199219,0.7863859817258536,65437,0.002181011907029251,0.002181012369263908,0.019570616312757194
907,397,0,1,246577904,2735523206,2488945303,0.7871126199767176,65503,0.0007266376781842033,0.0007266382508646627,0.008082926099444162
908,397,0,1,246577904,2722572608,2475994705,0.7946389167113246,65195,0.007526296359364824,0.007526296734604572,0.055286956087428604
909,397,0,1,246577904,2721288064,2474710161,0.7953875799220569,65502,0.0007486627160211863,0.0007486632107353737,0.008331594165285734
910,397,0,1,246577904,2719664337,2473086434,0.796334483429419,65493,0.0009469031891450585,0.0009469035073589576,0.010230285762898868
911,397,0,1,246577904,2718003939,2471426036,0.7973034153777441,65492,0.0009689315899683129,0.0009689319483274874,0.010444084918678494
912,397,0,1,246577904,2712648981,2466071078,0.800432763791104,65394,0.0031293481422027154,0.0031293484133590134,0.02702158700269798
913,397,0,1,246577904,2705875714,2459297811,0.8044006959771366,65356,0.0039679318989496466,0.003967932186033979,0.03374270106636037
914,397,0,1,246577904,2704862514,2458284611,0.8049951907962054,65509,0.0005944945118882062,0.0005944948190692779,0.0067417194442828485
915,397,0,1,246577904,2703699690,2457121787,0.8056777795035011,65505,0.0006825886112264284,0.0006825887072957021,0.007655234023586019
916,397,0,1,246577904,2702537416,2455959513,0.8063603682354383,65505,0.0006825886112264284,0.0006825887319367424,0.007529125281726729
917,397,0,1,246577904,2700176493,2453598590,0.8077479033639037,65473,0.0013875351247936642,0.001387535128463193,0.014252900639866346
918,397,0,1,246577904,2696058209,2449480306,0.8101714537195122,65426,0.002423550217891068,0.002423550355609766,0.02255795577290089
919,397,0,1,246577904,2694563164,2447985261,0.8110522742357169,65496,0.000880820004703256,0.000880820516203036,0.00956545336488145
920,397,0,1,246577904,2693367858,2446789955,0.8117568876231438,65504,0.0007046129765893727,0.0007046133874285722,0.007832733871386716
921,397,0,1,246577904,2692583821,2446005918,0.8122192516092213,65515,0.0004623634480924974,0.0004623639860788727,0.005406062947109679
922,397,0,1,246577904,2691650743,2445072840,0.8127697015554602,65511,0.0005504494793435254,0.0005504499462378084,0.006337060674119724
923,397,0,1,246577904,2689747991,2443170088,0.8138928417322155,65485,0.001123139814249491,0.0011231401767532764,0.011825262233060293
924,397,0,1,246577904,2689002394,2442424491,0.8143331849024698,65516,0.0004403427806028656,0.0004403431702565193,0.005139915429900777
925,397,0,1,246577904,2687325314,2440747411,0.8153241453449276,65491,0.0009909603271466795,0.0009909604424580742,0.010339580845184614
926,397,0,1,246577904,2686170785,2439592882,0.8160067343423911,65505,0.0006825886112264284,0.000682588997461262,0.007665228866604415
927,397,0,1,246577904,2684123397,2437545494,0.8172180006465908,65481,0.001211266200721556,0.0012112663042002706,0.011910400918385081
928,397,0,1,246577904,2678618686,2432040783,0.8204797244121238,65388,0.003261723702316598,0.0032617237655327446,0.02643964669120663
929,397,0,1,246577904,2677022956,2430445053,0.8214266276702062,65493,0.0009469031891450585,0.0009469032580817386,0.010297458970763354
930,397,0,1,246577904,2676058729,2429480826,0.821999099581948,65510,0.0005724718275307164,0.000572471911744569,0.006511653776845913
931,397,0,1,246577904,2675465594,2428887691,0.822351363073011,65520,0.0003522634716290214,0.0003522634910607853,0.004227909891679893
932,397,0,1,246577904,2674872603,2428294700,0.82270362704433,65520,0.0003522634716290214,0.00035226397132105523,0.004227909891679893
933,397,0,1,246577904,2672945855,2426367952,0.823848798245649,65484,0.001145170906201281,0.0011451712013190226,0.011849773309750011
934,397,0,1,246577904,2671798128,2425220225,0.8245313871306408,65505,0.0006825886112264284,0.0006825888849894131,0.007499598480674951
935,397,0,1,246577904,2671132021,2424554118,0.8249276898052287,65518,0.0003963024539395264,0.000396302674590001,0.004699172121844633
936,397,0,1,246577904,2670540088,2423962185,0.8252799537781712,65520,0.0003522634716290214,0.0003522639729407828,0.004227909891679893
937,399,2,0,493155808,4147962315,3654806508,0.23285211667270644,49407,0.4075721626517888,0.4075721628945374,0.9574484204561833
938,407,8,1,1661103104,4230888959,2569785856,0.7409990034657419,90,9.508146903670326,9.508146886793035,1.5977673339730958
939,409,2,0,701583638,2185986307,1484402670,1.5327646448829775,18928,1.7917656416602117,1.7917656414172358,2.1293596215809285
940,409,0,0,701583638,2184423444,1482839807,1.5342843959149022,65467,0.0015197509526750181,0.001519751031921369,0.015106798507932359
941,409,0,0,701583638,2171119156,1469535519,1.5472869163433955,64948,0.013002520250950484,0.013002520428494523,0.08430597880364152
942,410,1,0,1403167276,4242454483,2839287208,0.5971183538025677,63311,0.04983143727828699,0.049831437459170895,0.23219955267799708
943,410,0,0,1403167276,4240548223,2837380948,0.5980872855338006,65492,0.0009689315899683129,0.0009689317312347998,0.010322014606178495
944,410,0,1,658850904,3369810457,2710959554,0.6638435568805008,31308,1.0657562704613917,1.0657562713466981,2.561447602542489
945,410,0,1,658850904,3287037171,2628186268,0.7085796182999005,63535,0.044736061388059696,0.04473606141940279,0.2551443008773289
946,410,0,1,658850904,2816790097,2157939194,0.9929929326014282,53810,0.2844133136578637,0.2844133143015247,1.0975420738332768
947,410,0,1,658850904,2815966908,2157116005,0.9935433824323816,65511,0.0005504494793435254,0.000550449830953125,0.006337060674119724
948,413,3,0,1209832448,3476752819,2266920372,0.9219134302496919,17218,1.928370047846755,1.9283700478173116,2.54609684510589
949,413,0,0,1209832448,3449668488,2239836041,0.9392540170762267,64753,0.017340586186320558,0.01734058682653599,0.11574209159690058
950,413,0,1,272181248,3723803583,3451622336,0.3153725273215535,50496,0.37611850998654145,0.3761185102453273,1.1980555198429066
951,413,0,1,272181248,3673295376,3401114129,0.33663972756583505,64577,0.021267200025975454,0.021267200244280682,0.121728750683421
952,413,0,1,272181248,2244626081,1972444834,1.122662194990511,38007,0.7860224667563855,0.7860224674246744,1.161473131983397
953,413,0,1,272181248,2236951315,1964770068,1.1282866585505467,65281,0.005624463202555238,0.00562446356003813,0.04854994200968858
954,415,2,0,544362496,3855834703,3311472208,0.37517439575448464,55228,0.2468877371539452,0.2468877372039361,0.9573029059697431
955,415,0,0,544362496,3652657369,3108294874,0.46652377190838124,61515,0.09134937606426528,0.09134937615389845,0.5022391706666975
956,415,0,0,544362496,2531203018,1986840523,1.1121710690529945,41891,0.6456472965750444,0.645647297144612,2.0562900800219377
957,415,0,0,544362496,2514407521,1970045026,1.1244185427053992,64982,0.012247473186995336,0.012247473652402887,0.08938018180151924
958,415,0,0,544362496,2503916405,1959553910,1.1321218820198844,65187,0.007703338594360387,0.007703339314487224,0.06631510596721918
959,415,0,0,544362496,2502481184,1958118689,1.133178931203851,65488,0.001057048556915173,0.0010570491839662648,0.011161384049797283
960,415,0,0,544362496,2496385965,1952023470,1.1376767468787925,65332,0.004497815000237805,0.004497815674943066,0.03873291885554408
961,415,0,0,544362496,2495403043,1951040548,1.1384033845759554,65503,0.0007266376781842033,0.0007266376971623691,0.008126486172873627
962,415,0,0,544362496,2494599239,1950236744,1.138997879134667,65509,0.0005944945118882062,0.0005944945587097175,0.006796798186873742
963,416,1,0,1088724992,4018722393,2929997402,0.5517477605892118,49230,0.4127498808777687,0.4127498814545453,1.03323522207459
964,416,0,0,1088724992,4012194994,2923470003,0.5549653577565259,65390,0.0032175971660184,0.0032175971673135476,0.027848547078335895
965,416,0,0,1088724992,4007912567,2919187576,0.5570802300449351,65440,0.00211487217088883,0.0021148722884087377,0.02023420882727767
966,416,0,0,1088724992,4006754442,2918029451,0.5576527018952788,65510,0.0005724718275307164,0.0005724718503439994,0.006572688933095913
967,416,0,0,1088724992,4004661738,2915936747,0.5586877211977139,65489,0.0010350188106098368,0.0010350193024351332,0.011073963117534178
968,416,0,0,1088724992,4001191232,2912466241,0.5604058187272152,65458,0.0017180974165047324,0.0017180975295037863,0.016448832271551576
969,416,0,0,1088724992,3600424927,2511699936,0.7739830252166406,56518,0.21357720646188585,0.21357720648942397,0.6061665600472579
970,416,0,0,1088724992,3598048746,2509323755,0.7753485255655121,65474,0.0013655003314663333,0.001365500348871479,0.013394475513989777
971,416,0,0,1088724992,3566383542,2477658551,0.7936697643144051,64709,0.01832123818062403,0.018321238748894093,0.10766308651246811
972,416,0,0,1088724992,3563699311,2474974320,0.7952335899531491,65465,0.0015638255880888565,0.0015638256387432974,0.015740146107684323
973,416,0,0,1088724992,3560602571,2471877580,0.7970398506275451,65454,0.0018062601543034325,0.0018062606743958773,0.017885668306002286
974,416,0,0,1088724992,3559471035,2470746044,0.7977004153512617,65506,0.0006605645820851047,0.0006605647237148007,0.007409964890436762
975,416,0,0,1088724992,3557925310,2469200319,0.7986032631560711,65495,0.0009028473965228007,0.0009028478048100355,0.009844327114627438
976,416,0,0,1088724992,3556568937,2467843946,0.7993959773975874,65500,0.0007927138004626774,0.000792714241515342,0.008697610579977595
977,416,0,0,1088724992,3554158933,2465433942,0.8008055477379763,65472,0.0014095702546713536,0.0014095703403893803,0.014652307382081165
978,416,0,0,1088724992,3252675967,2163950976,0.9889793305286929,57522,0.18817378229643283,0.18817378279071648,0.5553498293195562
979,416,0,0,1088724992,3249473097,2160748106,0.9911162493860779,65439,0.0021369184126987005,0.002136918857386074,0.019101923149987078
980,416,0,0,1088724992,3246736553,2158011562,0.9929445516255377,65453,0.001828301680591821,0.0018283022394612882,0.0180268067320203
981,416,0,0,1088724992,3224114575,2135389584,1.0081478444907148,64849,0.015203292791838404,0.01520329286517682,0.09062586721064085
982,416,0,1,29966336,2862511611,2832545276,0.6005481294423944,43466,0.5924002841095964,0.592400284951679,1.4623454610320332
983,416,0,1,29966336,2775420871,2745454536,0.64560212518154,63521,0.045053995695045396,0.04505399573914577,0.2285907592932237
984,416,0,1,29966336,2771231639,2741265304,0.6478051847807968,65436,0.002203059159570524,0.002203059599257421,0.02045315824153824
985,416,0,1,29966336,2770562384,2740596049,0.648157448660605,65520,0.0003522634716290214,0.00035226387980741053,0.004227909891679893
986,416,0,1,29966336,2769056929,2739090594,0.6489501627915146,65500,0.0007927138004626774,0.0007927141309075381,0.008366594138425729
987,416,0,1,29966336,2767552301,2737585966,0.6497428769073892,65500,0.0007927138004626774,0.00079271411587505,0.008734328902068763
988,416,0,1,29966336,2766925717,2736959382,0.6500731215490845,65521,0.00033024448458043404,0.00033024464169529216,0.0039922782726164955
989,416,0,1,29966336,2764795820,2734829485,0.6511962613738795,65485,0.001123139814249491,0.001123139824794247,0.011565144644103497
990,416,0,1,29966336,2759579546,2729613211,0.653950611757331,65411,0.0027543500024802443,0.0027543503834532982,0.024788326956209365
991,416,0,1,29966336,2754123318,2724156983,0.6568373031373511,65405,0.0028866911572534176,0.0028866913800209924,0.02448013397789899
992,416,0,1,29966336,2753125701,2723159366,0.6573657310906746,65512,0.0005284274673163702,0.000528427953321209,0.006112950748273164
993,416,0,1,29966336,2751546720,2721580385,0.6582024976677339,65498,0.000836766229995985,0.0008367665770616846,0.008911037759691522
994,416,0,1,29966336,2748888926,2718922591,0.6596120682701034,65472,0.0014095702546713536,0.0014095706023677266,0.014631106654530044
995,416,0,1,29966336,2408567239,2378600904,0.85253391801729,57333,0.19292184914321994,0.1929218497471872,0.6029407442189681
996,416,0,1,29966336,2406425859,2376459524,0.8538333162320058,65477,0.0012993979706836883,0.0012993982147152124,0.013001817742095008
997,416,0,1,29966336,2293433795,2263467460,0.9241125797125349,62420,0.07027926319342738,0.07027926348052975,0.307806197862935
998,416,0,1,29966336,2290429008,2260462673,0.92602905137052,65449,0.0019164711534089207,0.0019164716579860724,0.019381575637242604
999,418,2,0,59932672,4228419545,4168486874,0.04312335359803754,60427,0.11709430165570034,0.11709430222751649,0.47412132232612403
1000,418,0,0,59932672,4226511363,4166578692,0.04378391822942618,65506,0.0006605645820851047,0.0006605646313899889,0.007405041123398281
1001,418,0,0,59932672,4221043745,4161111074,0.045678346751422794,65450,0.0018944282800345323,0.0018944285219945156,0.016522330744406524
1002,418,0,0,59932672,4219773874,4159841203,0.0461186897668604,65516,0.0004403427806028656,0.0004403430154395655,0.005170433008025777
1003,418,0,0,59932672,4218821761,4158889090,0.04644893456650934,65521,0.00033024448458043404,0.0003302447996467565,0.0039922782726164955
1004,418,0,0,59932672,4198895443,4138962772,0.05337787374235248,65222,0.006928939164205971,0.006928939175843236,0.0544152361391389
1005,418,0,0,59932672,4194790331,4134857660,0.0548094796756331,65471,0.0014316057211096818,0.0014316059332797966,0.014844635892374706
1006,418,0,0,59932672,4180972981,4121040310,0.05963857058928923,65317,0.004829090795818638,0.004829090913658846,0.04071423967077096
1007,418,0,0,59932672,4093504001,4033571330,0.09058937712100601,64145,0.030950806520418355,0.03095080653171573,0.15995450563525793
1008,418,0,0,59932672,4091842220,4031909549,0.09118387192612332,65509,0.0005944945118882062,0.0005944948051170921,0.006796798186873742
1009,418,0,0,59932672,4090242646,4030309975,0.09175634393603005,65510,0.0005724718275307164,0.000572472009908792,0.0065306526858094835
1010,418,0,0,59932672,4088889697,4028957026,0.0922407286402418,65514,0.000484384451701118,0.00048438470420932483,0.005599656302895868
1011,418,0,0,59932672,4085754369,4025821698,0.09336386871412827,65485,0.001123139814249491,0.001123140073887924,0.011809172085469761
1012,418,0,0,59932672,4080717177,4020784506,0.0951701290637601,65454,0.0018062601543034325,0.0018062603496294552,0.0179969791255606
1013,418,0,0,59932672,4073538957,4013606286,0.09774804328774778,65419,0.002577914011629573,0.002577914223989517,0.023458334906227132
1014,418,0,0,59932672,4071762916,4011830245,0.09838658440013504,65507,0.0006385408891551363,0.0006385411123860274,0.007170938034743626
1015,418,0,0,59932672,4041644805,3981712134,0.10925822376568561,65044,0.010871639133588283,0.010871639365551319,0.0674549787066232
1016,418,0,0,59932672,2877983115,2818050444,0.6079497094345747,46383,0.4986914855646974,0.4986914856688899,1.3729882831666755
1017,418,0,0,59932672,2877037114,2817104443,0.6084340939782358,65514,0.000484384451701118,0.0004843845436600777,0.005599656302895868
1018,418,0,0,59932672,2874457977,2814525306,0.6097555261695042,65476,0.0013214317544216249,0.001321432191267448,0.01373647705803079
1019,418,0,0,59932672,2873384320,2813451649,0.6103059760596459,65511,0.0005504494793435254,0.0005504498901441134,0.0063140233357968645
1020,418,0,0,59932672,2872354003,2812421332,0.6108344036470044,65512,0.0005284274673163702,0.0005284275873565226,0.006051915592023164
1021,418,0,0,59932672,2870894922,2810962251,0.6115830664188486,65502,0.0007486627160211863,0.0007486627718434254,0.008295514331658411
1022,418,0,0,59932672,2869136354,2809203683,0.6124859142867791,65495,0.0009028473965228007,0.0009028478679313995,0.009725304454413506
1023,418,0,0,59932672,2868279053,2808346382,0.6129262571040357,65516,0.0004403427806028656,0.00044034281725660563,0.005139915429900777
1024,418,0,0,59932672,2867079197,2807146526,0.6135427751392939,65508,0.0006165175324262582,0.0006165180352583895,0.007013426864807371
1025,418,0,0,59932672,2866094022,2806161351,0.6140491813912377,65513,0.0005064057914389884,0.0005064062519445249,0.005846804239113502
1026,418,0,0,59932672,2862925443,2802992772,0.6156791218763686,65462,0.0016299400659799616,0.001629940485130358,0.01611039361161586
1027,418,0,0,59932672,2854456928,2794524257,0.6200444480923935,65338,0.004365325978252387,0.004365326216025921,0.03283156544865115
1028,418,0,0,59932672,2853518824,2793586153,0.6205288329388097,65514,0.000484384451701118,0.0004843848464160012,0.005630173881020868
1029,418,0,0,59932672,2849298776,2789366105,0.622709845134537,65437,0.002181011907029251,0.0021810121957277807,0.018622703599380765
1030,418,0,0,59932672,2847596282,2787663611,0.6235906651596466,65496,0.000880820004703256,0.0008808200251087236,0.009646307556514244
1031,418,0,0,59932672,2846320190,2786387519,0.6242512301919163,65506,0.0006605645820851047,0.0006605650322697768,0.007429602287864176
1032,418,0,0,59932672,2845129716,2785197045,0.6248677481474516,65508,0.0006165175324262582,0.0006165179555350894,0.006864280784625221
1033,418,0,0,59932672,2843897252,2783964581,0.6255062894035,65507,0.0006385408891551363,0.000638541256048157,0.007157895539439163
1034,418,0,0,59932672,2843005173,2783072502,0.6259686531137483,65515,0.0004623634480924974,0.00046236371024978496,0.00539454427794825
1035,418,0,0,59932672,2841094188,2781161517,0.6269596138395919,65491,0.0009909603271466795,0.000990960725841327,0.010191428060983974
1036,418,0,0,59932672,2818262997,2758330326,0.6388519077457637,64998,0.011892293609047758,0.011892293906174307,0.07235650253284044
1037,419,1,0,119865344,3258257357,3138392014,0.4526215765851411,37283,0.8137696684254456,0.8137696688393763,1.1615999371332304
1038,419,0,0,119865344,3254138983,3134273640,0.4545160051830628,65450,0.0018944282800345323,0.0018944285979211781,0.018460415059594795
1039,419,0,0,119865344,3252178148,3132312805,0.4554188530245966,65495,0.0009028473965228007,0.0009028478415333861,0.009309973706890006
1040,419,0,0,119865344,3227706954,3107841611,0.46673416635034926,65024,0.011315313227834146,0.011315313325753784,0.07441349806910515
1041,419,0,0,119865344,3226568828,3106703485,0.4672625940080799,65512,0.0005284274673163702,0.0005284276577285787,0.0060593958318253035
1042,419,0,0,119865344,3225099287,3105233944,0.4679451828386547,65505,0.0006825886112264284,0.0006825888305749376,0.007512640975979415
1043,419,0,0,119865344,3221877303,3102011960,0.46944289722857135,65468,0.0014977141398913162,0.0014977143899191862,0.013591898450772986
1044,419,0,0,119865344,3209996733,3090131390,0.47497896430108355,65285,0.005536066833433702,0.005536067072511627,0.04380419393419152
1045,419,0,0,119865344,3207827756,3087962413,0.47599195393511806,65490,0.00101298940069043,0.0010129896340335517,0.009935515716292736
1046,419,0,1,935852564,2225393507,1289540944,1.7357895653891404,13684,2.2597976112321003,2.2597976114540232,2.203497237935976
1047,419,0,1,935852564,2221064603,1285212040,1.7406407447113459,65316,0.004851178553749898,0.004851179322203794,0.03618203409486603
1048,421,2,0,1871705128,4033479785,2161774658,0.9904310007068595,55117,0.24979025568317664,0.2497902559955156,0.9640739650528017
1049,423,2,2,811931920,2438540671,1626608752,1.4007798645347336,3082,4.410348853485215,4.410348863827873,1.7675700755878956
1050,423,0,2,811931920,2259215594,1447283675,1.5692994208234943,58311,0.1685195560899297,0.1685195562887602,0.7421372472694062
1051,423,0,4,692731568,2197256439,1504524872,1.5133391892830268,17032,1.944039765547706,1.9440397684595343,1.3234631130976824
1052,428,5,0,1385463136,4120403579,2734940444,0.6511377287477735,59566,0.1377985385542328,0.1377985394647458,0.5485904731639809
1053,433,5,2,338284800,2448248575,2109963776,1.0254289151541514,395,7.374291156935535,7.374291186406377,0.8371424289761662
1054,436,3,0,676569600,3751754229,3075184630,0.48197411546783187,47758,0.4565451994780217,0.4565452003136789,1.3340487948195925
1055,436,0,0,676569600,3578043085,2901473486,0.5658614005762317,61834,0.08388728485860425,0.08388728510840197,0.41576073002033354
1056,436,0,0,676569600,3278182246,2601612647,0.723240970219468,58763,0.1573795694399362,0.1573795696432344,0.6361415315117818
1057,437,1,6,2044696064,4067043455,2022347392,1.086616306207226,398,7.363375379456351,7.363375335987759,2.39896561931875
1058,437,0,6,2044696064,4030136602,1985440539,1.113187991081535,64340,0.02657168445989915,0.026571684874309436,0.17207525445192126
1059,445,8,0,844608920,2878279767,2033670848,1.0785609498000532,16782,1.9653729608026522,1.965372958718517,1.0963599934365025
1060,445,0,0,844608920,2865712068,2021103149,1.0875041930475469,65131,0.008943242940078845,0.00894324324749356,0.06571195868562882
1061,445,0,0,844608920,2828766243,1984157324,1.1141207243433264,64338,0.026616531132710515,0.026616531295781575,0.1505514658951647
1062,445,0,0,844608920,2828100174,1983491255,1.1146051092040743,65514,0.000484384451701118,0.0004843848607474965,0.005618655211859437
1063,445,0,0,844608920,2827525126,1982916207,1.1150234317852181,65517,0.000418322449221962,0.00041832258114367577,0.004879723990344825
1064,445,0,0,844608920,2825618941,1981010022,1.1164109671224693,65473,0.0013875351247936642,0.0013875353372516555,0.013463810107377504
1065,445,0,0,844608920,2671880278,1827271359,1.2329562486585353,60450,0.11654528097615176,0.11654528153606439,0.515209854859189
1066,445,0,0,844608920,2671127465,1826518546,1.2335507434846846,65509,0.0005944945118882062,0.0005944948261524093,0.006703721626355708
1067,445,0,0,844608920,2670625796,1826016877,1.2339470464902433,65518,0.0003963024539395264,0.00039630300555674086,0.004699172121844633
1068,445,0,0,844608920,2660595185,1815986266,1.2418938542046334,65176,0.007946807147361503,0.00794680771439035,0.05308808088614482
1069,445,0,0,844608920,2613405478,1768796559,1.2798790223494407,63833,0.03798516780934824,0.03798516814480769,0.1813269587127645
1070,445,0,0,844608920,2608709271,1764100352,1.2837145141348643,65362,0.0038354915272883166,0.003835491785423933,0.030232767485130055
1071,445,0,0,844608920,2608117074,1763508155,1.284198898771912,65514,0.000484384451701118,0.00048438463704792497,0.005630173881020868
1072,445,0,0,844608920,2607659621,1763050702,1.2845731815813046,65519,0.0003742827947452993,0.0003742828093916407,0.004463541174757649
1073,445,0,0,844608920,2594477631,1749868712,1.2954004614714272,65046,0.010827279227646163,0.010827279890121876,0.06767396726532851
1074,445,0,0,844608920,2593089185,1748480266,1.2965456326801963,65484,0.001145170906201281,0.001145171208769858,0.011648851700260298
1075,445,0,0,844608920,2590474575,1745865656,1.2987045978593805,65438,0.0021589649914087418,0.002158965179183363,0.020134730736392464
1076,445,0,0,844608920,2579605538,1734996619,1.3077142945973428,65128,0.00900969646917752,0.009009696737961852,0.058685214847348274
1077,445,0,0,844608920,2578864267,1734255348,1.3083308125223034,65508,0.0006165175324262582,0.0006165179249602164,0.006823235314412013
1078,445,0,0,844608920,2577726373,1733117454,1.309277716235016,65493,0.0009469031891450585,0.0009469037127148095,0.010322414293386031
1079,445,0,0,844608920,2453380696,1608771777,1.4166874685189583,60834,0.10740975202170853,0.10740975228394084,0.44701924163837514
1080,449,4,1,1038816256,3188820319,2150004064,0.9983077591724445,2737,4.581620280635043,4.581620290653485,2.314170727501814
1081,449,0,1,1038816256,3153192505,2114376250,1.0224150210860437,64450,0.02410726186362434,0.02410726191359945,0.15168287150041992
1082,449,0,1,1038816256,3052629291,2013813036,1.0927173974040478,62419,0.0703023760834845,0.07030237631800663,0.3915069910550297
1083,449,0,1,1038816256,3046329979,2007513724,1.0972372955169476,65331,0.004519897686857845,0.004519898112896959,0.03929673537048107
1084,449,0,1,1038816256,3044737103,2005920848,1.0983824665097117,65484,0.001145170906201281,0.0011451709927672881,0.011603486532411243
1085,449,0,1,1038816256,3042533332,2003717077,1.0999683303071777,65464,0.0015858634107395607,0.001585863797463388,0.014593986777534776
1086,449,0,1,1038816256,3041891271,2003075016,1.1004306943166284,65515,0.0004623634480924974,0.00046236400945039277,0.005375545368984679
1087,449,0,1,1038816256,3040760384,2001944129,1.101245434546822,65499,0.0008147398470877202,0.000814740230195328,0.008804717236583881
1088,449,0,1,1038816256,2692613453,1653797198,1.3768648156026764,54139,0.2756193806325243,0.2756193810558556,0.9451204253179363
1089,449,0,1,1038816256,2643430549,1604614294,1.4204205919724586,63587,0.043555775578986246,0.04355577636977953,0.2260429499617634
1090,449,0,1,1038816256,2621786276,1582970021,1.4400132126891059,64652,0.019592620168280672,0.01959262071664698,0.1392672973445957
1091,449,0,1,1038816256,2606037733,1567221478,1.4544380717337333,64884,0.014424858196844512,0.014424859044627394,0.08843036031651656
1092,449,0,1,1038816256,2547209534,1508393279,1.5096345186732947,63076,0.05519644673839757,0.05519644693956394,0.33625549646670816
1093,449,0,1,1038816256,2239298076,1200481821,1.839033589135724,52158,0.32939907000351665,0.3293990704624297,1.1091417874067278
1094,449,0,1,1038816256,2228893509,1190077254,1.8515919167283457,64968,0.0125583270638801,0.012558327592620468,0.08540327422477403
1095,449,0,1,1038816256,2228385053,1189568798,1.8522084344329492,65508,0.0006165175324262582,0.0006165177046031082,0.006916311874930047
1096,449,0,1,1038816256,2228003874,1189187619,1.8526707979215082,65515,0.0004623634480924974,0.0004623634885588146,0.00532199045253682
1097,449,0,1,1038816256,2219203275,1180387020,1.863387184486136,65051,0.010716385429818441,0.01071638656462964,0.07430858841510822
1098,449,0,1,1038816256,2218807026,1179990771,1.8638715700576398,65514,0.000484384451701118,0.00048438557150224694,0.005630173881020868
1099,449,0,1,1038816256,2218464926,1179648671,1.86428989327106,65517,0.000418322449221962,0.0004183232134208549,0.00492328406377429
1100,449,0,1,1038816256,2218068925,1179252670,1.8647742786705876,65514,0.000484384451701118,0.00048438539952814813,0.005586613807591404
1101,449,0,1,1038816256,2217781021,1178964766,1.8651265427737833,65520,0.0003522634716290214,0.000352264103195074,0.004227909891679893
1102,449,0,1,1038816256,2217385250,1178568995,1.8656109276626331,65514,0.000484384451701118,0.0004843848888503402,0.005630173881020868
1103,449,0,1,1038816256,2216881711,1178065456,1.8662274451958822,65508,0.0006165175324262582,0.0006165175332484486,0.006945305626912013
1104,449,0,1,1038816256,2215443642,1176627387,1.867989624308855,65456,0.0017621781119536897,0.0017621791129717752,0.017327149131248217
1105,449,0,1,1038816256,2214815255,1175999000,1.868760312621479,65501,0.0007706880901105886,0.0007706883126258682,0.00840715126931773
1106,449,0,1,1038816256,2214133370,1175317115,1.8695970798509123,65498,0.000836766229995985,0.0008367672294328678,0.008850885422212426
1107,449,0,1,1038816256,2213577418,1174761163,1.8702796692062051,65505,0.0006825886112264284,0.0006825893552935744,0.0075406439508881595
1108,449,0,1,1038816256,2212985878,1174169623,1.8710063077667094,65503,0.0007266376781842033,0.00072663856050169,0.008113443677569162
1109,449,0,1,1038816256,2212018392,1173202137,1.8721955419196874,65482,0.0011892340994270377,0.0011892341529791174,0.012422558919324141
1110,449,0,1,1038816256,2211356031,1172539776,1.873010281981312,65499,0.0008147398470877202,0.0008147400616233073,0.008642528661097267
1111,449,0,1,1038816256,2211016091,1172199836,1.8734286054088898,65517,0.000418322449221962,0.000418323427578828,0.00492328406377429
1112,449,0,1,1038816256,2210568932,1171752677,1.873979055194912,65511,0.0005504494793435254,0.0005504497860233054,0.006306543095994724
1113,449,0,1,1038816256,2210032546,1171216291,1.8746396200135607,65506,0.0006605645820851047,0.0006605648186472742,0.007386042214434711
1114,449,0,1,1038816256,2209156850,1170340595,1.8757186989315038,65487,0.0010790786396167112,0.0010790789179442183,0.011192824385459457
1115,449,0,1,1038816256,2208621110,1169804855,1.8763792642435533,65506,0.0006605645820851047,0.0006605653120483339,0.007429602287864176
1116,449,0,1,1038816256,2208014216,1169197961,1.8771279277148452,65502,0.0007486627160211863,0.0007486634712916662,0.00828803409185627
1117,449,0,1,1038816256,2207443318,1168627063,1.8778325413804282,65504,0.0007046129765893727,0.000704613665582408,0.007846661704370372
1118,449,0,1,1038816256,2205588807,1166772552,1.8801237932656782,65432,0.0022912515391492285,0.002291251885249835,0.019909881853964376
1119,449,0,1,1038816256,2203541400,1164725145,1.8826576020604726,65421,0.00253380838518502,0.0025338087947945915,0.02241521613131419
1120,449,0,1,1038816256,2152641546,1113825291,1.9471241894351223,62672,0.0644665870492536,0.06446658737465016,0.3279790302090727
1121,449,0,1,1038816256,2152114681,1113298426,1.9478067788495252,65505,0.0006825886112264284,0.0006825894144052138,0.007578994057424677
1122,449,0,1,1038816256,2148751139,1109934884,1.9521721048310319,65338,0.004365325978252387,0.004365325981505043,0.039085365800570364
1123,449,0,1,1038816256,2147870453,1109054198,1.9533172762082138,65484,0.001145170906201281,0.0011451713771818825,0.01215969122008311
1124,451,2,0,2077632512,4294759383,2217126872,0.95395581723022,65507,0.0006385408891551363,0.0006385410220047609,0.007226016777334521
1125,451,0,0,2077632512,4293338494,2215705983,0.9548806928802662,65494,0.0009248751246666447,0.0009248756500471913,0.00995167893993093
1126,451,0,0,2077632512,4290802819,2213170308,0.956532672257044,65461,0.0016519788985902288,0.0016519793767786149,0.016442548230066332
1127,451,0,0,2077632512,4287493329,2209860818,0.9586916377112296,65438,0.0021589649914087418,0.0021589654541854233,0.020474187989703366
1128,451,0,0,2077632512,4285200382,2207567871,0.9601893522397091,65468,0.0014977141398913162,0.0014977145284786897,0.015383486869258929
1129,451,0,0,2077632512,4283751935,2206119424,0.961136255470155,65493,0.0009469031891450585,0.0009469032304460654,0.010093741489780829
1130,451,0,0,2077632512,4279813397,2202180886,0.9637141700191876,65419,0.002577914011629573,0.00257791454903351,0.022998354763040484
1131,451,0,0,2077632512,4278637305,2201004794,0.9644848584523764,65501,0.0007706880901105886,0.0007706884331887454,0.008479705094729159
1132,451,0,0,2077632512,4277629764,2199997253,0.9651454236664172,65506,0.0006605645820851047,0.000660565214041406,0.007379447312311762
1133,451,0,0,2077632512,4274944220,2197311709,0.966907602092391,65456,0.0017621781119536897,0.0017621784259737726,0.016188783213831586
1134,451,0,0,2077632512,4272831936,2195199425,0.96829513728294,65473,0.0013875351247936642,0.0013875351905482604,0.013251506625114403
1135,451,0,0,2077632512,4271659573,2194027062,0.9690658253900359,65501,0.0007706880901105886,0.0007706881070973405,0.00859025673806773
1136,451,0,0,2077632512,4270253488,2192620977,0.9699907010162576,65494,0.0009248751246666447,0.0009248756262218142,0.009857855932646735
1137,451,0,0,2077632512,4267878059,2190245548,0.9715545268614179,65465,0.0015638255880888565,0.0015638258451588331,0.015854397174043623
1138,451,0,0,2077632512,4266842023,2189209512,0.9722371159081327,65505,0.0006825886112264284,0.0006825890467136968,0.0076611904372451255
1139,451,0,0,2077632512,4265773073,2188140562,0.9729417289130531,65504,0.0007046129765893727,0.0007046130049197343,0.007890860266263677
1140,451,0,0,2077632512,4263869935,2186237424,0.9741970607278816,65479,0.0012553314127252556,0.0012553318148308002,0.012994013561073886
1141,451,0,0,2077632512,4262302046,2184669535,0.975232079685366,65489,0.0010350188106098368,0.0010350189574846401,0.011039759398659267
1142,451,0,0,2077632512,4259835225,2182202714,0.9768620201091238,65462,0.0016299400659799616,0.0016299404237564439,0.015420682409640687
1143,451,0,0,2077632512,4257937252,2180304741,0.9781173515605204,65479,0.0012553314127252556,0.001255331451395416,0.012906470982767706
1144,451,0,0,2077632512,4256573230,2178940719,0.9790201994764445,65495,0.0009028473965228007,0.0009028479159268115,0.009906247608556629
1145,451,0,0,2077632512,4252816206,2175183695,0.9815099038225412,65423,0.002489704107082812,0.002489704346096868,0.021474304948929147
1146,451,0,0,2077632512,4248866516,2171234005,0.9841319250537417,65417,0.0026220209864989156,0.0026220212311997082,0.023808929142591848
1147,451,0,0,2077632512,4248038255,2170405744,0.9846823751697542,65511,0.0005504494793435254,0.0005504501160111385,0.0063140233357968645
1148,451,0,0,2077632512,4246415484,2168782973,0.9857614542031996,65487,0.0010790786396167112,0.0010790790334479529,0.01150100594944812
1149,451,0,0,2077632512,4245885995,2168253484,0.9861137183198956,65520,0.0003522634716290214,0.0003522641166953669,0.004227909891679893
1150,451,0,0,2077632512,4244992702,2167360191,0.9867082128925233,65509,0.0005944945118882062,0.0005944945726268113,0.006705245452498742
1151,451,0,0,2077632512,4244066705,2166434194,0.9873247309741053,65508,0.0006165175324262582,0.0006165180815833914,0.006958348122216477
1152,451,0,0,2077632512,4243471676,2165839165,0.9877210334793958,65518,0.0003963024539395264,0.00039630250528853954,0.004687653452683203
1153,451,0,0,2077632512,4242116704,2164484193,0.9886238812748758,65495,0.0009028473965228007,0.0009028477954790233,0.009504550696286647
1154,451,0,0,2077632512,4240729552,2163097041,0.9895487569833534,65494,0.0009248751246666447,0.0009248757084787789,0.00980912776187173
1155,451,0,0,2077632512,4239541327,2161908816,0.9903414709887315,65500,0.0007927138004626774,0.0007927140053767032,0.008696086753834563
1156,451,0,0,2077632512,4238650648,2161018137,0.9909359655099088,65509,0.0005944945118882062,0.000594494521178607,0.006796798186873742
1157,451,0,0,2077632512,4236804074,2159171563,0.9921692647396476,65480,0.0012332986384842029,0.0012332992297401956,0.012329796452389486
1158,451,0,0,2077632512,4234926132,2157293621,0.9934245964362702,65479,0.0012553314127252556,0.0012553316966205346,0.013210503499774522
1159,451,0,0,2077632512,4233510671,2155878160,0.994371499894914,65493,0.0009469031891450585,0.0009469034586453235,0.010155793130383345
1160,451,0,0,2077632512,4232754060,2155121549,0.9948779063075648,65513,0.0005064057914389884,0.0005064064126522842,0.005865803148077072
1161,451,0,0,2077632512,4231274255,2153641744,0.9958688669492837,65491,0.0009909603271466795,0.0009909606417181248,0.010786178136507563
1162,451,0,0,2077632512,4229598294,2151965783,0.9969920072867993,65485,0.001123139814249491,0.0011231403375146832,0.012031118840278689
1163,451,0,0,2077632512,4223228033,2145595522,1.0012690146557013,65342,0.004277006722584219,0.0042770073689017704,0.03875836296003747
1164,451,0,0,2077632512,4222344074,2144711563,1.0018635097621953,65509,0.0005944945118882062,0.000594495106494207,0.006693726783337312
1165,451,0,0,2077632512,4219038778,2141406267,1.004088616622191,65435,0.00222510674904286,0.0022251068599955497,0.018583531327942507
1166,451,0,0,2077632512,4218450623,2140818112,1.0044849192126257,65518,0.0003963024539395264,0.00039630259043449585,0.004699172121844633
1167,451,0,0,2077632512,4217960628,2140328117,1.0048151641151968,65521,0.00033024448458043404,0.0003302449025723822,0.0039922782726164955
1168,451,0,0,2077632512,4216882887,2139250376,1.0055418018583673,65503,0.0007266376781842033,0.0007266377431681595,0.008149523511196487
1169,451,0,0,2077632512,4216360609,2138728098,1.0058940653813764,65520,0.0003522634716290214,0.000352263523011393,0.004227909891679893
1170,451,0,0,2077632512,4214010932,2136378421,1.0074799288829581,65464,0.0015858634107395607,0.0015858635015818644,0.01562894245074501
1171,451,0,0,2077632512,4212087617,2134455106,1.008779327317761,65477,0.0012993979706836883,0.001299398434803113,0.013260911396213094
1172,451,0,0,2077632512,4211240817,2133608306,1.009351799682264,65510,0.0005724718275307164,0.000572472364501404,0.0065611702639344835
1173,451,0,0,2077632512,4210459466,2132826955,1.009880227353861,65512,0.0005284274673163702,0.0005284276715977672,0.0060578720056822695
1174,451,0,0,2077632512,4209743490,2132110979,1.0103646119101128,65514,0.000484384451701118,0.0004843845562507272,0.005599656302895868
1175,451,0,0,2077632512,4208800020,2131167509,1.0110031531249426,65507,0.0006385408891551363,0.0006385412148322522,0.007151300637316213
1176,451,0,0,2077632512,4207922006,2130289495,1.011597647665365,65509,0.0005944945118882062,0.0005944945404195865,0.006754761939587312
1177,451,0,0,2077632512,4204833970,2127201459,1.013690474192856,65441,0.002092826265968833,0.00209282652749094,0.01905785829088468
1178,451,0,0,2077632512,4204022507,2126389996,1.0142409237000791,65511,0.0005504494793435254,0.0005504495072231703,0.0063140233357968645
1179,451,0,0,2077632512,4200745447,2123112936,1.016466030600128,65435,0.00222510674904286,0.002225106900051581,0.018761073428997396
1180,451,0,0,2077632512,4196760722,2119128211,1.0191762700647296,65413,0.002710238981841788,0.002710239464598927,0.024419301958055348
1181,451,0,0,2077632512,4195887668,2118255157,1.0197707646311471,65509,0.0005944945118882062,0.0005944945664171336,0.0066480043953009715
1182,451,0,0,2077632512,4194756397,2117123886,1.020541453197076,65501,0.0007706880901105886,0.0007706885659317889,0.008479705094729159
1183,451,0,0,2077632512,4194013387,2116380876,1.0210478595500163,65513,0.0005064057914389884,0.0005064063529389986,0.005842765809754212
1184,451,0,0,2077632512,4193206051,2115573540,1.0215983095516776,65511,0.0005504494793435254,0.0005504500016622125,0.0062529881795468645
1185,451,0,0,2077632512,4192205337,2114572826,1.0222808982978684,65505,0.0006825886112264284,0.0006825887461883205,0.007621668793174951
1186,451,0,0,2077632512,4190721109,2113088598,1.0232938878674496,65490,0.00101298940069043,0.0010129895695842257,0.010857340825374527
1187,451,0,0,2077632512,4190011759,2112379248,1.023778272448837,65514,0.000484384451701118,0.0004843845813839587,0.005599656302895868
1188,451,0,0,2077632512,4189044788,2111412277,1.0244388373855742,65506,0.0006605645820851047,0.00066056493673911,0.007419607444845779
1189,451,0,0,2077632512,4187917172,2110284661,1.0252095256058809,65501,0.0007706880901105886,0.0007706882203081113,0.00834207768370844
1190,451,0,0,2077632512,4186435954,2108803443,1.0262225150946982,65490,0.00101298940069043,0.0010129894888164027,0.010806694670299707
1191,451,0,0,2077632512,4185502798,2107870287,1.026861056106764,65507,0.0006385408891551363,0.0006385410120660569,0.00718801895940738
1192,451,0,0,2077632512,4184827363,2107194852,1.0273234198905499,65515,0.0004623634480924974,0.00046236378378461846,0.005406062947109679
1193,451,0,0,2077632512,4184087838,2106455327,1.0278298259830088,65513,0.0005064057914389884,0.000506406092458821,0.005854284478915642
1194,451,0,0,2077632512,4182866443,2105233932,1.0286665926343446,65498,0.000836766229995985,0.0008367666513379151,0.009181016526085103
1195,451,0,0,2077632512,4181742126,2104109615,1.0294372812610888,65501,0.0007706880901105886,0.0007706886267417548,0.008450467012440134
1196,451,0,0,2077632512,4180811047,2103178536,1.0300758223021091,65507,0.0006385408891551363,0.000638541041019585,0.007132301728352643
1197,451,0,0,2077632512,4179238541,2101606030,1.0311549009935952,65487,0.0010790786396167112,0.0010790786914875756,0.01165270850239393
1198,451,0,0,2077632512,4178404773,2100772262,1.0317273734799137,65510,0.0005724718275307164,0.0005724724863180601,0.006488616438523054
1199,451,0,0,2077632512,4176898176,2099265665,1.032762392759036,65489,0.0010350188106098368,0.0010350192791221354,0.010603637142575739
1200,451,0,0,2077632512,4172317563,2094685052,1.0359138033181807,65393,0.0031514098920848456,0.00315141055914481,0.024929432745182323
1201,451,0,0,2077632512,4162089608,2084457097,1.0429754675984597,65216,0.007061663834186175,0.007061664280279353,0.04871841836992899
1202,451,0,0,2077632512,4159990392,2082357881,1.044429109665682,65470,0.0014536415241189304,0.0014536420672223778,0.014626564572843613
1203,451,0,0,2077632512,4159323132,2081690621,1.0448914734929815,65515,0.0004623634480924974,0.0004623638272996526,0.00539454427794825
1204,451,0,0,2077632512,4158401973,2080769462,1.0455300148922326,65507,0.0006385408891551363,0.0006385413992521541,0.00716498162108452
1205,451,0,0,2077632512,4157544722,2079912211,1.046124509679963,65509,0.0005944945118882062,0.0005944947877282961,0.006672565559766865
1206,451,0,0,2077632512,4156846509,2079213998,1.0466088943278073,65514,0.000484384451701118,0.0004843846478459759,0.005599656302895868
1207,451,0,0,2077632512,4154847752,2077215241,1.047996430055381,65473,0.0013875351247936642,0.001387535727571651,0.0135416790979251
1208,451,0,0,2077632512,4153928574,2076296063,1.0486349710231941,65507,0.0006385408891551363,0.0006385409678145232,0.007193975373066486
1209,451,0,0,2077632512,4153294938,2075662427,1.0490753143090075,65516,0.0004403427806028656,0.00044034328581423187,0.005158914338864347
1210,451,0,0,2077632512,3826502260,1748869749,1.2962243007045444,55218,0.2471489860981951,0.24714898639553545,0.7198050099408835
1211,451,0,0,2077632512,3822979756,1745347245,1.2991330500939178,65404,0.002908749196698977,0.0029087493893727285,0.02650078718134942
1212,451,0,0,2077632512,3822340590,1744708079,1.299661478180699,65512,0.0005284274673163702,0.0005284280867830277,0.006070914500986733
1213,451,0,0,2077632512,3820902994,1743270483,1.3008507129770592,65482,0.0011892340994270377,0.0011892347963587816,0.012014322671474403
1214,451,0,0,2077632512,3820131588,1742499077,1.3014892541139425,65507,0.0006385408891551363,0.000638541136884501,0.00726805302462095
1215,451,0,0,2077632512,3819466877,1741834366,1.3020397038861269,65511,0.0005504494793435254,0.0005504497721849902,0.0062514643534038305
1216,451,0,0,2077632512,3818828998,1741196487,1.302568131522353,65512,0.0005284274673163702,0.000528427636225552,0.0060899134099503035
1217,451,0,0,2077632512,3816916062,1739283551,1.3041539952701697,65464,0.0015858634107395607,0.0015858637478156365,0.014138871561972485
1218,451,0,0,2077632512,3816358735,1738726224,1.30461635906898,65515,0.0004623634480924974,0.00046236379881110123,0.00539454427794825
1219,451,0,0,2077632512,3815509747,1737877236,1.3053209725319839,65504,0.0007046129765893727,0.0007046134630041933,0.007816782614709214
1220,451,0,0,2077632512,3814289923,1736657412,1.3063339623485462,65490,0.00101298940069043,0.0010129898165630133,0.010369016469722618
1221,451,0,0,2077632512,3811269004,1733636493,1.308845718459363,65422,0.0025117560775962753,0.0025117561108143277,0.023427744150892518
1222,451,0,0,2077632512,3809893437,1732260926,1.3099908901442667,65484,0.001145170906201281,0.0011451716849040568,0.011331163753641633
1223,451,0,0,2077632512,3809259064,1731626553,1.3105193176968086,65512,0.0005284274673163702,0.0005284275525428691,0.006101432079111733
1224,451,0,0,2077632512,3808519233,1730886722,1.3111358354954525,65508,0.0006165175324262582,0.0006165177986438332,0.006982909286682371
1225,451,0,0,2077632512,3807700484,1730067973,1.3118184246930369,65505,0.0006825886112264284,0.0006825891975842824,0.007603555221890572
1226,451,0,0,2077632512,3807093312,1729460801,1.3123248312585467,65513,0.0005064057914389884,0.0005064065655090537,0.005854284478915642
1227,451,0,0,2077632512,3804665480,1727032969,1.3143515218852926,65444,0.002026690572445132,0.0020266906267455997,0.018195441622439086
1228,451,0,0,2077632512,3801582245,1723949734,1.316929436300267,65419,0.002577914011629573,0.002577914414976163,0.021764130173906528
1229,451,0,0,2077632512,3800740472,1723107961,1.3176340498369399,65504,0.0007046129765893727,0.0007046135366726844,0.007883380026461537
1230,451,0,0,2077632512,3799741355,1722108844,1.3184708164401258,65498,0.000836766229995985,0.0008367666031839563,0.008941555337816523
1231,451,0,0,2077632512,3799320918,1721688407,1.3188230801384258,65520,0.0003522634716290214,0.00035226369830196005,0.004227909891679893
1232,451,0,0,2077632512,3798848042,1721215531,1.3192193827229488,65518,0.0003963024539395264,0.00039630258452206954,0.004687653452683203
1233,451,0,0,2077632512,3797823759,1720191248,1.3200781757358655,65497,0.0008587929491977406,0.0008587930129154528,0.009061948147842471
1234,451,0,0,2077632512,3796905077,1719272566,1.3208488644645406,65501,0.0007706880901105886,0.0007706887286778109,0.008275987613746635
1235,451,0,0,2077632512,3796406630,1718774119,1.3212671874752324,65517,0.000418322449221962,0.00041832301069185665,0.00492328406377429
1236,451,0,0,2077632512,3795960781,1718328270,1.321641470270503,65519,0.0003742827947452993,0.0003742827952704771,0.004463541174757649
1237,451,0,0,2077632512,3794649800,1717017289,1.322742579807656,65486,0.001101109058724726,0.0011011095371510082,0.01079974753868852
1238,451,0,0,2077632512,3794230606,1716598095,1.323094843553207,65520,0.0003522634716290214,0.00035226374555122277,0.004227909891679893
1239,451,0,0,2077632512,3793601969,1715969458,1.3236232710224733,65512,0.0005284274673163702,0.0005284274692663694,0.00604635333652084
1240,451,0,0,2077632512,3793078296,1715445785,1.324063614375003,65516,0.0004403427806028656,0.0004403433525300919,0.005139915429900777
1241,451,0,0,2077632512,3792685661,1715053150,1.3243938593805176,65521,0.00033024448458043404,0.00033024500551434913,0.0039922782726164955
1242,451,0,0,2077632512,3791429518,1713797007,1.3254509084056068,65488,0.001057048556915173,0.0010570490250909666,0.010612530337818383
1243,451,0,0,2077632512,3790958809,1713326298,1.3258472113593314,65518,0.0003963024539395264,0.00039630295372291614,0.004699172121844633
1244,451,0,0,2077632512,3789651644,1712019133,1.326948321067917,65486,0.001101109058724726,0.0011011097085867976,0.011316965727568056
1245,451,0,0,2077632512,3788293230,1710660719,1.3280934922956789,65484,0.001145170906201281,0.0011451712277613848,0.011466812035896412
1246,451,0,0,2077632512,3787745075,1710112564,1.3285558558851278,65515,0.0004623634480924974,0.00046236358944766275,0.00539454427794825
1247,451,0,0,2077632512,3786596928,1708964417,1.3295247875907172,65492,0.0009689315899683129,0.0009689317055912922,0.010525995098644478
1248,451,0,0,2077632512,3758746982,1681114471,1.3532291816292563,64468,0.023704393204402954,0.023704394038538676,0.16128637822655065
1249,451,0,1,2007781376,3687715863,1679934488,1.3542421723432518,32745,1.0010129894006905,1.0010129907139946,2.1200716669011053
1250,451,0,1,2007781376,3651495351,1643713976,1.385687869686766,64123,0.03144569676912871,0.03144569734351512,0.18644107487647774
1251,451,0,1,2007781376,3650592431,1642811056,1.3864805843178196,65500,0.0007927138004626774,0.0007927146310524758,0.008553141417618579
1252,451,0,1,2007781376,3649990815,1642209440,1.3870090123324879,65512,0.0005284274673163702,0.0005284280146683101,0.005960362857648164
1253,451,0,1,2007781376,3628967046,1621185671,1.405597816853998,64697,0.018588804453289764,0.01858880452150972,0.11718987407191918
1254,451,0,1,2007781376,3628373350,1620591975,1.406126244388581,65512,0.0005284274673163702,0.000528427534583329,0.006082433170148164
1255,451,0,1,2007781376,3627878784,1620097409,1.406566587683841,65516,0.0004403427806028656,0.00044034329525953427,0.005139915429900777
1256,451,0,1,2007781376,3627433810,1619652435,1.4069628909900054,65518,0.0003963024539395264,0.000396303306164278,0.004699172121844633
1257,451,0,1,2007781376,3627038387,1619257012,1.4073151544992655,65520,0.0003522634716290214,0.00035226350925989013,0.004227909891679893
1258,451,0,1,2007781376,3626494813,1618713438,1.4077995391060014,65514,0.000484384451701118,0.00048438460673605764,0.005618655211859437
1259,451,0,1,2007781376,3625556227,1617774852,1.4086363061722018,65498,0.000836766229995985,0.0008367670662005218,0.008933541171449623
1260,451,0,1,2007781376,3622519936,1614738561,1.411346545974478,65413,0.002710238981841788,0.002710239802277529,0.025029915452812995
1261,451,0,1,2007781376,3621337266,1613555891,1.4124035946704439,65488,0.001057048556915173,0.0010570486959648397,0.010996192451631102
1262,451,0,1,2007781376,3620500155,1612718780,1.413152257471122,65502,0.0007486627160211863,0.0007486628006791331,0.00814018833031437
1263,451,0,1,2007781376,3619269748,1611488373,1.4142533667231696,65486,0.001101109058724726,0.0011011092520484486,0.011514243359608772
1264,451,0,1,2007781376,3618163226,1610381851,1.415244327720238,65491,0.0009909603271466795,0.0009909609970680387,0.010708700544057653
1265,451,0,1,2007781376,3616811739,1609030364,1.4164555946081379,65481,0.001211266200721556,0.0012112668878969883,0.0126438998284614
1266,451,0,1,2007781376,3615903320,1608121945,1.41727033478535,65499,0.0008147398470877202,0.0008147401772145381,0.00880372645951066
1267,451,0,1,2007781376,3615363484,1607582109,1.4177547193644848,65514,0.000484384451701118,0.00048438457913487875,0.005575095138429974
1268,451,0,1,2007781376,3614652121,1606870746,1.4183932603140157,65507,0.0006385408891551363,0.0006385409495300832,0.007182456703905056
1269,451,0,1,2007781376,3613573289,1605791914,1.4193621921936277,65492,0.0009689315899683129,0.000968931879611741,0.0101348288385218
1270,451,0,1,2007781376,3612544186,1604762811,1.4202870677822297,65494,0.0009248751246666447,0.0009248755886018108,0.009770735785787807
1271,451,0,1,2007781376,3611638176,1603856801,1.4211018082792606,65499,0.0008147398470877202,0.0008147404970325155,0.008788765979906379
1272,451,0,1,2007781376,3610732678,1602951303,1.4219165483363447,65499,0.0008147398470877202,0.0008147400570832506,0.008921716473103965
1273,451,0,1,2007781376,3609607559,1601826184,1.4229295382708926,65490,0.00101298940069043,0.0010129899345481003,0.010541918420312876
1274,451,0,1,2007781376,3607774414,1599993039,1.4245815175398668,65461,0.0016519788985902288,0.0016519792689736617,0.015351681857222937
1275,451,0,1,2007781376,3605113292,1597331917,1.4269830178264655,65427,0.0024014995955756904,0.0024015002865986,0.021432217473458942
1276,451,0,1,2007781376,3574817216,1567035841,1.4546089687293247,64293,0.027625950005120754,0.027625950902860658,0.17462507904566252
1277,451,0,1,2007781376,3574004239,1566222864,1.455357632036769,65502,0.0007486627160211863,0.0007486633074414114,0.008163449176140015
1278,451,0,1,2007781376,3569726378,1561945003,1.4593034897784172,65357,0.003945857659342001,0.003945857741649969,0.035195836316791344
1279,451,0,1,2007781376,3568582375,1560801000,1.4603605386239593,65488,0.001057048556915173,0.0010570488455425905,0.011274804467525639
1280,451,0,1,2007781376,3567844081,1560062706,1.4610431272998703,65505,0.0006825886112264284,0.0006825886759105012,0.007622554130854142
1281,451,0,1,2007781376,3566534824,1558753449,1.4622543937536996,65481,0.001211266200721556,0.0012112664538283168,0.012523597672411494
1282,451,0,1,2007781376,3565488297,1557706922,1.4632233259332033,65492,0.0009689315899683129,0.0009689321795059687,0.010321417987262056
1283,451,0,1,2007781376,3563040118,1555258743,1.4654925295228196,65433,0.002269202938821913,0.002269203589613671,0.021619268987599784
1284,451,0,1,2007781376,3560809369,1553027994,1.4675633108532509,65442,0.002070780697928415,0.0020707813304339353,0.020198909343574954
1285,451,0,1,2007781376,3559790383,1552009008,1.468510214932504,65493,0.0009469031891450585,0.0009469040792511079,0.010077921379776651
1286,451,0,1,2007781376,3541815913,1534034538,1.4853161812691162,64777,0.016805965922635478,0.016805966336611425,0.11017779467293634
1287,451,0,1,2007781376,3540903020,1533121645,1.4861749743427453,65497,0.0008587929491977406,0.0008587930736310492,0.009299002691197112
1288,451,0,1,2007781376,3540177819,1532396444,1.486857562978983,65505,0.0006825886112264284,0.0006825886362369987,0.007525683471283878
1289,451,0,1,2007781376,3538260452,1530479077,1.488663823928757,65454,0.0018062601543034325,0.0018062609497733408,0.01694479921980911
1290,451,0,1,2007781376,3537606560,1529825185,1.489280342208815,65508,0.0006165175324262582,0.000616518280059276,0.006982909286682371
1291,451,0,1,2007781376,3536812888,1529031513,1.4900290053841374,65502,0.0007486627160211863,0.0007486631753207395,0.008373630412572164
1292,451,0,1,2007781376,3535646329,1527864954,1.491130114946774,65486,0.001101109058724726,0.0011011095626370527,0.011497950751258583
1293,451,0,1,2007781376,3534247526,1526466151,1.492451547511216,65476,0.0013214317544216249,0.001321432564442777,0.013606243852747968
1294,451,0,1,2007781376,3533572057,1525790682,1.4930900886601428,65507,0.0006385408891551363,0.0006385411489273458,0.00720701786837095
1295,451,0,1,2007781376,3532896887,1525115512,1.4937286297130115,65507,0.0006385408891551363,0.0006385410528675753,0.00721853653753238
1296,451,0,1,2007781376,3531337702,1523556327,1.4952043075046824,65469,0.0014756776637093812,0.0014756777916692502,0.014907082189209754
1297,451,0,1,2007781376,3530198568,1522417193,1.4962833865173728,65487,0.0010790786396167112,0.0010790790126928107,0.011541027191069109
1298,451,0,1,2007781376,3527201866,1519420491,1.4991259632503926,65407,0.002842576090103573,0.0028425767330206952,0.02399485727852057
1299,451,0,1,2007781376,3525741241,1517959866,1.5005134987967246,65473,0.0013875351247936642,0.0013875355463295051,0.01408754900330515
1300,451,0,1,2007781376,3524698940,1516917565,1.501504459767716,65491,0.0009909603271466795,0.0009909609709939445,0.010696787716739441
1301,451,0,1,2007781376,3522037112,1514255737,1.504038268731982,65421,0.00253380838518502,0.0025338089642647646,0.021787492456546438
1302,451,0,1,2007781376,3517878084,1510096709,1.508006201015025,65356,0.0039679318989496466,0.003967932283043585,0.03175607540277245
1303,451,0,1,2007781376,3517278985,1509497610,1.5085786733913338,65510,0.0005724718275307164,0.0005724723763083123,0.00651761019050502
1304,451,0,1,2007781376,3515920031,1508138656,1.5098780720970169,65477,0.0012993979706836883,0.0012993987056836612,0.013454297907835954
1305,451,0,1,2007781376,3515482795,1507701420,1.5102963954811628,65517,0.000418322449221962,0.00041832338414603216,0.00492328406377429
1306,451,0,1,2007781376,3514723606,1506942231,1.5110230340861541,65503,0.0007266376781842033,0.0007266386049895735,0.007928420224519346
1307,451,0,1,2007781376,3514079770,1506298395,1.5116395524023254,65508,0.0006165175324262582,0.0006165183161720362,0.006940873039395941
1308,451,0,1,2007781376,3513643068,1505861693,1.5120578753305587,65517,0.000418322449221962,0.00041832292823369585,0.00492328406377429
1309,451,0,1,2007781376,3512310365,1504528990,1.5133352405214247,65478,0.0012773645234549914,0.001277365190864189,0.012594217098393182
1310,451,0,1,2007781376,3511208415,1503427040,1.5143922891322212,65488,0.001057048556915173,0.001057048610799273,0.010993591349260942
1311,451,0,1,2007781376,3510244915,1502463540,1.5153171642615781,65494,0.0009248751246666447,0.0009248751293551412,0.009933851568501016
1312,451,0,1,2007781376,3509648844,1501867469,1.5158896369248254,65510,0.0005724718275307164,0.00057247266324863,0.006553690024132343
1313,451,0,1,2007781376,3508296759,1500515384,1.5171890358034723,65477,0.0012993979706836883,0.0012993988786456536,0.012938407841083993
1314,451,0,1,2007781376,3506579555,1498798180,1.51884101510662,65461,0.0016519788985902288,0.001651979303146079,0.016683703895131942
1315,451,0,1,2007781376,3505161624,1497380249,1.5202065160093277,65474,0.0013655003314663333,0.0013655009027088785,0.014009802058963705
1316,451,0,1,2007781376,3504590418,1496809043,1.5207569662268376,65511,0.0005504494793435254,0.0005504502175095821,0.0063140233357968645
1317,451,0,1,2007781376,3503791035,1496009660,1.5215276550200727,65501,0.0007706880901105886,0.0007706887932373078,0.008571651987260943
1318,451,0,1,2007781376,3502398569,1494617194,1.522871121815534,65475,0.00134346587467908,0.0013434667954589931,0.014094921299228803
1319,451,0,1,2007781376,3498019807,1490238432,1.5271039716051895,65344,0.004232849122198513,0.00423284978965588,0.03895444735790882
1320,451,0,1,2007781376,3497292151,1489510776,1.5278085850811962,65504,0.0007046129765893727,0.0007046134760081256,0.007803345961247967
1321,451,0,1,2007781376,3492564699,1484783324,1.5323947336398227,65328,0.004586147774849142,0.0045861485586244045,0.03333634038060189
1322,451,0,1,2007781376,3492088923,1484307548,1.5328570971788587,65515,0.0004623634480924974,0.00046236353903632467,0.00539454427794825
1323,451,0,1,2007781376,3491726543,1483945168,1.5332093608717017,65520,0.0003522634716290214,0.0003522636928431098,0.004227909891679893
1324,451,0,1,2007781376,3490345307,1482563932,1.5345528271509714,65475,0.00134346587467908,0.0013434662792696297,0.013912911169451108
1325,451,0,1,2007781376,3489983352,1482201977,1.5349050915132487,65520,0.0003522634716290214,0.0003522643622784244,0.004227909891679893
1326,451,0,1,2007781376,3488038323,1480256948,1.5367995205446263,65450,0.0018944282800345323,0.0018944290313771756,0.018380027916045052
1327,451,0,1,2007781376,3486276542,1478495167,1.538517618522043,65458,0.0017180974165047324,0.001718097977414936,0.01698515858722694
1328,451,0,1,2007781376,3485780220,1477998845,1.5390020039406522,65514,0.000484384451701118,0.0004843854186101578,0.005630173881020868
1329,451,0,1,2007781376,3485035988,1477254613,1.539728642013241,65503,0.0007266376781842033,0.0007266380725905419,0.007935080337902262
1330,451,0,1,2007781376,3484404836,1476623461,1.5403451602658542,65508,0.0006165175324262582,0.0006165182526110017,0.006852762115463791
1331,451,0,1,2007781376,3483706359,1475924984,1.5410277497925904,65505,0.0006825886112264284,0.0006825895267389296,0.007575199958372449
1332,451,0,1,2007781376,3482828046,1475046671,1.541886543434149,65497,0.0008587929491977406,0.0008587936415577325,0.009306482930999253
1333,451,0,1,2007781376,3480937422,1473156047,1.5437368871884871,65452,0.0018503435436362735,0.00185034375433654,0.017481067470322284
1334,451,0,1,2007781376,3480285543,1472504168,1.5443754283285145,65507,0.0006385408891551363,0.0006385411400292549,0.007182456703905056
1335,451,0,1,2007781376,3477746587,1469965212,1.5468651331758778,65423,0.002489704107082812,0.0024897048473623393,0.020828361399132862
1336,451,0,1,2007781376,3475997055,1468215680,1.5485832312313477,65458,0.0017180974165047324,0.0017180980554702679,0.01592014218640017
1337,451,0,1,2007781376,3475190540,1467409165,1.5493759450702171,65500,0.0007927138004626774,0.00079271383886723,0.008536722323131232
1338,451,0,1,2007781376,3474339686,1466558311,1.5502127115925255,65498,0.000836766229995985,0.0008367665223106082,0.009106938874530639
1339,451,0,1,2007781376,3473780238,1465998863,1.550763161467593,65511,0.0005504494793435254,0.0005504498750662399,0.0062704632623674
1340,451,0,1,2007781376,3473109156,1465327781,1.5514237270120894,65506,0.0006605645820851047,0.0006605655444955804,0.007282970810898281
1341,451,0,1,2007781376,3472259509,1464478134,1.5522604933941153,65498,0.000836766229995985,0.000836766382027943,0.009144298203993935
1342,451,0,1,2007781376,3470985777,1463204402,1.553515825509649,65479,0.0012553314127252556,0.0012553321155332193,0.013125971635784911
1343,451,0,1,2007781376,3470405282,1462623907,1.5540882974254977,65510,0.0005724718275307164,0.0005724719158493063,0.006474050117075555
1344,451,0,1,2007781376,3469713428,1461932053,1.5547708860762803,65505,0.0006825886112264284,0.0006825886507837519,0.007665228866604415
1345,451,0,1,2007781376,3468598062,1460816687,1.5558719954895324,65486,0.001101109058724726,0.001101109413249811,0.011189472050478762
1346,451,0,1,2007781376,3467260644,1459479269,1.55719342761844,65476,0.0013214317544216249,0.0013214321289101195,0.013739060680363943
1347,451,0,1,2007781376,3466503467,1458722092,1.5579420911905224,65502,0.0007486627160211863,0.000748663572081148,0.008266520579676445
1348,451,0,1,2007781376,3466036042,1458254667,1.5584044546517184,65515,0.0004623634480924974,0.0004623634611958275,0.00539454427794825
1349,451,0,1,2007781376,3465524264,1457742889,1.558910860830764,65513,0.0005064057914389884,0.0005064061790433896,0.005822243074647608
1350,451,0,1,2007781376,3464545554,1456764179,1.559879793198121,65492,0.0009689315899683129,0.000968932367360413,0.010426609835857959
1351,451,0,1,2007781376,3463634187,1455852812,1.5607826408422198,65495,0.0009028473965228007,0.0009028476440970547,0.009721266025054217
1352,451,0,1,2007781376,3462923321,1455141946,1.5614872541847937,65504,0.0007046129765893727,0.0007046133425724734,0.0077666276391568
1353,451,0,1,2007781376,3460969395,1453188020,1.5634257685951525,65448,0.0019385143635805371,0.0019385144103593996,0.01943494021578382
1354,451,0,1,2007781376,3460215482,1452434107,1.5641744320642665,65502,0.0007486627160211863,0.0007486634691160516,0.008106452449249305
1355,451,0,1,2007781376,3459107362,1451325987,1.5652755418354367,65486,0.001101109058724726,0.001101109771167831,0.011064772150357291
1356,451,0,1,2007781376,3456560632,1448779257,1.5678093503539543,65421,0.00253380838518502,0.0025338085185186367,0.02103985018054167
1357,451,0,1,2007781376,3450812911,1443031536,1.5735443171938712,65276,0.005734966281026274,0.0057349668399169105,0.040273880482375804
1358,451,0,1,2007781376,3449139473,1441358098,1.5752183358120604,65460,0.0016740180678742555,0.001674018618188872,0.01658774503254879
1359,451,0,1,2007781376,3448633625,1440852250,1.575724741882695,65513,0.0005064057914389884,0.000506406070634706,0.005835285569952072
1360,451,0,1,2007781376,3447798169,1440016794,1.5765615090133487,65498,0.000836766229995985,0.0008367671306547973,0.009087301477103226
1361,451,0,1,2007781376,3446721496,1438940121,1.577640587940916,65487,0.0010790786396167112,0.0010790789275671384,0.010898134626750261
1362,451,0,1,2007781376,3446084757,1438303382,1.5782791298034162,65507,0.0006385408891551363,0.0006385418625007526,0.007113302819389072
1363,451,0,1,2007781376,3444416802,1436635427,1.5799531485125335,65460,0.0016740180678742555,0.0016740187091173868,0.01520618644866533
1364,451,0,1,2007781376,3443649555,1435868180,1.5807238375140464,65501,0.0007706880901105886,0.0007706890015126389,0.00846794209526067
1365,451,0,1,2007781376,3443057995,1435276620,1.5813183325673563,65509,0.0005944945118882062,0.0005944950533074277,0.006691564468730435
1366,451,0,1,2007781376,3398446507,1390665132,1.626872080960542,63499,0.04555374835158666,0.04555374839318713,0.23996275576206563
1367,451,0,1,2007781376,3394902789,1387121414,1.6305530744953423,65369,0.0036809931252891866,0.003680993534801627,0.03256935514193314
1368,451,0,1,2007781376,3394331312,1386549937,1.6311475696183884,65509,0.0005944945118882062,0.0005944951230443208,0.0067432432704258825
1369,451,0,1,2007781376,3393125358,1385343983,1.632402901904058,65479,0.0012553314127252556,0.00125533228566878,0.012673834194567697
1370,451,0,1,2007781376,3392533475,1384752100,1.6330194196393961,65508,0.0006165175324262582,0.0006165177353390222,0.007001908195645941
1371,451,0,1,2007781376,3391688289,1383906914,1.6339002400528457,65496,0.000880820004703256,0.0008808204134490375,0.009394090072795664
1372,451,0,1,2007781376,3391160370,1383378995,1.6344506899576068,65511,0.0005504494793435254,0.0005504499047630811,0.0063140233357968645
1373,451,0,1,2007781376,3390717087,1382935712,1.6349130539754597,65515,0.0004623634480924974,0.0004623640178508672,0.00538302560878682
1374,451,0,1,2007781376,3390168436,1382387061,1.6354855268129818,65510,0.0005724718275307164,0.000572472837524268,0.0065306526858094835
1375,451,0,1,2007781376,3389409068,1381627693,1.6362782407258045,65500,0.0007927138004626774,0.0007927139128237186,0.008739646827264027
1376,451,0,1,2007781376,3388797690,1381016315,1.636916782659224,65507,0.0006385408891551363,0.0006385419334185169,0.007212974282030056
1377,451,0,1,2007781376,3387385823,1379604448,1.638392460683665,65469,0.0014756776637093812,0.0014756780244399464,0.015149882508586253
1378,451,0,1,2007781376,3386691136,1378909761,1.63911909932688,65503,0.0007266376781842033,0.0007266386432140066,0.008052408521319162
1379,451,0,1,2007781376,3385933678,1378152303,1.639911813384387,65500,0.0007927138004626774,0.0007927140575066686,0.008720647918300456
1380,451,0,1,2007781376,3385218694,1377437319,1.6406604763101171,65502,0.0007486627160211863,0.0007486629257329036,0.00828803409185627
1381,451,0,1,2007781376,3384504081,1376722706,1.641409139165603,65502,0.0007486627160211863,0.0007486628554858397,0.008255598529431453
1382,451,0,1,2007781376,3383957895,1376176520,1.6419816118783714,65510,0.0005724718275307164,0.0005724727127677823,0.006474050117075555
1383,451,0,1,2007781376,3382550976,1374769601,1.643457289810197,65469,0.0014756776637093812,0.0014756779318261417,0.014406920876701713
1384,451,0,1,2007781376,3380725949,1372944574,1.645373761191049,65449,0.0019164711534089207,0.0019164713808510912,0.016966573265306602
1385,451,0,1,2007781376,3380223161,1372441786,1.645902189373615,65512,0.0005284274673163702,0.0005284281825659599,0.0060899134099503035
1386,451,0,1,2007781376,3379678674,1371897299,1.6464746614193118,65510,0.0005724718275307164,0.0005724720456953329,0.006506091521343589
1387,451,0,1,2007781376,3379343738,1371562363,1.6468269250339773,65520,0.0003522634716290214,0.0003522636146679454,0.004227909891679893
1388,451,0,1,2007781376,3378967027,1371185652,1.6472232276414331,65518,0.0003963024539395264,0.00039630260745320906,0.004699172121844633
1389,451,0,1,2007781376,3378025508,1370244133,1.6482141885283674,65491,0.0009909603271466795,0.0009909608869361369,0.010102877354334846
1390,451,0,1,2007781376,3377398260,1369616885,1.6488747531255292,65506,0.0006605645820851047,0.0006605645971615652,0.007263971901934712
1391,451,0,1,2007781376,3376917590,1369136215,1.6493811589292697,65513,0.0005064057914389884,0.0005064058037391773,0.005793249322665642
1392,451,0,1,2007781376,3376562436,1368781061,1.649755442638945,65519,0.0003742827947452993,0.000374283709677504,0.004463541174757649
1393,451,0,1,2007781376,3375622568,1367841193,1.6507464036340345,65491,0.0009909603271466795,0.0009909609950882433,0.009998974655707826
1394,451,0,1,2007781376,3375288622,1367507247,1.6510986675236907,65520,0.0003522634716290214,0.0003522638896552258,0.004227909891679893
1395,451,0,1,2007781376,3374787825,1367006450,1.6516270959292676,65512,0.0005284274673163702,0.0005284284055788854,0.006017359584538874
1396,451,0,1,2007781376,3374349788,1366568413,1.6520894603017169,65515,0.0004623634480924974,0.000462364372447821,0.005375545368984679
1397,451,0,1,2007781376,3374016153,1366234778,1.6524417239143645,65520,0.0003522634716290214,0.00035226361264769176,0.004227909891679893
1398,451,0,1,2007781376,3373098881,1365317506,1.6534106556262245,65492,0.0009689315899683129,0.0009689317118623658,0.009867255480937653
1399,451,0,1,2007781376,3372723885,1364942510,1.6538069584470456,65518,0.0003963024539395264,0.00039630282081901303,0.004699172121844633
1400,451,0,1,2007781376,3371557552,1363776177,1.655040257391061,65480,0.0012332986384842029,0.001233298944015806,0.012586501899381212
1401,451,0,1,2007781376,3370621121,1362839746,1.65603121794517,65491,0.0009909603271466795,0.0009909605541107258,0.010162911982314747
1402,451,0,1,2007781376,3370184420,1362403045,1.6564935814267123,65515,0.0004623634480924974,0.00046236348153961984,0.00539454427794825
1403,451,0,1,2007781376,3369061834,1361280459,1.6576828160382213,65482,0.0011892340994270377,0.0011892346115098724,0.012657695478378967
1404,451,0,1,2007781376,3354314075,1346532700,1.6733978804853251,64826,0.01571506431739695,0.01571506444710582,0.11328914424213468
1405,451,0,2,1868079104,3354697555,1486618452,1.530612725953759,36177,0.8572148439057766,0.8572148454684305,1.9219655411715626
1406,451,0,2,1868079104,3345896164,1477817061,1.5391794567211932,65148,0.008566730749559787,0.008566730767435183,0.06503863495055849
1407,451,0,2,1868079104,3345106924,1477027821,1.5399501453404731,65501,0.0007706880901105886,0.000770688619280834,0.00848314690517201
1408,451,0,2,1868079104,3344543482,1476464379,1.5405005954070674,65511,0.0005504494793435254,0.0005504500665956114,0.0062203082868149875
1409,451,0,2,1868079104,3335261509,1467182406,1.5495989022194578,65124,0.009098305936446659,0.009098306812387134,0.06712054764736115
1410,451,0,2,1868079104,3334724210,1466645107,1.5501273304300476,65512,0.0005284274673163702,0.000528428210592591,0.006101432079111733
1411,451,0,2,1868079104,3334209487,1466130384,1.550633736958222,65513,0.0005064057914389884,0.0005064065281744305,0.005846804239113502
1412,451,0,2,1868079104,3333739688,1465660585,1.5510961005444983,65515,0.0004623634480924974,0.00046236358627365173,0.00539454427794825
1413,451,0,2,1868079104,3333337132,1465258029,1.551492403291192,65518,0.0003963024539395264,0.00039630274669378863,0.004687653452683203
1414,451,0,2,1868079104,3332576957,1464497854,1.552241066846186,65502,0.0007486627160211863,0.0007486635549962592,0.00823103736496556
1415,451,0,2,1868079104,3331504326,1463425223,1.5532981161285164,65488,0.001057048556915173,0.0010570492823314477,0.010832535201819676
1416,451,0,2,1868079104,3330142190,1462063087,1.5546415820979504,65475,0.00134346587467908,0.001343465969430609,0.013922693492268103
1417,451,0,2,1868079104,3329428292,1461349189,1.555346195082734,65504,0.0007046129765893727,0.0007046129847842154,0.007820821044068504
1418,451,0,2,1868079104,3328848533,1460769430,1.5559186670143959,65510,0.0005724718275307164,0.0005724719316643302,0.0064986112815414495
1419,451,0,2,1868079104,3327622606,1459543503,1.557129933716194,65481,0.001211266200721556,0.001211266701797275,0.012256536085419358
1420,451,0,2,1868079104,3326865396,1458786293,1.5578785969672921,65502,0.0007486627160211863,0.0007486632510993068,0.008293596347358594
1421,451,0,2,1868079104,3325930504,1457851401,1.55880347296484,65494,0.0009248751246666447,0.0009248759975461525,0.009937645667553245
1422,451,0,2,1868079104,3325174172,1457095069,1.559552136078473,65502,0.0007486627160211863,0.0007486631136333472,0.0082002754565335
1423,451,0,2,1868079104,3324596100,1456516997,1.5601246087342204,65510,0.0005724718275307164,0.0005724726557469129,0.006425418967666177
1424,451,0,2,1868079104,3323929359,1455850256,1.5607851737437137,65506,0.0006605645820851047,0.0006605650094927584,0.007406564949541316
1425,451,0,2,1868079104,3322929705,1454850602,1.5617761350244947,65491,0.0009909603271466795,0.000990961280781632,0.010182815634287296
1426,451,0,2,1868079104,3321930738,1453851635,1.562767095718403,65491,0.0009909603271466795,0.000990960693908788,0.010306803931087112
1427,451,0,2,1868079104,3321087745,1453008642,1.5636038623592512,65498,0.000836766229995985,0.0008367666408466966,0.008977299045102577
1428,451,0,2,1868079104,3320178727,1452099624,1.5645067105035544,65495,0.0009028473965228007,0.0009028481443032534,0.009752135891788595
1429,451,0,2,1868079104,3319093020,1451013917,1.5655857893309317,65487,0.0010790786396167112,0.001079078827376821,0.011114913284213646
1430,451,0,2,1868079104,3317565310,1449486207,1.56710554092583,65467,0.0015197509526750181,0.0015197515949002941,0.014434198004890547
1431,451,0,2,1868079104,3315729565,1447650462,1.5689338430495248,65453,0.001828301680591821,0.0018283021236956429,0.01696737882270813
1432,451,0,2,1868079104,3310693183,1442614080,1.5739617362295633,65308,0.0050278927921983,0.005027893180037478,0.0425462558483145
1433,451,0,2,1868079104,3309944756,1441865653,1.5747103994517353,65502,0.0007486627160211863,0.0007486632221716131,0.008106452449249305
1434,451,0,2,1868079104,3306820596,1438741493,1.5778397480075768,65394,0.0031293481422027154,0.003129348555842374,0.02862105674677284
1435,451,0,2,1868079104,3305832690,1437753587,1.5788307089537739,65491,0.0009909603271466795,0.000990960946195049,0.010602720379148185
1436,451,0,2,1868079104,3305174538,1437095435,1.5794912741771086,65506,0.0006605645820851047,0.0006605652233375204,0.00733957337963221
1437,451,0,2,1868079104,3303924622,1435845519,1.5807466064358486,65479,0.0012553314127252556,0.001255332258737054,0.012768362137680208
1438,451,0,2,1868079104,3302960614,1434881511,1.5817155384162973,65492,0.0009689315899683129,0.0009689319804497901,0.010304933681514741
1439,451,0,2,1868079104,3301537467,1433458364,1.5831471451137666,65471,0.0014316057211096818,0.0014316066974687299,0.01436236134360962
1440,451,0,2,1868079104,3299218946,1431139843,1.5854824949517443,65430,0.002335349750730934,0.0023353498379775407,0.022198133608164333
1441,451,0,2,1868079104,3298279935,1430200832,1.5864293983201598,65493,0.0009469031891450585,0.0009469033684167134,0.010025357240402013
1442,451,0,2,1868079104,3284902354,1416823251,1.599987353043943,64923,0.013557954127146483,0.013557954723783424,0.09955390726116495
1443,451,0,2,1868079104,3284124069,1416044966,1.6007800676018675,65500,0.0007927138004626774,0.0007927145579240473,0.008707605422995993
1444,451,0,2,1868079104,3283411033,1415331930,1.6015067059553658,65503,0.0007266376781842033,0.0007266383534987091,0.007889825787675768
1445,451,0,2,1868079104,3282352816,1414273713,1.60258578529141,65487,0.0010790786396167112,0.0010790793360451463,0.011156947012591789
1446,451,0,2,1868079104,3281878053,1413798950,1.6030701704637522,65514,0.000484384451701118,0.0004843851723422383,0.005599656302895868
1447,451,0,2,1868079104,3281230867,1413151764,1.6037307352514034,65506,0.0006605645820851047,0.0006605647876495434,0.00746164369213221
1448,451,0,2,1868079104,3280109591,1412030488,1.604875906971536,65484,0.001145170906201281,0.0011451717201322203,0.011831701608013036
1449,451,0,2,1868079104,3278816838,1410737735,1.6061973392148126,65476,0.0013214317544216249,0.001321432243277686,0.01354044276061264
1450,451,0,2,1868079104,3278214105,1410135002,1.6068138575794357,65508,0.0006165175324262582,0.0006165183646235803,0.006990389526484511
1451,451,0,2,1868079104,3277568596,1409489493,1.6074744225951463,65506,0.0006605645820851047,0.0006605650157105724,0.00738908986672078
1452,451,0,2,1868079104,3275998577,1407919474,1.6090823246685702,65463,0.0016079015700331673,0.0016079020734238957,0.015915299188312044
1453,451,0,2,1868079104,3269403251,1401324148,1.6158564339131196,65229,0.0067741091468674205,0.0067741092445477115,0.05817295742017413
1454,451,0,2,1868079104,3268120300,1400041197,1.6171778661055392,65476,0.0013214317544216249,0.0013214321924199747,0.013081988208514675
1455,451,0,2,1868079104,3267009427,1398930324,1.6183230374945872,65484,0.001145170906201281,0.0011451713890494228,0.011966761558968713
1456,451,0,2,1868079104,3266027511,1397948408,1.619336027715267,65490,0.00101298940069043,0.0010129902206787778,0.010903415502020248
1457,451,0,2,1868079104,3264214376,1396135273,1.6212084134694358,65451,0.0018723857434470804,0.0018723857541690805,0.017194073024217035
1458,451,0,2,1868079104,3262723142,1394644039,1.6227502022394127,65466,0.0015417881020707706,0.001541788769976705,0.01461785392705594
1459,451,0,2,1868079104,3262254969,1394175866,1.6232345869574871,65514,0.000484384451701118,0.0004843847180753662,0.0056111749720572975
1460,451,0,2,1868079104,3261212570,1393133467,1.6243136662833706,65487,0.0010790786396167112,0.0010790793258815639,0.011347488091537428
1461,451,0,2,1868079104,3260808676,1392729573,1.6247319897016865,65517,0.000418322449221962,0.0004183234183166384,0.00492328406377429
1462,451,0,2,1868079104,3260171134,1392092031,1.6253925553167363,65506,0.0006605645820851047,0.0006605656150513127,0.007293212503132026
1463,451,0,2,1868079104,3259640093,1391560990,1.6259430048309014,65511,0.0005504494793435254,0.0005504495141621968,0.0062529881795468645
1464,451,0,2,1868079104,3259172955,1391093852,1.6264273895071248,65514,0.000484384451701118,0.00048438467622328524,0.005618655211859437
1465,451,0,2,1868079104,3258047955,1389968852,1.6275945922510218,65483,0.0011672023345903715,0.0011672027438974005,0.01150660609972877
1466,451,0,2,1868079104,3257220794,1389141691,1.6284533858034855,65497,0.0008587929491977406,0.00085879355246275,0.00915341160509155
1467,451,0,2,1868079104,3256436519,1388357416,1.6292681257113486,65499,0.0008147398470877202,0.0008147399078636442,0.008876876903838527
1468,451,0,2,1868079104,3255928087,1387848984,1.6297965535207695,65512,0.0005284274673163702,0.0005284278094236102,0.006082433170148164
1469,451,0,2,1868079104,3254911596,1386832493,1.630853602124418,65488,0.001057048556915173,0.0010570486036465489,0.010884363831364846
1470,451,0,2,1868079104,3253684235,1385605132,1.6321309673771403,65478,0.0012773645234549914,0.0012773652527223213,0.013269833943899599
1471,451,0,2,1868079104,3252648244,1384569141,1.6332100468865782,65487,0.0010790786396167112,0.0010790795094394803,0.011309684731066513
1472,451,0,2,1868079104,3252246833,1384167730,1.63362837025214,65517,0.000418322449221962,0.00041832336556173156,0.004934802732935719
1473,451,0,2,1868079104,3251655452,1383576349,1.6342448885606302,65508,0.0006165175324262582,0.0006165183084904612,0.007001908195645941
1474,451,0,2,1868079104,3250557643,1382478540,1.635390060111348,65484,0.001145170906201281,0.0011451715507173681,0.012255858179929564
1475,451,0,2,1868079104,3247266831,1379187728,1.6388283035044786,65380,0.0034382433453716316,0.00343824339312811,0.03242554530245014
1476,451,0,2,1868079104,3246677578,1378598475,1.63944482148759,65508,0.0006165175324262582,0.0006165179831136387,0.006915673386466204
1477,451,0,2,1868079104,3243248751,1375169648,1.643037538117646,65373,0.003592715752060134,0.0035927166300534627,0.027488635722286842
1478,451,0,2,1868079104,3242808099,1374728996,1.64349990167565,65515,0.0004623634480924974,0.0004623635580070088,0.00539454427794825
1479,451,0,2,1868079104,3242493448,1374414345,1.6438301466887246,65521,0.00033024448458043404,0.00033024501307216125,0.0039922782726164955
1480,451,0,2,1868079104,3241109302,1373030199,1.6452837889421197,65470,0.0014536415241189304,0.0014536422533955263,0.014909344264293696
1481,451,0,2,1868079104,3240774089,1372694986,1.6456360529908203,65520,0.0003522634716290214,0.0003522640487010952,0.004227909891679893
1482,451,0,2,1868079104,3239328838,1371249735,1.6471558041923622,65467,0.0015197509526750181,0.001519751201541195,0.015311182121507916
1483,451,0,2,1868079104,3238073421,1369994318,1.6484772363390476,65476,0.0013214317544216249,0.0013214321466863508,0.013477403102996001
1484,451,0,2,1868079104,3237613523,1369534420,1.6489616207960864,65514,0.000484384451701118,0.00048438445703773576,0.0056111749720572975
1485,451,0,2,1868079104,3237049292,1368970189,1.6495561155246747,65509,0.0005944945118882062,0.0005944947285895007,0.006655728965410172
1486,451,0,2,1868079104,3236485293,1368406190,1.6501506107341193,65509,0.0005944945118882062,0.0005944952094438144,0.006617134528566593
1487,451,0,2,1868079104,3235838006,1367758903,1.6508331994892629,65505,0.0006825886112264284,0.0006825887551459745,0.007575199958372449
1488,451,0,2,1868079104,3235128414,1367049311,1.6515818625049654,65502,0.0007486627160211863,0.0007486630157005616,0.00821951869580413
1489,451,0,2,1868079104,3233334495,1365255392,1.6534762913467382,65450,0.0018944282800345323,0.0018944288417727041,0.017701599622506177
1490,451,0,2,1868079104,3232772027,1364692924,1.6540707859758008,65509,0.0005944945118882062,0.0005944946290633641,0.006747281699785172
1491,451,0,2,1868079104,3231356024,1363276921,1.6555685009840495,65468,0.0014977141398913162,0.0014977150082497877,0.013892497624625477
1492,451,0,2,1868079104,3230752767,1362673664,1.6562070421969963,65507,0.0006385408891551363,0.0006385412129466818,0.007035825226939163
1493,451,0,2,1868079104,3230087399,1362008296,1.6569116551735874,65504,0.0007046129765893727,0.0007046129765893727,0.00768166980690475
1494,451,0,2,1868079104,3229380790,1361301687,1.6576603186231296,65502,0.0007486627160211863,0.0007486634495433725,0.008236003001551445
1495,451,0,2,1868079104,3228903038,1360823935,1.6581667246777805,65513,0.0005064057914389884,0.0005064060546516868,0.005835285569952072
1496,451,0,2,1868079104,3228321631,1360242528,1.658783242517245,65508,0.0006165175324262582,0.0006165178394637972,0.006902875221468801
1497,451,0,2,1868079104,3227636694,1359557591,1.6595098806456932,65503,0.0007266376781842033,0.000726638128447665,0.008039366026014698
1498,451,0,2,1868079104,3226557943,1358478840,1.660655052051066,65484,0.001145170906201281,0.0011451714053716587,0.012042479463361623
1499,451,0,2,1868079104,3226039724,1357960621,1.6612055020067515,65511,0.0005504494793435254,0.0005504499556849534,0.00626298302256526
1500,451,0,2,1868079104,3225438819,1357359716,1.6618440437403983,65507,0.0006385408891551363,0.0006385417336472488,0.00721853653753238
1501,451,0,2,1868079104,3224527505,1356448402,1.6628129760898815,65492,0.0009689315899683129,0.000968932349484824,0.010057632514348446
1502,451,0,2,1868079104,3223389128,1355310025,1.6640242425011387,65481,0.001211266200721556,0.0012112664112582945,0.012705883014742271
1503,451,0,2,1868079104,3222748035,1354668932,1.6647068320885694,65505,0.0006825886112264284,0.0006825895874307659,0.007629149032977091
1504,451,0,2,1868079104,3222334622,1354255519,1.6651471757750471,65516,0.0004403427806028656,0.0004403436864761364,0.005158914338864347
1505,451,0,2,1868079104,3221859343,1353780240,1.665653581690183,65513,0.0005064057914389884,0.0005064059151361047,0.005822243074647608
1506,451,0,3,1588674560,4294623789,2705949230,0.6665123748125019,65497,0.0008587929491977406,0.0008587931223175081,0.009350043004428717
1507,451,0,3,1588674560,4293013498,2704338939,0.6673711678512895,65497,0.0008587929491977406,0.0008587930387884278,0.009285854756498619
1508,451,0,3,1588674560,4291693020,2703018461,0.6680757808291808,65504,0.0007046129765893727,0.000704612977892362,0.0077597858878185036
1509,451,0,3,1588674560,4289218332,2700543773,0.6693972129513064,65476,0.0013214317544216249,0.0013214321221244954,0.013557831326366355
1510,451,0,3,1588674560,4287899707,2699225148,0.670101825987139,65504,0.0007046129765893727,0.0007046130358315562,0.007742704963154751
1511,451,0,3,1588674560,4286005109,2697330550,0.671114815532448,65490,0.00101298940069043,0.0010129895453090793,0.010319499982634048
1512,451,0,3,1588674560,4283535629,2694861070,0.6724362473545078,65476,0.0013214317544216249,0.0013214318220593506,0.012495270603253974
1513,451,0,3,1588674560,4280204883,2691530324,0.6742204665089027,65455,0.0017842189647608187,0.0017842191543969929,0.015523256599297635
1514,451,0,3,1588674560,4277083601,2688409042,0.6758944848431305,65460,0.0016740180678742555,0.0016740183342265856,0.016662266456047146
1515,451,0,3,1588674560,4276099076,2687424517,0.6764229124201471,65512,0.0005284274673163702,0.0005284275770155986,0.006070914500986733
1516,451,0,3,1588674560,4274909877,2686235318,0.6770614535934314,65507,0.0006385408891551363,0.0006385411732849664,0.007121421547655056
1517,451,0,3,1588674560,4273147362,2684472803,0.6780083573104037,65493,0.0009469031891450585,0.0009469037169727146,0.009766650293954515
1518,451,0,3,1588674560,4272041393,2683366834,0.6786028519757252,65509,0.0005944945118882062,0.0005944946653236322,0.006693726783337312
1519,451,0,3,1588674560,4268724853,2680050294,0.6803870713666775,65455,0.0017842189647608187,0.0017842193909494352,0.01727742400870693
1520,451,0,3,1588674560,4267457129,2678782570,0.6810696599857096,65505,0.0006825886112264284,0.0006825886190333479,0.007613197776299589
1521,451,0,3,1588674560,4266312629,2677638070,0.6816861778473182,65508,0.0006165175324262582,0.0006165178616087756,0.006852762115463791
1522,451,0,3,1588674560,4256629398,2667954839,0.6869129000692666,65299,0.005226722187078397,0.005226722221947899,0.04617308162877098
1523,451,0,3,1588674560,4251418548,2662743989,0.6897334195136615,65408,0.0028205190623786626,0.00282051944439533,0.02602342926374025
1524,451,0,3,1588674560,4250321531,2661646972,0.6903279141778071,65509,0.0005944945118882062,0.0005944946641441252,0.006754761939587312
1525,451,0,3,1588674560,4248372082,2659697523,0.6913849630244755,65488,0.001057048556915173,0.0010570488466692598,0.010950256665898415
1526,451,0,3,1588674560,4247357487,2658682928,0.6919354129993316,65511,0.0005504494793435254,0.0005504499748575671,0.0063140233357968645
1527,451,0,3,1588674560,4245734755,2657060196,0.6928162333953551,65496,0.000880820004703256,0.0008808203960210501,0.009449915262152721
1528,451,0,3,1588674560,4244802254,2656127695,0.693322639195312,65513,0.0005064057914389884,0.0005064057999589286,0.005865803148077072
1529,451,0,3,1588674560,4243991668,2655317109,0.693762982060445,65516,0.0004403427806028656,0.0004403428651323302,0.005158914338864347
1530,451,0,3,1588674560,4243059778,2654385219,0.6942693882626791,65513,0.0005064057914389884,0.0005064062022340853,0.005865803148077072
1531,451,0,3,1588674560,4241682686,2653008127,0.6950180510107806,65502,0.0007486627160211863,0.0007486627480999637,0.008268396694428857
1532,451,0,3,1588674560,4240670643,2651996084,0.6955685008792081,65511,0.0005504494793435254,0.0005504498684284505,0.006325542004958294
1533,451,0,3,1588674560,4238606864,2649932305,0.6966916408617614,65485,0.001123139814249491,0.0011231399825553923,0.011930209751349136
1534,451,0,3,1588674560,4237353386,2648678827,0.6973742297452077,65505,0.0006825886112264284,0.00068258888344415,0.007605717536497449
1535,451,0,3,1588674560,4236060085,2647385526,0.6980788431531266,65504,0.0007046129765893727,0.0007046134079201657,0.007848824018977248
1536,451,0,3,1588674560,4234484645,2645810086,0.6989376361050361,65497,0.0008587929491977406,0.0008587929519100942,0.009357129086074075
1537,451,0,3,1588674560,4233233117,2644558558,0.6996202249355399,65505,0.0006825886112264284,0.0006825888305020251,0.007584556312927001
1538,451,0,3,1588674560,4232224297,2643549738,0.7001706749442533,65511,0.0005504494793435254,0.000550450008713562,0.00626298302256526
1539,451,0,3,1588674560,4230005741,2641331182,0.7013819415652414,65481,0.001211266200721556,0.0012112666209894958,0.012298403099526276
1540,451,0,3,1588674560,4227627833,2638953274,0.7026813398608418,65477,0.0012993979706836883,0.0012993982955991081,0.012415457693719475
1541,451,0,3,1588674560,4226782221,2638107662,0.7031437033863561,65515,0.0004623634480924974,0.00046236352551305097,0.005406062947109679
1542,451,0,3,1588674560,4225735608,2637061049,0.7037161754672923,65510,0.0005724718275307164,0.0005724720809378765,0.006488616438523054
1543,451,0,3,1588674560,4225051555,2636376996,0.7040904587594916,65519,0.0003742827947452993,0.00037428329219733327,0.004463541174757649
1544,451,0,3,1588674560,4224327452,2635652893,0.7044867614496333,65518,0.0003963024539395264,0.0003963026901427439,0.004687653452683203
1545,451,0,3,1588674560,4222758994,2634084435,0.705345554404353,65497,0.0008587929491977406,0.0008587929547219734,0.009033303924410785
1546,451,0,3,1588674560,4221553205,2632878646,0.7060061194450782,65506,0.0006605645820851047,0.0006605650407252476,0.007263971901934712
1547,451,0,3,1588674560,4220548841,2631874282,0.7065565692000604,65511,0.0005504494793435254,0.0005504497549805116,0.0062529881795468645
1548,451,0,3,1588674560,4219866134,2631191575,0.706930852188556,65519,0.0003742827947452993,0.0003742829884960273,0.004463541174757649
1549,451,0,3,1588674560,4218501074,2629826515,0.707679515395192,65502,0.0007486627160211863,0.0007486632066344619,0.007990732708565193
1550,451,0,3,1588674560,4217859026,2629184467,0.708031779147209,65520,0.0003522634716290214,0.0003522637520192386,0.004227909891679893
1551,451,0,3,1588674560,4216936308,2628261749,0.7085381849730474,65513,0.0005064057914389884,0.0005064058258384029,0.005810724405486178
1552,451,0,3,1588674560,4216054017,2627379458,0.7090225699651533,65514,0.000484384451701118,0.0004843849921045294,0.005599656302895868
1553,451,0,3,1588674560,4215412566,2626738007,0.7093748339514221,65520,0.0003522634716290214,0.00035226398626820855,0.004227909891679893
1554,451,0,3,1588674560,4214009736,2625335177,0.7101455223487214,65501,0.0007706880901105886,0.0007706883972998511,0.008265199229083257
1555,451,0,3,1588674560,4213288666,2624614107,0.7105418248893365,65518,0.0003963024539395264,0.0003963025406152187,0.004699172121844633
1556,451,0,3,1588674560,4211086002,2622411443,0.7117530911909498,65481,0.001211266200721556,0.0012112663016148578,0.012449268240063774
1557,451,0,3,1588674560,4209685483,2621010924,0.7125237793875527,65501,0.0007706880901105886,0.0007706881966011462,0.008294986522710206
1558,451,0,3,1588674560,4208765633,2620091074,0.7130301855011858,65513,0.0005064057914389884,0.0005064061136356166,0.005842765809754212
1559,451,0,3,1588674560,4206526785,2617852226,0.7142634844960831,65480,0.0012332986384842029,0.0012332989948954185,0.013020831555868284
1560,451,0,3,1588674560,4178165654,2589491095,0.7299785488199078,64826,0.01571506431739695,0.015715064323823774,0.11395808340972899
1561,451,0,4,1029865472,3952367901,2922502430,0.5554429216853798,36982,0.8254643721265353,0.8254643728654746,1.8556434012513148
1562,451,0,4,1029865472,3943449131,2913583660,0.5598524095058544,65336,0.004409487633700345,0.004409487820473983,0.037560553719508824
1563,451,0,4,1029865472,3941804193,2911938722,0.560667149816723,65499,0.0008147398470877202,0.0008147403108685565,0.008845720837249684
1564,451,0,4,1029865472,3940693376,2910827905,0.5612175995597184,65511,0.0005504494793435254,0.0005504497429951245,0.0062224706014218645
1565,451,0,4,1029865472,3924037485,2894172014,0.569496475571242,65161,0.008278875949142669,0.008278876011521464,0.06292113365225904
1566,451,0,4,1029865472,3922889284,2893023813,0.5700689476146614,65510,0.0005724718275307164,0.0005724720434207986,0.006572688933095913
1567,451,0,4,1029865472,3921829827,2891964356,0.5705973751005509,65512,0.0005284274673163702,0.0005284274858897515,0.0060593958318253035
1568,451,0,4,1029865472,3920814885,2890949414,0.5711037813391577,65513,0.0005064057914389884,0.0005064062386060614,0.005835285569952072
1569,451,0,4,1029865472,3919976749,2890111278,0.5715221041085172,65517,0.000418322449221962,0.00041832276936158984,0.004904285154810719
1570,451,0,4,1029865472,3918080466,2888214995,0.5724690074328294,65493,0.0009469031891450585,0.0009469033243124708,0.010068278825367634
1571,451,0,4,1029865472,3915480296,2885614825,0.5737684058338921,65477,0.0012993979706836883,0.0012993984010624393,0.012877113880775051
1572,451,0,4,1029865472,3913190684,2883325213,0.5749135770541329,65484,0.001145170906201281,0.0011451712202382549,0.012209783503283845
1573,451,0,4,1029865472,3911782810,2881917339,0.5756181902113582,65504,0.0007046129765893727,0.0007046131572266966,0.007824262854511354
1574,451,0,4,1029865472,3910551522,2880686051,0.5762347077810475,65508,0.0006165175324262582,0.0006165175696879376,0.006908193146664064
1575,451,0,4,1029865472,3908397688,2878532217,0.5773137867917626,65487,0.0010790786396167112,0.0010790790107151383,0.011109351028711323
1576,451,0,4,1029865472,3906684694,2876819223,0.578172579881155,65497,0.0008587929491977406,0.0008587930893923175,0.009284575260662644
1577,451,0,4,1029865472,3904621545,2874756074,0.5792075989167671,65489,0.0010350188106098368,0.001035019035613621,0.010986204482211407
1578,451,0,4,1029865472,3902954663,2873089192,0.5800443655140839,65498,0.000836766229995985,0.0008367665973150794,0.009077945122548673
1579,451,0,4,1029865472,3901639467,2871773996,0.5807049301674283,65506,0.0006605645820851047,0.000660564653344151,0.007227892068307388
1580,451,0,4,1029865472,3900061954,2870196483,0.5814976441835036,65500,0.0007927138004626774,0.0007927140160756181,0.00872472821720715
1581,451,0,4,1029865472,3897478006,2867612535,0.5827970423355922,65477,0.0012993979706836883,0.00129939815209159,0.012827903092398518
1582,451,0,4,1029865472,3895202678,2865337207,0.5839422135797463,65484,0.001145170906201281,0.0011451712441517478,0.011734670769635804
1583,451,0,4,1029865472,3893278928,2863413457,0.5849111454994649,65492,0.0009689315899683129,0.0009689319197199416,0.010186857168767528
1584,451,0,4,1029865472,3891225393,2861359922,0.5859461645968942,65489,0.0010350188106098368,0.001035019097429947,0.011049401953068284
1585,451,0,4,1029865472,3888518417,2858652946,0.5873116654209944,65474,0.0013655003314663333,0.0013655008240988254,0.013553220861559055
1586,451,0,4,1029865472,3885159709,2855294238,0.5890077230769144,65459,0.0016960575738423276,0.0016960576559210154,0.015953434988627765
1587,451,0,4,1029865472,3880323624,2850458153,0.5914533243015896,65425,0.002445601177240512,0.0024456012246745437,0.02164113637847668
1588,451,0,4,1029865472,3870624341,2840758870,0.5963707684880752,65313,0.004917443856606503,0.004917444186484793,0.040940473692411654
1589,451,0,4,1029865472,3869063865,2839198394,0.5971634825662377,65500,0.0007927138004626774,0.0007927140781626576,0.00848182521849572
1590,451,0,4,1029865472,3861742323,2831876852,0.6008886167763876,65367,0.003725133837594948,0.0037251342101509034,0.03325550464699429
1591,451,0,4,1029865472,3859538561,2829673090,0.6020117568005325,65485,0.001123139814249491,0.001123140024143566,0.011807009770862884
1592,451,0,4,1029865472,3858070529,2828205058,0.6027604199842891,65502,0.0007486627160211863,0.0007486631837566948,0.008202437771140377
1593,451,0,4,1029865472,3855308609,2825443138,0.60416999074857,65472,0.0014095702546713536,0.0014095707642825476,0.014111554353535987
1594,451,0,4,1029865472,3853196079,2823330608,0.6052490697961161,65487,0.0010790786396167112,0.001079079047545241,0.011317409301175713
1595,451,0,4,1029865472,3849965033,2820099562,0.6069010489683535,65461,0.0016519788985902288,0.0016519791722383235,0.01619928107794919
1596,451,0,4,1029865472,3844629151,2814763680,0.6096333434253793,65412,0.0027322943235718405,0.0027322944570265066,0.025475265203999734
1597,451,0,4,1029865472,3842653456,2812787985,0.6106463329688232,65490,0.00101298940069043,0.001012989543442574,0.010615512342831129
1598,451,0,4,1029865472,3836644692,2806779221,0.61373155893396,65396,0.003085225654520128,0.0030852259651372956,0.027921961702857583
1599,451,0,4,1029865472,3835017226,2805151755,0.6145683251747691,65498,0.000836766229995985,0.0008367662408099757,0.009125299295030365
1600,451,0,4,1029865472,3833433506,2803568035,0.6153830654850125,65499,0.0008147398470877202,0.0008147403102412917,0.008752686146279054
1601,451,0,4,1029865472,3831208995,2801343524,0.6165282365096836,65484,0.001145170906201281,0.0011451710246729442,0.011753076384537285
1602,451,0,4,1029865472,3830225857,2800360386,0.6170346425441551,65513,0.0005064057914389884,0.0005064060344713464,0.005835285569952072
1603,451,0,4,1029865472,3828815763,2798950292,0.6177612804397761,65503,0.0007266376781842033,0.0007266378956203918,0.008124962346730592
1604,451,0,4,1029865472,3826424081,2796558610,0.6189945795127798,65480,0.0012332986384842029,0.0012332990730041986,0.012625487975473287
1605,451,0,4,1029865472,3823138329,2793272858,0.6206906373238574,65459,0.0016960575738423276,0.001696057811076116,0.01679323272712977
1606,451,0,4,1029865472,3821817048,2791951577,0.6213732260377256,65505,0.0006825886112264284,0.0006825887138698404,0.007642191528281555
1607,451,0,4,1029865472,3820453790,2790588319,0.6220778392180293,65504,0.0007046129765893727,0.0007046131803040772,0.007827662795406802
1608,451,0,4,1029865472,3817004729,2787139258,0.6238620582448497,65455,0.0017842189647608187,0.0017842190268180557,0.01743609503086287
1609,451,0,4,1029865472,3814112799,2784247328,0.6253597728190954,65468,0.0014977141398913162,0.00149771457424532,0.015556198111502334
1610,451,0,4,1029865472,3811563744,2781698273,0.6266812048014323,65476,0.0013214317544216249,0.0013214319823388148,0.013216004799851886
1611,451,0,4,1029865472,3809059468,2779193997,0.6279806030400721,65477,0.0012993979706836883,0.00129939823864056,0.01337246126711108
1612,451,0,4,1029865472,3806811889,2776946418,0.6291478058146538,65483,0.0011672023345903715,0.0011672027745810887,0.012406766381070971
1613,451,0,4,1029865472,3802828842,2772963371,0.6312185865514834,65442,0.002070780697928415,0.0020707807368281587,0.018668200781522724
1614,451,0,4,1029865472,3799570813,2769705342,0.6329146441966742,65459,0.0016960575738423276,0.0016960576451919868,0.015783564382326858
1615,451,0,4,1029865472,3798598778,2768733307,0.6334210504881739,65513,0.0005064057914389884,0.0005064062914995815,0.005846804239113502
1616,451,0,4,1029865472,3796359659,2766494188,0.6345882531212652,65483,0.0011672023345903715,0.0011672026330919244,0.012168222430634503
1617,451,0,4,1029865472,3795515391,2765649920,0.6350285964104003,65516,0.0004403427806028656,0.0004403432891330335,0.005158914338864347
1618,451,0,4,1029865472,3794080575,2764215104,0.6357772591590418,65502,0.0007486627160211863,0.000748662748641143,0.008125451358212875
1619,451,0,4,1029865472,3792941753,2763076282,0.6363717539161904,65509,0.0005944945118882062,0.0005944947571482815,0.006724244361462312
1620,451,0,4,1029865472,3791972045,2762106574,0.636878159938771,65513,0.0005064057914389884,0.000506406022582782,0.005835285569952072
1621,451,0,4,1029865472,3789611846,2759746375,0.6381114588446373,65480,0.0012332986384842029,0.0012332989058645128,0.012009090740101175
1622,451,0,4,1029865472,3787843209,2757977738,0.6390363343419132,65494,0.0009248751246666447,0.0009248754972755792,0.00975425399894878
1623,451,0,4,1029865472,3786286123,2756420652,0.6398510742831576,65499,0.0008147398470877202,0.0008147399412469794,0.008838282466994949
1624,451,0,4,1029865472,3785276691,2755411220,0.6403795020692797,65512,0.0005284274673163702,0.0005284277861210405,0.006082433170148164
1625,451,0,4,1029865472,3783006302,2753140831,0.6415687362296687,65482,0.0011892340994270377,0.0011892341603875394,0.012026135302642918
1626,451,0,4,1029865472,3780485726,2750620255,0.6428901681351569,65476,0.0013214317544216249,0.001321431905490173,0.013641596179849254
1627,451,0,4,1029865472,3778303227,2748437756,0.6440353390510012,65484,0.001145170906201281,0.0011451709158448397,0.01194019637613876
1628,451,0,4,1029865472,3777506408,2747640937,0.6444536616013359,65517,0.000418322449221962,0.000418322550331875,0.004934802732935719
1629,451,0,4,1029865472,3776290563,2746425092,0.6450922027369401,65507,0.0006385408891551363,0.0006385411356056078,0.007226016777334521
1630,451,0,4,1029865472,3774069485,2744204014,0.6462594053758188,65483,0.0011672023345903715,0.0011672026388778274,0.01241459890948249
1631,451,0,4,1029865472,3767034782,2737169311,0.6499624688610055,65368,0.0037030633126258566,0.003703063485186556,0.03464175161772116
1632,451,0,4,1029865472,3765823571,2735958100,0.6506010098634256,65507,0.0006385408891551363,0.0006385410024199551,0.007151300637316213
1633,451,0,4,1029865472,3758350785,2728485314,0.6545468675501667,65357,0.003945857659342001,0.003945857686741425,0.02969727441978805
1634,451,0,4,1029865472,3757476483,2727611012,0.6550092315170275,65515,0.0004623634480924974,0.0004623639668620866,0.00539454427794825
1635,451,0,4,1029865472,3756685702,2726820231,0.6554275540824044,65517,0.000418322449221962,0.00041832256537712516,0.004904285154810719
1636,451,0,4,1029865472,3753897967,2724032496,0.6569032321136774,65469,0.0014756776637093812,0.0014756780312721518,0.015095283958216384
1637,451,0,4,1029865472,3753232920,2723367449,0.6572554955873748,65520,0.0003522634716290214,0.0003522634736982994,0.004227909891679893
1638,451,0,4,1029865472,3750448715,2720583244,0.6587311735731056,65469,0.0014756776637093812,0.0014756779857294073,0.01496022148835242
1639,451,0,4,1029865472,3748248536,2718383065,0.6598983760616548,65483,0.0011672023345903715,0.001167202488551752,0.012162066122226917
1640,451,0,4,1029865472,3747170075,2717304604,0.6604708483785551,65510,0.0005724718275307164,0.0005724723168996225,0.006542171354970913
1641,451,0,4,1029865472,3746050580,2716185109,0.6610653428905415,65509,0.0005944945118882062,0.0005944945119854703,0.006655728965410172
1642,451,0,4,1029865472,3744931546,2715066075,0.6616598375182186,65509,0.0005944945118882062,0.0005944946276787533,0.006628653197728023
1643,451,0,4,1029865472,3743522972,2713657501,0.6624085007137879,65502,0.0007486627160211863,0.0007486631955668079,0.008232561191108594
1644,451,0,4,1029865472,3741949501,2712084030,0.6632452670283442,65498,0.000836766229995985,0.0008367663145581354,0.00909886201581206
1645,451,0,4,1029865472,3738142254,2708276783,0.6652719576709529,65444,0.002026690572445132,0.002026690642608973,0.018822591606000888
1646,451,0,4,1029865472,3736985153,2707119682,0.6658884753758727,65508,0.0006165175324262582,0.0006165177049181396,0.006965828362018618
1647,451,0,4,1029865472,3734176251,2704310780,0.6673861900293794,65468,0.0014977141398913162,0.001497714653508899,0.013935355766619357
1648,451,0,4,1029865472,3732814522,2702949051,0.6681128278379092,65503,0.0007266376781842033,0.0007266378085264646,0.007842734626677532
1649,451,0,4,1029865472,3731370991,2701505520,0.6688835161792497,65501,0.0007706880901105886,0.0007706883413434259,0.008267361543690132
1650,451,0,4,1029865472,3729969453,2700103982,0.6696321789497972,65502,0.0007486627160211863,0.0007486627705480886,0.008236003001551445
1651,451,0,4,1029865472,3728980645,2699115174,0.6701606066252559,65512,0.0005284274673163702,0.0005284276754556251,0.00604635333652084
1652,451,0,4,1029865472,3727827458,2697961987,0.6707771244706748,65508,0.0006165175324262582,0.0006165178454211921,0.006864280784625221
1653,451,0,4,1029865472,3726386590,2696521119,0.6715478130155326,65501,0.0007706880901105886,0.0007706885448570434,0.008481623079028975
1654,451,0,4,1029865472,3724370453,2694504982,0.6726268918152876,65487,0.0010790786396167112,0.0010790787997544845,0.011445288718393384
1655,451,0,4,1029865472,3723219236,2693353765,0.6732434094933311,65508,0.0006165175324262582,0.000616517678043043,0.006904793205768618
1656,451,0,4,1029865472,3721945219,2692079748,0.6739259981977526,65505,0.0006825886112264284,0.0006825887044224711,0.007653710197442985
1657,451,0,4,1029865472,3720055636,2690190165,0.6749389879509664,65490,0.00101298940069043,0.0010129897532133944,0.010461997244979532
1658,451,0,4,1029865472,3717633742,2687768271,0.6762383861300876,65477,0.0012993979706836883,0.0012993981791200075,0.013511493558671133
1659,451,0,4,1029865472,3716280343,2686414872,0.6769650238404026,65503,0.0007266376781842033,0.000726637710314733,0.008059888761121303
1660,451,0,4,1029865472,3715419522,2685554051,0.6774273877208401,65515,0.0004623634480924974,0.0004623638804408645,0.00539454427794825
1661,451,0,4,1029865472,3714477021,2684611550,0.6779337935316576,65513,0.0005064057914389884,0.0005064058108156273,0.005822243074647608
1662,451,0,4,1029865472,3712756536,2682891065,0.6788586688192808,65494,0.0009248751246666447,0.0009248752876228706,0.009989100961745908
1663,451,0,4,1029865472,3710955278,2681089807,0.6798276007165605,65492,0.0009689315899683129,0.0009689318972805702,0.010362527027321891
1664,451,0,4,1029865472,3709646152,2679780681,0.6805322137565035,65504,0.0007046129765893727,0.0007046130399416373,0.007803345961247967
1665,451,0,4,1029865472,3707887873,2678022402,0.6814791169724543,65493,0.0009469031891450585,0.0009469032159509803,0.010126266329331567
1666,451,0,4,1029865472,3706539381,2676673910,0.6822057549174829,65503,0.0007266376781842033,0.0007266379450299352,0.007916081428938692
1667,451,0,4,1029865472,3704456398,2674590927,0.6833288947685894,65485,0.001123139814249491,0.001123139851106526,0.01133862118553405
1668,451,0,4,1029865472,3702007736,2672142265,0.6846503269943369,65476,0.0013214317544216249,0.0013214322257485047,0.012495270603253974
1669,451,0,4,1029865472,3698827390,2668961919,0.6863684248957149,65458,0.0017180974165047324,0.0017180979013756775,0.015147220506259624
1670,451,0,4,1029865472,3695650830,2665785359,0.6880865223657118,65458,0.0017180974165047324,0.0017180974699993125,0.01699573231006104
1671,451,0,4,1029865472,3694674590,2664809119,0.6886149499654017,65512,0.0005284274673163702,0.000528427599689426,0.00604635333652084
1672,451,0,4,1029865472,3693698707,2663833236,0.6891433778412228,65512,0.0005284274673163702,0.0005284278758198792,0.0060593958318253035
1673,451,0,4,1029865472,3691910244,2662044773,0.6901123098346105,65492,0.0009689315899683129,0.000968931993387666,0.00995807394158769
1674,451,0,4,1029865472,3690732276,2660866805,0.6907508508266105,65507,0.0006385408891551363,0.0006385409919987617,0.007107740563886749
1675,451,0,4,1029865472,3688824000,2658958529,0.6917858699361012,65489,0.0010350188106098368,0.0010350191094935731,0.01112535571937516
1676,451,0,4,1029865472,3687566252,2657700781,0.6924684590321242,65505,0.0006825886112264284,0.0006825890960230193,0.007623192619317985
1677,451,0,4,1029865472,3686430759,2656565288,0.6930849769571701,65508,0.0006165175324262582,0.0006165179250433808,0.006852762115463791
1678,451,0,4,1029865472,3679661252,2649795781,0.6967659701460605,65369,0.0036809931252891866,0.003680993188893203,0.03396218859135217
1679,451,0,4,1029865472,3674930629,2645065158,0.6993438841789228,65419,0.002577914011629573,0.002577914032860545,0.024110364646853406
1680,451,0,4,1029865472,3673800535,2643935064,0.6999604018442334,65508,0.0006165175324262582,0.0006165176653115112,0.006948353279198081
1681,451,0,4,1029865472,3671662342,2641796871,0.7011276046625987,65483,0.0011672023345903715,0.0011672028183640907,0.011905198305459445
1682,451,0,4,1029865472,3670654576,2640789105,0.7016780543987018,65511,0.0005504494793435254,0.0005504497361025655,0.006325542004958294
1683,451,0,4,1029865472,3669163651,2639298180,0.7024927947788875,65499,0.0008147398470877202,0.0008147403801880374,0.008745205906476915
1684,451,0,4,1029865472,3668197111,2638331640,0.7030212223223025,65512,0.0005284274673163702,0.0005284275434120022,0.006078394740788874
1685,451,0,4,1029865472,3667391956,2637526485,0.7034615651469736,65516,0.0004403427806028656,0.0004403428246717577,0.005158914338864347
1686,451,0,4,1029865472,3666466310,2636600839,0.7039679711646869,65513,0.0005064057914389884,0.0005064060177134666,0.005865803148077072
1687,451,0,4,1029865472,3665058213,2635192742,0.7047386593853417,65501,0.0007706880901105886,0.0007706882206549074,0.008504021928887993
1688,451,0,4,1029865472,3664012756,2634147285,0.7053111317030982,65510,0.0005724718275307164,0.0005724723177570395,0.006549651594773054
1689,451,0,4,1029865472,3661922673,2632057202,0.7064563027821613,65484,0.001145170906201281,0.0011451710790625512,0.01212566913916358
1690,451,0,4,1029865472,3660597326,2630731855,0.7071829409065735,65503,0.0007266376781842033,0.0007266381244123589,0.008019728628587287
1691,451,0,4,1029865472,3659272647,2629407176,0.7079095786829548,65503,0.0007266376781842033,0.0007266377763810314,0.008065451016623627
1692,451,0,4,1029865472,3657748027,2627882556,0.7087463451109137,65498,0.000836766229995985,0.0008367664279612802,0.00905781654559885
1693,451,0,4,1029865472,3656384684,2626519213,0.7094950081617206,65502,0.0007486627160211863,0.0007486630508059047,0.00823103736496556
1694,451,0,4,1029865472,3655302591,2625437120,0.7100895029091987,65509,0.0005944945118882062,0.000594494747476035,0.0067096780400148145
1695,451,0,4,1029865472,3653179358,2623313887,0.7112567054999666,65483,0.0011672023345903715,0.0011672025907689435,0.012033755561780077
1696,451,0,4,1029865472,3650497442,2620631971,0.7127323833026722,65469,0.0014756776637093812,0.0014756778027072092,0.013824945400524112
1697,451,0,4,1029865472,3649617713,2619752242,0.7132167678920318,65514,0.000484384451701118,0.00048438458935900336,0.005630173881020868
1698,451,0,4,1029865472,3648418485,2618553014,0.7138773328015482,65506,0.0006605645820851047,0.0006605649095149811,0.007351092048793639
1699,451,0,4,1029865472,3647659321,2617793850,0.7142956557943272,65517,0.000418322449221962,0.000418322992781432,0.00492328406377429
1700,451,0,4,1029865472,3646820489,2616955018,0.7147580194367542,65515,0.0004623634480924974,0.00046236364242608843,0.005350984204518786
1701,451,0,4,1029865472,3645023568,2615158097,0.7157489800908969,65491,0.0009909603271466795,0.0009909606541431376,0.01018586580548165
1702,451,0,4,1029865472,3643666827,2613801356,0.7164976428311576,65502,0.0007486627160211863,0.000748662740260155,0.008064416201962875
1703,451,0,4,1029865472,3642390556,2612525085,0.7172022562531915,65504,0.0007046129765893727,0.0007046134220344673,0.007680455522328744
1704,451,0,4,1029865472,3641633140,2611767669,0.7176205790257484,65517,0.000418322449221962,0.00041832277255489034,0.004904285154810719
1705,451,0,4,1029865472,3640198453,2610332982,0.7184132929202249,65500,0.0007927138004626774,0.0007927138944773876,0.008398635542693763
1706,451,0,4,1029865472,3639561164,2609695693,0.7187655567646303,65520,0.0003522634716290214,0.00035226384440538937,0.004227909891679893
1707,451,0,4,1029865472,3638565644,2608700173,0.7193160062979373,65511,0.0005504494793435254,0.0005504495333083721,0.006233989270583294
1708,451,0,4,1029865472,3637411281,2607545810,0.7199545474281308,65507,0.0006385408891551363,0.0006385411301923046,0.00709646622503238
1709,451,0,4,1029865472,3636734885,2606869414,0.7203288303029822,65519,0.0003742827947452993,0.0003742828748501393,0.004463541174757649
1710,451,0,4,1029865472,3635302888,2605437417,0.721121544580722,65500,0.0007927138004626774,0.0007927142777392456,0.008450464172238933
1711,451,0,4,1029865472,3634507771,2604642300,0.7215618876940866,65516,0.0004403427806028656,0.0004403431133650427,0.005147395669702917
1712,451,0,4,1029865472,3631805200,2601939729,0.7230596019748958,65468,0.0014977141398913162,0.0014977142808098682,0.01512049968205337
1713,451,0,4,1029865472,3630415614,2600550143,0.7238302902138294,65501,0.0007706880901105886,0.000770688238934612,0.008294986522710206
1714,451,0,4,1029865472,3629383901,2599518430,0.7244027623754405,65510,0.0005724718275307164,0.0005724721616094161,0.0065001351076844835
1715,451,0,4,1029865472,3626607315,2596741844,0.7259445509013496,65466,0.0015417881020707706,0.0015417885259099496,0.01589599871769852
1716,451,0,4,1029865472,3590074783,2560209312,0.7463853822572055,64614,0.02044083103785155,0.02044083135585583,0.14008861204472875
1717,463,12,1,1394335232,3254487039,1860151808,1.207226780749437,93,9.460841188891969,9.460841398492231,1.2948979146482942
1718,467,4,0,1740583152,4260825455,2520242304,0.7690847003940107,11099,2.5618579222563453,2.561857919644574,2.551181868905499
1719,467,0,1,1333682656,3306159891,1972477236,1.1226384955592472,25646,1.3535537938452664,1.3535537951652379,2.59251490366698
1720,467,0,1,1333682656,3271186463,1937503808,1.1484480001288944,64374,0.025809504238150142,0.02580950456964569,0.13521581750541745
1721,467,0,2,519881664,3306462457,2786580794,0.624151162555254,47128,0.47570316233737536,0.47570316242636007,1.4272354363280055
1722,467,0,2,519881664,3043307114,2523425451,0.7672636799683517,59347,0.1431125171969071,0.14311251741309955,0.5961887701931396
1723,467,0,2,519881664,3038301539,2518419876,0.7701283139004147,65406,0.0028646334550583873,0.0028646339320606766,0.02536371977081484
1724,467,0,2,519881664,3030346935,2510465272,0.7746923780921726,65329,0.004564064074153165,0.004564064191760436,0.036050467980769794
1725,467,0,2,519881664,3026401349,2506519686,0.7769615810404815,65433,0.002269202938821913,0.0022692029483071105,0.02045581922384404
1726,467,0,2,519881664,3024603765,2504722102,0.7779966002007299,65489,0.0010350188106098368,0.0010350191602503064,0.010950876320681662
1727,467,0,4,713632524,4170925635,3457293112,0.31300422442018316,22615,1.5350076244812265,1.5350076242194521,1.937467244938385
1728,467,0,4,713632524,3502742124,2789109601,0.6228425183121331,52870,0.3098382937316957,0.3098382938919504,0.9395399171280298
1729,467,0,4,713632524,2981316177,2267683654,0.9214277502828025,53284,0.29858523166837403,0.2985852319706689,1.1012144863394013
1730,474,7,1,810682656,2345908927,1535226272,1.4841958406237978,2773,4.562768098960522,4.562768090340995,0.32978792521860617
1731,474,0,1,810682656,2193923025,1383240370,1.6345952661163246,59048,0.15039942516251922,0.1503994254925253,0.7666405406806919
1732,476,2,0,1621365312,4065295401,2443930090,0.8134441293729964,57895,0.178848862679649,0.1788488632566715,0.9116069570109412
1733,476,0,0,1621365312,4044598666,2423233355,0.8257138044144376,64981,0.012269674814241821,0.012269675041444321,0.08659886190731703
1734,476,0,0,1621365312,4043378470,2422013159,0.8264404426774199,65503,0.0007266376781842033,0.0007266382629822794,0.007884615820782821
1735,476,0,0,1621365312,4042454545,2421089234,0.8269908923370259,65511,0.0005504494793435254,0.0005504496596024669,0.006116351545599367
1736,476,0,0,1621365312,3980390489,2359025178,0.8644563293940166,63856,0.03746543648872845,0.037465437056993324,0.21779417259847533
1737,476,0,0,1621365312,3978806670,2357441359,0.8654252614896585,65492,0.0009689315899683129,0.0009689320956395355,0.009957807687042554
1738,476,0,0,1621365312,3978123207,2356757896,0.8658435843624517,65517,0.000418322449221962,0.0004183228727948209,0.00492328406377429
1739,476,0,0,1621365312,3977403981,2356038670,0.8662839274907839,65516,0.0004403427806028656,0.0004403431283326555,0.005158914338864347
1740,476,0,0,1621365312,3976792825,2355427514,0.8666582108670937,65519,0.0003742827947452993,0.0003742833763082965,0.004463541174757649
1741,476,0,0,1621365312,3976074005,2354708694,0.8670985539958451,65516,0.0004403427806028656,0.0004403431287533938,0.005170433008025777
1742,476,0,0,1621365312,3973882274,2352516963,0.868442020361627,65475,0.00134346587467908,0.001343466365781644,0.012882652589832552
1743,476,0,0,1621365312,3944518887,2323153576,0.8865626169165104,64718,0.018120596036574815,0.018120596554883017,0.11918967865612147
1744,476,0,0,1621365312,3932360047,2310994736,0.8941331723853239,65193,0.0075705548813454395,0.007570555468812713,0.05576751729566753
1745,476,0,0,1621365312,3925519028,2304153717,0.8984101795129966,65342,0.004277006722584219,0.004277007127671855,0.0346619633997618
1746,476,0,0,1621365312,3922671181,2301305870,0.9001943989552323,65455,0.0017842189647608187,0.0017842194422365751,0.01659680637047043
1747,476,0,0,1621365312,3915858843,2294493532,0.9044714061036814,65342,0.004277006722584219,0.0042770071484505645,0.03697613890906012
1748,476,0,0,1621365312,3911587477,2290222166,0.9071595903815499,65414,0.0026881839772797777,0.002688184277868427,0.02484240278627489
1749,476,0,0,1621365312,3909036417,2287671106,0.9087674924331282,65463,0.0016079015700331673,0.001607902051576858,0.015186153588253853
1750,476,0,0,1621365312,3908338275,2286972964,0.9092078353291626,65516,0.0004403427806028656,0.000440342896034645,0.005147395669702917
1751,476,0,0,1621365312,3907291381,2285926070,0.9098684004530782,65506,0.0006605645820851047,0.0006605651239151511,0.007423645874205069
1752,476,0,0,1621365312,3906105445,2284740134,0.9106170633166712,65502,0.0007486627160211863,0.0007486628635929528,0.008202043612983594
1753,476,0,0,1621365312,3903943978,2282578667,0.9119825637735524,65474,0.0013655003314663333,0.001365500456880281,0.013883756645800232
1754,476,0,0,1621365312,3902655290,2281289979,0.9127973040653856,65499,0.0008147398470877202,0.0008147402918329798,0.00884576270679709
1755,476,0,0,1621365312,3901123662,2279758351,0.9137662357860208,65492,0.0009689315899683129,0.0009689317206358745,0.010487006503644116
1756,476,0,0,1621365312,3899523489,2278158178,0.9147792257044713,65490,0.00101298940069043,0.001012989918451757,0.010665142013553433
1757,476,0,0,1621365312,3896707772,2275342461,0.9165634448326792,65455,0.0017842189647608187,0.001784219128209129,0.0166478893965711
1758,476,0,0,1621365312,3891326331,2269961020,0.9199796223898566,65381,0.0034161772088184225,0.0034161775571755005,0.028469116655695213
1759,476,0,0,1621365312,3478558913,1857193602,1.2095229300475552,53619,0.2895433072937097,0.2895433076576992,1.0159558799255004
1760,476,0,0,1621365312,3477482049,1856116738,1.2103596963039749,65498,0.000836766229995985,0.0008367662564203549,0.009061749535564111
1761,476,0,0,1621365312,3468702199,1847336888,1.2172001598626743,65226,0.006840462833938516,0.006840463558699643,0.05742945842183247
1762,476,0,0,1621365312,3466982723,1845617412,1.218543626082873,65475,0.00134346587467908,0.0013434662201977597,0.013848965369263918
1763,476,0,0,1621365312,3465940733,1844575422,1.2193583660778984,65499,0.0008147398470877202,0.0008147399950257128,0.008977433704158704
1764,476,0,0,1621365312,3464589725,1843224414,1.220415415112921,65488,0.001057048556915173,0.0010570490350205325,0.010926925677234894
1765,476,0,0,1621365312,3461861563,1840496252,1.2225523342034847,65439,0.0021369184126987005,0.002136919090564248,0.020445474140438114
1766,476,0,0,1621365312,3456778405,1835413094,1.226542340932582,65355,0.003990006476313711,0.003990006729097339,0.034234390540394746
1767,476,0,0,1621365312,3454369873,1833004562,1.2284367695376943,65450,0.0018944282800345323,0.0018944286051122163,0.018766444898523794
1768,476,0,0,1621365312,3452831554,1831466243,1.2296480360157602,65481,0.001211266200721556,0.0012112664780654407,0.012323805437154525
1769,476,0,0,1621365312,3441960576,1820595265,1.2382369123737504,65147,0.00858887580563895,0.008588876357992046,0.06251843885695409
1770,476,0,0,1621365312,3440793812,1819428501,1.239161788035311,65494,0.0009248751246666447,0.0009248756615601565,0.009989282599701287
1771,476,0,0,1621365312,3439822132,1818456821,1.2399324764031867,65501,0.0007706880901105886,0.0007706883678770026,0.008349557923510581
1772,476,0,0,1621365312,3437546841,1816181530,1.2417387366987498,65454,0.0018062601543034325,0.0018062602955605212,0.017128453665682913
1773,476,0,0,1621365312,3436743171,1815377860,1.2423772782275648,65507,0.0006385408891551363,0.0006385415288163322,0.00718398053004809
1774,476,0,0,1621365312,3435662852,1814297541,1.2432360717766926,65497,0.0008587929491977406,0.0008587935491264782,0.009462118473910321
1775,476,0,0,1621365312,3434306336,1812941025,1.244315151060679,65487,0.0010790786396167112,0.0010790792839869014,0.011121794386191063
1776,476,0,0,1621365312,3431844303,1810478992,1.2462757094997094,65447,0.0019605579105596736,0.0019605584390301775,0.019183695609245505
1777,476,0,0,1621365312,3430932654,1809567343,1.2470023474470864,65503,0.0007266376781842033,0.000726637947376185,0.0080698836041397
1778,476,0,0,1621365312,3430049076,1808683765,1.2477069605798548,65504,0.0007046129765893727,0.0007046131327697274,0.007871861357300107
1779,476,0,0,1621365312,3428531168,1807165857,1.24891822692204,65481,0.001211266200721556,0.0012112663421839423,0.012350881204836673
1780,476,0,0,1621365312,3426959383,1805594072,1.2501735589188954,65479,0.0012553314127252556,0.0012553319968554874,0.013259316287139281
1781,476,0,0,1621365312,3423377729,1802012418,1.2530381929503633,65406,0.0028646334550583873,0.0028646340314684654,0.02397318479320152
1782,476,0,0,1621365312,3422250371,1800885060,1.2539410406494262,65495,0.0009028473965228007,0.0009028476990634795,0.009658707042661183
1783,476,0,0,1621365312,3421123718,1799758407,1.2548438885786055,65495,0.0009028473965228007,0.0009028479291809517,0.009820012799376892
1784,476,0,0,1621365312,3416153071,1794787760,1.2588338956697243,65355,0.003990006476313711,0.003990007091116618,0.03165110337035497
1785,476,0,0,1621365312,3411962968,1790597657,1.2622059423915637,65383,0.003372045948196188,0.0033720467218391163,0.02924475257623306
1786,476,0,0,1621365312,3411225264,1789859953,1.2628004373044668,65509,0.0005944945118882062,0.0005944949129023419,0.006693726783337312
1787,476,0,0,1621365312,3409668531,1788303220,1.2640557691673244,65479,0.0012553314127252556,0.0012553318628602233,0.012802042558682183
1788,476,0,0,1621365312,3409150071,1787784760,1.2644740920275694,65517,0.000418322449221962,0.0004183228602446421,0.00492328406377429
1789,476,0,0,1621365312,3408331688,1786966377,1.2651346566772617,65506,0.0006605645820851047,0.0006605646496921747,0.007290056892543639
1790,476,0,0,1621365312,3407513679,1786148368,1.2657952218326187,65506,0.0006605645820851047,0.0006605651553570802,0.007332093139830069
1791,476,0,0,1621365312,3406995844,1785630533,1.2662135444737679,65517,0.000418322449221962,0.00041832264114891754,0.00492328406377429
1792,476,0,0,1621365312,3405633516,1784268205,1.26731465354678,65486,0.001101109058724726,0.0011011090730118564,0.01079974753868852
1793,476,0,0,1621365312,3404544485,1783179174,1.2681954736430363,65496,0.000880820004703256,0.000880820096255563,0.009449915262152721
1794,476,0,0,1621365312,3403673792,1782308481,1.2689000866551972,65504,0.0007046129765893727,0.000704613012161092,0.0077237060541911805
1795,476,0,0,1621365312,3402966699,1781601388,1.2694725588082143,65510,0.0005724718275307164,0.0005724721530171404,0.006488616438523054
1796,476,0,0,1621365312,3401580259,1780214948,1.2705956993774201,65485,0.001123139814249491,0.0011231405692062985,0.011455672813813258
1797,476,0,0,1621365312,3400194898,1778829587,1.2717188398865247,65485,0.001123139814249491,0.0011231405091050512,0.011841213489737795
1798,476,0,0,1621365312,3398430616,1777065305,1.2731504463756345,65471,0.0014316057211096818,0.0014316064891109499,0.014557678244308168
1799,476,0,0,1621365312,3397915414,1776550103,1.2735687692892483,65517,0.000418322449221962,0.00041832291361093994,0.004934802732935719
1800,476,0,0,1621365312,3396831093,1775465782,1.274449589999893,65496,0.000880820004703256,0.0008808207106455704,0.009603388490456912
1801,476,0,0,1621365312,3395286879,1773921568,1.275704922146403,65479,0.0012553314127252556,0.0012553321465089444,0.013161454850495797
1802,476,0,0,1621365312,3383322869,1761957558,1.2854679729474583,65094,0.00976305047241554,0.00976305080105589,0.07579541712359995
1803,476,0,0,1621365312,3382650735,1761285424,1.286018422862682,65511,0.0005504494793435254,0.0005504499152232156,0.0062704632623674
1804,476,0,0,1621365312,3381710107,1760344796,1.2867891110374288,65501,0.0007706880901105886,0.0007706881747470714,0.007965733012277015
1805,476,0,0,1621365312,3381119170,1759753859,1.2872734962612213,65514,0.000484384451701118,0.0004843852237922842,0.0056111749720572975
1806,476,0,0,1621365312,3380608987,1759243676,1.287691819082923,65517,0.000418322449221962,0.00041832282170265416,0.00492328406377429
1807,476,0,0,1621365312,3379562073,1758196762,1.2885506126899564,65497,0.0008587929491977406,0.0008587936070330801,0.009349052227355496
1808,476,0,0,1621365312,3379132825,1757767514,1.2889028767719388,65520,0.0003522634716290214,0.000352264081984814,0.004227909891679893
1809,476,0,0,1621365312,3377764933,1756399622,1.2900260169233135,65485,0.001123139814249491,0.0011231401513747221,0.011814490010665025
1810,476,0,0,1621365312,3376371305,1755005994,1.2911711881338697,65484,0.001145170906201281,0.001145171210554782,0.011767046399768038
1811,476,0,0,1621365312,3375782161,1754416850,1.2916555727024637,65514,0.000484384451701118,0.00048438456859479026,0.005599656302895868
1812,476,0,0,1621365312,3375166444,1753801133,1.2921619790181005,65513,0.0005064057914389884,0.0005064063156372221,0.005760569429933765
1813,476,0,0,1621365312,3374577704,1753212393,1.292646363968462,65514,0.000484384451701118,0.0004843849503601197,0.005524940162877561
1814,476,0,0,1621365312,3373828650,1752463339,1.2932628822035852,65508,0.0006165175324262582,0.0006165182351232326,0.006929354370234511
1815,476,0,0,1621365312,3372892733,1751527422,1.294033570791992,65501,0.0007706880901105886,0.00077068858840734,0.008387555741437722
1816,476,0,0,1621365312,3370914995,1749549684,1.2956635109629104,65462,0.0016299400659799616,0.001629940170918412,0.015377260687144713
1817,476,0,0,1621365312,3370300986,1748935675,1.2961699173974424,65513,0.0005064057914389884,0.000506406434531838,0.005822243074647608
1818,476,0,0,1621365312,3367418828,1746053517,1.2985493673858706,65428,0.002379449310284077,0.002379449988428839,0.019945473103857837
1819,476,0,0,1621365312,3363076074,1741710763,1.302142083174246,65373,0.003592715752060134,0.0035927157883723936,0.03128827422268608
1820,476,0,0,1621365312,3362172476,1740807165,1.3028907463023387,65502,0.0007486627160211863,0.0007486631280950307,0.00804115535613723
1821,476,0,0,1621365312,3361269347,1739904036,1.3036394092528596,65502,0.0007486627160211863,0.0007486629505188208,0.008266872868285823
1822,476,0,0,1621365312,3360632175,1739266864,1.3041678368129261,65512,0.0005284274673163702,0.0005284275600663087,0.00603483466735941
1823,476,0,0,1621365312,3359915619,1738550308,1.304762331434823,65509,0.0005944945118882062,0.0005944946218969093,0.0065876077275148145
1824,476,0,0,1621365312,3359066717,1737701406,1.3054669448119327,65504,0.0007046129765893727,0.0007046133771113842,0.007803101630940907
1825,476,0,0,1621365312,3358032623,1736667312,1.3063257381357012,65497,0.0008587929491977406,0.0008587933237698636,0.009350043004428717
1826,476,0,0,1621365312,3357396636,1736031325,1.306854165964971,65512,0.0005284274673163702,0.0005284278292690575,0.0060273544275572695
1827,476,0,0,1621365312,3356654923,1735289612,1.3074706838280967,65508,0.0006165175324262582,0.0006165178631233621,0.006940873039395941
1828,476,0,0,1621365312,3355648743,1734283432,1.3083074501497869,65498,0.000836766229995985,0.0008367663216924588,0.008743178970400268
1829,476,0,0,1621365312,3354140348,1732775037,1.3095627818051163,65479,0.0012553314127252556,0.0012553316553275298,0.013021312836258821
1830,476,0,0,1621365312,3353135626,1731770315,1.3103995481569655,65498,0.000836766229995985,0.000836766351850505,0.009025914032243848
1831,476,0,0,1621365312,3352580706,1731215395,1.3108619123744276,65515,0.0004623634480924974,0.00046236421746171226,0.00539454427794825
1832,476,0,0,1621365312,3351893883,1730528572,1.3114343846072174,65510,0.0005724718275307164,0.0005724722327912046,0.006431619711632343
1833,476,0,0,1621365312,3350758434,1729393123,1.3123812885227935,65493,0.0009469031891450585,0.0009469039155746757,0.01002900151160452
1834,476,0,0,1621365312,3349518177,1728152866,1.3134163074094651,65489,0.0010350188106098368,0.0010350188866703235,0.010820615965829347
1835,476,0,0,1621365312,3348700721,1727335410,1.314098896754384,65505,0.0006825886112264284,0.0006825893449190153,0.007529125281726729
1836,476,0,0,1621365312,3347013870,1725648559,1.3155084670204857,65472,0.0014095702546713536,0.0014095702661014499,0.01454034223646861
1837,476,0,0,1621365312,3346092274,1724726963,1.3162791553134205,65501,0.0007706880901105886,0.0007706882929375053,0.008195840364899329
1838,476,0,0,1621365312,3344986949,1723621638,1.3172040310352209,65494,0.0009248751246666447,0.000924875721800116,0.009709655999931305
1839,476,0,0,1621365312,3341383797,1720018486,1.3202230755531055,65399,0.0030190444530456694,0.003019044517883217,0.024180623738430843
1840,476,0,0,1621365312,3329914557,1708549246,1.3298753144384996,65099,0.009652238443996328,0.009652238885393067,0.06460533085141276
1841,476,0,0,1621365312,3328324263,1706958952,1.3312187803593218,65475,0.00134346587467908,0.001343465920822701,0.01371294828354014
1842,476,0,0,1621365312,3327594971,1706229660,1.3318352982769497,65508,0.0006165175324262582,0.0006165179176284449,0.006933786957750584
1843,476,0,0,1621365312,3326449431,1705084120,1.332804229923724,65492,0.0009689315899683129,0.0009689316467753345,0.010322899943857685
1844,476,0,0,1621365312,3325486782,1704121471,1.333618970448022,65499,0.0008147398470877202,0.0008147405242989783,0.008606898137444948
1845,476,0,0,1621365312,3324810708,1703445397,1.33419144262988,65510,0.0005724718275307164,0.0005724721818560566,0.0064696175295594835
1846,476,0,0,1621365312,3323978947,1702613636,1.3348960560744096,65504,0.0007046129765893727,0.0007046134445303022,0.0077613097139615375
1847,476,0,0,1621365312,3323225532,1701860221,1.3355345970928632,65507,0.0006385408891551363,0.0006385410184545943,0.007174976464102915
1848,476,0,0,1621365312,3322628260,1701262949,1.336041003307546,65513,0.0005064057914389884,0.000506406214682645,0.005793249322665642
1849,476,0,0,1621365312,3318526704,1697161393,1.3395233803027082,65378,0.003482376631013855,0.003482376995160016,0.032361483873566826
1850,476,0,0,1621365312,3315962937,1694597626,1.3417043929398709,65437,0.002181011907029251,0.002181012637163846,0.020911895301076438
1851,476,0,0,1621365312,3315264784,1693899473,1.3422988877000606,65509,0.0005944945118882062,0.0005944947601881441,0.006730200775121419
1852,476,0,0,1621365312,3314282603,1692917292,1.3431356543727198,65498,0.000836766229995985,0.0008367666726596314,0.008948305293120611
1853,476,0,0,1621365312,3313533478,1692168167,1.3437741959712923,65507,0.0006385408891551363,0.0006385415985736222,0.007212974282030056
1854,476,0,0,1621365312,3312526480,1691161169,1.3446329897329434,65497,0.0008587929491977406,0.0008587937616513395,0.009008742759944892
1855,476,0,0,1621365312,3311881353,1690516042,1.3451834393926028,65511,0.0005504494793435254,0.0005504496596582277,0.006295024426833294
1856,476,0,0,1621365312,3311107496,1689742185,1.3458440041191935,65506,0.0006605645820851047,0.0006605647265905517,0.007175466819845779
1857,476,0,0,1621365312,3310540260,1689174949,1.3463283892280593,65514,0.000484384451701118,0.0004843851088661762,0.0056111749720572975
1858,476,0,0,1621365312,3309612368,1688247057,1.3471211034451045,65500,0.0007927138004626774,0.0007927142170464624,0.008671525589368668
1859,476,0,0,1621365312,3308633464,1687268153,1.3479578705150423,65498,0.000836766229995985,0.0008367670699354802,0.008953074006977953
1860,476,0,0,1621365312,3306084642,1684719331,1.3501388830942886,65437,0.002181011907029251,0.0021810125792473003,0.02103013023162268
1861,476,0,0,1621365312,3304516528,1683151217,1.3514823494909862,65475,0.00134346587467908,0.0013434663966975383,0.013172362168027587
1862,476,0,0,1621365312,3303720359,1682355048,1.3521649386760863,65505,0.0006825886112264284,0.0006825891850995891,0.007592675041192985
1863,476,0,0,1621365312,3302744872,1681379561,1.3530017052230292,65498,0.000836766229995985,0.0008367665469438648,0.008860677804471166
1864,476,0,0,1621365312,3301949541,1680584230,1.3536842944371301,65505,0.0006825886112264284,0.0006825892141025562,0.007592036552729142
1865,476,0,0,1621365312,3301308448,1679943137,1.35423474476951,65511,0.0005504494793435254,0.0005504503323800647,0.0061959914526561535
1866,476,0,0,1621365312,3298898861,1677533550,1.3563055259759977,65442,0.002070780697928415,0.0020707812064856834,0.01855325912413627
1867,476,0,0,1621365312,3292678758,1671313447,1.361664816549382,65293,0.005359290342117367,0.005359290573383408,0.039469072899812954
1868,476,0,0,1621365312,3291327140,1669961829,1.362832019207687,65483,0.0011672023345903715,0.0011672026583058233,0.012510476273071244
1869,476,0,0,1621365312,3289186685,1667821374,1.3646823636124878,65452,0.0018503435436362735,0.001850344404799852,0.01731303188460629
1870,476,0,0,1621365312,3288703155,1667337844,1.365100686272612,65517,0.000418322449221962,0.0004183226601259119,0.00492328406377429
1871,476,0,0,1621365312,3288143440,1666778129,1.3655850713803517,65514,0.000484384451701118,0.00048438510773835165,0.005556096229466404
1872,476,0,0,1621365312,3286897222,1665531911,1.3666641502119745,65487,0.0010790786396167112,0.0010790788316238959,0.010696858009517158
1873,476,0,0,1621365312,3285041999,1663676688,1.3682720526424177,65463,0.0016079015700331673,0.0016079024304443148,0.01553016257628274
1874,476,0,0,1621365312,3284153499,1662788188,1.3690427414199036,65501,0.0007706880901105886,0.0007706887774834123,0.00816301064431773
1875,476,0,0,1621365312,3283544567,1662179256,1.3695711695631871,65512,0.0005284274673163702,0.0005284281432863758,0.0060593958318253035
1876,476,0,0,1621365312,3282251062,1660885751,1.3706943093989636,65485,0.001123139814249491,0.0011231398357743675,0.010911312939411909
1877,476,0,0,1621365312,3281820229,1660454918,1.371068592375618,65519,0.0003742827947452993,0.00037428297665389196,0.004463541174757649
1878,476,0,0,1621365312,3280882777,1659517466,1.3718833325185962,65499,0.0008147398470877202,0.0008147401429805331,0.008656871475041981
1879,476,0,0,1621365312,3280249721,1658884410,1.3724337822814725,65511,0.0005504494793435254,0.0005504497628753247,0.006241469510385434
1880,476,0,0,1621365312,3279768782,1658403471,1.3728521049233535,65517,0.000418322449221962,0.00041832264188191383,0.004904285154810719
1881,476,0,0,1621365312,3277820279,1656454968,1.374548162833971,65459,0.0016960575738423276,0.0016960579106165357,0.015453316232375957
1882,476,0,0,1621365312,3277314769,1655949458,1.3749885056677478,65516,0.0004403427806028656,0.0004403428337778739,0.005158914338864347
1883,476,0,0,1621365312,3275495488,1654130177,1.3765743695927242,65464,0.0015858634107395607,0.001585863924975078,0.015677438156009284
1884,476,0,0,1621365312,3274183006,1652817695,1.3777195411801628,65484,0.001145170906201281,0.0011451715874383917,0.01125946824638923
1885,476,0,0,1621365312,3273602946,1652237635,1.3782259470405513,65513,0.0005064057914389884,0.0005064058603887518,0.005835285569952072
1886,476,0,0,1621365312,3272140699,1650775388,1.3795033120515754,65478,0.0012773645234549914,0.001277365011024516,0.013513049880581291
1887,476,0,0,1621365312,3226901554,1605536243,1.4195919135217174,63740,0.040088601334784514,0.04008860147014115,0.22993437878023285
1888,476,0,2,43010304,3891338779,3848328476,0.15841519969396245,39271,0.7388232850723604,0.7388232861722461,1.8720461174839857
1889,476,0,2,43010304,3873663808,3830653505,0.16505661078332068,65235,0.006641410927413218,0.006641411089356472,0.053669689727892364
1890,476,0,2,43010304,3871734920,3828724617,0.16578324868173056,65503,0.0007266376781842033,0.000726637898412623,0.008053932347462198
1891,476,0,2,43010304,3870391220,3827380917,0.16628965480106572,65513,0.0005064057914389884,0.0005064061193352312,0.0057992057363247486
1892,476,0,2,43010304,3847264345,3804254042,0.17503355573114376,65140,0.008743900716734303,0.00874390093007551,0.06519878789021263
1893,476,0,2,43010304,3845755088,3802744785,0.17560602791561664,65510,0.0005724718275307164,0.0005724721844754164,0.006572688933095913
1894,476,0,2,43010304,3844420506,3801410203,0.17611243391493403,65513,0.0005064057914389884,0.0005064059993167793,0.005822243074647608
1895,476,0,2,43010304,3843144397,3800134094,0.17659681868500243,65514,0.000484384451701118,0.00048438477006713314,0.005586613807591404
1896,476,0,2,43010304,3842042673,3799032370,0.17701514134444096,65517,0.000418322449221962,0.0004183226594376163,0.004904285154810719
1897,476,0,2,43010304,3840245645,3797235342,0.17769773009212386,65505,0.0006825886112264284,0.0006825887476837467,0.007581156372031554
1898,476,0,2,43010304,3836015936,3793005633,0.17930563183080395,65463,0.0016079015700331673,0.0016079017386794504,0.015191369172862547
1899,476,0,2,43010304,3831790938,3788780635,0.18091353373619867,65463,0.0016079015700331673,0.0016079019053952806,0.016050081407806352
1900,476,0,2,43010304,3829478449,3786468146,0.1817943540531246,65496,0.000880820004703256,0.0008808203169277458,0.009413088981759235
1901,476,0,2,43010304,3827571810,3784561507,0.18252099199123606,65503,0.0007266376781842033,0.0007266379381107338,0.007952737058678178
1902,476,0,2,43010304,3824222436,3781212133,0.18379835655578347,65478,0.0012773645234549914,0.0012773645645458305,0.012897272434583709
1903,476,0,2,43010304,3821972263,3778961960,0.18465714988095527,65497,0.0008587929491977406,0.0008587933251717164,0.00924496433946655
1904,476,0,2,43010304,3818800831,3775790528,0.18586841643004348,65481,0.001211266200721556,0.001211266549090234,0.012521496167592145
1905,476,0,2,43010304,3816611499,3773601196,0.1867051827877262,65498,0.000836766229995985,0.0008367663576823608,0.009027545816689199
1906,476,0,2,43010304,3814884081,3771873778,0.18736574754588275,65506,0.0006605645820851047,0.0006605647581545872,0.007175466819845779
1907,476,0,2,43010304,3813215008,3770204705,0.18800428860182805,65507,0.0006385408891551363,0.0006385410559485526,0.00716498162108452
1908,476,0,2,43010304,3809705753,3766695450,0.18934775476098054,65475,0.00134346587467908,0.001343466159151382,0.01278431307386757
1909,476,0,2,43010304,3807119368,3764109065,0.19033871527591728,65491,0.0009909603271466795,0.0009909605149368342,0.010400786652088613
1910,476,0,2,43010304,3804190144,3761179841,0.19146185545157834,65485,0.001123139814249491,0.0011231401756597367,0.01125422985387081
1911,476,0,2,43010304,3801951893,3758941590,0.19232064842266183,65497,0.0008587929491977406,0.0008587929710829596,0.009349404515964874
1912,476,0,2,43010304,3797650125,3754639822,0.19397262760501377,65461,0.0016519788985902288,0.0016519791823519031,0.015342859395059858
1913,476,0,2,43010304,3794269940,3751259637,0.19527202589647175,65477,0.0012993979706836883,0.0012993982914605597,0.012776865204547417
1914,476,0,2,43010304,3786256384,3743246081,0.19835725188524123,65396,0.003085225654520128,0.003085225988768841,0.02598566377775207
1915,476,0,2,43010304,3763009601,3719999298,0.2073447969309754,65129,0.008987544952699829,0.00898754504573168,0.06959458566048438
1916,476,0,2,43010304,3760341754,3717331451,0.20837981606128508,65489,0.0010350188106098368,0.0010350191303112341,0.010488566877656855
1917,476,0,2,43010304,3748259973,3705249670,0.2130763874137962,65323,0.004696571349226168,0.004696571352511709,0.03954104694252993
1918,476,0,2,43010304,3744358877,3701348574,0.214596138367817,65467,0.0015197509526750181,0.0015197509540191495,0.014945288629172786
1919,476,0,2,43010304,3741704406,3698694103,0.2156311573479215,65489,0.0010350188106098368,0.0010350189801043997,0.01056260142355941
1920,476,0,2,43010304,3737697336,3694687033,0.21719498328281972,65465,0.0015638255880888565,0.0015638259348993014,0.014736882368890316
1921,476,0,2,43010304,3734483878,3691473575,0.21845031483035982,65479,0.0012553314127252556,0.0012553315475401887,0.012623060494490787
1922,476,0,2,43010304,3727330296,3684319993,0.2212487772376477,65409,0.0027984623718733453,0.0027984624072871387,0.02435227849414617
1923,476,0,2,43010304,3717548318,3674538015,0.22508426895320355,65362,0.0038354915272883166,0.0038354917155583052,0.03291740267791801
1924,476,0,2,43010304,3713735625,3670725322,0.2265819834734799,65468,0.0014977141398913162,0.0014977145202766152,0.014515749743607725
1925,476,0,2,43010304,3667750738,3624740435,0.24476945751950296,64715,0.018187473650837668,0.01818747404602092,0.12078153984448389
1926,476,0,2,43010304,3665317135,3622306832,0.24573838927397063,65492,0.0009689315899683129,0.000968931754468193,0.010277971097466327
1927,476,0,2,43010304,3662664078,3619653775,0.2467954379258579,65488,0.001057048556915173,0.0010570486518875243,0.010747705273179274
1928,476,0,2,43010304,3658135092,3615124789,0.2486016981833501,65454,0.0018062601543034325,0.0018062602574936643,0.01736636356553927
1929,476,0,2,43010304,3656811193,3613800890,0.2491301259548102,65512,0.0005284274673163702,0.000528427771457111,0.0060593958318253035
1930,476,0,2,43010304,3654991499,3611981196,0.24985676385614397,65503,0.0007266376781842033,0.0007266379013338571,0.008030895009139338
1931,476,0,2,43010304,3650968143,3607957840,0.2514646656184212,65463,0.0016079015700331673,0.0016079017622776697,0.015204145828591371
1932,476,0,2,43010304,3646178526,3603168223,0.253381136818458,65449,0.0019164711534089207,0.0019164712000371094,0.018530999013306824
1933,476,0,2,43010304,3643869366,3600859063,0.2543060122145242,65494,0.0009248751246666447,0.0009248753960684531,0.00978609042354887
1934,476,0,2,43010304,3641067183,3598056880,0.2554291523522778,65485,0.001123139814249491,0.00112314013775148,0.011406092998028871
1935,476,0,2,43010304,3634753454,3591743151,0.2579629607530549,65421,0.00253380838518502,0.002533808400777189,0.022631903263464377
1936,476,0,2,43010304,3630204584,3587194281,0.25979126281895404,65453,0.001828301680591821,0.0018283020659010264,0.017916332523869084
1937,476,0,2,43010304,3627850925,3584840622,0.2607381662668793,65493,0.0009469031891450585,0.0009469034479244292,0.009827685450204515
1938,476,0,2,43010304,3624678306,3581668003,0.2620155308069805,65478,0.0012773645234549914,0.0012773645400990287,0.013138783471962238
1939,476,0,2,43010304,3621727102,3578716799,0.26320476511051893,65482,0.0011892340994270377,0.0011892343035396077,0.012342813572873323
1940,476,0,2,43010304,3613317641,3570307338,0.2665988768227159,65382,0.0033941114097633825,0.003394111712195506,0.027868229087082468
1941,476,0,2,43010304,3609068312,3566058009,0.2683169745662717,65458,0.0017180974165047324,0.001718097743557798,0.01574903181603323
1942,476,0,2,43010304,3607544727,3564534424,0.2689334923599844,65508,0.0006165175324262582,0.0006165177937111718,0.006811716645250584
1943,476,0,2,43010304,3602377631,3559367328,0.2710263188311366,65441,0.002092826265968833,0.002092826471153902,0.01902240510661239
1944,476,0,2,43010304,3601182775,3558172472,0.2715107032927371,65514,0.000484384451701118,0.0004843844615999856,0.005599656302895868
1945,476,0,2,43010304,3598630985,3555620682,0.2725457221235068,65489,0.0010350188106098368,0.0010350188307685611,0.010438411902104441
1946,476,0,2,43010304,3596894842,3553884539,0.27325033513617214,65504,0.0007046129765893727,0.0007046130126649166,0.007618627389229013
1947,476,0,2,43010304,3595756054,3552745751,0.273712698801436,65515,0.0004623634480924974,0.00046236366526566924,0.005350984204518786
1948,476,0,2,43010304,3590172362,3547162059,0.27598190190508376,65433,0.002269202938821913,0.0022692031036477094,0.019054736402593305
1949,476,0,2,43010304,3587844969,3544834666,0.2769288054613135,65493,0.0009469031891450585,0.0009469035562303038,0.009946757724205557
1950,476,0,2,43010304,3585465014,3542454711,0.277897737085933,65492,0.0009689315899683129,0.0009689316246191761,0.009934770348719694
1951,476,0,2,43010304,3583951514,3540941211,0.27851425464379886,65508,0.0006165175324262582,0.0006165175578659268,0.006864280784625221
1952,476,0,2,43010304,3580979837,3537969534,0.27972552120084515,65481,0.001211266200721556,0.0012112665570454123,0.01227892399834168
1953,476,0,2,43010304,3577632758,3534622455,0.28109102189500845,65474,0.0013655003314663333,0.0013655006941626468,0.013876383727956272
1954,476,0,2,43010304,3572562956,3529552653,0.2831618027993912,65442,0.002070780697928415,0.0020707809043852186,0.01928699496073273
1955,476,0,2,43010304,3571485822,3528475519,0.28360214558476216,65516,0.0004403427806028656,0.00044034278536941716,0.005158914338864347
1956,476,0,2,43010304,3569493732,3526483429,0.2844168855319609,65499,0.0008147398470877202,0.0008147399471973401,0.008832326053335842
1957,476,0,2,43010304,3565565611,3522555308,0.2860247873990822,65463,0.0016079015700331673,0.001607901867122316,0.016201676002449844
1958,476,0,2,43010304,3555729374,3512719071,0.2900589440852208,65353,0.00403415664435244,0.004034156686139938,0.037189001670034014
1959,476,0,2,43010304,3554335778,3511325475,0.29063141598554054,65510,0.0005724718275307164,0.0005724719003180583,0.006488616438523054
1960,476,0,2,43010304,3547584877,3504574574,0.2934078222433527,65410,0.0027764060185773093,0.002776406257812347,0.022558072484776148
1961,476,0,2,43010304,3546301463,3503291160,0.29393624989998557,65512,0.0005284274673163702,0.0005284276566329259,0.0060593958318253035
1962,476,0,2,43010304,3545071975,3502061672,0.2944426558730129,65513,0.0005064057914389884,0.0005064059730274428,0.005781730653504212
1963,476,0,2,43010304,3540369499,3497359196,0.2963811704883703,65448,0.0019385143635805371,0.0019385146153565224,0.018203339822160956
1964,476,0,2,43010304,3539462286,3496451983,0.2967554533135619,65519,0.0003742827947452993,0.00037428282519295686,0.004463541174757649
1965,476,0,2,43010304,3535460914,3492450611,0.2984074323172088,65461,0.0016519788985902288,0.0016519790036463795,0.016521487046354862
1966,476,0,2,43010304,3531890445,3488880142,0.2998831103938677,65469,0.0014756776637093812,0.0014756780766601728,0.014413377815771272
1967,476,0,2,43010304,3530293362,3487283059,0.3005436751478321,65506,0.0006605645820851047,0.0006605647539641888,0.007343611808991499
1968,476,0,2,43010304,3527419929,3484409626,0.3017329093729977,65482,0.0011892340994270377,0.0011892342251637433,0.011537854052642918
1969,476,0,2,43010304,3525452717,3482442414,0.30254764953280144,65499,0.0008147398470877202,0.0008147401598054585,0.008378997487885202
1970,476,0,2,43010304,3523592892,3480582589,0.30331833766535254,65501,0.0007706880901105886,0.0007706881325496638,0.008365509180188083
1971,476,0,2,43010304,3520140776,3477130473,0.30474994342375794,65471,0.0014316057211096818,0.0014316057584057265,0.014001662374036135
1972,476,0,2,43010304,3516055402,3473045099,0.30644600114999676,65459,0.0016960575738423276,0.0016960577262381182,0.016053577461542977
1973,476,0,2,43010304,3514200595,3471190292,0.3072166895767765,65501,0.0007706880901105886,0.0007706884267805523,0.008226357943024329
1974,476,0,2,43010304,3507420926,3464410623,0.31003720883110475,65408,0.0028205190623786626,0.0028205192543282395,0.02346240415410749
1975,476,0,2,43010304,3504407751,3461397448,0.31129254044282106,65479,0.0012553314127252556,0.0012553316117169125,0.01221419100142154
1976,476,0,2,43010304,3500974663,3457964360,0.3127241462979242,65471,0.0014316057211096818,0.0014316058551035224,0.013796029457895573
1977,476,0,2,43010304,3499286203,3456275900,0.31342875962507577,65504,0.0007046129765893727,0.0007046133271511764,0.007827662795406802
1978,476,0,2,43010304,3497545829,3454535526,0.3141553975948881,65503,0.0007266376781842033,0.0007266379698119483,0.007805467093248443
1979,476,0,2,43010304,3495173787,3452163484,0.3151463582143599,65491,0.0009909603271466795,0.000990960619472191,0.009895584415081017
1980,476,0,2,43010304,3493066753,3450056450,0.31602717847980344,65496,0.000880820004703256,0.0008808202654441676,0.009344681544009413
1981,476,0,2,43010304,3488907901,3445897598,0.3177673164917003,65457,0.0017401375958717572,0.0017401380118972326,0.017556763062154868
1982,476,0,2,43010304,3487015012,3444004709,0.3185600306755241,65500,0.0007927138004626774,0.0007927141838240564,0.008418422767970899
1983,476,0,2,43010304,3485070612,3442060309,0.31937477067717523,65499,0.0008147398470877202,0.0008147400016483716,0.008766235983374037
1984,476,0,2,43010304,3480238618,3437228315,0.3214014613159435,65444,0.002026690572445132,0.002026690638770364,0.01781921981973056
