position,stable_bits,released_bits,pending_underflow,low,high_inclusive,residual_width,residual_information_bits,selected_frequency,selected_information_bits,effective_interval_information_bits,table_entropy_bits
1,5,5,0,266338304,3938451455,3672113152,0.2260366315664406,1751,5.226036631566442,5.226036631566442,2.6743532331510416
2,8,3,0,466770432,4227638271,3760867840,0.191581536239255,8390,2.9655449046728144,2.9655449046728144,3.063525254807246
3,9,1,0,217756416,2439179665,2221423250,0.9511628488058932,19355,1.7595813128203266,1.7595813125666364,2.078739401822375
4,10,1,0,435512832,2675850175,2240337344,0.9389311602164803,33047,0.9877683103384027,0.9877683114105874,2.5076444125226156
5,10,0,3,176568552,2750823359,2574254808,0.738492282803314,9413,2.799561120402024,2.7995611225868338,1.863726836900083
6,19,9,0,1000857280,2866186431,1865329152,1.203216918182708,742,6.464724623379197,6.464724635379393,2.1807638645833762
7,19,0,0,1000857280,2621407520,1620550241,1.4061633976085446,56936,0.20294647937019522,0.2029464794258359,0.7713969707788894
8,19,0,0,1000857280,2615176156,1614318877,1.4117215631679336,65284,0.005558165417950964,0.0055581655593895316,0.04954716812594983
9,20,1,0,2001714560,3334532639,1332818080,1.6881672695573187,27054,1.2764457046413231,1.2764457063893864,2.7328878434724375
10,24,4,0,216110352,4228881983,4012771632,0.09804809175376761,12332,2.409880825892825,2.40988082219645,2.8989227564186817
11,24,0,1,1838773258,3749762677,1910989420,1.168327355011705,15605,2.0702792631934273,2.070279263257937,2.338484168163239
12,32,8,1,1179216896,4150208255,2970991360,0.5317027363649061,398,7.363375379456351,7.363375381353202,1.2735890938251024
13,36,4,0,305531504,2802513375,2496981872,0.7824617986245208,6885,3.2507590609776735,3.250759062259613,1.1059473562416
14,38,2,0,1825565356,3264408487,1438843132,1.5777378333114491,9441,2.79527603598042,2.7952760346869274,2.945755727263417
15,38,0,1,1503647064,3664019441,2160372378,0.9913671384439944,49200,0.41362930488603544,0.41362930513254714,1.1864093944686553
16,41,3,1,677690640,3590712287,2913021648,0.5601307231670596,11046,2.568763587928937,2.5687635847230657,3.2166533267119375
17,43,2,1,563278912,3829760459,3266481548,0.3949096558794807,18372,1.834778931779056,1.834778932712421,2.8730981057740816
18,43,0,1,563278912,3560710358,2997431447,0.5189203872713506,60138,0.12401073122271737,0.12401073139186937,0.5757215813569083
19,43,0,3,225399704,2352910095,2127510392,1.0134809671223621,11629,2.4945605784175076,2.494560579851009,3.002676170417591
20,47,4,0,450799408,4224520307,3773720900,0.18665941917382511,58123,0.17317845131626608,0.1731784520514663,0.7249784786317944
21,48,1,0,1950048948,3703663697,1753614750,1.292315307758706,15227,2.10565588817564,2.1056558885848804,1.91913809052554
22,49,1,1,1422946256,3916260195,2493313940,0.7845825980556604,23295,1.4922672900041802,1.492267290296954,1.142925181245108
23,54,5,2,765485376,2267804415,1502319040,1.5154559226762174,617,6.730873320850582,6.730873324620557,2.824038223081751
24,57,3,1,914457856,3950363683,3035905828,0.500520106111658,33109,0.9850641831625644,0.9850641834354392,2.5424468207672453
25,59,2,0,1828915712,3400882695,1571966984,1.4500762290022529,16967,1.9495561214351917,1.9495561228905962,3.476033137101975
26,59,0,2,873211904,3973778615,3100566712,0.4701152150726351,32316,1.020038984777172,1.02003898607038,2.4251619942191738
27,63,4,0,1280799944,3336552883,2055752940,1.0629802538817152,10863,2.592865037802666,2.5928650388090824,2.421761227288165
28,63,0,1,414116240,3219446087,2805329848,0.6144767345035298,44716,0.5514964805311633,0.5514964806218133,1.835509380730118
29,63,0,4,1675035552,3338303015,1663267464,1.3686269641837114,4857,3.754150228976278,3.754150229680182,3.4381318828785625
30,73,10,2,1898991104,3484292863,1585301760,1.437889664501423,244,8.069262662437113,8.069262700317713,2.7015400445068805
31,73,0,2,1898991104,3387098306,1488107203,1.5291686843087575,61518,0.09127901957253502,0.0912790198073317,0.486977956400002
32,73,0,4,1153513472,3445710827,2292197356,0.905915881908065,25237,1.3767471975452585,1.3767471975993086,2.999301115932326
33,79,6,0,319086592,3534794367,3215707776,0.41751083690697754,22985,1.5115949542958338,1.511594954998915,3.046738809207819
34,83,4,1,367177760,2219978143,1852800384,1.2129396885698291,1180,5.795428855750797,5.79542885166285,3.3218472376410872
35,85,2,0,734355520,4103186295,3368830776,0.35039918557345473,59580,0.1374594968631076,0.13745949700362647,0.7023369762153446
36,88,3,0,146951600,2467957567,2321005968,0.8878969137264612,5644,3.537497727402736,3.5374977281530047,2.7020767094668305
37,91,3,1,1917119424,4064729935,2147610512,0.9999147743649388,3790,4.112017866941546,4.112017860638477,2.948518553097039
38,91,0,2,1686755200,3992513421,2305758222,0.8974059037130715,35181,0.8974911292683969,0.897491129348136,1.1507170486227762
39,91,0,2,1686755200,3846609195,2159853996,0.9917133550907771,61389,0.0943074512910508,0.09430745137770528,0.4510206777484873
40,91,0,4,304569856,3913993827,3609423972,0.25087853024415807,27380,1.259165173854738,1.2591651751533801,2.5958174959570313
41,91,0,6,221247284,2249565551,2028318268,1.082363099373083,9207,2.831484568812359,2.831484569128926,3.395287300419475
42,98,7,0,442494568,2284248159,1841753592,1.221567089676327,29754,1.1392039892653738,1.1392039903032436,1.905600826120449
43,101,3,0,376585232,3298840263,2922255032,0.5555650550229103,12998,2.3339979673550997,2.333997965346582,2.9543398432923054
44,102,1,0,753170464,2932465695,2179295232,0.978785492519819,24437,1.4232204363896424,1.4232204374969097,3.127106791848855
45,103,1,0,1506340928,3420540003,1914199076,1.165906268633485,28782,1.1871207750773556,1.1871207761136668,2.1274688938464936
46,104,1,0,927268570,2471865059,1544596490,1.4754171479543992,26441,1.3095108797713928,1.3095108793209118,1.1518352637967828
47,105,1,0,1854537140,4147910339,2293373200,0.9051760026175266,48653,0.4297588544640493,0.42975885466312985,1.5430870626127111
48,109,4,0,991131424,3672519183,2681387760,0.6796672810469353,4789,3.774491279763999,3.7744912784294065,3.184400276857133
49,109,0,0,991131424,3654353042,2663221619,0.6894746591366925,65092,0.009807377667075562,0.009807378089757847,0.07111953151460623
50,110,1,0,1982262848,4151575841,2169312994,0.9854089222731162,26691,1.2959342622162808,1.2959342631364235,2.9939327301879293
51,112,2,3,2023771040,4124233759,2100462720,1.0319399655920272,1983,5.046531037771152,5.046531043318912,2.339619186310325
52,116,4,1,759251448,2729845471,1970594024,1.1240165588204825,15371,2.092076594126437,2.092076593228456,2.3468821735936203
53,118,2,0,1518502896,3607448023,2088945128,1.0398725495407426,34736,0.9158559893848556,0.9158559907202598,1.0424183139595848
54,120,2,0,709166528,2596918087,1887751560,1.185978236578972,14806,2.1461056867523856,2.1461056870382293,2.6257263519957244
55,121,1,1,689182464,3239214047,2550031584,0.7521320299892196,22132,1.5661537915571757,1.5661537934102467,2.8260520767538204
56,121,0,3,432243732,2371070847,1938827116,1.1474629810473118,12457,2.3953309522687203,2.3953309510580927,3.22007870423268
57,121,0,3,432243732,2252734231,1820490500,1.2383199337337274,61536,0.0908569526601028,0.09085695268641554,0.38997914101197023
58,125,4,0,864487464,3356550507,2492063044,0.7853065800131063,44856,0.5469866455336858,0.5469866462793793,1.913284395462964
59,125,0,0,864487464,3284719649,2420232186,0.8275016863145588,63647,0.04219510612161046,0.04219510630145122,0.22778674734944127
60,125,0,0,864487464,3269393776,2404906313,0.8366664534333843,65121,0.009164766608617297,0.009164767118825943,0.07527724271852304
61,125,0,0,864487464,2657048322,1792560859,1.2606250455038435,48849,0.42395859172275846,0.42395859207046,1.0907730827462867
62,126,1,0,1728974928,3440737067,1711762140,1.3271649018000247,31291,1.066539855384411,1.0665398562961808,2.5417270464305486
63,127,1,3,376860288,4077041439,3700181152,0.2150512426520237,8854,2.887886341902134,2.8878863408519972,1.8111690681636488
64,127,0,3,376860288,3932785414,3555925127,0.2724221986860442,62981,0.057370955965677935,0.05737095603402361,0.35228670186705896
65,127,0,3,376860288,3931049122,3554188835,0.2731268118388357,65504,0.0007046129765893727,0.0007046131527893859,0.007828301283870643
66,127,0,3,376860288,3926222419,3549362132,0.2750873697586549,65447,0.0019605579105596736,0.00196055791981958,0.019049146783121567
67,127,0,4,727535388,2324358403,1596823016,1.4274427256181141,14742,2.152355356916679,2.1523553558594593,2.801899863435476
68,133,6,1,1911661336,4155439375,2243778040,0.9367171779232066,11511,2.5092744496760506,2.5092744523050934,2.3578038566209916
69,133,0,1,1911661336,4110383041,2198721706,0.9659821333539682,64220,0.02926495538686784,0.029264955430760842,0.14585207094842184
70,133,0,1,1911661336,3554059748,1642398413,1.386843007486572,48954,0.42086087411711126,0.4208608741326057,1.4681836608194396
71,133,0,1,1911661336,3551904501,1640243166,1.3887374358186015,65450,0.0018944282800345323,0.0018944283320277415,0.019249903804323377
72,133,0,3,1204194400,3433799839,2229605440,0.9458587184327172,22271,1.5571212817837226,1.5571212826141148,2.7497589475727486
73,133,0,4,260905152,3965732623,3704827472,0.21324078596184393,54449,0.2673820675283673,0.26738206752912785,0.714870288804926
74,138,5,1,641458984,2305736951,1664277968,1.3677507332295704,7360,3.1545099490556248,3.1545099472677274,2.1514462071682647
75,138,0,1,641458984,2305254448,1663795465,1.3681690561447368,65517,0.000418322449221962,0.00041832291516697497,0.00492328406377429
76,138,0,1,641458984,2294083946,1652624963,1.37788778097719,65096,0.009718724639678695,0.009718724832452808,0.07244988407151218
77,140,2,1,418352288,3931491619,3513139332,0.2898863506663041,34829,0.9119985691667938,0.9119985696891131,2.014070437139301
78,140,0,1,418352288,2573055586,2154703299,0.9951579210292891,40195,0.7052715698881589,0.7052715703629865,1.995630810979531
79,142,2,0,836704576,3413826513,2577121938,0.7368863452593679,39192,0.7417284237171489,0.7417284242300791,1.895698186362645
80,143,1,0,1673409152,3793117111,2119707960,1.0187816329621207,26952,1.2818952868782427,1.2818952877027514,2.424971018757757
81,143,0,1,1199334656,3541505861,2342171206,0.8748006094489362,36207,0.8560189759320576,0.856018976486817,1.9529737629925592
82,143,0,1,1199334656,3477676549,2278341894,0.9146628880953038,63750,0.03986227847905502,0.03986227864636548,0.2213411331182641
83,143,0,2,251185664,2761964597,2510778934,0.7745121364652228,36111,0.8598492479329021,0.8598492483699199,2.441473794625465
84,143,0,2,251185664,2761045122,2509859459,0.7750405641008022,65512,0.0005284274673163702,0.0005284276355777421,0.006078394740788874
85,148,5,0,887569488,3752216207,2864646720,0.5842899151398946,9350,2.809249350337639,2.8092493510390923,1.092223272844491
86,148,0,0,887569488,3041168718,2153599231,0.9958973461054939,49269,0.41160743050700527,0.41160743096559854,1.0265757012043237
87,150,2,2,1700139728,3552992191,1852852464,1.2128991367098365,3524,4.2170017910795865,4.217001790604345,1.2295499506648002
88,150,0,2,1700139728,3552398473,1852258746,1.2133615001710503,65515,0.0004623634480924974,0.00046236346121329177,0.005375545368984679
89,156,6,0,373767952,4211687855,3837919904,0.16232254268987134,8487,2.948961037882591,2.9489610425188193,3.387299223680233
90,156,0,0,373767952,4129525354,3755757403,0.1935432685364873,64133,0.03122072561084957,0.031220725846616146,0.1632507715223712
91,156,0,0,373767952,3745502368,3371734417,0.3491562427013406,58835,0.15561297381886616,0.1556129741648532,0.7175243652537138
92,156,0,0,373767952,3718594758,3344826807,0.36071563504267345,65013,0.011559392151334863,0.011559392341334495,0.07185465127536113
93,156,0,0,373767952,3707060168,3333292217,0.3656993474563457,65310,0.004983712203274822,0.004983712413671845,0.043189807186419814
94,156,0,0,373767952,3649128346,3275360395,0.39099348776879594,64397,0.025294139966795495,0.02529414031245117,0.13953088766042848
95,157,1,0,747535904,4027794145,3280258242,0.3888377489182204,32817,0.9978442610305163,0.9978442611494217,1.6536065134103637
96,157,0,0,747535904,3562753872,2815217969,0.6094005183365212,56245,0.22056276937993977,0.22056276941830263,0.9826087199450384
97,157,0,0,747535904,3542735995,2795200092,0.6196955851621908,65070,0.010295066719207489,0.010295066825669403,0.07239657591639333
98,157,0,0,747535904,3057406071,2309870168,0.8948353823579076,54157,0.2751397966963653,0.2751397971957154,0.7228955251474698
99,157,0,0,747535904,2309595472,1562059569,1.4591976744402402,44319,0.5643622912141042,0.564362292082333,1.2085233739872352
100,157,0,0,747535904,2290360516,1542824613,1.4770730791386022,64729,0.01787540463796415,0.01787540469836274,0.11597776461798379
101,158,1,0,1495071808,3486976655,1991904848,1.1084984135662062,42306,0.6314253340228055,0.6314253344276043,1.4772936484479726
102,158,0,0,1495071808,3477828044,1982756237,1.1151398246185025,65235,0.006641410927413218,0.006641411052295434,0.05549863241373828
103,158,0,0,1495071808,3476436338,1981364531,1.1161528146581965,65490,0.00101298940069043,0.0010129900396947731,0.010001514083748117
104,160,2,0,107593828,2217993755,2110399928,1.0251307255317172,17451,1.9089779104508953,1.9089779108735214,2.806282115396281
105,161,1,0,215187656,2349545979,2134358324,1.0088447445180044,33140,0.9837140178911858,0.9837140189862855,2.0864182548238674
106,161,0,0,215187656,2346582316,2131394661,1.0108493906453972,65445,0.0020046460149816775,0.0020046461273954446,0.018921096508853992
107,164,3,2,1770443552,4207809887,2437366336,0.8173240416857972,2342,4.806474639498785,4.8064746510404,2.7020248004016776
108,168,4,0,1762169416,3352318875,1590149460,1.433484773543693,10689,2.6161607311455444,2.616160731857893,1.8546869901953777
109,168,0,2,606226720,2598281019,1992054300,1.1083901726674696,20525,1.6749053984474704,1.674905399123779,2.7773068362432465
110,168,0,2,606226720,2209663858,1603437139,1.421479350407317,52751,0.31308917722094154,0.31308917773984724,1.2406263384834968
111,171,3,0,1212453440,4273996653,3061543214,0.48838809898809643,62566,0.06690874854738584,0.0669087485807782,0.4123998408806266
112,172,1,0,1799904716,3330115735,1530211020,1.488916528053192,16378,2.0005284274673163,2.000528429065095,2.359101697966378
113,173,1,6,1037366144,3446253055,2408886912,0.834280479845571,806,6.3453639714720325,6.34536395179238,2.6272728871273445
114,185,12,0,62495168,2850123135,2787627968,0.6236091115417288,1185,5.789328656214378,5.789328631696158,1.2000600740086453
115,186,1,0,124990336,3771671867,3646681532,0.23606293270271905,42866,0.612453820729829,0.6124538211609916,1.6109763984376064
116,187,1,0,1067690262,3238360529,2170670268,0.984506553570494,19505,1.7484436220880755,1.7484436208677732,0.8954969262831424
117,188,1,1,2123277400,3925103303,1801825904,1.2531875241905865,13600,2.268680968974936,2.2686809706200934,3.5519634504390813
118,188,0,1,2123277400,3817575515,1694298116,1.3419594032002742,61625,0.08877187896000142,0.08877187900968621,0.4759180068315003
119,188,0,2,2099071152,3804486029,1705414878,1.3325243981876014,32983,0.9905649940134313,0.9905649949873268,2.0787245288943432
120,193,5,1,1811545872,3893351135,2081805264,1.0448120234864575,5000,3.712287620450551,3.712287625298857,2.12061567418412
121,193,0,2,1475608096,4073862179,2598254084,0.7251046267741721,40897,0.6802926023168311,0.680292603287715,1.138144966195952
122,193,0,3,803732544,3866719511,3062986968,0.48770791725570106,38629,0.7626032898575239,0.7626032904815306,1.1765497233312223
123,193,0,3,803732544,2320971098,1517238555,1.5011992080505436,32463,1.0134912907701175,1.0134912907948408,2.0733345254878754
124,197,4,1,1067446528,4036914999,2969468472,0.5324424309594988,32066,1.031243221148072,1.0312432229089559,1.8829484675481414
125,199,2,0,429148574,2366897117,1937748544,1.1482657774595424,21383,1.61582334543252,1.6158233465000427,1.9298594076021602
126,203,4,3,127907200,3102653951,2974746752,0.5298802927814883,786,6.381614497741394,6.381614515321948,2.344021316301273
127,203,0,4,439341870,2402957965,1963616096,1.1291342482019253,21630,1.599253955150659,1.5992539554204366,2.1008211120986426
128,203,0,4,439341870,2332786015,1893444146,1.181634281684623,63194,0.052500033269145464,0.05250003348269756,0.2978522737111408
129,210,7,0,1411277848,3414741455,2003463608,1.1001508419025114,8668,2.9185165619063267,2.918516560217888,1.5532371936516918
130,210,0,0,1411277848,3413885482,2002607635,1.1007673601549932,65508,0.0006165175324262582,0.0006165182524828099,0.006768156571821119
131,211,1,1,229686500,2603627263,2373940764,0.8553632095805277,19422,1.7545958490696707,1.754595849425535,1.170793993118899
132,213,2,0,459373000,3359568209,2900195210,0.5664971357664186,40032,0.7111339258341802,0.7111339261858912,1.313020657927324
133,214,1,3,555169296,2820946799,2265777504,0.9226409484192395,3200,4.356143810225276,4.356143812652819,0.5116237418816644
134,214,0,3,555169296,2627165016,2071995721,1.0516261223804193,59931,0.1289851737405302,0.12898517396117834,0.5944127429334549
135,214,0,3,555169296,2420174110,1865004815,1.2034677908320717,58989,0.15184166809484134,0.15184166845165245,0.7577174394462606
136,222,8,0,1883137536,4155201503,2272063968,0.9186436927656665,2495,4.715175899775377,4.715175901933597,1.1061251340948144
137,224,2,2,1298345584,3587050639,2288705056,0.9081155903559797,4126,3.989471894113515,3.989471897590313,2.1661079165825203
138,224,0,3,449207520,3405358421,2956150902,0.538927229706136,42324,0.6308116388525921,0.6308116393501556,1.7971747682375516
139,224,0,3,449207520,3284741546,2835534027,0.5990266769660693,62862,0.06009944719742295,0.06009944725993499,0.3446025417574791
140,224,0,4,2101773192,4112382111,2010608920,1.0950146531545109,23235,1.495987975601913,1.495987976188441,1.3935782018257719
141,229,5,2,13504112,2981557543,2968053432,0.5331300818894036,12093,2.4381154314277644,2.4381154287348927,2.634859140860843
142,229,0,2,13504112,2971050517,2957546406,0.5382463403630204,65304,0.005116258029165194,0.00511625847361693,0.042863627690613366
143,232,3,0,27008224,2984915657,2957907434,0.5380702411760581,32772,0.9998239005135575,0.9998239008130375,2.466614733611216
144,232,0,0,27008224,2296169510,2269161287,0.920487989764446,50276,0.38241774813289126,0.3824177485883859,1.2187780419918548
145,232,0,0,27008224,2295338518,2268330295,0.9210164174338544,65512,0.0005284274673163702,0.0005284276694099868,0.00597379951110941
146,232,0,0,27008224,2245462664,2218454441,0.9530922202697418,64095,0.03207580271036988,0.032075802835886146,0.18988034311914564
147,236,4,0,1481973632,4293496335,2811522704,0.6112954488359108,5191,3.6582032276081713,3.658203228566168,2.2048670903907714
148,236,0,0,1481973632,3579590248,2097616617,1.0338961264853417,48895,0.4226006776455704,0.4226006776494324,0.9574633819582501
149,238,2,0,1934177984,4261093391,2326915408,0.8842283816293879,18175,1.850332256305681,1.8503322551440453,1.7617724568197612
150,238,0,0,1934177984,4209041724,2274863741,0.9168670121621005,64070,0.03263862994837814,0.03263863053271206,0.22606311439150958
151,238,0,0,1934177984,3826692723,1892514740,1.1823426092151017,54521,0.26547559679220123,0.2654755970530029,0.8708603636511565
152,238,0,0,1934177984,3823198547,1889020564,1.185008738930474,65415,0.002666129309875501,0.0026661297153721484,0.02553206808226759
153,238,0,1,1720872320,3826131777,2105259458,1.0286491000365885,36519,0.8436403599146526,0.8436403611061152,1.7997730232374103
154,238,0,1,1720872320,3825649921,2104777602,1.0289793447611615,65521,0.00033024448458043404,0.00033024472457168845,0.0039922782726164955
155,238,0,1,1720872320,3629033580,1908161261,1.1704640456273765,59414,0.14148470035477156,0.14148470086621412,0.5426486645016864
156,238,0,1,1720872320,3628567720,1907695401,1.1708163093388393,65520,0.0003522634716290214,0.00035226371146517016,0.004227909891679893
157,238,0,1,1720872320,3306300633,1585428314,1.437774499335017,54465,0.26695818959127426,0.2669581899961768,0.6691996132414352
158,238,0,2,1294260992,4099580785,2805319794,0.6144819049764223,57981,0.17670740463317047,0.17670740564140433,0.5817996490137934
159,238,0,2,1294260992,4098938698,2804677707,0.6148121495922538,65521,0.00033024448458043404,0.0003302446158306728,0.0039922782726164955
160,242,4,1,244038896,2947375711,2703336816,0.6679058736896231,7896,3.053093725543602,3.0530937240973723,1.0939714961366835
161,242,0,4,1234212864,3589072671,2354859808,0.8670059716633496,7136,3.1991001000796953,3.199100097973725,2.496988060671638
162,247,5,0,976250404,2841640297,1865389894,1.2031699394737245,25957,1.3361639680543271,1.3361639678103734,1.0567693444676285
163,247,0,3,1217641672,3744069999,2526428328,0.7655478931529203,11095,2.562377952915626,2.562377953679199,2.1099645724101546
164,247,0,3,1217641672,3743453195,2525811524,0.7659001567439176,65520,0.0003522634716290214,0.00035226359099685303,0.004227909891679893
165,254,7,0,1064863664,3956350527,2891486864,0.5708355980286335,4689,3.8049354362791794,3.804935441284716,3.2099607671689157
166,254,0,0,1064863664,3954144497,2889280834,0.5719367073835926,65486,0.001101109058724726,0.001101109354956151,0.011365493956491692
167,254,0,0,1064863664,3758795324,2693931661,0.6729338926845401,61105,0.1009971850862484,0.10099718530094956,0.4810949784262142
168,259,5,0,1686739072,3633525631,1946786560,1.1415524261615495,1480,5.468618539483688,5.46861853347701,2.760864910943066
169,259,0,0,1686739072,3632872107,1946133036,1.1420368111171122,65514,0.000484384451701118,0.0004843849555627893,0.0056111749720572975
170,259,0,1,1225994496,3664718699,2438724204,0.8165205334390393,41062,0.6744837221854402,0.6744837223219248,1.3430961786055486
171,262,3,0,609010688,4110955531,3501944844,0.29449078466211986,23527,1.4779702506343941,1.4779702512230803,2.8197884974808556
172,262,0,0,609010688,2766680225,2157669538,0.9931732229839021,40379,0.6986824381839669,0.6986824383217831,1.849151504867495
173,263,1,1,288559104,4001004431,3712445328,0.2102773660542887,28190,1.2171041425422158,1.2171041430703882,2.7666165308281996
174,263,0,1,288559104,3118607567,2830048464,0.6018203868881074,49959,0.3915430207961051,0.3915430208338156,1.0533604912944416
175,263,0,1,288559104,3117959820,2829400717,0.6021506315316536,65521,0.00033024448458043404,0.0003302446435488987,0.0039922782726164955
176,263,0,1,288559104,3070814654,2782255551,0.626392208078915,64444,0.024241576420571693,0.024241576547262018,0.12472991415405457
177,265,2,0,577118208,3935302693,3358184486,0.3549656573330928,39551,0.7285734484629178,0.7285734492541772,1.9772863359133468
178,266,1,2,539488800,2162829935,1623341136,1.4036809400280248,3960,4.048715285033028,4.048715282694932,3.463042531592721
179,271,5,1,891760064,2273740175,1381980112,1.6359102918833912,3487,4.232229351223295,4.232229351855365,2.096058898765778
180,271,0,1,891760064,2273423864,1381663801,1.6362405372604627,65521,0.00033024448458043404,0.0003302453770724135,0.0039922782726164955
181,273,2,0,1783520128,3692036015,1908515888,1.1701959492724754,45263,0.5339554118579355,0.5339554120120135,1.397360090387768
182,273,0,1,1419556608,3594826729,2175270122,0.9814525820765532,37348,0.8112566322509587,0.8112566328040787,1.5194985773655811
183,273,0,1,1419556608,3282058626,1862502019,1.2054051565196318,56113,0.22395257398682344,0.22395257444307848,0.8797853298288392
184,273,0,2,691629568,3738714245,3047084678,0.49521755316584404,53609,0.2898123965325412,0.28981239664621217,1.102147247056334
185,280,7,0,2080447552,4007192991,1926745440,1.1564811694548744,1295,5.6612636174260835,5.661263616289031,1.1933090453494273
186,280,0,0,2080447552,4006428596,1925981045,1.157053641388476,65510,0.0005724718275307164,0.0005724719336002882,0.006431619711632343
187,280,0,1,2013411456,3704111063,1690699608,1.3450267917335665,28765,1.187973150228399,1.187973150345089,2.2399706795418584
188,280,0,1,2013411456,3602853800,1589442345,1.4341264605168753,61611,0.08909966841534457,0.08909966878331144,0.42602989151679405
189,280,0,1,2013411456,3479381952,1465970497,1.550791076825842,60445,0.11666461552610928,0.1166646163089656,0.6527316367689373
190,282,2,1,876019832,2749552315,1873532484,1.1968861541489915,20939,1.6460950764382902,1.64609507732315,1.3874428948376398
191,284,2,0,1752039664,3389493789,1637454126,1.3911926565357788,28639,1.1943065021580248,1.1943065023867863,1.61015133826477
192,284,0,2,565707712,3529095911,2963388200,0.5353995161606839,29651,1.1442068589941896,1.1442068596249062,2.2773142106952973
193,284,0,2,565707712,3528417645,2962709934,0.5357297607758582,65521,0.00033024448458043404,0.0003302446151751017,0.0039922782726164955
194,284,0,2,565707712,3377786701,2812078990,0.6110100263967659,62204,0.07528026526162006,0.07528026562090732,0.4065698011066624
195,284,0,2,565707712,2808986055,2243278344,0.9370385061537618,52280,0.3260284793172044,0.3260284797569937,0.763658973806214
196,287,3,1,115347200,3608831507,3493484308,0.29798048601328375,25515,1.3609419787280965,1.3609419798595221,2.716934986073989
197,287,0,1,115347200,3291765395,3176418196,0.4352462808951252,59588,0.13726579452112905,0.13726579488184137,0.5186926802900406
198,287,0,1,115347200,3096583570,2981236371,0.5267363802953895,61509,0.09149009934187285,0.09149009940026648,0.4921016986341143
199,290,3,0,459227196,2949352911,2490125716,0.7864285662619963,13685,2.259692185747681,2.2596921859666055,2.6071750576977726
200,291,1,0,918454392,3661483499,2743029108,0.6468772144055883,36096,0.8604486476012064,0.8604486481435918,1.7087871170220434
201,291,0,0,918454392,3660813814,2742359423,0.6472294779609591,65520,0.0003522634716290214,0.0003522635553698964,0.004227909891679893
202,291,0,0,918454392,2242767608,1324313217,1.6974027676970742,31648,1.0501732892408893,1.0501732897361153,1.4180125034141522
203,291,0,0,918454392,2215871537,1297417146,1.727004736040655,64205,0.029601968051251593,0.029601968343582693,0.19418506791391918
204,292,1,0,1836908784,3624302039,1787393256,1.2647900600039996,45143,0.5377853237350023,0.5377853239633436,0.904022312277327
205,292,0,1,1526333920,3819486155,2293152236,0.9053150114038999,42040,0.6405249511504593,0.6405249513999003,1.851662719913265
206,292,0,1,1526333920,3687501135,2161167216,0.9908364438482842,61764,0.08552143207230936,0.08552143244438581,0.41321198472537823
207,292,0,1,1526333920,3234366999,1708033080,1.3303112296678634,51795,0.33947478553809485,0.3394747858195771,0.9547938147757657
208,292,0,2,905184192,3206556521,2301372330,0.9001527355982653,44151,0.5698415058225041,0.5698415059304028,1.814265774562559
209,292,0,2,905184192,3205924430,2300740239,0.9005490381845895,65518,0.0003963024539395264,0.0003963025863241716,0.004699172121844633
210,295,3,0,1810368384,3615194061,1804825678,1.2507876472004504,25705,1.3502386083623108,1.3502386090158598,2.9280658276604017
211,296,1,1,1941775628,3720714219,1778938592,1.2716304356032389,16149,2.0208427892594134,2.020842788402789,0.8113254574024444
212,296,0,1,1941775628,3700138726,1758363099,1.2884141306878405,64778,0.016783694377100106,0.016783695084600626,0.11023425930412849
213,296,0,1,1941775628,3676796198,1735020571,1.3076943780207202,64666,0.019280247093359112,0.019280247332881365,0.1110852052271426
214,296,0,1,1941775628,3661414622,1719638995,1.3205414152651294,64955,0.012847037078183148,0.012847037244409349,0.09118353333605653
215,296,0,1,1941775628,3636539472,1694763845,1.3415628893975402,64588,0.021021473312265948,0.021021474132409686,0.1438177275143354
216,296,0,2,1736067608,4072367423,2336299816,0.8784217196976947,45172,0.536858829628294,0.5368588303001559,1.2417301466255777
217,296,0,2,1736067608,3623331282,1887263675,1.1863511459476115,52940,0.3079294256172391,0.3079294262499156,0.8108722893304513
218,299,3,2,1011551824,3566683839,2555132016,0.7492493132037907,11091,2.5628981710916006,2.56289816725618,1.9982346230880745
219,302,3,1,79171512,2713215687,2634044176,0.7053676045340858,16890,1.956118292311252,1.9561182913302928,1.254738638046294
220,302,0,1,79171512,2696455487,2617283976,0.7145766803437432,65119,0.009209075424372897,0.009209075809660506,0.06413053090891445
221,302,0,1,79171512,2562348437,2483176926,0.7904600890220159,62178,0.07588340834678427,0.07588340867827066,0.3725297278621701
222,304,2,0,158343024,2809373857,2651030834,0.6960936958009505,34983,0.9056336062184904,0.9056336067789345,2.5357885904813986
223,304,0,0,158343024,2802820710,2644477687,0.6996643434422971,65374,0.003570647252730634,0.00357064764134848,0.027034196592766263
224,309,5,0,24890976,2150286591,2125395616,1.0149157400016655,1646,5.315251379578374,5.315251396559367,3.0158306165518076
225,310,1,0,49781952,3815600555,3765818604,0.18968363767403318,58059,0.17476789704720927,0.17476789767236992,0.8193945565264129
226,310,0,0,49781952,3473472808,3423690857,0.3270947068939023,59582,0.13741106883937437,0.13741106921986648,0.5147940281237531
227,311,1,0,99563904,2682377561,2582813658,0.7337035847788371,24720,1.406608877208263,1.406608877884935,2.849520260725806
228,311,0,0,99563904,2574510724,2474946821,0.7952496195705123,62799,0.06154603436752468,0.06154603479167476,0.3682266165416128
229,311,0,0,99563904,2480967583,2381403680,0.8508349484335973,63059,0.05558532874329095,0.05558532886308436,0.23480991207486332
230,311,0,0,99563904,2480422522,2380858619,0.8511651934960227,65521,0.00033024448458043404,0.0003302450624279186,0.0039922782726164955
231,314,3,0,1031030176,2358347231,1327317056,1.6941341178201768,4567,3.842968925621646,3.842968924324155,1.1581042205453744
232,314,0,0,1031030176,2251653104,1220622929,1.8150295496837217,60268,0.12089543085243606,0.12089543186354326,0.6415699761508532
233,314,0,0,1031030176,2250125835,1219095660,1.8168358102173414,65454,0.0018062601543034325,0.0018062605336186216,0.01618631720353436
234,315,1,0,2062060352,3408355963,1346295612,1.6736519224390705,36187,0.856816111096625,0.8568161122217303,1.2775324762609448
235,315,0,0,2062060352,3408027277,1345966926,1.6740041864979212,65520,0.0003522634716290214,0.00035226405885202864,0.004227909891679893
236,315,0,1,1976637056,3724364921,1747727866,1.2971665818482876,42549,0.6231623948141445,0.6231623953503667,1.5320182576132617
237,319,4,2,1207815488,3611794687,2403979200,0.8372227325714086,2817,4.54005615162507,4.540056150723119,1.3130998749840985
238,322,3,1,2086663712,3694647603,1607983892,1.4173941916412467,10959,2.5801714609168256,2.58017145906984,1.4439715732905913
239,324,2,3,514017488,2455296879,1941279392,1.1456393780674183,4945,3.728245194353527,3.728245186426169,3.121402149493998
240,329,5,0,2071989380,4058056591,1986067212,1.1127326989891877,16762,1.967093322371749,1.9670933209217707,1.723518464099522
241,333,4,0,803178784,3390496815,2587318032,0.7311897456482477,5336,3.618457048815415,3.6184570466590613,3.2931649785742194
242,333,0,0,803178784,2717966256,1914787473,1.1654628732703571,48501,0.434273127167941,0.4342731276221075,1.0165849666984066
243,333,0,1,1064950998,2307973431,1243022434,1.7887948117082324,21272,1.6233319381423323,1.6233319384378748,2.348058496104714
244,333,0,3,686455792,2168614375,1482158584,1.5349473285249928,19536,1.7461525150125967,1.7461525168167613,1.6770691546322547
245,333,0,3,686455792,2164747048,1478291257,1.5387166047889345,65365,0.003769275900471719,0.0037692762639401855,0.03332430618876904
246,337,4,0,1372911584,3680034839,2307123256,0.896552065239522,51140,0.3578354598709888,0.3578354604505872,1.4902697019741191
247,337,0,1,598339520,3971296265,3372956746,0.3486333283192522,47906,0.452081262440024,0.45208126307973046,1.1911248519337465
248,337,0,1,598339520,3970369854,3372030335,0.34902963109874463,65518,0.0003963024539395264,0.00039630277949499347,0.004699172121844633
249,337,0,1,598339520,3968929167,3370589648,0.3496461487216429,65508,0.0006165175324262582,0.0006165176228955588,0.0067799847825495765
250,337,0,1,598339520,3958385788,3360046269,0.35416604646290395,65331,0.004519897686857845,0.004519897741262517,0.03302725357941078
251,337,0,1,598339520,3558836829,2960497310,0.5368076031302245,57743,0.18264155664719095,0.1826415566673198,0.8938803119070593
252,337,0,2,1728622538,3589684673,1861062136,1.2065209219962725,20599,1.669713318481809,1.6697133188660496,1.87040267062393
253,337,0,2,1728622538,3446646190,1718023653,1.3218972470048271,60499,0.1153763244594196,0.11537632500855197,0.40325180900703694
254,337,0,2,1728622538,3441245908,1712623371,1.3264392278272972,65330,0.004541980711492849,0.004541980822472829,0.03536807637883511
255,340,3,2,1379060752,3589457103,2210396352,0.9583420597477357,10573,2.6319028330359457,2.631902831920436,2.0688803957270046
256,340,0,2,1379060752,3588883727,2209822976,0.9587163428567926,65519,0.0003742827947452993,0.00037428310905958726,0.004463541174757649
257,340,0,2,1379060752,3584163035,2205102284,0.9618015690531188,65396,0.003085225654520128,0.00308522619632352,0.026040449511304003
258,340,0,2,1379060752,3575751237,2196690486,0.9673155378682914,65286,0.005513968587407905,0.005513968815172896,0.038657776445438226
259,344,4,0,1221275712,3869666039,2648390328,0.6975313793178621,19753,1.730215840252424,1.7302158414495712,3.3501415432837307
260,344,0,0,1221275712,3868817403,2647541692,0.6979937428657976,65515,0.0004623634480924974,0.00046236354793669377,0.00539454427794825
261,344,0,1,295067776,3930509011,3635441236,0.24051667035385194,44995,0.5425229273634106,0.5425229274880533,1.642052467599508
262,344,0,1,295067776,3525948571,3230880796,0.4107196229536818,58243,0.17020295217948875,0.17020295259983054,0.5071955168730633
263,344,0,1,295067776,3375141924,3080074149,0.4796820635653347,62477,0.06896244016261234,0.06896244061165399,0.3674062244566608
264,346,2,0,590135552,3859142469,3269006918,0.393794715817787,34778,0.9141126513783951,0.9141126522524528,2.29870209552251
265,346,0,0,590135552,3854902576,3264767025,0.39566710182837284,65451,0.0018723857434470804,0.0018723860105846867,0.016381619818774083
266,346,0,0,590135552,3642634932,3052499381,0.49265614335742924,61275,0.0969890413584357,0.09698904152905787,0.35010809747717153
267,346,0,0,590135552,3641843115,3051707564,0.4930304263645091,65519,0.0003742827947452993,0.00037428300707751766,0.004463541174757649
268,346,0,0,590135552,3569014888,2978879337,0.5278774592968318,63972,0.03484703252900947,0.034847032932323566,0.22260805364636072
269,350,4,0,1421601520,3993212207,2571610688,0.7399748940958943,3536,4.212097440608568,4.212097434799064,3.3841406386499138
270,352,2,4,534676352,4151003839,3616327488,0.2481218145216708,1440,5.508146903670325,5.508146920425775,2.3270030285116827
271,357,5,0,789449200,4003839897,3214390698,0.4181018517828221,29126,1.169980036940314,1.1699800372611528,0.9977802121912318
272,357,0,0,789449200,3671149282,2881700083,0.5757269532089708,58753,0.15762510111977063,0.15762510142614697,0.6085490845497294
273,357,0,0,789449200,3670269856,2880820657,0.5761672964532281,65516,0.0004403427806028656,0.0004403432442582337,0.005158914338864347
274,357,0,0,789449200,3665434494,2875985295,0.5785908467611485,65426,0.002423550217891068,0.0024235503079215195,0.020176642118622898
275,357,0,0,789449200,3616635427,2827186228,0.603280228757928,64424,0.02468938194326841,0.024689381996776918,0.15913633231472787
276,357,0,0,789449200,3007247721,2217798522,0.953518837553883,51410,0.3502386083623108,0.35023860879595603,1.2050161829813395
277,357,0,0,789449200,2441190654,1651741455,1.3786592648136171,48809,0.4251404263878693,0.4251404272597355,1.1355126557366186
278,358,1,1,1010313152,2438246863,1427933712,1.5887181383474243,14164,2.2100588716090837,2.2100588735338067,2.940243584046682
279,361,3,1,366198680,3010804423,2644605744,0.6995944836258303,15172,2.1108763437057627,2.110876345278405,3.0767441752119553
280,361,0,1,366198680,2670342102,2304143423,0.898416624888501,57099,0.19882214119647967,0.19882214126266978,0.6423085765744317
281,361,0,1,366198680,2669814725,2303616046,0.8987468696380461,65521,0.00033024448458043404,0.00033024474954475037,0.0039922782726164955
282,368,7,0,946070976,2293596351,1347525376,1.672334704587243,599,6.773587807211214,6.773587834949197,0.31068532416564126
283,369,1,0,1892141952,3754694419,1862552468,1.2053660792270051,45292,0.5330313732600432,0.533031374639763,1.2920887929238982
284,369,0,0,1892141952,3754268114,1862126163,1.205696324154431,65521,0.00033024448458043404,0.0003302449274270504,0.0039922782726164955
285,369,0,0,1892141952,3532327997,1640186046,1.38878767725679,57725,0.1830913524511601,0.1830913531023585,0.6514678674361819
286,372,3,1,504605168,2999722175,2495117008,0.7835396739769749,6231,3.394751998434196,3.394751996720184,2.7410798209823812
287,372,0,1,504605168,2993021421,2488416254,0.7874193111273691,65360,0.0038796369669542195,0.0038796371503953477,0.028797843243159094
288,372,0,1,504605168,2992148105,2487542938,0.787925717481059,65513,0.0005064057914389884,0.0005064063536899852,0.005854284478915642
289,372,0,1,504605168,2991578751,2486973584,0.7882559623168213,65521,0.00033024448458043404,0.00033024483576020165,0.0039922782726164955
290,377,5,0,150951616,3418140303,3267188688,0.3945973697253464,5381,3.606341408545226,3.606341407408526,2.0791577472513696
291,377,0,1,1593402892,3754645017,2161242126,0.9907864382717797,21676,1.5961890682139708,1.5961890685464324,1.71249768589447
292,377,0,1,1593402892,3603935841,2010532950,1.095069165800826,60966,0.10428272706353062,0.10428272752904791,0.4615367019935049
293,379,2,1,106266800,3670348767,3564081968,0.2691166291686997,29044,1.174047462476274,1.1740474633678735,1.0036844064622081
294,384,5,0,247468784,2763905567,2516436784,0.7712647900049703,2892,4.502148163048882,4.502148160836269,2.7775008291745893
295,385,1,0,494937568,2891266101,2396328534,0.8418214324277749,31204,1.0705566423158037,1.0705566424228077,2.336700156566673
296,385,0,3,916655728,3561334231,2644678504,0.6995547918693426,9041,2.857733361364298,2.8577333594415664,2.6782107280418135
297,385,0,3,916655728,3244147142,2327491415,0.8838712996302149,57676,0.18431650754083748,0.184316507760872,0.8410851740145093
298,390,5,0,318374000,3088520643,2770146644,0.6326847953812589,19500,1.7488134964756645,1.7488134957510444,1.4914760221104708
299,395,5,0,1675107680,3482195519,1807087840,1.2489805107285754,1336,5.616295707525948,5.616295715347318,2.416527606610951
300,395,0,0,1675107680,3378462235,1703354556,1.3342683804378233,61774,0.08528786911288959,0.08528786970924455,0.3579576416733344
301,395,0,2,257979776,3359657007,3101677232,0.4695985821480342,29834,1.1353302001596925,1.1353302017102143,2.1951572357296674
302,395,0,2,257979776,3358757778,3100778003,0.47001690462803936,65517,0.000418322449221962,0.00041832248000508375,0.004879723990344825
303,395,0,3,678918888,2769067341,2090148454,1.0390417318207348,22088,1.5690248274119307,1.5690248271926932,2.329903872615922
304,395,0,3,678918888,2732741060,2053822173,1.0643358724575407,64397,0.025294139966795495,0.02529414063680544,0.14500059431480655
305,399,4,0,1357837776,4236372843,2878535068,0.5773123578963322,45926,0.5129764853015352,0.5129764854387937,1.0707009347337983
306,399,0,1,568191904,3247141043,2678949140,0.6809799542198931,30496,1.1036675960900582,1.1036675963235614,1.8653053980362255
307,399,0,1,568191904,3098673890,2530481987,0.7632349413206363,61904,0.0822549865567836,0.08225498710074221,0.34549639532729376
308,399,0,1,568191904,2254536359,1686344456,1.3487478919365472,43674,0.5855129502004998,0.5855129506159085,1.5179209459412535
309,401,2,0,1136383808,4079201037,2942817230,0.545449202634753,57183,0.19670131017744366,0.196701310698207,0.5656137033345546
310,408,7,0,35546112,3949722879,3914176768,0.1339382350775402,681,6.588489011987929,6.588489032442789,2.9827685399600856
311,408,0,0,1678418126,3228416836,1549998711,1.470380130278535,25952,1.336441895782727,1.3364418952009947,1.7595432957437265
312,408,0,2,271221560,4205251487,3934029928,0.12663921310167936,41584,0.6562590815277994,0.6562590828231443,1.9568177990322007
313,408,0,2,271221560,4175237220,3904015661,0.13768830571495982,65036,0.011049092398374,0.011049092613278185,0.07298612111864763
314,408,0,2,271221560,3846824769,3575603210,0.26446049862191146,60023,0.12677219260131703,0.12677219290695213,0.6424421374579649
315,408,0,2,271221560,3563443374,3292221815,0.38358560471963443,60342,0.11912510589725836,0.11912510609772278,0.4431743551562966
316,408,0,2,271221560,3562488902,3291267343,0.38400392758693513,65517,0.000418322449221962,0.00041832286730271575,0.004934802732935719
317,408,0,2,271221560,3221188656,2949967097,0.5419482828137205,58740,0.15794435478778646,0.1579443552267834,0.6589033041115124
318,408,0,2,271221560,2676037113,2404815554,0.8367209004732956,53425,0.2947726175654643,0.294772617659577,1.0824972930919117
319,411,3,0,542443120,2310681215,1768238096,1.2803345970813282,24094,1.4436136959021924,1.4436136966080324,2.991546147610751
320,411,0,0,542443120,2248435650,1705992531,1.332035815601877,63229,0.05170121774157279,0.051701218520549104,0.23253301852015243
321,413,2,1,1068551304,4245004439,3176453136,0.43523041160953824,15253,2.103194596826489,2.10319459600766,1.7603143623147404
322,413,0,1,1068551304,4239818274,3171266971,0.4375878111373659,65429,0.0023573993620059253,0.0023573995278276605,0.021506685474987765
323,415,2,0,2137102608,3619085367,1481982760,1.5351184812358305,15313,2.097530668694944,2.097530670098465,2.9809831658334285
324,415,0,1,2126721568,4276609643,2149888076,0.9983855915026467,47536,0.46326711016458555,0.46326711026681683,1.1397710364591545
325,415,0,1,2126721568,4063674408,1936952841,1.1488583169479796,59045,0.1504727247674678,0.15047272544533147,0.49101732085777106
326,415,0,1,2126721568,3643660418,1516938851,1.501484215430196,51325,0.35262589811667333,0.35262589848221554,1.0314921969992887
327,415,0,1,2126721568,3584613313,1457891746,1.5587635479587654,62985,0.057279331556464405,0.05727933252857032,0.3232783923023259
328,415,0,2,2105959488,3399322311,1293362824,1.731520098275979,29070,1.1727565489764005,1.1727565503172133,2.4903618938140295
329,415,0,3,2064435328,3920605173,1856169846,1.2103184178915996,47027,0.4787983193660913,0.4787983196156213,1.6709276189313906
330,415,0,3,2064435328,3354600256,1290164929,1.7350916407985366,45552,0.5247732222577345,0.5247732229069385,1.27261318979048
331,415,0,3,2064435328,3311743062,1247307735,1.7838296960938074,63359,0.048738055020810744,0.04873805529527089,0.2605633574536181
332,415,0,4,1981387008,3584410403,1603023396,1.4218516643473151,42113,0.63802196814565,0.6380219682535063,1.3805204766773969
333,423,8,0,655437504,2834547439,2179109936,0.9789081638228083,5568,3.5570565041512716,3.557056499475494,3.264255535279702
334,423,0,0,655437504,2252795311,1597357808,1.4269596335102896,48040,0.4480514694070036,0.44805146968748205,1.715546471163562
335,423,0,0,655437504,2222718108,1567280605,1.454383643803915,64302,0.027424009721451863,0.027424010293623412,0.1903215010843946
336,428,5,0,305534944,3821202463,3515667520,0.2888485061148387,4594,3.834464858622076,3.8344648623109228,3.4329123592850364
337,428,0,0,305534944,3477446398,3171911455,0.43729464773836213,59128,0.14844614157022257,0.14844614162352343,0.6505672901488878
338,428,0,0,305534944,2327522016,2021987073,1.0868733722042698,41777,0.6495787240368772,0.6495787244659093,1.9766564559471769
339,429,1,0,611069888,3449737833,2838667946,0.5974330467494902,46003,0.5105596735418655,0.5105596745452188,1.6770247370446016
340,429,0,0,611069888,3447658730,2836588843,0.5984900955609547,65488,0.001057048556915173,0.0010570488114645664,0.010904248078007607
341,434,5,0,96137408,2357929215,2261791808,0.9251810068668576,1633,5.326690924438305,5.326690911305906,1.7453807897551237
342,440,6,1,654213248,3472617855,2818404608,0.6077684073067608,638,6.682587386235131,6.6825874004399,2.2164127698556904
343,440,0,1,654213248,3124875855,2470662608,0.7977491353466775,57450,0.18998072757916204,0.1899807280399197,0.7430099202555244
344,443,3,3,730141120,3679735871,2949594752,0.5421303913497297,2445,4.744381250160404,4.744381256003051,3.1803248731198455
345,443,0,3,730141120,3468156816,2738015697,0.6495164284467272,60835,0.10738603694159904,0.10738603709699708,0.5643326684173406
346,443,0,5,1958155692,3916411791,1958256100,1.1330776936160163,11718,2.4835612653920522,2.48356126516929,2.869775128757539
347,443,0,5,1958155692,3778423102,1820267411,1.2384967372467592,60918,0.10541904299577234,0.10541904363074034,0.4067211867623418
348,452,9,1,669530656,2310259967,1640729312,1.3883099037785236,1846,5.149813162354226,5.149813166531764,2.3394619831134937
349,452,0,1,669530656,2309834362,1640303707,1.3886841872573932,65519,0.0003742827947452993,0.000374283478871298,0.004463541174757649
350,454,2,0,1339061312,3288323589,1949262278,1.1397189242161225,38940,0.751034736392343,0.751034736958729,1.5831366011542147
351,454,0,1,530638976,2554021759,2023382784,1.0858778709327979,34014,0.9461589454594174,0.9461589467166744,1.7098160088731575
352,454,0,1,530638976,2519751207,1989112232,1.1105224661307602,64426,0.024644595135631477,0.024644595197961517,0.16539829615387308
353,456,2,0,1061277952,3924633175,2863355224,0.5849404857662002,47170,0.4744180195830407,0.4744180196354429,1.7549862896571133
354,456,0,0,1061277952,3462160411,2400882460,0.8390823707361079,54951,0.25414188482811506,0.25414188496990514,1.0662566220798846
355,456,0,0,1061277952,3266092251,2204814300,0.961989995786972,60184,0.1229076249725865,0.12290762505086426,0.5772108518660259
356,456,0,0,1061277952,3265015681,2203737730,0.962694609102396,65504,0.0007046129765893727,0.0007046133154261959,0.007808663886443231
357,456,0,0,1061277952,3194064042,2132786091,1.0099078690032641,63426,0.04721325986779615,0.04721325990086664,0.2722810055548543
358,456,0,0,1061277952,2682932170,1621654219,1.4051809156786987,49830,0.3952730464291053,0.3952730466754353,0.799145668679972
359,456,0,0,1061277952,2599691740,1538413789,1.481203547104748,62172,0.07602263102876337,0.07602263142604952,0.380927512537528
360,456,0,0,1061277952,2572813630,1511535679,1.5066321125930386,64391,0.025428565072420188,0.025428565488290894,0.12976644779015334
361,456,0,0,1061277952,2572075575,1510797624,1.5073367260177157,65504,0.0007046129765893727,0.0007046134246757007,0.007753232855242959
362,457,1,0,2122555904,3487336189,1364780286,1.653978433558681,29601,1.1466417057222853,1.1466417075409647,2.2887601087201177
363,457,0,0,2122555904,3307367450,1184811547,1.8579895399110207,56894,0.20401110546994136,0.20401110635234201,0.736137419644304
364,457,0,1,2097628160,4195997095,2098368936,1.0333787906230576,58034,0.17538925021371793,0.17538925071203565,0.791550267225757
365,457,0,2,2047772672,4266659499,2218886828,0.9528110597527544,34650,0.9194322680880616,0.9194322691296969,2.0632914435178273
366,457,0,3,1948061696,3986081617,2038019922,1.0754789918455714,30097,1.122667930835085,1.122667932092818,2.5504785410835793
367,457,0,3,1948061696,3977934015,2029872320,1.081258162000303,65274,0.005779169882435751,0.00577917015472978,0.04490351582440616
368,457,0,3,1948061696,3964398642,2016336947,1.0909104004561776,65099,0.009652238443996328,0.009652238455874715,0.06843600664426171
369,457,0,3,1948061696,3963875605,2015813910,1.091284683521021,65519,0.0003742827947452993,0.00037428306484307416,0.004452022505596219
370,457,0,3,1948061696,3831120282,1883058587,1.1895692592535916,61220,0.09828457558564613,0.09828457573257156,0.4091254160954336
371,457,0,3,1948061696,3783451913,1835390218,1.2265603223328085,63877,0.03699106266001337,0.03699106307921781,0.19279665510233346
372,457,0,4,1748639744,3574283931,1825644188,1.2342415297757334,32594,1.0076812071268104,1.0076812074429253,1.7920042206538362
373,457,0,4,1748639744,3542498957,1793859214,1.2595804771802683,64395,0.025338946943657566,0.02533894740453508,0.15205416556958137
374,462,5,1,1175363140,3401154395,2225791256,0.9483288489560202,20329,1.6887483708618047,1.688748371775749,0.941771980719454
375,462,0,1,1175363140,3296480801,2121117662,1.0178224941807983,62454,0.06949364516882105,0.06949364522478128,0.2787049620403956
376,462,0,2,203242632,3464732907,3261490276,0.3971158188224315,50385,0.37929332415698297,0.37929332464163173,1.36615902030401
377,462,0,2,203242632,3462941316,3259698685,0.39790853301350637,65500,0.0007927138004626774,0.0007927141910745103,0.008468782723191254
378,462,0,2,203242632,3197483981,2994241350,0.5204566318937331,60199,0.1225480986985224,0.1225480988802281,0.4211194165067565
379,465,3,0,406485264,3822248687,3415763424,0.33043908874889283,37381,0.8099824565107769,0.809982456855159,1.6240421652377002
380,465,0,0,406485264,2919627364,2513142101,0.773154897949972,48218,0.4427158087867907,0.4427158092010784,1.0320627316593116
381,465,0,0,406485264,2918937108,2512451845,0.7735512009243486,65518,0.0003963024539395264,0.00039630297437707535,0.004699172121844633
382,466,1,0,812970528,3106441583,2293471056,0.9051144455390379,29912,1.131563244141831,1.1315632446146893,2.6736501370476033
383,466,0,0,812970528,3103886904,2290916377,0.9067223476458004,65463,0.0016079015700331673,0.0016079021067624117,0.016398176255113688
384,466,0,0,812970528,2604356950,1791386423,1.2615705689283665,51246,0.35484822081542206,0.35484822128256405,1.409297120542389
385,470,4,1,1439865856,3484040703,2044174848,1.0711285438898521,2337,4.809557981217175,4.809557974961488,2.632922266323668
386,475,5,0,197546944,2238727391,2041180448,1.0732434183578228,4090,4.002114872170889,4.002114874467971,2.3963784455507007
387,476,1,0,395093888,2402387549,2007293662,1.097395451226987,32224,1.0241520319932154,1.0241520328691631,2.8699094756446883
388,476,0,0,395093888,2393137630,1998043743,1.1040589777390828,65234,0.00666352644973526,0.006663526512095259,0.0560043487296697
389,476,0,0,395093888,2392527875,1997433988,1.1044993208373128,65516,0.0004403427806028656,0.00044034309822887826,0.005115354265434883
390,477,1,0,790187776,3465339995,2675152220,0.683026160746298,43886,0.5785268390464586,0.5785268399089877,0.964010997121529
391,477,0,0,790187776,3436970384,2646782609,0.6984074407146501,64841,0.015381279688927628,0.015381279968351712,0.09724245556348945
392,479,2,0,341267852,3101779399,2760511548,0.6377115096701615,17088,1.939304068312446,1.939304068955512,1.9118627640703754
393,479,0,0,341267852,2331535347,1990267496,1.1096848010651144,47250,0.47197329111684033,0.4719732913949509,0.9245814065594198
394,479,0,1,1035398482,2482606233,1447207752,1.5693751050936875,23827,1.4596903037348132,1.459690304028572,1.0318921384659399
395,479,0,1,1035398482,2482208745,1446810264,1.569771408065435,65518,0.0003963024539395264,0.00039630297174954397,0.004699172121844633
396,479,0,1,1035398482,2452140453,1416741972,1.6000701186067836,64174,0.03029871046452509,0.030298710541346575,0.1711953860616153
397,479,0,1,1035398482,2424837213,1389438732,1.6281449264364447,64273,0.028074807417664195,0.02807480782966244,0.1398398048844481
398,479,0,1,1035398482,2423331931,1387933450,1.6297087522018572,65465,0.0015638255880888565,0.001563825765412992,0.015104978113474677
399,479,0,1,1035398482,2421870636,1386472155,1.6312285034890728,65467,0.0015197509526750181,0.0015197512872149404,0.013511943838118271
400,479,0,1,1035398482,2421553297,1386154816,1.631558748710205,65521,0.00033024448458043404,0.00033024522113380236,0.0039922782726164955
401,479,0,1,1035398482,2410427847,1375029366,1.643184715936318,65010,0.011625966297807948,0.011625967226113221,0.08464313014304285
402,479,0,4,1043922240,2207460271,1163538032,1.88412877783081,6932,3.2409440608398303,3.2409440618944894,2.110731705226431
403,484,5,0,2087844480,4198213003,2110368524,1.0251521938475392,59433,0.14102341473527055,0.1410234160167286,0.6641671884804754
404,484,0,1,2028205312,3906528613,1878323302,1.1932017411431666,29165,1.1680495462988727,1.1680495472956276,1.948574020122192
405,486,2,0,1843660550,3494759925,1651099376,1.3792201905428492,28804,1.1860184483853229,1.1860184493996824,1.058514326290785
406,489,3,0,1055697136,3976764423,2921067288,0.5561515543835149,14493,2.176931361846767,2.1769313638406675,2.394120906190853
407,489,0,0,1055697136,2658771873,1603074738,1.4218054581204953,35966,0.865653903041579,0.8656539037369786,2.220872054842691
408,489,0,0,1055697136,2658062504,1602365369,1.4224439995506906,65507,0.0006385408891551363,0.0006385414301970124,0.006923266322174855
409,490,1,0,2111394272,4109412049,1998017778,1.104077725987345,40859,0.6816337250601567,0.6816337264366557,1.6560301925041174
410,495,5,0,306261440,2660371231,2354109792,0.8674655390272754,2413,4.763387799784248,4.763387813039928,1.6332375785100783
411,495,0,0,306261440,2659796497,2353535058,0.8678178025994718,65520,0.0003522634716290214,0.0003522635721977601,0.004227909891679893
412,495,0,0,306261440,2316010011,2009748572,1.0956321205386708,55963,0.22781431754200343,0.22781431793919915,0.7443637760970497
413,495,0,0,306261440,2273935806,1967674367,1.126155659068857,64164,0.030523537880225618,0.030523538530187026,0.15690817450225442
414,496,1,0,612522880,4183796609,3571273730,0.26620842856169347,59473,0.14005276895099736,0.1400527694928363,0.4951162963085816
415,496,0,0,612522880,2772038361,2159515482,0.9919394864613693,39629,0.7257310577180389,0.725731057899673,1.4089314375148125
416,496,0,2,835444108,3668885531,2833441424,0.6000917682277525,21497,1.6081522809665214,1.6081522817663836,1.7082831059513919
417,499,3,0,194921892,2685424207,2490502316,0.7862103933930555,28802,1.1861186251059053,1.186118625165304,1.3958771603555566
418,499,0,0,194921892,2593421245,2398499354,0.8405150950426616,63115,0.054304701552353236,0.05430470164960492,0.33911576000247695
419,501,2,0,779687568,4027997023,3248309456,0.4029580660245351,22189,1.562442969930031,1.562442970981875,2.5618694609572064
420,501,0,0,779687568,3894815145,3115127578,0.46335589692852963,62849,0.06039783056241746,0.06039783090399522,0.3135083980870505
421,501,0,0,779687568,2999957482,2220269915,0.9519120724287617,46710,0.4885561753124445,0.4885561755002329,1.6418563987147776
422,501,0,0,779687568,2422394592,1642707025,1.3865719458651604,48488,0.4346598727915451,0.4346598734363972,1.5539513128650126
423,501,0,0,779687568,2284884052,1505196485,1.5126953205352933,60050,0.1261233745196412,0.12612337467013446,0.5925365823035444
424,506,5,0,189906368,2243382431,2053476064,1.0645790151320078,2794,4.551883694590537,4.551883694596712,1.4176640967669782
425,507,1,0,379812736,4001345379,3621532644,0.24604676639808076,57790,0.18146775053703498,0.1814677512660756,0.6756881946231856
426,507,0,0,379812736,3992061664,3612248929,0.24974983008884166,65368,0.0037030633126258566,0.00370306369075894,0.031318532251968165
427,507,0,0,379812736,3985943505,3606130770,0.2521954314925914,65425,0.002445601177240512,0.0024456014037495485,0.021527849757056395
428,507,0,0,379812736,3971361829,3591549094,0.2580409097107399,65271,0.005845477824117605,0.0058454782181474605,0.04462772941644121
429,507,0,0,379812736,2438256575,2058443840,1.0610930574996793,37561,0.8030521475590755,0.8030521477889405,0.993717283283565
430,508,1,0,759625472,4103654429,3344028958,0.3610598053586678,53233,0.29996674734583006,0.29996674785898886,1.0578790889515015
431,508,0,0,759625472,4076406634,3316781163,0.3728633179305163,65002,0.011803512375734265,0.011803512571847011,0.07384761980972931
432,508,0,0,759625472,4067853533,3308228062,0.3765884518385718,65367,0.003725133837594948,0.003725133908056785,0.03350343151893215
433,508,0,0,759625472,4066793462,3307167991,0.3770508154447789,65515,0.0004623634480924974,0.0004623636062082354,0.005289310559804943
434,508,0,0,759625472,4038887213,3279261742,0.3892760875841006,64983,0.012225271901404332,0.012225272139320714,0.08067340833562432
435,508,0,0,759625472,4032532442,3272906971,0.39207455016462944,65409,0.0027984623718733453,0.002798462580529246,0.02415017522862539
436,508,0,0,759625472,3024881014,2265255543,0.9229733364383783,45359,0.5308987859672308,0.5308987862737466,1.3301978686618967
437,508,0,0,759625472,3022945370,2263319899,0.9242066356096288,65480,0.0012332986384842029,0.0012332991712533127,0.011521862223184267
438,508,0,0,759625472,3022323730,2262698259,0.9246029384610779,65518,0.0003963024539395264,0.00039630285144673675,0.004668654543719633
439,508,0,0,759625472,2920437399,2160811928,0.9910736371431916,62585,0.06647069841614464,0.06647069868211586,0.39144577594133884
440,508,0,0,759625472,2919942828,2160317357,0.9914038818941009,65521,0.00033024448458043404,0.00033024475090796015,0.0039922782726164955
441,508,0,0,759625472,2758057474,1998432003,1.1037786603725124,60625,0.11237477826342293,0.11237477847841301,0.611788814566251
442,514,6,0,1709089984,3414782911,1705692928,1.332289201072868,874,6.228510530499402,6.228510540700353,2.3453254620898263
443,514,0,0,1709089984,3254848172,1545758189,1.4743324973952632,59391,0.1420432961437533,0.14204329632239757,0.4668065191986004
444,514,0,1,1270696320,3488053607,2217357288,0.9538058922293189,47005,0.4794733936275912,0.47947339483405366,1.1480621562715667
445,514,0,2,393908992,4082782745,3688873754,0.21946673014303641,54514,0.2656608375919462,0.2656608379137201,0.8611601175521165
446,514,0,2,393908992,4037358533,3643449542,0.23734213501153079,64729,0.01787540463796415,0.01787540486849117,0.12217097550256985
447,514,0,2,393908992,3992549262,3598640271,0.25519525191523584,64730,0.017853116577019486,0.017853116903705116,0.12340673344089251
448,514,0,2,393908992,3709483609,3315574618,0.37338822237315483,60381,0.11819297020560038,0.1181929704579215,0.4683381979750545
449,514,0,2,393908992,3702957285,3309048294,0.3762307987555893,65407,0.002842576090103573,0.002842576382432178,0.022318924231976338
450,514,0,2,393908992,3502655243,3108746252,0.4663142829279785,61569,0.09008348387346211,0.09008348417238954,0.46909950429154157
451,514,0,2,393908992,2917393535,2523484544,0.7672298956614654,53198,0.3009156123992698,0.3009156127334869,0.7010348184604399
452,514,0,2,393908992,2379435732,1985526741,1.11312535485758,51565,0.3458954590499424,0.34589545919611503,1.1612853990101684
453,514,0,2,393908992,2240949362,1847040371,1.217431746176885,60965,0.10430639118571318,0.10430639131930652,0.4366336109812698
454,518,4,1,139316496,3743886127,3604569632,0.25282012700353107,15987,2.035388381518809,2.035388380826645,2.518303636238361
455,518,0,1,139316496,3742621095,3603304600,0.2533265330125616,65513,0.0005064057914389884,0.0005064060090289727,0.005749050760772335
456,518,0,1,139316496,3673453657,3534137162,0.2812891131708497,64278,0.02796257997162204,0.027962580158289705,0.13940582088277362
457,518,0,1,139316496,3635651072,3496334577,0.2968038978220662,64835,0.015514784273453845,0.01551478465121589,0.0876998717949119
458,518,0,1,139316496,3627115098,3487798603,0.3003304094659214,65376,0.0035265112667726534,0.003526511643856105,0.030185236716525145
459,518,0,1,139316496,3599813451,3460496956,0.3116679103269213,65023,0.01133750051459843,0.011337500860998549,0.0831624275376925
460,518,0,1,139316496,3598757391,3459440896,0.3121082531650501,65516,0.0004403427806028656,0.0004403428381278529,0.005086360513452917
461,520,2,2,207883864,2537685551,2329801688,0.8824399876642843,5517,3.570331734866906,3.570331734499235,0.9543756049940637
462,520,0,2,207883864,2537010101,2329126238,0.8828583106723542,65517,0.000418322449221962,0.00041832300807133474,0.004934802732935719
463,520,0,2,207883864,2536441466,2328557603,0.8832105745557186,65520,0.0003522634716290214,0.00035226388336199955,0.004227909891679893
464,523,3,0,415767728,3897944839,3482177112,0.30265756217870887,49002,0.4194469869125442,0.4194469876229929,0.8702974431609308
465,523,0,0,415767728,3896935296,3481167569,0.30307588491199056,65517,0.000418322449221962,0.0004183227332815082,0.004904285154810719
466,524,1,0,191539138,3262526409,3070987272,0.48394461307492165,28907,1.180868728332288,1.1808687281629298,1.2486417475877316
467,530,6,0,1965867072,3654310271,1688443200,1.3469534987717786,563,6.86300888791977,6.863008885696858,0.8418633640048897
468,530,0,0,1965867072,3640500982,1674633911,1.358801401195656,65000,0.011847902309458449,0.011847902423876263,0.07409430634942983
469,530,0,1,1784250496,3852194421,2067943926,1.054450079692863,40464,0.6956486783367616,0.6956486784972067,1.5937875868556102
470,530,0,1,1784250496,3613422880,1829172385,1.2314561019466268,57969,0.17700602197775825,0.177006022253765,0.5325826144988859
471,530,0,1,1784250496,3373081641,1588831146,1.4346813364768352,56925,0.2032252340886528,0.2032252345302084,0.6522475781677621
472,533,3,1,270748272,2863847935,2593099664,0.7279694897664619,13370,2.293288155019285,2.2932881532896268,2.317229616216278
473,533,0,1,270748272,2608874573,2338126302,0.877294281863815,59092,0.1493247919352604,0.14932479209735142,0.5137340072249337
474,533,0,1,270748272,2597172524,2326424253,0.8845329314525507,65208,0.007238649056868908,0.007238649588736904,0.05271167622691179
475,535,2,0,541496544,3882465551,3340969008,0.3623805462238501,47058,0.4778476141976585,0.47784761477130044,0.9331967854936548
476,536,1,0,539274928,2336595535,1797320608,1.2567993647034115,17628,1.894418818722564,1.8944188184795614,1.5430175161725113
477,536,0,0,539274928,2332564069,1793289142,1.2600390252929508,65389,0.003239660265459703,0.0032396605895366483,0.025548709442340393
478,536,0,3,215361184,3210889583,2995528400,0.5198366345454382,13684,2.2597976112321003,2.2597976092524883,0.9686536828592278
479,536,0,3,215361184,3210066836,2994705653,0.5202329372654226,65518,0.0003963024539395264,0.0003963027199833297,0.004668654543719633
480,536,0,3,215361184,3206456885,2991095702,0.5219730748771099,65457,0.0017401375958717572,0.0017401376116878797,0.015794494906465353
481,536,0,3,215361184,3205726637,2990365454,0.5223253383612239,65520,0.0003522634716290214,0.0003522634841142209,0.004227909891679893
482,536,0,3,215361184,3204859679,2989498496,0.5227436609272473,65517,0.000418322449221962,0.00041832256602504584,0.00492328406377429
483,536,0,5,457656676,3270347063,2812690388,0.6106963918966457,15415,2.0879527310054624,2.0879527309693975,1.898545589544633
484,536,0,5,457656676,3269402861,2811746186,0.6111807766124748,65514,0.000484384451701118,0.00048438471582772834,0.0055806573939322975
485,542,6,0,915313352,3600064163,2684750812,0.6778589568626892,31288,1.0666781792670548,1.066678180250215,1.6080865698422162
486,543,1,1,23087132,3263009799,3239922668,0.40668776741752666,19772,1.728828808860227,1.7288288105548393,1.829974651335812
487,543,0,1,23087132,2622500184,2599413053,0.7244612462680777,52580,0.3177734784945918,0.31777347885055035,0.7224397961535283
488,543,0,1,23087132,2461306112,2438218981,0.8168194431009326,61472,0.09235819633447288,0.09235819683285339,0.5133507829053011
489,543,0,1,23087132,2460338801,2437251670,0.8173919149301767,65510,0.0005724718275307164,0.0005724718292468322,0.006393025274788764
490,543,0,1,23087132,2459557821,2436470690,0.8178542785608691,65515,0.0004623634480924974,0.00046236363069202126,0.005289310559804943
491,545,2,0,46174264,3732555605,3686381342,0.2204418260610339,49578,0.4025875468532651,0.40258754750016207,0.961168746942008
492,545,0,0,46174264,3050415307,3004241044,0.5156465744957224,53409,0.2952047481760715,0.2952047484346906,0.7337879680312541
493,545,0,0,46174264,2973035563,2926861300,0.5532927660147244,63848,0.03764619136472622,0.03764619151900291,0.18493809167519779
494,545,0,0,46174264,2971829733,2925655470,0.5538872606754452,65509,0.0005944945118882062,0.0005944946607206544,0.0064991026454258825
495,547,2,1,1458773688,3880153583,2421379896,0.8268177010929634,6780,3.272930441976294,3.2729304404175155,0.6582266390269532
496,547,0,1,1458773688,3877567270,2418793583,0.8283594893410893,65466,0.0015417881020707706,0.0015417882481258732,0.014209699392412
497,547,0,1,1458773688,3875611153,2416837466,0.8295266918925783,65483,0.0011672023345903715,0.0011672025514912001,0.01203991443619884
498,547,0,1,1458773688,3872992814,2414219127,0.8310905175227781,65465,0.0015638255880888565,0.0015638256301975482,0.014438215679637875
499,547,0,1,1458773688,3872071862,2413298175,0.8316409672949057,65511,0.0005504494793435254,0.0005504497721279475,0.0061573970158125746
500,547,0,1,1458773688,3711077299,2252303612,0.9312458292515622,61164,0.09960486137346711,0.09960486195665592,0.38288748846758347
501,547,0,1,1458773688,3710355583,2251581896,0.931708192738018,65515,0.0004623634480924974,0.0004623634864574943,0.00532199045253682
502,547,0,1,1458773688,3709359247,2250585560,0.9323467336380489,65507,0.0006385408891551363,0.0006385409000320586,0.006824120164363979
503,547,0,1,1458773688,3668939642,2210165955,0.9584924445117302,64359,0.026145710583240705,0.026145710873681186,0.1820778479898806
504,547,0,1,1458773688,3668433775,2209660088,0.9588226890997937,65521,0.00033024448458043404,0.0003302445880611804,0.0039922782726164955
505,547,0,1,1458773688,3554707220,2095933533,1.0350541796783297,62163,0.0762314902460502,0.07623149057853604,0.4581471015817747
506,547,0,2,770063728,3688559065,2918495338,0.5574223823506017,45628,0.522368202549477,0.5223682026722747,1.8507720168308601
507,547,0,2,770063728,2957732847,2187669120,0.9732525957411475,49125,0.4158302130793065,0.4158302133905447,1.4955477634378105
508,550,3,1,932771264,3467070571,2534299308,0.7610602250601595,18980,1.7878076280915283,1.787807629319012,2.4377441033521605
509,553,3,0,1975830912,3859540443,1883709532,1.189070627480639,12178,2.4280104023954228,2.4280104024204783,3.2519269199783682
510,553,0,0,1975830912,3606629673,1630798762,1.3970683792776946,56737,0.20799775111331553,0.20799775179705524,0.5755091134822332
511,553,0,0,1975830912,3463770546,1487939635,1.5293311478290086,59795,0.1322627677460322,0.1322627685513135,0.6939956439239559
512,556,3,0,2010901616,3885901719,1875000104,1.1957564703837384,10323,2.666425322541863,2.6664253225547303,2.3974763225633864
513,556,0,0,2010901616,3885215073,1874313458,1.1962848982005845,65512,0.0005284274673163702,0.0005284278168470663,0.006017359584538874
514,560,4,0,921911296,2475449919,1553538624,1.46708903589575,3395,4.270804140867906,4.270804137695166,2.7149206371548678
515,560,0,0,921911296,2369559156,1447647861,1.5689364351484265,61069,0.10184739909209507,0.10184739925267652,0.41084907644854396
516,561,1,0,1843822592,3603504657,1759682066,1.2873323553552858,39831,0.7183959198865251,0.7183959202068584,1.1272488177239393
517,561,0,0,1843822592,3585407340,1741584749,1.3022464669523863,64862,0.01491411090912449,0.014914111597099109,0.10160212905552418
518,561,0,0,1843822592,3569622102,1725799511,1.3153822720451949,64942,0.013135804880275152,0.01313580509281063,0.08559002888924118
519,561,0,0,1843822592,3413621792,1569799201,1.4520671157175435,59612,0.13668484349010193,0.1366848436723488,0.4815949541890717
520,561,0,0,1843822592,3413190633,1569368042,1.4524634188813437,65518,0.0003963024539395264,0.0003963031637980575,0.004668654543719633
521,562,1,2,858648984,3677840887,2819191904,0.6073654596889675,14716,2.1549020390270255,2.154902040807623,1.5498318028520823
522,562,0,2,858648984,2964611489,2105962506,1.0281673947827699,48956,0.42080193447698916,0.42080193509380404,1.1736964688027567
523,565,3,0,1717297968,3682383097,1965085130,1.1280553327825267,30576,1.0998879370225434,1.099887937999756,1.7106030211466088
524,565,0,1,1287112288,3913902413,2626790126,0.7093462086843871,43802,0.5812908756422002,0.5812908759018612,1.642097803632844
525,565,0,2,426740928,3598480981,3171740054,0.4373726089480563,39566,0.7280263997661112,0.7280264002636688,2.029593432715232
526,565,0,2,426740928,3520852333,3094111406,0.47312200288219586,63932,0.035749393729861495,0.03574939393413966,0.1716440668303908
527,565,0,2,426740928,3499842817,3073101890,0.4829515451222939,65091,0.00982954177515292,0.009829542240098967,0.06492299922987887
528,565,0,2,426740928,2970387350,2543646423,0.7557490018207389,54245,0.2727974563062094,0.2727974566984449,0.9394094650695983
529,565,0,2,426740928,2614666532,2187925605,0.9730834623267235,56371,0.2173344598856643,0.21733446050598507,0.6946428050058745
530,570,5,0,142372048,3379123807,3236751760,0.4081004225272089,12119,2.435016960794908,2.4350169602004836,2.896247004959453
531,570,0,0,142372048,3378382973,3236010926,0.4084306671520892,65521,0.00033024448458043404,0.00033024462488034174,0.0039922782726164955
532,570,0,0,142372048,3376358491,3233986444,0.4093335145784671,65495,0.0009028473965228007,0.0009028474263783532,0.009624151035176894
533,570,0,0,142372048,2577780570,2435408523,0.8184833512536756,49353,0.40914983660828474,0.40914983667520977,1.0912339462382667
534,570,0,0,142372048,2529730899,2387358852,0.8472317069131989,64243,0.02874835548969902,0.028748355659521704,0.17217838760029908
535,572,2,0,2077242548,3732977327,1655734780,1.3751755493978663,11363,2.5279438424976433,2.527943842484667,1.646039350297769
536,572,0,0,2077242548,3732472036,1655229489,1.3756158929149436,65516,0.0004403427806028656,0.00044034351707786067,0.005086360513452917
537,572,0,0,2077242548,3400269376,1323026829,1.6988048284086403,52383,0.3231889345462238,0.32318893549369565,1.0425110258210915
538,572,0,0,2077242548,3391104120,1313861573,1.7088338630982136,65082,0.010029034072152908,0.01002903468957554,0.06480747051676786
539,572,0,0,2077242548,3371958340,1294715793,1.730011703722763,64581,0.021177840014742686,0.02117784062454778,0.128874762514514
540,572,0,0,2077242548,3371622491,1294379944,1.730385987054646,65519,0.0003742827947452993,0.00037428333188366686,0.004452022505596219
541,572,0,0,2077242548,3371227477,1293984930,1.7308263304923344,65516,0.0004403427806028656,0.0004403434376895425,0.005115354265434883
542,572,0,0,2077242548,3370812839,1293570292,1.7312886944924522,65515,0.0004623634480924974,0.0004623640001174225,0.0053394655353573555
543,572,0,0,2077242548,3278950715,1201708168,1.8375605625249136,60882,0.10627186767531915,0.10627186803246123,0.4821830778731056
544,572,0,0,2077242548,3278583982,1201341435,1.8380009062314073,65516,0.0004403427806028656,0.00044034370649469163,0.005128396760739348
545,572,0,0,2077242548,3278272354,1201029807,1.8383751899098542,65519,0.0003742827947452993,0.0003742836784456043,0.004452022505596219
546,572,0,0,2077242548,3276989515,1199746968,1.8399169789332852,65466,0.0015417881020707706,0.0015417890234316796,0.014319526335982909
547,578,6,0,1880582976,3353319231,1472736256,1.5441480565970842,1257,5.704231065579492,5.704231077663798,0.16988026014043328
548,578,0,1,1613682304,3508535835,1894853532,1.1805608104531942,42160,0.636412753475423,0.6364127538561108,0.9437350417254311
549,578,0,1,1613682304,3249213610,1635531307,1.3928877705604208,56567,0.2123269599848513,0.21232696010722704,0.7802950234812049
550,578,0,1,1613682304,3245245569,1631563266,1.3963922151118133,65377,0.0035044437801235195,0.0035044445513922676,0.02671952884737102
551,578,0,2,1079880960,3994667139,2914786180,0.5592570905014647,58540,0.1628648747038871,0.16286487538964955,0.5190087208172376
552,578,0,2,1079880960,3991820668,2911939709,0.5606666608161319,65472,0.0014095702546713536,0.0014095703146662123,0.013142494427600853
553,578,0,2,1079880960,3904155002,2824274043,0.604767064028124,63563,0.04410040289149173,0.04410040321199344,0.20801206099759728
554,578,0,3,12278272,4281958675,4269680404,0.008519061371796255,49538,0.403751996685148,0.40375199734367223,1.1283714332104753
555,583,5,0,1347920632,4222866567,2874945936,0.5791123199038815,11032,2.57059325848602,2.5705932585320848,0.66901858883939
556,583,0,0,1347920632,4222076939,2874156308,0.5795086226163946,65518,0.0003963024539395264,0.00039630271251457166,0.004668654543719633
557,583,0,0,1347920632,4221155959,2873235328,0.5799709865457316,65515,0.0004623634480924974,0.0004623639293372973,0.0053394655353573555
558,583,0,0,1347920632,4220454485,2872533854,0.5803232502841738,65520,0.0003522634716290214,0.0003522637384428458,0.004227909891679893
559,583,0,0,1347920632,4214712573,2866791942,0.5832099415178966,65405,0.0028866911572534176,0.002886691233719734,0.023769269443513714
560,583,0,0,1347920632,3775218880,2427298249,0.8232957586136251,55489,0.2400858168855579,0.24008581709572885,0.7195444237324803
561,584,1,0,1852188664,3250655571,1398466908,1.6188010303684912,18879,1.7955052717067923,1.7955052717548665,0.8795484004898145
562,584,0,1,1556893680,4206546327,2649652648,0.6968439017542671,62085,0.07804287116119081,0.07804287138577749,0.37959048607042783
563,587,3,0,1484565076,3849263623,2364698548,0.8609908656309067,14622,2.164146963555503,2.164146963876638,0.8557187044764952
564,587,0,1,821646504,3316169655,2494523152,0.7838830867613744,34567,0.9228922200012402,0.9228922211304673,1.7174932581962854
565,587,0,1,821646504,3314723245,2493076742,0.7847198533974051,65498,0.000836766229995985,0.0008367666360329996,0.008873496792272844
566,590,3,0,2076466424,4127350719,2050884296,1.066401043906172,13478,2.2816811895207394,2.281681190508764,3.0938444643107683
567,590,0,0,2076466424,3432592383,1356125960,1.6631559605868844,43335,0.596754915826866,0.5967549166807136,1.4684473602046142
568,590,0,0,2076466424,3432261297,1355794874,1.66350822465499,65520,0.0003522634716290214,0.00035226406810434175,0.004227909891679893
569,590,0,0,2076466424,3227452195,1150985772,1.8997771464201492,55636,0.23626892069272576,0.23626892176515998,0.9470913416467323
570,590,0,0,2076466424,3226240372,1149773949,1.9012968976381899,65467,0.0015197509526750181,0.0015197512180409969,0.013983579400481056
571,590,0,1,2005449200,4293979365,2288530166,0.9082258372292955,65222,0.006928939164205971,0.0069289395911051556,0.04662087611111139
572,590,0,1,2005449200,4283817587,2278368388,0.9146461116227833,65245,0.006420274348057973,0.00642027439348904,0.04821123590400437
573,590,0,1,2005449200,4130711898,2125262699,1.0150059654126977,61132,0.10035985323521326,0.10035985378991259,0.4451764748800723
574,590,0,1,2005449200,4122831666,2117382467,1.0203652562590015,65293,0.005359290342117367,0.0053592908463050955,0.04009377972954547
575,592,2,1,528042044,2862151219,2334109176,0.8797751025391385,18061,1.859409846396971,1.8594098462801354,2.0901030971983716
576,595,3,0,163133192,2545679691,2382546500,0.8501427746215455,16724,1.9703676719558625,1.9703676720824082,1.0921689305195148
577,595,0,0,163133192,2541607956,2378474765,0.8526104272521522,65424,0.0024676524736343256,0.0024676526306062043,0.02016155109624652
578,595,0,0,163133192,2532425916,2369292725,0.8581906921310392,65283,0.00558026434097006,0.005580264878889119,0.04273211386707632
579,596,1,0,326266384,2984128665,2657862282,0.6923807931765573,36759,0.8341901006860735,0.834190101045518,1.3231795054782856
580,596,0,0,326266384,2983358105,2657091722,0.6927991159306828,65517,0.000418322449221962,0.00041832275412343747,0.004879723990344825
581,596,0,0,326266384,2969654232,2643387849,0.7002590272100804,65198,0.007459911122067875,0.0074599112793979185,0.05033704555968144
582,596,0,0,326266384,2923712783,2597446400,0.7255531675298919,64397,0.025294139966795495,0.025294140319811465,0.1317870683068851
583,599,3,1,1471557248,4293489983,2821932736,0.605963545957998,4450,3.8804103792588776,3.8804103784281065,2.0238474873288057
584,599,0,1,1471557248,4282165393,2810608146,0.6117648183109523,65273,0.005801272191043642,0.005801272352954853,0.04007038854843712
585,599,0,1,1471557248,3427866774,1956309527,1.1345124946707905,45616,0.5227476760620473,0.5227476763598391,0.8945202477940761
586,599,0,2,795630848,3974275617,3178644770,0.4342353491650712,53242,0.29972285431180473,0.29972285449427843,0.7028309623329801
587,599,0,2,795630848,3973451078,3177820231,0.4346096321455626,65519,0.0003742827947452993,0.00037428298049451526,0.004463541174757649
588,599,0,2,795630848,3972675242,3177044395,0.4349618960634203,65520,0.0003522634716290214,0.0003522639178573898,0.004227909891679893
589,599,0,2,795630848,3970978517,3175347670,0.4357325842628974,65501,0.0007706880901105886,0.0007706881994742321,0.007965733012277015
590,599,0,2,795630848,3935753941,3140123094,0.4518260316030229,64809,0.016093446943010445,0.016093447340126323,0.12176841249314342
591,599,0,2,795630848,3935035223,3139404376,0.45215627648335044,65521,0.00033024448458043404,0.0003302448803286237,0.0039922782726164955
592,599,0,2,795630848,3784426590,2988795743,0.523082840710714,62392,0.07092656412318663,0.0709265642273634,0.41391906732393735
593,606,7,2,1819764736,4084711423,2264946688,0.9231700532977243,388,7.400087157812872,7.400087212587009,1.1901463670531436
594,606,0,2,1819764736,3820117431,2000352696,1.1023927520589432,57880,0.17922269858091305,0.1792226987612182,0.8833260239930582
595,614,8,0,1896003968,3245851391,1349847424,1.6698508002772101,691,6.567458099611741,6.5674580482182705,1.858360123563107
596,614,0,0,1896003968,3238683622,1342679655,1.6775320074963602,65188,0.0076812071268103615,0.007681207219149332,0.05484043644617938
597,620,6,0,927948672,2455508991,1527560320,1.4914177959882835,1165,5.813885760458358,5.813885788491924,2.4087758081946897
598,620,0,0,927948672,2436372531,1508423860,1.5096052699286666,64715,0.018187473650837668,0.01818747394038049,0.11504413033155264
599,620,0,0,927948672,2259949360,1332000689,1.689052317345837,57871,0.17944704662791336,0.17944704741716982,0.8530334460442313
600,620,0,0,927948672,2259603839,1331655168,1.6894266010091776,65519,0.0003742827947452993,0.000374283663341054,0.004452022505596219
601,620,0,0,927948672,2253060977,1325112306,1.6965325097770254,65214,0.007105908104400146,0.007105908767847483,0.052042227364687776
602,624,4,0,320772928,2595398079,2274625152,0.9170183307719562,7031,3.2204858208564993,3.220485820994933,2.7023445746250734
603,625,1,0,641545856,3326975195,2685429340,0.6774943847410064,38686,0.7604760536878429,0.7604760539690496,1.4267158320526492
604,629,4,1,250421344,2164838751,1914417408,1.1657417253864288,1460,5.488247346232621,5.4882473406454215,3.1898371071162757
605,633,4,0,2103649920,3508849127,1405199208,1.6118724774740336,6013,3.4461307568039325,3.4461307520876043,1.3507886329219998
606,633,0,2,1972148736,4218546295,2246397560,0.935033872289349,26192,1.3231613935258466,1.323161394815316,2.290228290010934
607,633,0,2,1972148736,4184988811,2212840076,0.9567479560129755,64557,0.021714083124903496,0.021714083723626116,0.12812556220031324
608,633,0,2,1972148736,3770621540,1798472805,1.2558748016020367,53264,0.29912684485973684,0.2991268455890607,1.0044711896728844
609,638,5,0,1479675528,3970138839,2490463312,0.7862329877579164,11344,2.5303581827604837,2.5303581861558797,0.8964054995898665
610,638,0,1,811867408,3299898625,2488031218,0.7876425585471409,32736,1.0014095702546713,1.0014095707892243,1.1243995875514108
611,640,2,0,1022698146,2303311381,1280613236,1.745812319636105,16866,1.9581697608985007,1.9581697610889663,0.8276821558868139
612,640,0,0,1022698146,2251059797,1228361652,1.8059117671195501,62862,0.06009944719742295,0.06009944748344609,0.32024114126829883
613,640,0,4,1064279968,2775469327,1711189360,1.3276477289001072,5706,3.5217359684182803,3.521735961780555,0.7953533630395264
614,640,0,4,1064279968,2247563649,1183283682,1.8598511572459202,45318,0.5322034277332228,0.5322034283458144,0.9478506085058559
615,640,0,4,1064279968,2151346016,1087066049,1.9822075463386,60207,0.12235638798071606,0.12235638909267847,0.5395817624234427
616,640,0,4,1064279968,2151047444,1086767477,1.9826038493133247,65518,0.0003963024539395264,0.000396302974726505,0.004699172121844633
617,640,0,4,1064279968,2148775606,1084495639,1.9856228943919554,65399,0.0030190444530456694,0.003019045078629172,0.026629641793458867
618,640,0,4,1064279968,2148064038,1083784071,1.9865697977430052,65493,0.0009469031891450585,0.0009469033510517177,0.009412821662995913
619,645,5,0,2128559936,4290770013,2162210078,0.9901404454365803,65374,0.003570647252730634,0.003570647693574263,0.02748323230495217
620,645,0,0,2128559936,4222640072,2094080137,1.036330493124055,63471,0.0461900476632306,0.046190047687472195,0.2442383331577334
621,645,0,0,2128559936,4200848039,2072288104,1.0514225554807304,64854,0.01509206213089736,0.015092062356677127,0.10441653873002481
622,651,6,0,419772352,2959539519,2539767168,0.7579509013660157,1255,5.706528351161865,5.706528345885285,2.0712483880897015
623,652,1,0,839544704,3932095667,3092550964,0.47384977558033015,39900,0.7158988740029295,0.7158988742143152,1.38716684284723
624,654,2,1,290740848,2394219119,2103478272,1.0298702302316123,5572,3.556020457398747,3.5560204546512817,2.6251992166832814
625,657,3,1,486694088,2757074327,2270380240,0.9197132077826176,8842,2.8898429810459336,2.8898429775510026,2.8397950104516503
626,657,0,1,486694088,2755550023,2268855936,0.9206821399196556,65492,0.0009689315899683129,0.0009689321370391034,0.00984269431647176
627,657,0,1,486694088,2737305286,2250611199,0.9323302983386696,65009,0.01164815836267412,0.01164815841901415,0.07618714881998141
628,657,0,1,486694088,2680023494,2193329407,0.9695246453762181,63868,0.03719434663025852,0.03719434703754767,0.19162065307653806
629,657,0,1,486694088,2679488013,2192793926,0.9698769089713686,65520,0.0003522634716290214,0.0003522635951506291,0.004227909891679893
630,660,3,0,392266112,2720905119,2328639008,0.8831601396698296,17399,1.9132832302673075,1.9132832306984624,2.1655098950775384
631,662,2,1,826725728,2282693623,1455967896,1.5606686014608009,5122,3.6775084624025314,3.677508461790971,1.3818899778757001
632,664,2,0,1653451456,3811054757,2157603302,0.9932175114227917,48559,0.4325489086983036,0.43254890996199213,1.2895203955540253
633,664,0,0,1653451456,3799334377,2145882922,1.0010757802910035,65180,0.007858268374073475,0.007858268868210247,0.05944422375852948
634,664,0,0,1653451456,3780015667,2126564212,1.014122727948564,64946,0.013046947092559887,0.013046947657561484,0.07842411924122857
635,664,0,0,1653451456,3716123990,2062672535,1.0581323454537532,63567,0.04400961739372629,0.04400961750518935,0.2526362902819946
636,664,0,0,1653451456,3614243023,1960791568,1.1312109607103942,62299,0.07307861461089823,0.07307861525664085,0.36337803098495997
637,664,0,0,1653451456,3613704475,1960253020,1.1316072635405874,65518,0.0003963024539395264,0.00039630283019177005,0.004687653452683203
638,664,0,0,1653451456,3569585621,1916134166,1.164448565186916,64061,0.032841301517153136,0.032841301646331415,0.18578049366494717
639,664,0,0,1653451456,3569117814,1915666359,1.1648008292663974,65520,0.0003522634716290214,0.00035226407948056457,0.004227909891679893
640,664,0,0,1653451456,3568299353,1914847898,1.1654173468223235,65508,0.0006165175324262582,0.000616517555924782,0.006687639071324846
641,664,0,0,1653451456,3547437515,1893986060,1.1812214336038913,64822,0.01580408659564863,0.015804086781569943,0.12091755415865459
642,664,0,0,1653451456,3547004015,1893552560,1.1815516788453024,65521,0.00033024448458043404,0.0003302452414102067,0.0039922782726164955
643,664,0,0,1653451456,3419873410,1766421955,1.281817137301335,61136,0.10026545764248884,0.1002654584560315,0.5506672948282589
644,664,0,2,171354880,3926834367,3755479488,0.19365002767570516,34833,0.9118328897384139,0.9118328903743697,2.1229491039911323
645,664,0,2,171354880,2216135985,2044781106,1.0707007352138262,35683,0.8770507074575062,0.877050707538121,2.074269487866194
646,667,3,0,342709760,2398972789,2056263030,1.062622325156461,32952,0.9919215891317432,0.9919215899426375,1.7039031912327878
647,667,0,0,342709760,2311464891,1968755132,1.1253634618020527,62747,0.06274113650405198,0.06274113664558827,0.2918891495975151
648,667,0,0,342709760,2214072554,1871362795,1.1985578697392079,62294,0.07319440723501544,0.07319440793715531,0.33256839109940384
649,669,2,1,594194432,4055027719,3460833288,0.311527698982637,15150,2.1129698267523245,2.1129698292434296,3.45197641939496
650,669,0,1,594194432,4052387312,3458192881,0.31262880835170037,65486,0.001101109058724726,0.0011011093690647144,0.0106641744137368
651,669,0,1,594194432,3712984592,3118790161,0.4616606577033231,59104,0.14903184901756183,0.14903184935162353,0.5362893661959452
652,671,2,2,1958449016,3472158687,1513709672,1.5045586216222127,3976,4.042897958437714,4.042897963918887,1.8530784294227494
653,671,0,4,1391345120,4068977791,2677632672,0.6816890862596878,28982,1.1771304641160436,1.177130464637475,1.7325544536872304
654,671,0,4,1391345120,3980930024,2589584905,0.7299262849713735,63381,0.04823719828705125,0.048237198711687794,0.2369570783244141
655,671,0,4,1391345120,3980179259,2588834140,0.7303446076063516,65517,0.000418322449221962,0.0004183226349778095,0.004904285154810719
656,671,0,4,1391345120,3851796218,2460451099,0.8037243025516894,62286,0.07337969476660922,0.0733796949453354,0.3509814456380373
657,680,9,0,576378560,4142110431,3565731872,0.2684489235554395,2968,4.464724623379197,4.464724621003752,1.0496124127137705
658,680,0,0,576378560,3947544739,3371166180,0.3493993999871705,61960,0.08095047632306919,0.08095047643172877,0.36575416207821515
659,682,2,1,455689000,2170901479,1715212480,1.3242598379222272,4168,3.9748604377214916,3.9748604379350567,1.3762877755098257
660,684,2,0,911378000,4236748287,3325370288,0.36913214888344115,63529,0.04487231036891607,0.044872310961216084,0.24729214476627953
661,684,0,0,911378000,4218684446,3307306447,0.37699041766518704,65180,0.007858268374073475,0.007858268781746662,0.06263378197809744
662,686,2,0,993195016,2425001939,1431806924,1.584810184534323,7093,3.2078197677451916,3.207819766869134,2.4705059195941317
663,687,1,0,1986390032,3275968819,1289578788,1.7357472274158745,29513,1.1509370421021816,1.1509370428815533,2.119799998066356
664,687,0,0,1986390032,3274394626,1288004595,1.7375094056886269,65456,0.0017621781119536897,0.0017621782727494368,0.01653002446721228
665,687,0,1,1825296416,4132447223,2307150808,0.8965348364693106,58696,0.15902543017811774,0.1590254307806852,0.7909971693408635
666,692,5,0,2128402784,3778218399,1649815616,1.3803423486617667,2929,4.4838075221206335,4.483807512192457,1.0547407074405144
667,692,0,0,2128402784,3342100757,1213697974,1.8232376911609265,48212,0.4428953415101445,0.44289534249916096,1.436771610946956
668,695,3,0,1048398976,3210298495,2161899520,0.9903476744519999,14592,2.1671099858352583,2.167109983291072,2.408212365404674
669,695,0,0,1048398976,3209605747,2161206772,0.9908100383381679,65515,0.0004623634480924974,0.00046236388616658166,0.0053394655353573555
670,695,0,0,1048398976,3185993929,2137594954,1.0066586387065435,64820,0.015848599794797157,0.015848600368376094,0.10120348809022874
671,695,0,0,1048398976,3184134753,2135735778,1.0079139705929734,65479,0.0012553314127252556,0.0012553318864305532,0.011830455349400979
672,697,2,0,1454513644,4144258031,2689744388,0.6751780690261633,20634,1.667264098752053,1.667264098433191,0.9031999673147196
673,697,0,1,761543640,3640164425,2878620786,0.5772693974705057,35069,0.9020913280294879,0.9020913284443405,1.4164969655816035
674,703,6,1,1572885184,3681250047,2108364864,1.0265225912142917,750,6.449253214616757,6.449253193743788,2.631399404000929
675,703,0,1,1572885184,3680735309,2107850126,1.0268748550174465,65520,0.0003522634716290214,0.0003522638031542453,0.004227909891679893
676,703,0,1,1572885184,3677744127,2104858944,1.0289235909217282,65443,0.0020487354667572794,0.002048735904280361,0.018739177147974087
677,703,0,2,998286720,4276080365,3277793646,0.3899221138043494,51028,0.3609985228516761,0.36099852288262363,1.362659574318656
678,703,0,2,998286720,2474784311,1476497592,1.5404681424118287,29521,1.150546028096769,1.1505460286074778,1.6149237888828152
679,703,0,2,998286720,2474378778,1476092059,1.540864445671577,65518,0.0003963024539395264,0.00039630325974877547,0.004668654543719633
680,708,5,1,177502944,3042116175,2864613232,0.584306780484436,7949,3.043442337429478,3.043442334812858,1.400893571754254
681,708,0,1,177502944,2795370238,2617867295,0.7142551800132004,59891,0.12994839925469687,0.12994839952876464,0.4725426397197253
682,710,2,0,355005888,4065302301,3710296414,0.21111269827127188,46442,0.4968575180155468,0.49685751825807056,0.8798310902747318
683,710,0,0,355005888,3465526907,3110521020,0.4654908904124788,54942,0.2543781920614608,0.2543781921412067,0.6507623316144452
684,710,0,0,355005888,2408910406,2053904519,1.0642780301643384,43274,0.5987871390841726,0.5987871397518619,0.929631631100816
685,710,0,0,355005888,2393867160,2038861273,1.0748835303275541,65056,0.010605500155267558,0.0106055001632142,0.06716388230146628
686,710,0,0,355005888,2393244948,2038239061,1.0753238737580375,65516,0.0004403427806028656,0.0004403434304839585,0.005158914338864347
687,711,1,0,710011776,3400253455,2690241680,0.6749113617539706,43250,0.5995874877011883,0.5995874879959338,0.938634875893539
688,711,0,0,710011776,3399596657,2689584882,0.6752636256090412,65520,0.0003522634716290214,0.00035226385507171977,0.004227909891679893
689,711,0,0,710011776,3398611701,2688599926,0.6757920533977142,65512,0.0005284274673163702,0.0005284277886720623,0.0059961983609684265
690,711,0,0,710011776,3388970877,2678959102,0.6809745893919263,65301,0.005182535508946643,0.005182535994210465,0.04597773277976875
691,711,0,0,710011776,3388357711,2678345936,0.6813048343733215,65521,0.00033024448458043404,0.0003302449813963173,0.0039922782726164955
692,711,0,0,710011776,3279239308,2569227533,0.7413124838035081,62866,0.060007649345464716,0.06000764943018749,0.3591995860983939
693,711,0,0,710011776,2700755398,1990743623,1.1093397098084061,50780,0.36802722546513195,0.36802722600489834,1.3242901584513096
694,712,1,0,1420023552,4127830985,2707807434,0.6655220008568854,44571,0.5561822906676627,0.5561822910484759,1.4708068057964072
695,713,1,1,1217867644,3311361099,2093493456,1.0367347376136244,12667,2.371212737456052,2.371212736756741,2.050479995510353
696,713,0,2,288251640,4143146907,3854895268,0.15595548130521664,60338,0.11922074361959295,0.11922074369159225,0.4141682130434995
697,713,0,2,288251640,3252184708,2963933069,0.5351342766803953,50389,0.37917879500925467,0.3791787953751789,0.8477848867383102
698,713,0,2,288251640,2718788916,2430537277,0.8213718851928888,53742,0.2862376084334603,0.2862376085124932,1.235793582916127
699,713,0,2,288251640,2284981626,1996729987,1.105007892227146,53839,0.28363600672147066,0.28363600703425845,0.7094874013015081
700,716,3,0,576503280,3663610657,3087107378,0.47639148132635967,50662,0.3713835885417219,0.3713835890992138,1.242716141569583
701,716,0,0,576503280,3662904074,3086400795,0.4767217259023653,65521,0.00033024448458043404,0.00033024457600488804,0.0039922782726164955
702,716,0,0,576503280,3661915084,3085411805,0.47718408957837966,65515,0.0004623634480924974,0.0004623636760135659,0.005350984204518786
703,716,0,0,576503280,3659514021,3083010742,0.4783072298404214,65485,0.001123139814249491,0.0011231402620423257,0.011097467502738177
704,716,0,0,576503280,3506341978,2929838699,0.5518259061302082,62280,0.07351867603360066,0.07351867628978599,0.365357289806005
705,716,0,0,576503280,3141632137,2565128858,0.7436158452776525,57378,0.1917899388613763,0.19178993914744658,0.704464759301848
706,716,0,0,576503280,3123275120,2546771841,0.7539774280984837,65067,0.010361582546734381,0.010361582820829229,0.07909907344158262
707,716,0,0,576503280,3122653349,2546150070,0.7543296918709892,65520,0.0003522634716290214,0.00035226377250662915,0.004227909891679893
708,716,0,0,576503280,2436813700,1860310421,1.2071037690511162,47883,0.4527740765748021,0.45277407718012735,1.0593015000868469
709,717,1,1,158529472,3004291191,2845761720,0.5938322781640792,25063,1.3867285072241375,1.3867285091129635,2.0331339249925353
710,717,0,1,158529472,3003553002,2845023531,0.5942065609980105,65519,0.0003742827947452993,0.0003742828339287246,0.004463541174757649
711,717,0,2,1619930370,3552615423,1932685054,1.1520405876430573,22260,1.5578340277706781,1.5578340266450474,1.3330734544288598
712,717,0,3,1092377092,3849260781,2756883690,0.6396087431559536,46742,0.4875681548717301,0.4875681555128955,1.0227971661061694
713,717,0,4,37270536,2180232707,2142962172,1.0030407625180295,25471,1.363432019035531,1.3634320193620761,1.9892894260799028
714,722,5,0,74541072,3090959137,3016418066,0.509810750581476,46124,0.506769987557844,0.5067699880634485,1.092583128426505
715,722,0,0,74541072,3090268733,3015727662,0.5101409953985865,65521,0.00033024448458043404,0.0003302448171091074,0.0039922782726164955
716,722,0,0,74541072,3089532471,3014991400,0.5104932590442814,65520,0.0003522634716290214,0.0003522636456954205,0.004227909891679893
717,722,0,0,74541072,3088750383,3014209312,0.5108675423164328,65519,0.0003742827947452993,0.0003742832721497348,0.004452022505596219
718,722,0,0,74541072,3080195650,3005654579,0.5149679271114245,65350,0.004100384429842091,0.0041003847949935114,0.03000858436098358
719,722,0,0,74541072,2879959323,2805418252,0.6144312717559117,61170,0.09946334437488495,0.099463344644488,0.4379034730376109
720,722,0,2,482109884,3103799267,2621689384,0.7121503798699749,15311,2.097719108486342,2.0977191081140614,1.8203455721738486
721,722,0,2,482109884,3103119202,2621009319,0.712524662835321,65519,0.0003742827947452993,0.0003742829653451053,0.004452022505596219
722,722,0,2,482109884,2982938949,2500829066,0.7802406946771008,62531,0.06771603133991728,0.06771603184177943,0.3217659302303967
723,722,0,2,482109884,2981183606,2499073723,0.7812536842699274,65490,0.00101298940069043,0.0010129895928274646,0.010382890386992557
724,722,0,2,482109884,2574344348,2092234465,1.0376026106150604,54867,0.25634892569699,0.2563489263451348,0.6779992429126134
725,722,0,2,482109884,2573290824,2091180941,1.038329248414506,65503,0.0007266376781842033,0.0007266377994443417,0.008006686133282821
726,722,0,2,482109884,2572205921,2090096038,1.0390779116678281,65502,0.0007486627160211863,0.0007486632533223568,0.007730107777817879
727,722,0,2,482109884,2570834550,2088724667,1.040024815280887,65493,0.0009469031891450585,0.0009469036130584159,0.009870562405563634
728,722,0,2,482109884,2569782793,2087672910,1.0407514533043134,65503,0.0007266376781842033,0.0007266380234265047,0.007903038933634228
729,722,0,2,482109884,2568190024,2086080141,1.041852563035075,65486,0.001101109058724726,0.0011011097307629392,0.01064517550477323
730,722,0,2,482109884,2567648896,2085539013,1.0422268458531576,65519,0.0003742827947452993,0.0003742828180833499,0.004463541174757649
731,722,0,2,482109884,2566694212,2084584329,1.0428874104377144,65506,0.0006605645820851047,0.0006605645845562379,0.007239410737468818
732,722,0,2,482109884,2560618839,2078508956,1.047098181669952,65345,0.0042107708288315554,0.004210771232237494,0.03352154948769975
733,722,0,2,482109884,2542350693,2060240810,1.0598341702128735,64960,0.012735987927461424,0.012735988542920382,0.07504818757425478
734,722,0,2,482109884,2502205925,2020096042,1.0882232609459344,64259,0.028389090719134976,0.028389090733061915,0.1570634783023126
735,722,0,2,482109884,2501620264,2019510381,1.0886415839892152,65517,0.000418322449221962,0.00041832304328031234,0.004904285154810719
736,722,0,2,482109884,2497460200,2015350317,1.0916165099053465,65401,0.002974925338641957,0.0029749259161329453,0.023701961306975092
737,722,0,2,482109884,2496937419,2014827536,1.0919907929210915,65519,0.0003742827947452993,0.00037428301574327235,0.004463541174757649
738,722,0,2,482109884,2496384030,2014274147,1.0923870954390296,65518,0.0003963024539395264,0.000396302517939142,0.004699172121844633
739,722,0,2,482109884,2493986670,2011876787,1.0941051928718828,65458,0.0017180974165047324,0.0017180974328518932,0.01593396346236459
740,722,0,2,482109884,2492850814,2010740931,1.0949199329127168,65499,0.0008147398470877202,0.000814740040836069,0.008647696758442808
741,722,0,2,482109884,2492114458,2010004575,1.0954483608670955,65512,0.0005284274673163702,0.0005284279543784065,0.005880722950591376
742,722,0,2,482109884,2491102340,2008992457,1.096174998701681,65503,0.0007266376781842033,0.000726637834582321,0.007886778135389698
743,722,0,2,482109884,2490519898,2008410015,1.0965933218329802,65517,0.000418322449221962,0.0004183231313015547,0.004904285154810719
744,722,0,2,482109884,2489477937,2007368054,1.0973419847199253,65502,0.0007486627160211863,0.0007486628869449129,0.007786991614828364
745,722,0,2,482109884,2476889004,1994779121,1.106418138252696,65125,0.009076153059404728,0.009076153532769967,0.06000034266102494
746,722,0,4,45953336,3431866871,3385913536,0.3431020135293643,27810,1.2366838757659506,1.236683875276668,1.0224012004306584
747,722,0,4,45953336,3431040231,3385086896,0.3434542774072078,65520,0.0003522634716290214,0.0003522638778427499,0.004227909891679893
748,722,0,4,45953336,3428044396,3382091061,0.3447316419475328,65478,0.0012773645234549914,0.0012773645403261927,0.011908066635252602
749,722,0,4,45953336,3406782470,3360829135,0.3538299483110734,65124,0.009098305936446659,0.009098306363539675,0.07448065938816265
750,722,0,4,45953336,3406013237,3360059902,0.3541601929061322,65521,0.00033024448458043404,0.00033024459506018704,0.0039922782726164955
751,722,0,4,45953336,3277375689,3231422354,0.41047781967560937,63027,0.05631762641788869,0.05631762676947725,0.32548658105640027
752,730,8,0,1677147776,4010777487,2333629712,0.8800714860147849,2958,4.469593662900932,4.469593666339174,1.1032358868252445
753,730,0,0,1677147776,4009353152,2332205377,0.8809523063034135,65496,0.000880820004703256,0.0008808202886295036,0.00942034571405859
754,730,0,0,1677147776,3700923830,2023776055,1.0855974914637514,56869,0.20464518468027892,0.20464518516033897,0.9224927592072699
755,730,0,0,1677147776,3272520430,1595372655,1.4287536908482146,51663,0.34315619922736623,0.34315619938446246,1.1754189010950158
756,730,0,1,1206811904,4204757049,2997945146,0.5186731597652461,61576,0.08991946803364563,0.08991946891703256,0.4995956981344431
757,730,0,1,1206811904,4203476188,2996664285,0.5192896776092049,65508,0.0006165175324262582,0.0006165178439594847,0.006959871948359512
758,730,0,1,1206811904,4153543976,2946732073,0.5435312543765036,64444,0.024241576420571693,0.02424157676729595,0.1496777045521009
759,730,0,1,1206811904,3945227788,2738415885,0.6493055797451923,60903,0.10577432534812047,0.105774325368692,0.37159450510674613
760,730,0,1,1206811904,3940589662,2733777759,0.6517511814241139,65425,0.002445601177240512,0.002445601678920166,0.022256478523405326
761,730,0,1,1206811904,3939546808,2732734905,0.6523016311915981,65511,0.0005504494793435254,0.0005504497674837702,0.00607310101373693
762,730,0,1,1206811904,3938379257,2731567354,0.6529181490866485,65508,0.0006165175324262582,0.0006165178950503384,0.006811716645250584
763,730,0,1,1206811904,3937003803,2730191900,0.6536447870120625,65503,0.0007266376781842033,0.0007266379254146074,0.008094444768605592
764,730,0,2,266140160,3819772199,3553632040,0.27335284043495633,42651,0.6197080529250868,0.6197080534228949,1.254491268610407
765,730,0,2,266140160,3794124189,3527984030,0.283803115699925,65063,0.010450275087507045,0.010450275264965884,0.07977854500512584
766,730,0,2,266140160,3402221666,3136081507,0.45368409031807744,58256,0.16988097455548504,0.16988097461815524,0.698646242176657
767,730,0,2,266140160,2157809440,1891669281,1.1829872604900409,39531,0.7293031695481949,0.7293031701719618,1.5817604441879731
768,730,0,2,266140160,2153768398,1887628239,1.1860724864847683,65396,0.003085225654520128,0.0030852259947279316,0.02394162569153194
769,730,0,2,266140160,2152760295,1886620136,1.186843175156465,65501,0.0007706880901105886,0.0007706886716970237,0.00790774802722137
770,730,0,2,266140160,2152184544,1886044385,1.18728351811,65516,0.0004403427806028656,0.0004403429535341573,0.005086360513452917
771,733,3,0,532280320,3268967097,2736686778,0.6502168226315987,47547,0.46293330400532307,0.4629333045216,0.8532380527837784
772,733,0,0,532280320,3268173685,2735893366,0.6506351450812247,65517,0.000418322449221962,0.0004183224496242688,0.004879723990344825
773,733,0,0,532280320,3267505742,2735225423,0.6509874087024876,65520,0.0003522634716290214,0.00035226362126204686,0.004227909891679893
774,733,0,0,532280320,3266754489,2734474170,0.6513837116313539,65518,0.0003963024539395264,0.0003963029288683916,0.004699172121844633
775,733,0,0,532280320,3214431634,2682151315,0.6792565160635959,64282,0.027872804300100293,0.027872804432241143,0.14020208283051705
776,733,0,0,532280320,3213735885,2681455566,0.6796307991383657,65519,0.0003742827947452993,0.0003742830747677817,0.004452022505596219
777,733,0,0,532280320,3212999401,2680719082,0.6800271017174211,65518,0.0003963024539395264,0.00039630257905600314,0.004687653452683203
778,733,0,0,532280320,3211854074,2679573755,0.6806436193810939,65508,0.0006165175324262582,0.0006165176636754629,0.006780208290052362
779,733,0,0,532280320,3211036332,2678756013,0.681083962692675,65516,0.0004403427806028656,0.00044034331157860465,0.005147395669702917
780,735,2,0,1401656040,3691449615,2289793576,0.9074296002261519,14005,2.2263456370381314,2.2263456375334765,1.0896346147227765
781,735,0,0,1401656040,3538100249,2136444210,1.0074355022955501,61147,0.10000590160456724,0.10000590206939822,0.4584211190317407
782,736,1,1,1657736532,3343524539,1685788008,1.3492240207873358,12928,2.3417885172482054,2.3417885184917875,0.7972383943309982
783,736,0,2,1167989416,3967844173,2799854758,0.6172951564677689,54423,0.26807113490613566,0.26807113568043195,1.1224626650392742
784,736,0,2,1167989416,3305604356,2137614941,1.0066451492421713,50035,0.3893499923299894,0.3893499927744019,0.8000550081597781
785,736,0,2,1167989416,3304756303,2136766888,1.0072176212030328,65510,0.0005724718275307164,0.0005724719608640953,0.006511653776845913
786,736,0,2,1167989416,3297583318,2129593903,1.0120688000627602,65316,0.004851178553749898,0.004851178859727389,0.041902972581936045
787,736,0,2,1167989416,3296933417,2128944002,1.0125091431936504,65516,0.0004403427806028656,0.0004403431308886487,0.005086360513452917
788,741,5,1,2105841488,3998293903,1892452416,1.1823901206053087,3641,4.169880974555485,4.16988097741166,1.915971250478486
789,743,2,1,1659243040,3376357151,1717114112,1.3226612281960435,14866,2.14027110732161,2.140271107590732,1.9742629467059427
790,743,0,1,1659243040,3374994694,1715751655,1.3238063997197465,65484,0.001145170906201281,0.0011451715237027404,0.011047617111498615
791,743,0,2,1171002432,4038948761,2867946330,0.5826291199402185,54773,0.25882271933199846,0.2588227202204722,1.0277034391995394
792,743,0,3,194521216,2768566061,2574044846,0.738609957047899,29410,1.1559808362255737,1.155980837107683,2.3131009167167167
793,749,6,0,1737592032,3489651847,1752059816,1.293595116066971,5576,3.554985154131577,3.5549851590190724,0.8167954118784335
794,749,0,1,1327700416,3923334685,2595634270,0.7265600269402057,48545,0.43296491073143084,0.4329649108732345,1.1433860006643999
795,755,6,1,39617920,3844351359,3804733440,0.17485176410124126,1501,5.448291738379312,5.448291737161034,2.905490526086117
796,755,0,1,39617920,2726258077,2686640158,0.6768440427622764,46277,0.5019922785939132,0.5019922786610368,1.0086517143824978
797,755,0,1,39617920,2709122219,2669504300,0.6860752731365523,65118,0.009231230342574597,0.00923123037427367,0.06445344638582709
798,755,0,1,39617920,2708470484,2668852565,0.686427536906443,65520,0.0003522634716290214,0.0003522637698913539,0.004227909891679893
799,755,0,1,39617920,2706352864,2666734945,0.6875727079029517,65484,0.001145170906201281,0.0011451709965104187,0.011159984300952878
800,755,0,1,39617920,2690646081,2651028162,0.6960951499081744,65150,0.0085224416571408,0.008522442005222211,0.07073844523025172
801,755,0,1,39617920,2690039308,2650421389,0.6964253948321151,65521,0.00033024448458043404,0.0003302449239388417,0.0039922782726164955
802,755,0,1,39617920,2617121983,2577504064,0.7366724436936742,63733,0.040247048461570165,0.040247048861558395,0.24497662414537458
803,757,2,0,79235840,4135217881,4055982042,0.08259588124026251,51564,0.3459234375049053,0.3459234375465883,0.9995902640967463
804,758,1,2,1665322664,4216650239,2551327576,0.7513990013146987,5153,3.6688031228469713,3.6688031200744367,1.3983328041812602
805,758,0,2,1665322664,4215404473,2550081810,0.7521036146205695,65504,0.0007046129765893727,0.0007046133058703537,0.007588109811104013
806,758,0,2,1665322664,3434652038,1769329375,1.2794445036120905,45471,0.5273408882137792,0.527340888991521,1.5282181326920097
807,758,0,2,1665322664,3414079696,1748757033,1.2963172865057295,64774,0.016872782622212333,0.01687278289364003,0.1288702979216922
808,758,0,2,1665322664,3413626069,1748303406,1.2966915696720633,65519,0.0003742827947452993,0.00037428316633329023,0.004452022505596219
809,758,0,2,1665322664,3295100189,1629777526,1.397972104282612,61093,0.10128053408617177,0.10128053461054953,0.4437869395889958
810,758,0,3,1183161680,3884221495,2701059816,0.6691215567810644,54307,0.27114945162160603,0.2711494524984539,0.9038736438266464
811,767,9,0,454174400,2862443519,2408269120,0.8346505261773345,913,6.165528950015778,6.165528969396269,1.9156660691951346
812,767,0,1,1633472782,3533968117,1900495336,1.1762716613231632,25859,1.3416211350524199,1.3416211351458265,1.0554949076664093
813,767,0,1,1633472782,3420987009,1787514228,1.264692420719438,61640,0.08842075859785235,0.08842075939627805,0.356373873415266
814,767,0,1,1633472782,3418341304,1784868523,1.2668293396595693,65439,0.0021369184126987005,0.0021369189401310006,0.020104609491020584
815,767,0,2,1119461916,4158716949,3039255034,0.4989294047339037,55797,0.2321000647307331,0.2321000650743336,0.6467111869965566
816,767,0,2,1119461916,4074916688,2955454773,0.5392670026598729,63729,0.04033759749054273,0.04033759792596867,0.20389880377659764
817,771,4,1,787498440,4148462391,3360963952,0.35377207690240553,9316,2.8145050757891337,2.814505074242533,1.61980858496428
818,771,0,1,787498440,4147436706,3359938267,0.3542124197689702,65516,0.0004403427806028656,0.0004403428665629365,0.005115354265434883
819,771,0,1,787498440,3699297967,2911799528,0.5607361139373417,56795,0.2065236941135085,0.20652369416837282,0.6756480048306307
820,771,0,1,787498440,2347187932,1559689493,1.4613883037834619,35104,0.9006521895968072,0.9006521898461205,1.459551561742015
821,773,2,0,1574996880,4289317343,2714320464,0.6620560846047638,57026,0.20066777979185138,0.20066778082129985,0.5927491258301582
822,773,0,0,1574996880,4266786362,2691789483,0.6740815606226498,64992,0.012025475703847068,0.012025476017886965,0.07211393425521122
823,773,0,0,1574996880,3381941073,1806944194,1.2490951955847187,43993,0.5750136346253945,0.5750136349620683,1.0375474916726806
824,773,0,1,1002510112,3561061035,2558550924,0.7473201977659905,46398,0.4982250015690113,0.49822500218127225,1.2192631922524262
825,773,0,1,1002510112,3554970734,2552460623,0.7507584413027573,65380,0.0034382433453716316,0.003438243536767301,0.03025570922737223
826,773,0,1,1002510112,2193328646,1190818535,1.8506935637117188,30575,1.0999351216978888,1.0999351224089626,1.4542756175431266
827,773,0,4,926001048,2511336367,1585335320,1.4378591237335279,10906,2.587165559880727,2.5871655600218073,0.6544072808890758
828,773,0,4,926001048,2492129270,1566128223,1.4554448113456075,64742,0.01758568669966777,0.017585687612082564,0.10299609497776467
829,773,0,4,926001048,2491675222,1565674175,1.4558631345469273,65517,0.000418322449221962,0.0004183232013191257,0.004904285154810719
830,773,0,4,926001048,2163709293,1237708246,1.7949758651077623,51808,0.3391127296974341,0.33911273056083385,1.1348027317740639
831,773,0,4,926001048,2161934015,1235932968,1.7970466465873294,65442,0.002070780697928415,0.0020707814795668097,0.01881957938966524
832,778,5,0,1852002096,3621036763,1769034668,1.2796848250279922,46902,0.4826381768450512,0.4826381784406643,1.0843927494050554
833,781,3,1,2138402912,3851723343,1713320432,1.3258521507941659,3967,4.046167317854719,4.046167325766172,1.3830984094980399
834,781,0,1,2138402912,3847592718,1709189807,1.3293345275764352,65378,0.003482376631013855,0.003482376782272565,0.027754848685138292
835,781,0,3,2111160704,4016577683,1905416980,1.1725403954608922,18265,1.8432058667506195,1.8432058678844565,3.205483302669967
836,781,0,3,2111160704,4015850824,1904690121,1.173090845020262,65511,0.0005504494793435254,0.0005504495593688982,0.00607310101373693
837,781,0,3,2111160704,4012508548,1901347845,1.1756246538224993,65421,0.00253380838518502,0.002533808802235594,0.021663944625439163
838,781,0,3,2111160704,4010970897,1899810194,1.1767918568540807,65483,0.0011672023345903715,0.001167203031581524,0.011574723331005794
839,781,0,3,2111160704,3722474329,1611313626,1.4144098185502685,55584,0.23761796128960722,0.23761796169618854,0.650529385119986
840,781,0,3,2111160704,3714213199,1603052496,1.4218254750572896,65200,0.007415655994197752,0.007415656507021015,0.04859492348412223
841,781,0,3,2111160704,3666735096,1555574393,1.4651997547764317,63595,0.043374278820917746,0.04337427971914449,0.20387114480179283
842,781,0,3,2111160704,3666379053,1555218350,1.4655299995179654,65521,0.00033024448458043404,0.0003302447415322679,0.0039922782726164955
843,781,0,3,2111160704,3665216246,1554055543,1.4666090784465844,65487,0.0010790786396167112,0.0010790789286186486,0.010624304184105728
844,781,0,3,2111160704,3659359133,1548198430,1.4720567548734351,65289,0.00544767588017561,0.005447676426852133,0.048241107485892006
845,781,0,3,2111160704,3659004778,1547844075,1.4723869998249342,65521,0.00033024448458043404,0.00033024495149589834,0.0039922782726164955
846,781,0,3,2111160704,3626269916,1515109213,1.5032253553685422,64150,0.030838355135592806,0.030838355543610158,0.18601609437346872
847,785,4,2,1851228072,4198241735,2347013664,0.8718209049504182,12690,2.3685955512715315,2.368595549581874,1.2630229197020406
848,785,0,2,1851228072,3770138076,1918910005,1.16236009387843,53582,0.29053918827677,0.29053918892801384,1.1838762669921066
849,789,4,0,1929575700,3870035963,1940460264,1.1462482555428402,16568,1.9838881617794881,1.9838881616644084,2.7001890006105604
850,789,0,0,1929575700,3789617718,1860042019,1.2073119333265616,62820,0.06106367746067306,0.061063677783723964,0.25253920288141773
851,789,0,0,1929575700,3789135224,1859559525,1.2076862162688222,65519,0.0003742827947452993,0.00037428294226067165,0.004463541174757649
852,789,0,0,1929575700,3787943489,1858367790,1.2086110919254835,65494,0.0009248751246666447,0.0009248756566597777,0.009685672514141725
853,789,0,0,1929575700,3787461429,1857885730,1.2089853750961908,65519,0.0003742827947452993,0.0003742831707088643,0.004452022505596219
854,789,0,0,1929575700,3376286279,1446710580,1.569870811954516,51032,0.3608854368205864,0.360885436858323,0.9582691476873871
855,789,0,1,1711667752,3454360621,1742692870,1.3013288129074922,39472,0.7314579996998769,0.7314580009529762,0.9828072293225582
856,789,0,3,404220064,2954759143,2550539080,0.7518449397739779,23979,1.450516125381606,1.4505161268664881,1.725615441839442
857,789,0,3,404220064,2823099082,2418879019,0.8283085317407419,62153,0.07646359151121326,0.07646359196676376,0.2988650413079553
858,789,0,3,404220064,2323754992,1919534929,1.1618903334524227,52007,0.3335818013195919,0.33358180171168117,1.080978481053447
859,789,0,3,404220064,2293850128,1889630065,1.1845433219527877,64515,0.022652988446831935,0.02265298850036275,0.12693892506183196
860,789,0,3,404220064,2288314102,1884094039,1.18877617139578,65344,0.004232849122198513,0.004232849442994716,0.03444737298988098
861,789,0,3,404220064,2287854118,1883634055,1.1891284349468805,65520,0.0003522634716290214,0.0003522635510996474,0.004227909891679893
862,793,4,0,808440128,3545940765,2737500638,0.6497878450663848,47622,0.46065940913479636,0.4606594101195016,1.1318534395816096
863,793,0,0,808440128,3535623341,2727183214,0.6552355212829823,65289,0.00544767588017561,0.0054476762165998225,0.041249929268975735
864,794,1,0,1616880256,4191674781,2574794526,0.7381898392124988,30937,1.0829543168428466,1.0829543179295165,1.317872509775367
865,794,0,0,1616880256,4146807603,2529927348,0.7635511904163188,64394,0.025361350953952203,0.025361351203820093,0.1431584165875215
866,794,0,0,1616880256,3248887221,1632006966,1.395999930743418,42276,0.63244873978388,0.6324487403271002,1.066806239772307
867,794,0,1,1086276864,3670752737,2584475874,0.7327754111791371,51892,0.33677547974680655,0.3367754804357178,1.208272554911524
868,794,0,2,25070080,3033719269,3008649190,0.5135312484992163,38146,0.780755836856427,0.7807558373200801,2.267113199706612
869,794,0,2,25070080,3032892918,3007822839,0.5139275513462955,65518,0.0003963024539395264,0.0003963028470784658,0.004687653452683203
870,794,0,2,25070080,3032158586,3007088507,0.51427981493892,65520,0.0003522634716290214,0.0003522635926244309,0.004227909891679893
871,794,0,2,25070080,3031424433,3006354354,0.5146320786660716,65520,0.0003522634716290214,0.0003522637271520151,0.004227909891679893
872,794,0,2,25070080,2965091602,2940021523,0.5468204293834908,64090,0.032188350593633966,0.032188350717419316,0.16735809362198104
873,794,0,2,25070080,2957106314,2932036235,0.5507442131655544,65358,0.003923783757480437,0.003923783782061744,0.02906201125613008
874,797,3,0,50140160,3186635097,3136494938,0.453493911733716,35053,0.9027496983285329,0.9027496985681618,1.2919524693922353
875,797,0,0,50140160,2606582627,2556442468,0.7485095870591145,53416,0.29501567510702065,0.29501567532539813,0.7966403399440137
876,797,0,0,50140160,2604593207,2554453048,0.7496327274184544,65485,0.001123139814249491,0.0011231403593428399,0.011149264685242074
877,797,0,0,50140160,2602722269,2552582110,0.7506897763760811,65488,0.001057048556915173,0.0010570489576264043,0.010747705273179274
878,797,0,0,50140160,2601631688,2551491529,0.7513062940580788,65508,0.0006165175324262582,0.0006165176819979212,0.0067799847825495765
879,797,0,0,50140160,2600930899,2550790740,0.7517025970331268,65518,0.0003963024539395264,0.0003963029750469356,0.004668654543719633
880,797,0,0,50140160,2181780119,2131639960,1.0106833626007372,54767,0.2589807651646439,0.2589807655676096,0.6974884248595723
881,798,1,0,100280320,4259996675,4159716356,0.046161989220347976,63944,0.03547862610276203,0.0354786266196131,0.20677201499917533
882,798,0,0,100280320,4106965117,4006684798,0.10023812719806102,63125,0.05407613769875587,0.05407613797771052,0.26834403376456584
883,800,2,0,843141676,3423374299,2580232624,0.7351460065813811,10551,2.634907879653537,2.634907879383321,0.7121741652069278
884,800,0,0,843141676,3422783730,2579642055,0.7354762514126314,65521,0.00033024448458043404,0.0003302448312516283,0.0039922782726164955
885,800,0,0,843141676,3397591913,2554450238,0.7496343144412805,64896,0.014158062996659497,0.014158063028648816,0.08166475553913588
886,801,1,0,806006722,2498969239,1692962518,1.343097113532771,21717,1.5934627983419363,1.5934627990914876,0.9203807541784361
887,801,0,0,806006722,2498555918,1692549197,1.3434493770664133,65520,0.0003522634716290214,0.00035226353364295774,0.004227909891679893
888,801,0,0,806006722,2498142697,1692135976,1.3438016413746006,65520,0.0003522634716290214,0.00035226430818945765,0.004227909891679893
889,801,0,0,806006722,2454300428,1648293707,1.3816738089062888,63838,0.037872166811343484,0.03787216753168551,0.22155614203023163
890,802,1,0,1612013444,3648738667,2036725224,1.0763957875616121,40490,0.69472197743618,0.6947219786553265,0.9657304434024796
891,802,0,0,1612013444,3637208743,2025195300,1.084586104803961,65165,0.008190316794939088,0.00819031724234644,0.06201468935418144
892,803,1,1,757060296,3311051099,2553990804,0.7498938155884041,20662,1.665307712306141,1.6653077107844438,1.3580667078799529
893,803,0,1,757060296,3116742655,2359682360,0.8640544764667659,60550,0.11416066053094656,0.11416066087836324,0.39180727304435764
894,803,0,1,757060296,2832980193,2075919898,1.0488963694603832,57655,0.18484189267048162,0.18484189299361733,0.6359345780793777
895,803,0,1,757060296,2821766880,2064706585,1.0567103708785233,65182,0.007814001024968608,0.007814001418138317,0.05983627807274015
896,806,3,1,1981544536,3234180239,1252635704,1.7776802400921916,4970,3.7209698635503514,3.720969869213668,0.398384170523254
897,806,0,1,1981544536,3233817078,1252272543,1.7780985632607482,65517,0.000418322449221962,0.0004183231685573144,0.004911765394612859
898,806,0,1,1981544536,3233530455,1251985920,1.7784288083920856,65521,0.00033024448458043404,0.00033024513133914427,0.0039922782726164955
899,806,0,1,1981544536,3231715595,1250171060,1.7805216347031347,65441,0.002092826265968833,0.002092826311046805,0.018580713928508498
900,806,0,1,1981544536,3227309016,1245764481,1.7856158017370554,65305,0.00509416621250758,0.005094167033921763,0.045069496963925065
901,806,0,1,1981544536,3227023883,1245479348,1.7859460463820014,65521,0.00033024448458043404,0.00033024464494527155,0.0039922782726164955
902,806,0,2,1815605424,4277373195,2461767772,0.802952472731576,64768,0.01700642530568987,0.017006426349574062,0.11985585529291862
903,806,0,2,1815605424,4027763105,2212157682,0.9571929218644293,58891,0.1542404490005021,0.15424044913285406,0.6259077746102418
904,806,0,2,1815605424,3441643934,1626038511,1.4012857194920763,48172,0.44409279762212517,0.44409279762764886,1.5079996509368896
905,806,0,2,1815605424,3303246063,1487640640,1.529621080255854,59958,0.1283353598833365,0.12833536076377483,0.6635737465239503
906,806,0,3,1483727200,3249210877,1765483678,1.2825836626547158,38888,0.7529625812114185,0.7529625823988643,2.1608143369391963
907,806,0,3,1483727200,3233451478,1749724279,1.2955195454754787,64951,0.012935882553609682,0.01293588282076062,0.0762388192193402
908,806,0,3,1483727200,3232169941,1748442742,1.2965765945793244,65488,0.001057048556915173,0.0010570491038467474,0.010783540776499536
909,806,0,4,819970752,4292204729,3472233978,0.3067829783215714,65074,0.0102063837193708,0.010206383742245312,0.07468172497794998
910,806,0,4,819970752,4291304033,3471333282,0.30715726134099697,65519,0.0003742827947452993,0.00037428301942784827,0.004463541174757649
911,806,0,4,819970752,3457370451,2637399700,0.7035309166731842,49792,0.39637365501380806,0.3963736553321873,1.3708406236653325
912,806,0,4,819970752,3456726554,2636755803,0.7038831804670131,65520,0.0003522634716290214,0.0003522637938263129,0.004227909891679893
913,806,0,4,819970752,3455962113,2635991362,0.7043015032930313,65517,0.000418322449221962,0.00041832282602132425,0.00492328406377429
914,806,0,4,819970752,3453910789,2633940038,0.705424643192547,65485,0.001123139814249491,0.0011231398995151369,0.01077306984166037
915,806,0,4,819970752,3453227546,2633256795,0.7057989262598419,65519,0.0003742827947452993,0.00037428306729497216,0.004463541174757649
916,806,0,4,819970752,3452182857,2632212106,0.7063713986028333,65510,0.0005724718275307164,0.0005724723429897091,0.006401102133507343
917,806,0,4,819970752,3451459898,2631489147,0.7067677012501505,65518,0.0003963024539395264,0.00039630264731686587,0.004687653452683203
918,806,0,4,819970752,2915613604,2095642853,1.035254277472827,52191,0.3284865756252957,0.32848657622267874,0.8071816622727739
919,806,0,4,819970752,2908035061,2088064310,1.0404810000593372,65299,0.005226722187078397,0.00522672258650873,0.043659668863527026
920,806,0,4,819970752,2888408479,2068437728,1.0541056212944078,64920,0.013624620564666212,0.013624621235071742,0.0899264040683965
921,806,0,4,819970752,2873542845,2053572094,1.0645115496436688,65065,0.010405928135551967,0.010405928349260898,0.08232918875056955
922,806,0,4,819970752,2835188776,2015218025,1.091711214669651,64312,0.027199664775521222,0.027199665025981427,0.1754882032254348
923,806,0,4,819970752,2832913291,2012942540,1.0933411552945778,65462,0.0016299400659799616,0.0016299406249249276,0.01478758777629594
924,806,0,4,819970752,2832391134,2012420383,1.0937154387234749,65519,0.0003742827947452993,0.0003742834288984962,0.004463541174757649
925,806,0,4,819970752,2814857380,1994886629,1.1063403867475756,64965,0.012624947323913133,0.012624948024101414,0.09538875504358138
926,806,0,4,819970752,2813974632,1994003881,1.106978928306713,65507,0.0006385408891551363,0.00063854155913897,0.006974790070689163
927,806,0,4,819970752,2810749467,1990778716,1.1093142780801593,65430,0.002335349750730934,0.0023353497734437656,0.02173379229881988
928,806,0,4,819970752,2810293813,1990323062,1.1096445232261942,65521,0.00033024448458043404,0.00033024514603694605,0.0039922782726164955
929,806,0,4,819970752,2809018276,1989047525,1.1105693986190062,65494,0.0009248751246666447,0.0009248753928099217,0.009252355022327404
930,806,0,4,819970752,2807045496,1987074745,1.1120010045722637,65471,0.0014316057211096818,0.0014316059532593624,0.01346707796665177
931,806,0,4,819970752,2785063239,1965092488,1.1280499308128746,64811,0.01604892618877488,0.016048926240608403,0.09330098027467665
932,806,0,4,819970752,2717717082,1897746331,1.1783599837213004,63290,0.05031005271002189,0.05031005290842757,0.2582906083214081
933,806,0,4,819970752,2716848362,1896877611,1.1790205488139023,65506,0.0006605645820851047,0.0006605650926009371,0.007007918449616499
934,806,0,4,819970752,2715024886,1895054135,1.1804080843295068,65473,0.0013875351247936642,0.0013875355156055384,0.014288602477604996
935,806,0,4,819970752,2712711587,1892740836,1.1821702628190387,65456,0.0017621781119536897,0.0017621784895306164,0.016054913840067242
936,806,0,4,819970752,2409375145,1589404394,1.4341609080533537,55033,0.25199064437,0.25199064523431625,0.7158407586891975
937,806,0,4,819970752,2407580468,1587609717,1.435790848489777,65462,0.0016299400659799616,0.0016299404364238015,0.014449100324734208
938,806,0,4,819970752,2402081392,1582110641,1.4407966513607278,65309,0.005005802328615196,0.005005802870948431,0.03567635933951759
939,806,0,4,819970752,2401067466,1581096715,1.4417215265886192,65494,0.0009248751246666447,0.0009248752278925825,0.009252355022327404
940,806,0,4,819970752,2400174818,1580204067,1.442536266447867,65499,0.0008147398470877202,0.0008147398592495077,0.008436982472940847
941,806,0,4,819970752,2399355009,1579384258,1.4432849300607558,65502,0.0007486627160211863,0.0007486636128888257,0.007842716296369295
942,806,0,4,819970752,2398535626,1578564875,1.444033593048939,65502,0.0007486627160211863,0.0007486629881803828,0.007730107777817879
943,806,0,4,819970752,2395163447,1575192696,1.447118819268674,65396,0.003085225654520128,0.0030852262197369265,0.02518404907622334
944,806,0,4,819970752,2392856035,1572885284,1.449233692195559,65440,0.00211487217088883,0.002114872926885625,0.01906184484281889
945,806,0,4,819970752,2392400028,1572429277,1.449652015405757,65517,0.000418322449221962,0.00041832321019791415,0.00492328406377429
946,806,0,4,819970752,2391392306,1571421555,1.4505768910817842,65494,0.0009248751246666447,0.0009248756760261707,0.00975670251341012
947,806,0,4,819970752,2390433186,1570462435,1.4514577114526226,65496,0.000880820004703256,0.000880820370837318,0.008843899265803166
948,806,0,4,819970752,2389378798,1569408047,1.4524266433908473,65492,0.0009689315899683129,0.0009689319382257473,0.009786390120633492
949,806,0,4,819970752,2388756169,1568785418,1.4529991152874473,65510,0.0005724718275307164,0.000572471896598045,0.006263474722486623
950,806,0,4,819970752,2388181662,1568210911,1.45352754332637,65512,0.0005284274673163702,0.000528428038923928,0.005921768420804585
951,806,0,4,819970752,2386004123,1566033372,1.4555321893835647,65445,0.0020046460149816775,0.002004646057194983,0.017029306894886548
952,806,0,4,819970752,2384642063,1564671312,1.456787521667966,65479,0.0012553314127252556,0.0012553322844007218,0.011757480062629631
953,806,0,4,819970752,2383448313,1563477562,1.4578886312110413,65486,0.001101109058724726,0.0011011095430770634,0.01053744998514669
954,806,0,4,819970752,2363432479,1543461728,1.476477435985327,64697,0.018588804453289764,0.018588804774283884,0.12220796050763041
955,806,0,4,819970752,2362890797,1542920046,1.476983842515942,65513,0.0005064057914389884,0.0005064065306151768,0.005793249322665642
956,806,0,4,819970752,2361431125,1541460374,1.4783493431521677,65474,0.0013655003314663333,0.0013655006362254423,0.012626899595114562
957,806,0,4,819970752,2359878750,1539907999,1.479802985581422,65470,0.0014536415241189304,0.001453642429253825,0.013768160523914157
958,806,0,4,819970752,2218285036,1398314285,1.6189584888396737,59510,0.13915550264852514,0.1391555032582548,0.4466660770377806
959,806,0,4,819970752,2217922314,1397951563,1.6193327717312194,65519,0.0003742827947452993,0.00037428289154320035,0.004463541174757649
960,806,0,4,819970752,2216301154,1396330403,1.6210067901612568,65460,0.0016740180678742555,0.00167401843003814,0.0149459358435245
961,806,0,4,819970752,2205946286,1385975535,1.6317453545167417,65050,0.01073856350747991,0.010738564355485982,0.08619896499592232
962,806,0,4,819970752,2205629061,1385658310,1.6320755993917437,65521,0.00033024448458043404,0.0003302448750004262,0.0039922782726164955
963,806,0,4,819970752,2186346218,1366375467,1.652293169012939,64624,0.02021756929691341,0.020217569621197147,0.13286530565502613
964,813,7,0,216520104,3204465679,2987945576,0.523493275647624,17914,1.8712001091546164,1.8712001066346855,1.5523956599124225
965,813,0,0,216520104,3203143498,2986623395,0.5241318167749469,65507,0.0006385408891551363,0.0006385411273201228,0.007157895539439163
966,813,0,0,216520104,2946936272,2730416169,0.6535262830761575,59914,0.12939446600736837,0.12939446630121149,0.6191734363573226
967,813,0,0,216520104,2736663896,2520143793,0.7691410934275815,60489,0.11561481010166084,0.1156148103514244,0.5817536001480238
968,813,0,0,216520104,2647642093,2431121990,0.8210248585901674,63221,0.051883765157033614,0.051883765162584375,0.3245855111610593
969,813,0,0,216520104,2646751789,2430231686,0.8215532863761901,65512,0.0005284274673163702,0.0005284277860237808,0.0060288782537003035
970,813,0,0,216520104,2501537139,2285017036,0.910442224642388,61620,0.08888893807328639,0.0888889382661969,0.37964581862138375
971,813,0,0,216520104,2456175701,2239655598,0.9393702464354412,64235,0.028928021430047225,0.028928021793055245,0.14327263641380833
972,813,0,0,216520104,2453441746,2236921643,0.9411324248134996,65456,0.0017621781119536897,0.00176217837805721,0.017073060687873082
973,813,0,0,216520104,2452690826,2236170723,0.9416168094323005,65514,0.000484384451701118,0.0004843846188000472,0.0054891046595572975
974,813,0,0,216520104,2451564824,2235044721,0.9423434474376116,65503,0.0007266376781842033,0.000726638005311296,0.007684279599519346
975,813,0,0,216520104,2450609909,2234089806,0.9429599655341754,65508,0.0006165175324262582,0.0006165180965634079,0.006864280784625221
976,813,0,0,216520104,2300547907,2084027804,1.0432726205924538,61134,0.10031265466681263,0.10031265505828088,0.3665587160239977
977,813,0,0,216520104,2297717730,2081197627,1.0452331785592435,65447,0.0019605579105596736,0.001960557966789379,0.01809067533982364
978,813,0,0,216520104,2296383954,2079863851,1.0461580541454047,65494,0.0009248751246666447,0.0009248755861606769,0.009415009634724107
979,813,0,0,216520104,2272550064,2056029961,1.0627858580037497,64785,0.016627803184459475,0.016627803858343258,0.11252234138293896
980,813,0,0,216520104,2271953985,2055433882,1.063204181139323,65517,0.000418322449221962,0.0004183231355748832,0.004904285154810719
981,813,0,0,216520104,2271389443,2054869340,1.063600483750058,65518,0.0003963024539395264,0.00039630261073473943,0.004687653452683203
982,813,0,0,216520104,2270417443,2053897340,1.064283072816373,65505,0.0006825886112264284,0.000682589066314965,0.007190339640459158
983,813,0,0,216520104,2267784884,2051264781,1.0661334164680127,65452,0.0018503435436362735,0.0018503436516411253,0.016645466003024318
984,813,0,0,216520104,2266751990,2050231887,1.066860054182822,65503,0.0007266376781842033,0.0007266377148088406,0.007607090725832188
985,813,0,0,216520104,2266095024,2049574921,1.0673224182125125,65515,0.0004623634480924974,0.000462364029688278,0.005289310559804943
986,813,0,0,216520104,2265219351,2048699248,1.0679389358302558,65508,0.0006165175324262582,0.0006165176177435292,0.0068188027268959416
987,813,0,0,216520104,2264281530,2047761427,1.068599501053221,65506,0.0006605645820851047,0.0006605652229671948,0.007239410737468818
988,813,0,0,216520104,2263375385,2046855282,1.0692380423439332,65507,0.0006385408891551363,0.0006385412907119172,0.007015612033399586
989,813,0,0,216520104,2262500874,2045980771,1.0698545599301568,65508,0.0006165175324262582,0.0006165175862238824,0.006734730232323081
990,813,0,0,216520104,2261158448,2044638345,1.0708014637349699,65493,0.0009469031891450585,0.0009469038048108009,0.009487977567978041
991,813,0,0,216520104,2260534473,2044014370,1.0712418071477643,65516,0.0004403427806028656,0.0004403434127945246,0.005115354265434883
992,814,1,0,433040208,4182666299,3749626092,0.19590040696851574,60111,0.12465859967498909,0.12465859982075246,0.48962735300770466
993,814,0,0,433040208,4164472007,3731431800,0.20291782802652136,65218,0.007017420920804633,0.007017421058004569,0.05556144151365804
994,814,0,0,433040208,4125640883,3692600676,0.21800989048449537,64854,0.01509206213089736,0.015092062457974178,0.08817803548254466
995,814,0,0,433040208,4123161719,3690121512,0.21897882244528333,65492,0.0009689315899683129,0.0009689319607898157,0.010497639835126355
996,814,0,0,433040208,4007169740,3574129533,0.2650552247763862,63476,0.04607640220161001,0.046076402331101024,0.20666330626116933
997,814,0,0,433040208,4005860854,3572820647,0.2655836525154456,65512,0.0005284274673163702,0.0005284277390613282,0.005880722950591376
998,814,0,0,433040208,4003462109,3570421902,0.26655258437578766,65492,0.0009689315899683129,0.0009689318603420459,0.010065404038924516
999,814,0,0,433040208,4001882179,3568841972,0.267191125618524,65507,0.0006385408891551363,0.0006385412427358732,0.006874480119584336
1000,814,0,0,433040208,3996055364,3563015157,0.26954852533168605,65429,0.0023573993620059253,0.0023573997131622515,0.021544730824987188
1001,814,0,0,433040208,3994043774,3561003567,0.2703632651876191,65499,0.0008147398470877202,0.0008147398559340115,0.008613534909115303
1002,814,0,0,433040208,3991381280,3558341073,0.2714423440252105,65487,0.0010790786396167112,0.0010790788375918568,0.010508203474007867
1003,814,0,0,433040208,3988992257,3555952050,0.2724112756406605,65492,0.0009689315899683129,0.0009689316154491373,0.009712081108343092
1004,814,0,0,433040208,3987798547,3554758340,0.2728956602995716,65514,0.000484384451701118,0.0004843846589109619,0.005557620055609438
1005,814,0,0,433040208,3985249205,3552208998,0.2739306793291405,65489,0.0010350188106098368,0.0010350190295695461,0.010104404621368935
1006,814,0,0,433040208,3983894144,3550853937,0.27448112913548783,65511,0.0005504494793435254,0.0005504498063462279,0.006145878346651145
1007,814,0,0,433040208,3979505423,3546465216,0.276265348414082,65455,0.0017842189647608187,0.0017842192785929348,0.016254688106070385
1008,814,0,0,433040208,3977557291,3544517084,0.2770580624069261,65500,0.0007927138004626774,0.0007927139928439406,0.008439788971209288
1009,814,0,0,433040208,3963278840,3530238633,0.2828814375854165,65272,0.0058233748382674685,0.00582337517849149,0.041896070949551625
1010,814,0,0,433040208,3962363098,3529322891,0.2832557204484658,65519,0.0003742827947452993,0.000374282863050941,0.004463541174757649
1011,814,0,0,433040208,3959455025,3526414818,0.28444495477271303,65482,0.0011892340994270377,0.0011892343242458391,0.011534097997368245
1012,814,0,0,433040208,3934649159,3501608952,0.29462916861322697,65075,0.010184213821163095,0.010184213840513686,0.08206656463146517
1013,814,0,0,433040208,3933847704,3500807497,0.2949594132273461,65521,0.00033024448458043404,0.0003302446141174085,0.0039922782726164955
1014,814,0,0,433040208,3861626455,3428586248,0.3250333315547991,64184,0.03007391808013023,0.03007391832745398,0.1767269115125769
1015,814,0,0,433040208,3347830288,2914790081,0.5592551596738708,55715,0.23422182767420224,0.23422182811907125,0.7282595469400952
1016,815,1,0,866080416,4134544975,3268464560,0.39403409191339733,36744,0.8347789317790559,0.8347789322395285,1.42176233028719
1017,815,0,0,866080416,4133447773,3267367358,0.3945184764321503,65514,0.000484384451701118,0.00048438451875244316,0.0055806573939322975
1018,815,0,0,866080416,4082843862,3216763447,0.41703729842468107,64521,0.022518821698768256,0.0225188219925305,0.15257069045792876
1019,815,0,0,866080416,4074548680,3208468265,0.4207624324338646,65367,0.003725133837594948,0.0037251340091854607,0.03232218769518064
1020,815,0,0,866080416,4073667447,3207587032,0.42115873527980696,65518,0.0003963024539395264,0.0003963028459423789,0.004668654543719633
1021,815,0,0,866080416,4069849823,3203769408,0.4228768328197745,65458,0.0017180974165047324,0.0017180975399666172,0.016457592125590483
1022,815,0,0,866080416,4053033162,3186952747,0.4304695176021305,65192,0.00759268465150178,0.007592684782356834,0.05750509707204789
1023,815,0,0,866080416,3840864661,2974784246,0.5298621090262046,61173,0.09939259108089127,0.09939259142407206,0.5036452916346728
1024,815,0,0,866080416,3839639087,2973558672,0.5304566038565923,65509,0.0005944945118882062,0.0005944948303876424,0.006576089058353385
1025,815,0,0,866080416,3838822374,2972741959,0.5308529066591099,65518,0.0003963024539395264,0.0003963028025176159,0.004687653452683203
1026,815,0,0,866080416,3838096606,2972016191,0.5312051705774117,65520,0.0003522634716290214,0.00035226391830181356,0.004227909891679893
1027,815,0,0,866080416,3836736124,2970655709,0.5318657356235512,65506,0.0006605645820851047,0.0006605650461399152,0.007227892068307388
1028,815,0,0,866080416,3835602908,2969522493,0.532416185481349,65511,0.0005504494793435254,0.000550449857796707,0.006116351545599367
1029,815,0,0,866080416,3834107634,2968027219,0.5331428234161208,65503,0.0007266376781842033,0.000726637934774447,0.007755107138028086
1030,815,0,0,866080416,3831616766,2965536351,0.534354089826202,65481,0.001211266200721556,0.0012112664100781226,0.011503504586465332
1031,815,0,0,866080416,3828132477,2962052062,0.5360501478822037,65459,0.0016960575738423276,0.0016960580560039643,0.015794212178647262
1032,815,0,0,866080416,3827273727,2961193312,0.5364684707092415,65517,0.000418322449221962,0.00041832282703726517,0.004904285154810719
1033,815,0,0,866080416,3826053752,2959973337,0.5370629656835426,65509,0.0005944945118882062,0.0005944949743008043,0.0064991026454258825
1034,815,0,0,866080416,3823434146,2957353731,0.5383403305439742,65478,0.0012773645234549914,0.0012773648604331857,0.011771000412700575
1035,815,0,0,866080416,3820861984,2954781569,0.5395956623006413,65479,0.0012553314127252556,0.0012553317566647679,0.01168396780116469
1036,815,0,0,866080416,3819509392,2953428977,0.5402562270485092,65506,0.0006605645820851047,0.0006605647478688017,0.007175466819845779
1037,815,0,0,866080416,3818743274,2952662859,0.5406305099673077,65519,0.0003742827947452993,0.000374282918798456,0.004452022505596219
1038,815,0,0,866080416,3817887246,2951806831,0.5410488328392873,65517,0.000418322449221962,0.0004183228719783511,0.004904285154810719
1039,815,0,0,866080416,3816806262,2950725847,0.5415772603325664,65512,0.0005284274673163702,0.000528427493278758,0.0059983606755753035
1040,815,0,0,866080416,3815680649,2949600234,0.5421277100163522,65511,0.0005504494793435254,0.0005504496837860299,0.006116351545599367
1041,815,0,0,866080416,3814375436,2948295021,0.5427662511472917,65507,0.0006385408891551363,0.0006385411309390334,0.006824120164363979
1042,815,0,0,866080416,3812530952,2946450537,0.5436690986003185,65495,0.0009028473965228007,0.0009028474530281534,0.009298455037728576
1043,815,0,0,866080416,3811362011,2945281596,0.5442415704533659,65510,0.0005724718275307164,0.0005724718530478029,0.006351979804575556
1044,815,0,0,866080416,3810508123,2944427708,0.5446598933036526,65517,0.000418322449221962,0.0004183228502871074,0.004904285154810719
1045,815,0,0,866080416,3808800843,2942720428,0.5454966599015236,65498,0.000836766229995985,0.000836766597869754,0.008614621714079637
1046,815,0,0,866080416,3806510823,2940430408,0.5466197997823414,65485,0.001123139814249491,0.0011231398808201271,0.010702995463320994
1047,815,0,0,866080416,3805434005,2939353590,0.5471482273594219,65512,0.0005284274673163702,0.0005284275770800111,0.005880722950591376
1048,815,0,0,866080416,3803370860,2937290445,0.5481612168019332,65490,0.00101298940069043,0.001012989442510244,0.009868783420245714
1049,815,0,0,866080416,3797454686,2931374271,0.5510699663029541,65404,0.002908749196698977,0.0029087495010225533,0.02346098902085913
1050,815,0,0,866080416,3796023350,2929942935,0.5517745797260218,65504,0.0007046129765893727,0.0007046134230645515,0.0074259658831368185
1051,815,0,0,866080416,3793162077,2927081662,0.5531841502776693,65472,0.0014095702546713536,0.0014095705516497606,0.013098130903272158
1052,815,0,0,866080416,3792358130,2926277715,0.5535804527366963,65518,0.0003963024539395264,0.00039630245902492117,0.004687653452683203
1053,815,0,0,866080416,3785571108,2919490693,0.5569304340216021,65384,0.003349980824106516,0.003349981284908137,0.02674967593428568
1054,815,0,0,866080416,3784858341,2918777926,0.5572826978478922,65520,0.0003522634716290214,0.0003522638262897542,0.004227909891679893
1055,815,0,0,866080416,3782453342,2916372927,0.5584719319960811,65482,0.0011892340994270377,0.0011892341481892514,0.011562561289424246
1056,815,0,0,866080416,3763540706,2897460291,0.5678582564368462,65111,0.009386324297007921,0.009386324440762374,0.07641728945665542
1057,815,0,0,866080416,3762877529,2896797114,0.5681885014040375,65521,0.00033024448458043404,0.00033024496719243675,0.0039922782726164955
1058,815,0,0,866080416,3706476266,2840395851,0.5965551414676824,64260,0.028366639641225593,0.02836664006364523,0.169480811195271
1059,815,0,0,866080416,3492415061,2626334646,0.7095963907255118,60597,0.1130412490667967,0.11304124925782952,0.5080104201702598
1060,815,0,0,866080416,3423286227,2557205812,0.748078868108113,63811,0.03848247737679896,0.038482477382601084,0.2409113907800328
1061,815,0,0,866080416,2864755892,1998675477,1.1036029039113338,51222,0.35552403534511895,0.35552403580322084,1.2797582517180857
1062,815,0,0,866080416,2863932463,1997852048,1.1041973984790303,65509,0.0005944945118882062,0.0005944945676980708,0.006612168891980708
1063,815,0,0,866080416,2863322766,1997242351,1.104637741938948,65516,0.0004403427806028656,0.00044034345991609256,0.005086360513452917
1064,815,0,0,866080416,2862499927,1996419512,1.1052322368172192,65509,0.0005944945118882062,0.0005944948782700851,0.006691564468730435
1065,815,0,0,866080416,2861829742,1995749327,1.1057166214332277,65514,0.000484384451701118,0.00048438461600892576,0.0054891046595572975
1066,815,0,0,866080416,2858540848,1992460433,1.1080960710735077,65428,0.002379449310284077,0.002379449640281893,0.02112344704649417
1067,815,0,0,866080416,2857871992,1991791577,1.1085804557163037,65514,0.000484384451701118,0.0004843846427945588,0.005546101386448008
1068,815,0,0,866080416,2857203360,1991122945,1.1090648407435566,65514,0.000484384451701118,0.0004843850272523111,0.005575095138429974
1069,815,0,0,866080416,2856231131,1990150716,1.1097694544447094,65504,0.0007046129765893727,0.0007046137011528452,0.007371464819222239
1070,815,0,0,866080416,2855168275,1989087860,1.110540143151887,65501,0.0007706880901105886,0.0007706887071774231,0.0080226168492875
1071,815,0,0,866080416,2854500551,1988420136,1.1110245279040996,65514,0.000484384451701118,0.00048438475221212736,0.005524940162877561
1072,815,0,0,866080416,2852224984,1986144569,1.112676507342595,65461,0.0016519788985902288,0.0016519794384982295,0.014834189263049708
1073,815,0,0,866080416,2851133962,1985053547,1.113469221290643,65500,0.0007927138004626774,0.0007927139480453602,0.008143372925597404
1074,815,0,0,866080416,2850134408,1984053993,1.1141958590120211,65503,0.0007266376781842033,0.0007266377213783721,0.007714797177644346
1075,815,0,0,866080416,2848439049,1982358634,1.1154291579149778,65480,0.0012332986384842029,0.0012332989029571614,0.012422329250839867
1076,815,0,0,866080416,2844476509,1978396094,1.1183158495216077,65405,0.0028866911572534176,0.002886691606631872,0.023859939359117812
1077,831,16,1,247726080,4204527615,3956801536,0.11831244112999428,1,16.0,15.999996591608387,0.047186183922089654
1078,831,0,1,247726080,4034025791,3786299712,0.18185853108881744,62712,0.06354608995882305,0.06354608995882305,0.34530881429832394
1079,831,0,1,247726080,3025747858,2778021779,0.6285892362796979,48084,0.4467307048480459,0.4467307051908813,1.443970907107211
1080,831,0,1,247726080,3016803726,2769077647,0.6332416374980419,65325,0.0046524009052545294,0.004652401218343887,0.038632597384402764
1081,831,0,1,247726080,2554262634,2306536555,0.8969189889670695,54589,0.26367735143463855,0.2636773514690258,1.2211169042195105
1082,831,0,1,247726080,2552643666,2304917587,0.8979319784185513,65490,0.00101298940069043,0.0010129894514814904,0.011008404889856493
1083,837,6,0,446504448,3274755391,2828250944,0.6027370132771104,2513,4.704805044119345,4.704805034858562,0.8493678481685466
1084,837,0,0,446504448,2196424300,1749919853,1.2953582984288765,40549,0.6926212846228055,0.6926212851517642,1.842556900707146
1085,838,1,0,893008896,4098809943,3205801048,0.421962251391534,60030,0.1266039524857403,0.1266039529626573,0.5726485664647432
1086,838,0,0,893008896,4033261642,3140252747,0.4517664651869673,64196,0.02980421344481184,0.029804213795433736,0.20400290296689916
1087,838,0,0,893008896,3235740177,2342731282,0.8744556635835146,48892,0.4226891983103628,0.42268919839654856,1.2034322129137065
1088,838,0,0,893008896,3234060056,2341051161,0.8754906827665181,65489,0.0010350188106098368,0.0010350191830023022,0.010438175989825785
1089,838,0,0,893008896,3232488305,2339479410,0.8764596145677537,65492,0.0009689315899683129,0.000968931801234701,0.009848256571974082
1090,838,0,0,893008896,3197897308,2304888413,0.8979502391371668,64567,0.0214906242723628,0.021490624569415185,0.11817916322169034
1091,838,0,0,893008896,3181402668,2288393773,0.9083118222740083,65067,0.010361582546734381,0.010361583136838787,0.06912820880143825
1092,838,0,0,893008896,3179063154,2286054259,0.9097875000023592,65469,0.0014756776637093812,0.0014756777283528632,0.013891216096403923
1093,838,0,0,893008896,3153598987,2260590092,0.9259477310369526,64806,0.01616023065050479,0.016160231034593703,0.10885533490843817
1094,838,0,0,893008896,3149252759,2256243864,0.9287241375103541,65410,0.0027764060185773093,0.002776406473401479,0.024305788440271717
1095,838,0,0,893008896,3148495352,2255486457,0.929208522549068,65514,0.000484384451701118,0.0004843850387127326,0.005524940162877561
1096,838,0,0,893008896,3147221960,2254213065,0.9300232625836848,65499,0.0008147398470877202,0.0008147400346167891,0.0088043230784271
1097,838,0,0,893008896,3146362045,2253353150,0.93057371267669,65511,0.0005504494793435254,0.0005504500930048031,0.0062224706014218645
1098,838,0,0,893008896,3143817670,2250808775,0.9322036530057609,65462,0.0016299400659799616,0.0016299403290723682,0.015278089362034083
1099,838,0,0,893008896,3140967066,2247958171,0.9340319552290595,65453,0.001828301680591821,0.0018283022232984318,0.01631148882532921
1100,838,0,0,893008896,3138394482,2245385587,0.9356839341492105,65461,0.0016519788985902288,0.0016519789201492952,0.015149941245034979
1101,838,0,0,893008896,3135756318,2242747423,0.9373799919753587,65459,0.0016960575738423276,0.0016960578261507328,0.015063345417963147
1102,838,0,0,893008896,3132060384,2239051489,0.9397594413735391,65428,0.002379449310284077,0.0023794493981799066,0.02099391349164617
1103,838,0,0,893008896,3130147131,2237138236,0.9409927406538365,65480,0.0012332986384842029,0.0012332992802982297,0.011583318840794185
1104,838,0,0,893008896,3129225458,2236216563,0.9415872354547119,65509,0.0005944945118882062,0.0005944948008748085,0.006636730056446601
1105,838,0,0,893008896,3127007530,2233998635,0.9430188416962402,65471,0.0014316057211096818,0.0014316062415280306,0.013303228474880573
1106,838,0,0,893008896,3124075952,2231067057,0.9449132701065004,65450,0.0018944282800345323,0.0018944284102582886,0.01800549327061112
1107,838,0,0,893008896,3119173705,2226164810,0.9480867421173258,65392,0.0031734719793412905,0.0031734720108267966,0.027198871810164695
1108,838,0,0,893008896,3113399046,2220390151,0.9518339471598161,65366,0.003747204700206792,0.0037472050424907245,0.032676329020206604
1109,838,0,0,893008896,3109841597,2216832702,0.9541472477535322,65431,0.0023133004764488018,0.0023133005937155155,0.01939321431622894
1110,838,0,0,893008896,3107067850,2214058955,0.9559535079260115,65454,0.0018062601543034325,0.0018062601724787104,0.016859555187702595
1111,838,0,0,893008896,3096865124,2203856229,0.9626170348424807,65234,0.00666352644973526,0.00666352691646986,0.052688510094847284
1112,838,0,0,893008896,3093098768,2200089873,0.9650846874078489,65424,0.0024676524736343256,0.0024676525653679307,0.02056224481645118
1113,838,0,0,893008896,3088466010,2195457115,0.9681257921828959,65398,0.003041104516210988,0.0030411047750471803,0.025287316259447162
1114,838,0,0,893008896,3086791009,2193782114,0.9692269013398196,65486,0.001101109058724726,0.0011011091569234825,0.010756187465259056
1115,838,0,0,893008896,3044579716,2151570821,0.9972568172664857,64275,0.02802991539161928,0.028029915926664845,0.16784552694556334
1116,838,0,0,893008896,2653602895,1760594000,1.2865848897223735,53627,0.289328072033681,0.2893280724558904,0.8356692521313613
1117,838,0,0,893008896,2651641784,1758632889,1.2881927913987568,65463,0.0016079015700331673,0.0016079016763822169,0.015046002121302719
1118,838,0,0,893008896,2648421631,1755412736,1.290836866382488,65416,0.0026440749796186494,0.002644074983732013,0.02183240369869236
1119,838,0,0,893008896,2572484816,1679475921,1.3546360345157034,62701,0.06379916811643788,0.06379916813321554,0.3961350248286561
1120,838,0,0,893008896,2571972280,1678963385,1.3550763778322548,65516,0.0004403427806028656,0.00044034331654975743,0.005139915429900777
1121,838,0,0,893008896,2227756092,1334747197,1.6860806267011021,52100,0.3310042479467671,0.3310042488688491,1.027132938712806
1122,839,1,0,1786017792,4048790665,2262772874,0.9245553647666149,55551,0.23847473796209706,0.23847473806551292,0.8797380990304727
1123,839,0,0,1786017792,3842318164,2056300373,1.0625961251660279,59556,0.1380407599817236,0.13804076039941052,0.7188794749698465
1124,839,0,0,1786017792,3763688269,1977670478,1.118845083596657,63030,0.05624895771843553,0.05624895843062976,0.31612968591956997
1125,839,0,0,1786017792,3746396930,1960379139,1.131514446235343,64963,0.012669362539755842,0.012669362638686356,0.09995691580472012
1126,839,0,0,1786017792,3739845980,1953828189,1.1363435373439223,65317,0.004829090795818638,0.004829091108579284,0.0364286629919892
1127,839,0,0,1786017792,3729560476,1943542685,1.1439583528405777,65191,0.007614814761116029,0.007614815496655696,0.05420181705226786
1128,839,0,0,1786017792,3724311344,1938293553,1.1478600637097713,65359,0.003901710193354622,0.003901710869193361,0.03356743475577982
1129,839,0,0,1786017792,3719993246,1933975455,1.1510776610099924,65390,0.0032175971660184,0.003217597300219959,0.028272744635145154
1130,839,0,0,1786017792,3716245460,1930227669,1.1538761236157882,65409,0.0027984623718733453,0.0027984626057963847,0.024841463632108894
1131,839,0,0,1786017792,3713005636,1926987845,1.156299674542808,65426,0.002423550217891068,0.002423550927020316,0.02018147706184837
1132,839,0,0,1786017792,3707154339,1921136548,1.160687081397949,65337,0.004387406636999922,0.004387406855139726,0.036729857316666274
1133,839,0,0,1786017792,3702346807,1916329016,1.1643018662543447,65372,0.0036147845889704113,0.0036147848563987304,0.028794093288401743
1134,839,0,0,1786017792,3697375860,1911358069,1.168049071528948,65366,0.003747204700206792,0.003747205274600124,0.029286077467884412
1135,839,0,0,1786017792,3693146933,1907129142,1.1712446063931097,65391,0.003195534403982369,0.003195534864162706,0.028049487232599517
1136,839,0,0,1786017792,3689771277,1903753486,1.1738004675518319,65420,0.0025558610298593507,0.0025558611587213507,0.021291889101589207
1137,839,0,0,1786017792,3684019580,1898001789,1.178165793812667,65338,0.004365325978252387,0.004365326260835808,0.034407784479824496
1138,839,0,0,1786017792,3671855872,1885838081,1.1874413352003756,65116,0.009275541199678036,0.009275541387710114,0.06183129041369888
1139,839,0,0,1786017792,3658043581,1872025790,1.1980468356389977,65056,0.010605500155267558,0.010605500438620562,0.06672351397009112
1140,839,0,0,1786017792,3641276016,1855258225,1.2110271429953379,64949,0.012980307343170974,0.012980307356341786,0.07835841827624414
1141,839,0,0,1786017792,3626357176,1840339385,1.2226753015214697,65009,0.01164815836267412,0.011648158526132223,0.08359363281152601
1142,839,0,0,1786017792,3606335173,1820317382,1.2384571321184659,64823,0.015781830511095926,0.01578183059699511,0.09186106658798024
1143,839,0,0,1786017792,3596224767,1810206976,1.2464924839664526,65172,0.008035351354643047,0.008035351847987145,0.0519643490894995
1144,839,0,0,1786017792,3544213357,1758195566,1.28855159407264,63653,0.04205910973116673,0.04205911010618573,0.2415860618069834
1145,839,0,0,1786017792,3495788933,1709771142,1.3288439170417234,63731,0.04029232226565626,0.04029232296908424,0.19544033019264292
1146,839,0,0,1786017792,3465551738,1679533947,1.354586190171247,64377,0.025742272370072223,0.025742273129522462,0.1497622487819605
1147,839,0,0,1786017792,3458504133,1672486342,1.3606527165576594,65261,0.006066526309349022,0.006066526386414327,0.04143606913701796
1148,839,0,0,1786017792,3433341298,1647323507,1.3825232417610245,64550,0.021870524918084635,0.021870525203365607,0.1287441708764696
1149,839,0,0,1786017792,3432034217,1646016426,1.3836684131761317,65484,0.001145170906201281,0.0011451714151077097,0.011901804400054837
1150,839,0,1,1424551936,3951846197,2527294262,0.7650534937562341,50312,0.38138507974919683,0.3813850805801006,0.9816081948756589
1151,839,0,1,1424551936,3939467329,2514915394,0.7721372798635606,65215,0.0070837857996839055,0.007083786107327019,0.053048382265987036
1152,839,0,1,1424551936,3911530646,2486978711,0.7882529881437534,64808,0.016115707835345827,0.01611570828019262,0.09222157862069358
1153,839,0,1,1424551936,3899463091,2474911156,0.795270409548273,65218,0.007017420920804633,0.0070174214045202535,0.053298534737285845
1154,839,0,1,1424551936,3861925528,2437373593,0.8173197462205799,64542,0.0220493363137077,0.02204933667230486,0.13550875165255263
1155,839,0,1,1424551936,3858392347,2433840412,0.8194125730173099,65441,0.002092826265968833,0.0020928267967310382,0.01808318253895607
1156,839,0,1,1424551936,3850444931,2425892996,0.824131230157441,65322,0.004718657078353454,0.004718657140132733,0.03438804100078204
1157,839,0,1,1424551936,3822941902,2398389967,0.840580892717739,64793,0.016449662445417724,0.016449662560296664,0.09544307197233903
1158,839,0,1,1424551936,3804826621,2380274686,0.8515190744708114,65041,0.010938181550061115,0.010938181753073196,0.06934755744191295
1159,839,0,1,1424551936,3788882092,2364330157,0.8612156373136486,65097,0.009696562234005312,0.009696562842837871,0.0650979352565296
1160,839,0,1,1424551936,3779105275,2354553340,0.8671937402241099,65265,0.005978102850952038,0.005978102910461347,0.04188733635379598
1161,839,0,1,1424551936,3771380833,2346828898,0.8719344839588921,65321,0.004740743145588853,0.004740743734779368,0.034725767165461614
1162,839,0,1,1424551936,3753798237,2329246302,0.8827839431820195,65045,0.010849459010120237,0.010849459223127514,0.06935476543127471
1163,839,0,1,1424551936,3735316668,2310764733,0.8942767645345846,65016,0.01149282107682941,0.011492821352567956,0.07943897904132001
1164,839,0,1,1424551936,3733306878,2308754943,0.8955320960203395,65479,0.0012553314127252556,0.001255331485753217,0.011757480062629631
1165,839,0,1,1424551936,3730030599,2305478664,0.8975808315906484,65443,0.0020487354667572794,0.0020487355703103552,0.01841391952704361
1166,839,0,1,1424551936,3723628055,2299076120,0.9015929130465921,65354,0.004012081391444529,0.0040120814559420435,0.030889643647002606
1167,839,0,1,1424551936,3719453402,2294901467,0.9042149340400734,65417,0.0026220209864989156,0.0026220209934822523,0.023298569460595005
1168,839,0,1,1424551936,3716266817,2291714882,0.9062195800652653,65445,0.0020046460149816775,0.0020046460251926827,0.016855644146987432
1169,839,0,1,1424551936,3713819001,2289267066,0.9077613684330856,65466,0.0015417881020707706,0.0015417883678208147,0.014925103912594873
1170,839,0,1,1424551936,3703409430,2278857495,0.9143364354012462,65238,0.006575066394468783,0.006575066968157221,0.046296586378819546
1171,839,0,1,1424551936,3696663544,2272111609,0.9186134424228811,65342,0.004277006722584219,0.004277007021635281,0.03141782482776637
1172,839,0,1,1424551936,3690943048,2266391113,0.9222502962870855,65371,0.0036368537634717934,0.0036368538642068127,0.02883636024386624
1173,839,0,1,1424551936,3681640386,2257088451,0.9281841899037175,65267,0.005933893153988784,0.005933893616630659,0.04615522465910187
1174,839,0,1,1424551936,3676646522,2252094587,0.9313797247544962,65391,0.003195534403982369,0.0031955348507788097,0.02671298926489785
1175,839,0,1,1424551936,3670564052,2246012117,0.9352814350656722,65359,0.003901710193354622,0.0039017103111757996,0.030237336771416243
1176,839,0,1,1424551936,3668644852,2244092917,0.9365147338282291,65480,0.0012332986384842029,0.0012332987625567411,0.012411129418768818
1177,839,0,1,1424551936,3662275813,2237723878,0.9406151188221763,65350,0.004100384429842091,0.004100384993948458,0.03202077580260464
1178,839,0,1,1424551936,3661353899,2236801964,0.941209613444272,65509,0.0005944945118882062,0.0005944946220948024,0.006691564468730435
1179,839,0,1,1424551936,3659169522,2234617587,0.9426191837519049,65472,0.0014095702546713536,0.0014095703076316655,0.013380309597045129
1180,839,0,1,1424551936,3635608109,2211056174,0.9579114673445659,64845,0.015292283495577754,0.015292283592660931,0.11671290943312433
1181,839,0,1,1424551936,3635000824,2210448889,0.958307769984021,65518,0.0003963024539395264,0.0003963026394550996,0.004687653452683203
1182,846,7,0,1462296768,3806581439,2344284672,0.8734993757647338,1086,5.915191612195638,5.9151916057807155,0.46731582559709955
1183,846,0,0,1462296768,3741979111,2279682344,0.9138143359497555,63730,0.04031495970049387,0.04031496018501906,0.21021207202772976
1184,846,0,0,1462296768,3685974951,2223678184,0.9496991331059519,63926,0.03588479660260607,0.03588479715619813,0.22840721218340812
1185,846,0,0,1462296768,3517882578,2055585811,1.0630975471500292,60582,0.11339841368647276,0.1133984140440759,0.46735118320437785
1186,847,1,3,10093408,3483411135,3473317728,0.3063327561277305,6921,3.243235210595861,3.2432352089777017,1.8874456626466933
1187,847,0,3,10093408,3462423680,3452330273,0.31507665703953336,65140,0.008743900716734303,0.00874390091180408,0.062464133000678795
1188,847,0,3,10093408,3306284963,3296191556,0.38184705978479627,62572,0.0667704025573274,0.06677040274526176,0.3720117832351426
1189,847,0,3,10093408,3286418085,3276324678,0.3905688134150509,65141,0.008721753280946777,0.008721753630256648,0.07426482983613013
1190,847,0,3,10093408,3284218404,3274124997,0.39153774506004524,65492,0.0009689315899683129,0.0009689316449939944,0.009595509794198483
1191,847,0,3,10093408,3116405509,3106312102,0.4674443564086488,62177,0.0759066111941313,0.07590661134860198,0.36030625894045754
1192,847,0,3,10093408,2990183140,2980089733,0.5272913739152116,62873,0.059847017158209274,0.05984701750656309,0.30848096203137315
1193,851,4,0,20186816,4241768397,4221581582,0.02486355157492781,46419,0.4975721772722633,0.49757217765971706,1.353477266111798
1194,851,0,0,20186816,4230817639,4210630824,0.028610756313550922,65366,0.003747204700206792,0.003747204738623109,0.030189902313396383
1195,851,0,0,20186816,4228825916,4208639101,0.029293344940384713,65505,0.0006825886112264284,0.0006825886268346588,0.007481484909390572
1196,851,0,0,20186816,4226706697,4206519882,0.030019982859567307,65503,0.0007266376781842033,0.0007266379191806436,0.00784878031746256
1197,851,0,0,20186816,4206873099,4186686284,0.03683832764270534,65227,0.006818344599157909,0.0068183447831369065,0.05202622011510957
1198,851,0,0,20186816,4199909768,4179722953,0.039239827530376914,65427,0.0024014995955756904,0.0024014998876726265,0.021227072233337942
1199,851,0,0,20186816,4171656330,4151469515,0.04902504166631516,65093,0.009785213899499923,0.009785214135939605,0.0721163874904756
1200,851,0,0,20186816,4156389848,4136203033,0.05434014132970333,65295,0.005315099603580846,0.00531509966338659,0.03917930486911623
1201,851,0,0,20186816,4127799455,4107612640,0.06434700834508433,65083,0.010006866899089221,0.01000686701537994,0.07355965105646262
1202,851,0,0,20186816,4111064643,4090877828,0.07023669350311224,65269,0.005889684811738314,0.005889685158028429,0.04206160740958584
1203,851,0,0,20186816,4092962308,4072775493,0.07663485636245682,65246,0.006398162554280361,0.006398162859344428,0.04544135353675584
1204,851,0,0,20186816,3946360785,3926173970,0.1295230455235732,63177,0.05288818903024665,0.05288818916111797,0.2280850483286248
1205,851,0,0,20186816,3647776021,3627589206,0.2436360539901088,60552,0.1141130083025434,0.11411300846653664,0.44562358214891706
1206,851,0,0,20186816,3589102245,3568915430,0.2671614307195931,64476,0.023525376571726434,0.023525376729484234,0.14825289004533354
1207,851,0,0,20186816,3584201085,3564014270,0.26914403271815246,65446,0.0019826017943566226,0.0019826019985577314,0.017780892436230704
1208,851,0,0,20186816,3578382153,3558195338,0.2715014320842535,65429,0.0023573993620059253,0.002357399366101626,0.021000365785195006
1209,851,0,0,20186816,3555741658,3535554843,0.2807105076603875,65119,0.009209075424372897,0.009209075576135206,0.06451855089191856
1210,851,0,0,20186816,3550023139,3529836324,0.28304585770938573,65430,0.002335349750730934,0.00233535004899716,0.020677280739441778
1211,851,0,0,20186816,3545067924,3524881109,0.28507254845939656,65444,0.002026690572445132,0.002026690750010143,0.017608265474891888
1212,851,0,0,20186816,3535547905,3515361090,0.2889742587084285,65359,0.003901710193354622,0.003901710249031588,0.03173016714797834
1213,851,0,0,20186816,3531632173,3511445358,0.29058216060936104,65463,0.0016079015700331673,0.001607901900931459,0.015133324855796187
1214,851,0,0,20186816,3529703278,3509516463,0.2913748745969471,65500,0.0007927138004626774,0.0007927139875867926,0.008513619773548406
1215,851,0,0,20186816,3523652018,3503465203,0.2938645787985372,65423,0.002489704107082812,0.002489704201591965,0.022142016506845188
1216,851,0,0,20186816,3513494877,3493308062,0.2980532716971176,65346,0.00418869287333474,0.004188692898579333,0.0316761713879459
1217,851,0,0,20186816,3511149516,3490962701,0.29902220343696584,65492,0.0009689315899683129,0.0009689317398477088,0.009595509794198483
1218,851,0,0,20186816,3505130247,3484943432,0.3015119077207373,65423,0.002489704107082812,0.002489704283770691,0.020464216907738402
1219,851,0,0,20186816,3491304482,3471117667,0.3072468742726926,65276,0.005734966281026274,0.005734966551955855,0.041315089423421436
1220,851,0,0,20186816,3486166871,3465980056,0.30938379307153596,65439,0.0021369184126987005,0.002136918798843939,0.018097940916946532
1221,851,0,0,20186816,3483152331,3462965516,0.31063912467654475,65479,0.0012553314127252556,0.0012553316050091898,0.012227910028967403
1222,851,0,0,20186816,3479612006,3459425191,0.3121148026560583,65469,0.0014756776637093812,0.0014756779795132098,0.01418974171202915
1223,851,0,0,20186816,3420543756,3400356941,0.33696094965614165,64417,0.024846146719949117,0.02484614700008395,0.13928436880492961
1224,851,0,0,20186816,3419661705,3399474890,0.3373352326214487,65519,0.0003742827947452993,0.0003742829653071349,0.004463541174757649
1225,851,0,0,20186816,3415926930,3395740115,0.33892109617688604,65464,0.0015858634107395607,0.0015858635554348891,0.014207264565652997
1226,851,0,0,20186816,3398776204,3378589389,0.34622612029725985,65205,0.0073050241133959465,0.0073050241203742984,0.06248239117366022
1227,851,0,0,20186816,3397951353,3377764538,0.34657838380089956,65520,0.0003522634716290214,0.00035226350364179066,0.004227909891679893
1228,853,2,0,1048500900,3908385523,2859884624,0.5866902003179675,13872,2.240111816778165,2.240111816517068,1.2780698444009757
1229,853,0,0,1048500900,3906639987,2858139088,0.5875710208027911,65496,0.000880820004703256,0.0008808204848236194,0.009078735928007738
1230,853,0,0,1048500900,3901799083,2853298184,0.5900166223332022,65425,0.002445601177240512,0.0024456015304116525,0.02265147254500074
1231,853,0,0,1048500900,3419051123,2370550224,0.8574251867616383,54448,0.2674085640349915,0.267408564428436,0.7363702531502091
1232,853,0,0,1048500900,3365480797,2316979898,0.8904016185056598,64055,0.03297643171559302,0.032976431744020186,0.2204759488512249
1233,853,0,0,1048500900,2871651829,1823150930,1.2362131458274774,51568,0.34581152694045486,0.3458115273218183,0.9381071736723173
1234,853,0,0,1048500900,2870010503,1821509604,1.2375125442316204,65477,0.0012993979706836883,0.0012993984041408206,0.012364668371554331
1235,853,0,0,1048500900,2869426828,1820925929,1.2379749079591669,65515,0.0004623634480924974,0.0004623637275495069,0.00532199045253682
1236,853,0,0,1048500900,2868398778,1819897879,1.2387896481138263,65499,0.0008147398470877202,0.0008147401546568877,0.008764204815440485
1237,853,0,0,1048500900,2867704542,1819203643,1.2393400976357754,65511,0.0005504494793435254,0.000550449521950295,0.006116351545599367
1238,853,0,0,1048500900,2821819171,1773318272,1.276195654205715,63883,0.03685555592470188,0.036855556569938754,0.17876589519372033
1239,853,0,0,1048500900,2820980351,1772479452,1.2768782433272428,65505,0.0006825886112264284,0.0006825891215297146,0.007402793032364654
1240,853,0,0,1048500900,2820223066,1771722167,1.2774947609230871,65508,0.0006165175324262582,0.000616517595843878,0.006872357643343801
1241,853,0,0,1048500900,2819439070,1770938171,1.2781333020485839,65507,0.0006385408891551363,0.0006385411254976879,0.006824120164363979
1242,853,0,0,1048500900,2818412219,1769911320,1.278970068983032,65498,0.000836766229995985,0.0008367669344472803,0.008555588057285408
1243,853,0,0,1048500900,2817818071,1769317172,1.2794544538613444,65514,0.000484384451701118,0.000484384878311213,0.005557620055609438
1244,853,0,0,1048500900,2815820245,1767319346,1.2810843946000503,65462,0.0016299400659799616,0.0016299407387050486,0.014690007817921813
1245,853,0,0,1048500900,2814337051,1765836152,1.282295661273924,65481,0.001211266200721556,0.0012112666738747194,0.011359219334319362
1246,853,0,0,1048500900,2812558712,1764057813,1.2837493032806329,65470,0.0014536415241189304,0.001453642006709094,0.013919428849927258
1247,853,0,0,1048500900,2809409377,1760908478,1.2863272179728256,65419,0.002577914011629573,0.0025779146921920217,0.02333595872483902
1248,856,3,0,289327032,4069949383,3780622352,0.18402340092228542,17588,1.8976961827873529,1.8976961829494592,1.2848603078493914
1249,858,2,0,717262480,2778098555,2060836076,1.059417392105626,8931,2.8753939930408077,2.875393991183342,0.8292463620456417
1250,858,0,0,717262480,2777123733,2059861254,1.0600999808903673,65505,0.0006825886112264284,0.0006825887847408945,0.007425830370687514
1251,858,0,0,717262480,2774420667,2057158188,1.0619944098716623,65450,0.0018944282800345323,0.0018944289812965192,0.01690859553337138
1252,858,0,0,717262480,2761582262,2044319783,1.0710262583179215,65127,0.009031848325780604,0.009031848446255892,0.07558917629824854
1253,858,0,0,717262480,2761083160,2043820681,1.0713785221357703,65520,0.0003522634716290214,0.0003522638178487468,0.004227909891679893
1254,859,1,1,721566272,4178247851,3456681580,0.3132594333919698,27710,1.2418809096312207,1.2418809112562,1.778535562156359
1255,859,0,1,721566272,4172393180,3450826909,0.31570503497286495,65425,0.002445601177240512,0.002445601580895546,0.021079915764180134
1256,859,0,1,721566272,4160651016,3439084745,0.3206224792083958,65313,0.004917443856606503,0.004917444235529881,0.039783392871142055
1257,863,4,1,2088547568,3878618047,1790070480,1.2626307545327435,2132,4.9420082772408245,4.942008275324348,1.5956083957644132
1258,863,0,1,2088547568,3877853246,1789305679,1.263247272371462,65508,0.0006165175324262582,0.0006165178387210859,0.006734730232323081
1259,863,0,1,2088547568,3824531194,1735983627,1.306893805003984,63583,0.04364653252111818,0.04364653263251968,0.24315134578892916
1260,863,0,1,2088547568,3812584651,1724037084,1.316856338914171,65085,0.009962533574739075,0.009962533910186587,0.07508344854153699
1261,863,0,1,2088547568,3805271383,1716723816,1.3229891866599601,65258,0.006132847459885405,0.006132847745790073,0.05174493540525675
1262,863,0,1,2088547568,3804144992,1715597425,1.3239360903173036,65493,0.0009469031891450585,0.0009469036573428092,0.009707141482755838
1263,863,0,1,2088547568,3801055995,1712508428,1.326536057792321,65418,0.0025999673305059927,0.0025999674750185704,0.024379049523201198
1264,863,0,1,2088547568,3800454986,1711907419,1.3270424639949958,65513,0.0005064057914389884,0.0005064062026766339,0.005767164332056714
1265,863,0,1,2088547568,3799619093,1711071526,1.3277470775664888,65504,0.0007046129765893727,0.0007046135714897884,0.007680455522328744
1266,863,0,1,2088547568,3799018588,1710471021,1.3282534840089184,65513,0.0005064057914389884,0.0005064064424297747,0.005762731744540642
1267,863,0,1,2088547568,3797322106,1708774539,1.3296850900905781,65471,0.0014316057211096818,0.0014316060816602393,0.013105706338958634
1268,863,0,1,2088547568,3796253078,1707705511,1.330587938298052,65495,0.0009028473965228007,0.0009028482074735003,0.009309973706890006
1269,863,0,1,2088547568,3735929923,1647382356,1.382471703830781,63221,0.051883765157033614,0.05188376553273118,0.2248311727277982
1270,863,0,1,2088547568,3734120054,1645572487,1.3840575678455451,65464,0.0015858634107395607,0.001585864014764059,0.01517919206774196
1271,863,0,1,2088547568,3733040347,1644492780,1.3850044718514063,65493,0.0009469031891450585,0.0009469040058605045,0.00969709949122265
1272,863,0,1,2088547568,3731208560,1642660993,1.386612373688017,65463,0.0016079015700331673,0.0016079018366117316,0.01588199911101231
1273,863,0,1,2088547568,3730481674,1641934107,1.387250915007531,65507,0.0006385408891551363,0.0006385413195136958,0.006824120164363979
1274,863,0,1,2088547568,3729880379,1641332812,1.3877793431528573,65512,0.0005284274673163702,0.0005284281453267446,0.005960362857648164
1275,863,0,1,2088547568,3728502917,1639955350,1.3889906099572578,65481,0.001211266200721556,0.001211266804398796,0.011359219334319362
1276,863,0,1,2088547568,3725450021,1636902454,1.3916787944665039,65414,0.0026881839772797777,0.002688184509246183,0.02390763056235801
1277,863,0,1,2088547568,3722202991,1633655424,1.3945434284479,65406,0.0028646334550583873,0.002864633981398414,0.02297080455434931
1278,863,0,1,2088547568,3720557769,1632010202,1.3959970701205044,65470,0.0014536415241189304,0.0014536416726031302,0.013525800793072423
1279,863,0,1,2088547568,3718988911,1630441344,1.3973846057200454,65473,0.0013875351247936642,0.001387535599541521,0.013187615696045367
1280,863,0,1,2088547568,3717944011,1629396444,1.3983094812493775,65494,0.0009248751246666447,0.0009248755293297461,0.009473042763248235
1281,863,0,1,2088547568,3714463244,1625915677,1.4013947074989765,65396,0.003085225654520128,0.0030852262495999552,0.02413684284585986
1282,863,0,1,2088547568,3712627340,1624079773,1.4030246481674027,65462,0.0016299400659799616,0.0016299406684285305,0.01463492907533092
1283,863,0,1,2088547568,3710818291,1622270724,1.4046325498980359,65463,0.0016079015700331673,0.001607901730631006,0.014343966443540274
1284,863,0,1,2088547568,3710422228,1621874661,1.4049848140915344,65520,0.0003522634716290214,0.00035226419349784825,0.004227909891679893
1285,863,0,1,2088547568,3431835755,1343288188,1.6768782933734414,54279,0.2718934786976603,0.2718934792819081,0.6660861845037254
1286,863,0,1,2088547568,3431487306,1342939739,1.67725257706104,65519,0.0003742827947452993,0.0003742836875974449,0.004463541174757649
1287,863,0,1,2088547568,3428843885,1340296318,1.6800951533535766,65407,0.002842576090103573,0.0028425762925362212,0.02283603885574772
1288,863,0,1,2088547568,3421276904,1332729337,1.68826333169093,65166,0.008168177855762418,0.008168178337355838,0.06851489596087111
1289,863,0,1,2088547568,3420951530,1332403963,1.6886155958411457,65520,0.0003522634716290214,0.0003522641502144347,0.004227909891679893
1290,863,0,2,2029611488,3875085309,1845473822,1.2186558728781378,45386,0.530040275476218,0.5300402770369939,1.316332039688765
1291,863,0,2,2029611488,3873508366,1843896879,1.2198891715454678,65480,0.0012332986384842029,0.0012332986673281561,0.011970979720627384
1292,863,0,2,2029611488,3868894122,1839282635,1.223503956213765,65372,0.0036147845889704113,0.003614784668298846,0.031117948497420084
1293,863,0,2,2029611488,3647740143,1618128656,1.4083208262593914,57656,0.18481686999197003,0.184816870045626,0.6785307246714866
1294,863,0,2,2029611488,3221727084,1192115597,1.8491230082567434,48282,0.440802181923487,0.4408021819973516,1.0620565809922746
1295,863,0,3,1911739328,4292841799,2381102472,0.8510174369279255,65450,0.0018944282800345323,0.0018944286711806916,0.017417284311551203
1296,863,0,3,1911739328,4262540293,2350800966,0.869494749736635,64702,0.0184773124756387,0.018477312808710813,0.13333202909894712
1297,863,0,3,1911739328,4245824697,2334085370,0.8797898169208125,65070,0.010295066719207489,0.010295067184177274,0.0783049845626939
1298,863,0,3,1911739328,4244720622,2332981295,0.8804724056521565,65505,0.0006825886112264284,0.0006825887313454304,0.007295373657901907
1299,863,0,3,1911739328,4237636526,2325897199,0.8848598126464573,65337,0.004387406636999922,0.004387406994299483,0.03685027376262473
1300,863,0,3,1911739328,4227237846,2315498519,0.8913243117240377,65243,0.006464498952343484,0.006464499077581079,0.0488493948149845
1301,863,0,3,1911739328,3699346864,1787607537,1.2646171133926138,50595,0.3732928013733549,0.3732928016685743,1.2468953802667808
1302,863,0,3,1911739328,3697492046,1785752719,1.2661148280247652,65468,0.0014977141398913162,0.0014977146321511169,0.014564735682621854
1303,863,0,3,1911739328,3696783586,1785044259,1.2666873006399122,65510,0.0005724718275307164,0.0005724726151481975,0.0064369376368276065
1304,863,0,3,1911739328,3695993695,1784254368,1.267325841690262,65507,0.0006385408891551363,0.0006385410503485673,0.007021750085014072
1305,863,0,3,1911739328,3694741319,1783001992,1.2683388312466164,65490,0.00101298940069043,0.001012989556354719,0.01054104053311988
1306,863,0,3,1911739328,3692483183,1780743856,1.2701671333668045,65453,0.001828301680591821,0.001828302120189056,0.016239673032135065
1307,863,0,3,1911739328,3689195371,1777456044,1.2728332631802033,65415,0.002666129309875501,0.0026661298133997184,0.0230832187180027
1308,863,0,3,1911739328,3681085944,1769346617,1.2794304447109894,65237,0.006597180899790373,0.006597181530786513,0.04421771405670616
1309,863,0,3,1911739328,3675470341,1763731014,1.2840165932580874,65328,0.004586147774849142,0.004586148547096485,0.036957675713791334
1310,863,0,3,1911739328,3672375415,1760636088,1.2865504016898583,65421,0.00253380838518502,0.002533808431772354,0.020894901486251845
1311,863,0,3,1911739328,3665497930,1753758603,1.2921969650623666,65280,0.005646563141142063,0.0056465633725069015,0.041957152056569295
1312,863,0,3,1911739328,3656212129,1744472802,1.299856041302089,65189,0.007659075998759904,0.007659076239722692,0.05011598471957459
1313,863,0,4,1675995008,3695171167,2019176160,1.0888803640854015,37928,0.7890243222736046,0.7890243227833116,0.9880547585353257
1314,863,0,4,1675995008,3689502093,2013507086,1.0929365965415592,65352,0.004056232235047779,0.0040562324561578544,0.03177643668943321
1315,863,0,4,1675995008,3688180974,2012185967,1.0938835002786576,65493,0.0009469031891450585,0.0009469037370975112,0.00929464846356167
1316,863,0,4,1675995008,3687106350,2011111343,1.0946541889118997,65501,0.0007706880901105886,0.0007706886332440187,0.008174529313479159
1317,863,0,4,1675995008,3683700079,2007705072,1.0970997902775466,65425,0.002445601177240512,0.0024456013656460837,0.021435221386242903
1318,863,0,4,1675995008,3681494348,2005499341,1.0986856539257346,65464,0.0015858634107395607,0.0015858636481877334,0.01476134278061943
1319,863,0,4,1675995008,3678556604,2002561597,1.1008005266907617,65440,0.00211487217088883,0.002114872765028294,0.018198135731505315
1320,863,0,4,1675995008,3672414714,1996419707,1.1052320959021849,65335,0.004431568968363998,0.004431569211424016,0.034048800782086046
1321,863,0,4,1675995008,3670038604,1994043597,1.1069501934049555,65458,0.0017180974165047324,0.0017180975027694856,0.01596448104048959
1322,863,0,4,1675995008,3669186656,1993191649,1.107566711416844,65508,0.0006165175324262582,0.0006165180118894996,0.006841840065218801
1323,863,0,4,1675995008,3666601492,1990606485,1.1094390973564643,65451,0.0018723857434470804,0.0018723859396197172,0.017209630122737754
1324,863,0,4,1675995008,3662257975,1986262968,1.112590507279105,65393,0.0031514098920848456,0.0031514099226407715,0.02499593902773008
1325,863,0,4,1675995008,3660197033,1984202026,1.1140882215642023,65468,0.0014977141398913162,0.0014977142850964964,0.013513633483384213
1326,863,0,4,1675995008,3657108827,1981113820,1.1163353769259672,65434,0.002247154675456557,0.0022471553617669686,0.018729968291625307
1327,863,0,4,1675995008,3646135555,1970140548,1.124348592134222,65173,0.00801321479334929,0.008013215208251465,0.05386193039529119
1328,863,0,4,1675995008,3644271713,1968276706,1.1257140928608962,65474,0.0013655003314663333,0.001365500726674387,0.012607900686150992
1329,863,0,4,1675995008,3642469701,1966474694,1.1270355252430164,65476,0.0013214317544216249,0.0013214323821218183,0.012751005218481805
1330,863,0,4,1675995008,3641929592,1965934585,1.1274318281329023,65518,0.0003963024539395264,0.00039630288988511803,0.004699172121844633
1331,863,0,4,1675995008,3640789676,1964794669,1.1282685945953368,65498,0.000836766229995985,0.0008367664624365248,0.008878152887291702
1332,863,0,4,1675995008,3640250029,1964255022,1.1286648970688908,65518,0.0003963024539395264,0.00039630247355212575,0.004699172121844633
1333,863,0,4,1675995008,3636983064,1960988057,1.1310663968984365,65427,0.0024014995955756904,0.0024014998295450764,0.02061147391840763
1334,863,0,4,1675995008,3621662844,1945667837,1.1423817107229368,65024,0.011315313227834146,0.011315313824502612,0.09103813994123051
1335,863,0,4,1675995008,3621158138,1945163131,1.1427559941875138,65519,0.0003742827947452993,0.0003742834645758228,0.004463541174757649
1336,863,0,5,1204506368,3513675245,2309168878,0.8952734594570266,38900,0.7525174652390834,0.7525174652695134,1.5618665917768262
1337,863,0,5,1204506368,3507332923,2302826556,0.8992413915142059,65356,0.0039679318989496466,0.003967932057177815,0.03154132732215016
1338,863,0,5,1204506368,3498442921,2293936554,0.9048216563580702,65283,0.00558026434097006,0.005580264843865393,0.04593595009969591
1339,863,0,5,1204506368,3448599084,2244092717,0.9365148624053568,64112,0.03169320556920205,0.03169320604728556,0.1924309372715944
1340,863,0,5,1204506368,3438257958,2233751591,0.9431783891803285,65234,0.00666352644973526,0.006663526774972285,0.05604749127870594
1341,869,6,1,553633232,2881184939,2327551708,0.8838339275114997,17072,1.940655539175575,1.9406555383311725,0.9776796361253715
1342,869,0,1,553633232,2879551220,2325917989,0.8848469171943876,65490,0.00101298940069043,0.0010129896828856588,0.010296902427028168
1343,869,0,1,553633232,2878167083,2324533852,0.8857057101517398,65497,0.0008587929491977406,0.0008587929573516294,0.008779693278219917
1344,869,0,1,553633232,2875577804,2321944573,0.8873136118862419,65463,0.0016079015700331673,0.0016079017345052209,0.015688991833862076
1345,869,0,1,553633232,2874160601,2320527370,0.8881944322029405,65496,0.000880820004703256,0.0008808203166966377,0.008905808822795664
1346,869,0,1,553633232,2866299927,2312666696,0.8930897878117854,65314,0.004895355084133475,0.004895355608847069,0.03704957991890653
1347,869,0,1,553633232,2864958964,2311325733,0.8939265542010304,65498,0.000836766229995985,0.0008367663892423986,0.008753567971575445
1348,869,0,1,553633232,2863019222,2309385991,0.8951378205580518,65481,0.001211266200721556,0.0012112663570228146,0.012201457342828464
1349,869,0,1,553633232,2861468730,2307835499,0.8961067527213729,65492,0.0009689315899683129,0.0009689321633213225,0.009530270673088152
1350,869,0,1,553633232,2859038910,2305405679,0.8976265039995575,65467,0.0015197509526750181,0.0015197512781829803,0.013863309305234918
1351,869,0,1,553633232,2855626673,2301993442,0.8997634225381894,65439,0.0021369184126987005,0.0021369185386327203,0.018856175900169622
1352,869,0,1,553633232,2851130592,2297497361,0.90258394163736,65408,0.0028205190623786626,0.002820519099172204,0.02356532010160856
1353,869,0,1,553633232,2847519718,2293886487,0.9048531446748456,65433,0.002269202938821913,0.0022692030374857073,0.01879798388301231
1354,869,0,1,553633232,2844089528,2290456297,0.9070121102055708,65438,0.0021589649914087418,0.002158965530725466,0.01875347501484612
1355,869,0,1,553633232,2838602442,2284969211,0.9104724203088956,65379,0.003460309819433334,0.0034603101033234013,0.030982398439028877
1356,869,0,1,553633232,2810918946,2257285715,0.928058107401796,64742,0.01758568669966777,0.017585687092900943,0.10830627943091782
1357,869,0,1,553633232,2660745518,2107112287,1.0273799492853648,61176,0.09932184125664205,0.09932184188356769,0.43396784363620033
1358,869,0,1,553633232,2660070326,2106437095,1.0278423129935241,65515,0.0004623634480924974,0.00046236370815855873,0.00536402669982325
1359,869,0,1,553633232,2658206108,2104572877,1.0291196779284526,65478,0.0012773645234549914,0.0012773649349294492,0.012439839351018864
1360,869,0,1,553633232,2650081459,2096448228,1.0346999428887749,65283,0.00558026434097006,0.005580264960321775,0.04930656703154967
1361,869,0,1,553633232,2649569630,2095936399,1.0350522069243766,65520,0.0003522634716290214,0.0003522640356021295,0.004227909891679893
1362,869,0,1,553633232,2430016966,1876383735,1.1946922456825035,58671,0.1596400386552486,0.15964003875812663,0.6610877176068266
1363,869,0,1,553633232,2427554670,1873921439,1.1965866743084526,65450,0.0018944282800345323,0.0018944286259496596,0.01685980933078086
1364,869,0,1,553633232,2422407791,1868774560,1.2005546062442036,65356,0.0039679318989496466,0.003967931935749655,0.0320279738563026
1365,869,0,1,553633232,2345559227,1791925996,1.2611360886452303,62841,0.060581481773217,0.060581482401028786,0.2731903631461125
1366,869,0,1,553633232,2344410836,1790777605,1.262060964516614,65494,0.0009248751246666447,0.000924875871384198,0.009365536253287446
1367,869,0,1,553633232,2342170177,1788536946,1.2638672254662033,65454,0.0018062601543034325,0.0018062609495893942,0.017621490628312066
1368,869,0,1,553633232,2341187704,1787554473,1.2646599395187792,65500,0.0007927138004626774,0.0007927140525758086,0.008468782723191254
1369,869,0,1,553633232,2337150868,1783517637,1.2679216634937767,65388,0.003261723702316598,0.003261723974995879,0.029649063813436582
1370,869,0,1,553633232,2335762937,1782129706,1.2690448038827746,65485,0.001123139814249491,0.001123140388999536,0.010924364780604417
1371,869,0,1,553633232,2333669065,1780035834,1.2707408615559252,65459,0.0016960575738423276,0.0016960576731497447,0.01644192368356803
1372,869,0,1,553633232,2332908551,1779275320,1.2713573796098707,65508,0.0006165175324262582,0.000616518053944592,0.006638852868734327
1373,869,0,1,553633232,2331659670,1778026439,1.272370369016702,65490,0.00101298940069043,0.0010129894068313843,0.010252945676533634
1374,869,0,1,553633232,2330682970,1777049739,1.2731630835529515,65500,0.0007927138004626774,0.0007927145362499306,0.008304920493711886
1375,869,0,1,553633232,2327212169,1773578938,1.2759836032079335,65408,0.0028205190623786626,0.002820519654980399,0.022993127074315143
1376,869,0,1,553633232,2324965967,1771332736,1.2778119054156853,65453,0.001828301680591821,0.0018283022077544603,0.016694387896445975
1377,869,0,1,553633232,2323479405,1769846174,1.2790231719491558,65481,0.001211266200721556,0.0012112665334695501,0.011472987008340332
1378,869,0,1,553633232,2322372170,1768738939,1.2799260200902758,65495,0.0009028473965228007,0.0009028481411189774,0.009079522483686717
1379,869,0,1,553633232,2321400572,1767767341,1.2807187344476816,65500,0.0007927138004626774,0.0007927143574049739,0.008084339268803174
1380,869,0,1,553633232,2317759083,1764125852,1.283693660186497,65401,0.002974925338641957,0.002974925738817454,0.026415307139685498
1381,869,0,1,553633232,2316601590,1762968359,1.2846405639951364,65493,0.0009469031891450585,0.0009469038086386842,0.00929464846356167
1382,869,0,1,553633232,2315686964,1762053733,1.2853892267777454,65502,0.0007486627160211863,0.0007486627826102819,0.007885698691122444
1383,869,0,1,553633232,2312245452,1758612221,1.288209746498655,65408,0.0028205190623786626,0.00282051972090979,0.022505574064177157
1384,869,0,1,553633232,2308434982,1754801751,1.2913390949737753,65394,0.0031293481422027154,0.0031293484751187483,0.026569855649235963
1385,869,0,1,553633232,2301312526,1747679295,1.2972066762565255,65270,0.0058675811486044276,0.005867581282751817,0.04122640233793701
1386,869,0,1,553633232,2298192432,1744559201,1.299784590304359,65419,0.002577914011629573,0.0025779140478322192,0.021582569037913724
1387,869,0,1,553633232,2293959874,1740326643,1.3032890341873085,65377,0.0035044437801235195,0.0035044438829491087,0.027309233201337026
1388,869,0,1,553633232,2291649564,1738016333,1.3052055060781207,65449,0.0019164711534089207,0.0019164718908129832,0.01695041634123178
1389,869,0,1,553633232,2281094594,1727461363,1.3139937028570259,65138,0.008788196608320059,0.008788196778903606,0.056646815966029496
1390,869,0,1,553633232,2277931517,1724298286,1.316637778484072,65416,0.0026440749796186494,0.002644075627048817,0.02167231555460932
1391,869,0,1,553633232,2274932096,1721298865,1.3191495352017881,65422,0.0025117560775962753,0.002511756717713904,0.02069370020561915
1392,869,0,1,553633232,2274433062,1720799831,1.3195678578274084,65517,0.000418322449221962,0.00041832262562125163,0.00492328406377429
1393,869,0,1,553633232,2271833587,1718200356,1.3217488698667985,65437,0.002181011907029251,0.0021810120393912047,0.01889545224531633
1394,869,0,1,553633232,2271361669,1717728438,1.322145172469913,65518,0.0003963024539395264,0.0003963026031134564,0.004699172121844633
1395,869,0,1,553633232,2267613573,1713980342,1.3252965830404264,65393,0.0031514098920848456,0.003151410570512628,0.025797207730414037
1396,869,0,1,553633232,2245043305,1691410074,1.3444206695871124,64673,0.019124085915430057,0.019124086546685768,0.14225307035230503
1397,869,0,1,553633232,2244578745,1690945514,1.34481697233824,65518,0.0003963024539395264,0.0003963027511285489,0.004699172121844633
1398,871,2,0,1107266464,3608542707,2501276244,0.7799827466953069,48471,0.435165773552618,0.4351657743570663,1.2277085729826258
1399,871,0,0,1107266464,3599649924,2492383461,0.7851210974255842,65303,0.005138350184117335,0.00513835073027898,0.03857603999073981
1400,871,0,0,1107266464,3584703837,2477437374,0.7937985573654807,65143,0.008677459429330238,0.00867745993989398,0.06409541499472425
1401,876,5,2,2118176512,3787543551,1669367040,1.3633459543026802,345,7.569547448334468,7.569547396937199,0.11714418923178062
1402,876,0,2,2118176512,3782882079,1664705568,1.3673801117493483,65353,0.00403415664435244,0.0040341574466684245,0.03206156794527451
1403,876,0,2,2118176512,3704518787,1586342276,1.4369430593275894,62451,0.06956294720034098,0.06956294757824129,0.4165686302350965
1404,876,0,2,2118176512,3682297989,1564121478,1.4572945816406246,64618,0.020351522195376025,0.02035152231303641,0.1488915579101185
1405,879,3,1,558897484,2617248507,2058351024,1.061158110623463,21561,1.6038635285575233,1.6038635289828367,1.9326326597906274
1406,879,0,1,558897484,2592436231,2033538748,1.0786546651645885,64746,0.017496554422307842,0.01749655454112698,0.11532907347768044
1407,879,0,1,558897484,2590636529,2031739046,1.0799320299360353,65478,0.0012773645234549914,0.00127736477144525,0.01276434404699418
1408,879,0,1,558897484,2587939365,2029041882,1.0818485015549015,65449,0.0019164711534089207,0.0019164716188675547,0.018032922862139797
1409,879,0,1,558897484,2582521238,2023623755,1.0857060660870381,65361,0.0038575640782688957,0.0038575645321373532,0.03349609825109938
1410,879,0,1,558897484,2577766018,2018868535,1.0891001779291472,65382,0.0033941114097633825,0.0033941118421077334,0.027366990377974316
1411,879,0,1,558897484,2573145194,2014247711,1.0924060299700784,65386,0.0033058515883184468,0.003305852040933426,0.02833912991457962
1412,879,0,1,558897484,2563740289,2004842806,1.0991580224979955,65230,0.0067519919293367444,0.006751992527916903,0.046169263301777376
1413,879,0,1,558897484,2557927909,1999030426,1.1033467153993008,65346,0.00418869287333474,0.004188692901305826,0.034363676468121836
1414,879,0,1,558897484,2555091150,1996193667,1.1053954509565536,65443,0.0020487354667572794,0.002048735557252117,0.017886060114696296
1415,879,0,1,558897484,2551131415,1992233932,1.1082600845911728,65406,0.0028646334550583873,0.0028646336346176107,0.02491856048089569
1416,886,7,0,171816512,4271071295,4099254784,0.06728548436747772,2107,4.959025401182694,4.959025399776306,0.21565362324545218
1417,888,2,1,1031138176,3340471775,2309333600,0.8951705500773066,4615,3.8278850674668634,3.8278850657098284,1.3878666004807139
1418,888,0,1,1031138176,3279404954,2248266779,0.9338339103194606,63803,0.03866335973049418,0.03866336024215584,0.21757152023861237
1419,888,0,1,1031138176,2980566881,1949428706,1.1395957521815099,56825,0.2057618414074275,0.20576184186204935,0.6017588311669987
1420,888,0,1,1031138176,2969917841,1938779666,1.1474982893617138,65178,0.007902537081509986,0.007902537180202899,0.06165692539631356
1421,888,0,1,1031138176,2962876984,1931738809,1.1527471058950134,65298,0.005248816033658596,0.005248816533297573,0.039528933065910474
1422,888,0,1,1031138176,2942833307,1911695132,1.1677946784591882,64856,0.015047572267633055,0.015047572564175554,0.11270139191539301
1423,888,0,1,1031138176,2937495169,1906356994,1.1718288351360115,65353,0.00403415664435244,0.0040341566768241485,0.034543388257329916
1424,893,5,0,246378736,3445670223,3199291488,0.4248947033775039,6874,3.253065863627703,3.253065868241492,1.388186251704566
1425,893,0,0,246378736,3387333532,3140954797,0.45144396539673437,64341,0.026549261646260494,0.026549262019231572,0.16565286114377545
1426,893,0,0,246378736,3372907454,3126528719,0.45808537670373184,65235,0.006641410927413218,0.0066414113069986885,0.0532573956350033
1427,893,0,0,246378736,3363843115,3117464380,0.4622740700296646,65346,0.00418869287333474,0.004188693325930563,0.03203707790960669
1428,893,0,0,246378736,3358230004,3111851269,0.46487403768314906,65418,0.0025999673305059927,0.002599967653484535,0.022966012538322065
1429,893,0,0,246378736,3352769449,3106390714,0.4674078463273119,65421,0.00253380838518502,0.002533808644165117,0.022238658475266498
1430,893,0,0,246378736,3346370481,3099991746,0.47038277181123433,65401,0.002974925338641957,0.0029749254839190123,0.025798244384190747
1431,893,0,0,246378736,3314867268,3068488533,0.48511895390704396,64870,0.014736181634284957,0.014736182095811968,0.09219793226451031
1432,893,0,0,246378736,3193225220,2946846485,0.5434752403186884,62938,0.05835628604564464,0.05835628641164375,0.3060768041813961
1433,893,0,0,246378736,3192370879,2945992144,0.5438935628318831,65517,0.000418322449221962,0.000418322513193555,0.00492328406377429
1434,893,0,0,246378736,3184684040,2938305305,0.5476628389127605,65365,0.003769275900471719,0.0037692760808790745,0.029091446131591873
1435,893,0,0,246378736,3137338300,2890959565,0.5710987156083007,64480,0.023435876584670282,0.023435876695540325,0.171703970953955
1436,893,0,0,246378736,3136588386,2890209651,0.571472998793773,65519,0.0003742827947452993,0.00037428318547296223,0.004463541174757649
1437,893,0,1,1835875842,3529358057,1693482216,1.3426543094759253,19200,1.7711813095041191,1.7711813106821515,1.5339341634676107
1438,893,0,2,1524268036,3363593963,1839325928,1.2234699984847275,35590,0.8808156876028522,0.8808156890088036,1.596109530468594
1439,893,0,3,901052424,2781017753,1879965330,1.1919410898014,33492,0.9684710902127764,0.9684710913166709,2.1796110964839452
1440,893,0,3,901052424,2638677848,1737625425,1.3055300280367632,60574,0.11358893764473955,0.11358893823536295,0.600911660300351
1441,893,0,3,901052424,2475245183,1574192760,1.448034936255329,59372,0.14250490802642293,0.14250490821856546,0.7930614219425628
1442,893,0,3,901052424,2471377918,1570325495,1.4515835159726507,65375,0.0035485790909715823,0.003548579717322961,0.029563361241776755
1443,893,0,3,901052424,2467496192,1566443769,1.45515416413809,65374,0.003570647252730634,0.003570648165439354,0.030464122985994446
1444,893,0,3,901052424,2462715784,1561663361,1.4595636526864766,65336,0.004409487633700345,0.0044094885483853775,0.03877239146803955
1445,893,0,3,901052424,2457354238,1556301815,1.464525275419927,65311,0.00496162241616682,0.004961622733451786,0.04312739704284817
1446,893,0,3,901052424,2445528092,1544475669,1.4755300024612872,65038,0.011004727035857196,0.011004727041358924,0.07896280383942288
1447,893,0,3,901052424,2443972681,1542920258,1.4769836442870528,65470,0.0014536415241189304,0.0014536418257647186,0.013738235762573164
1448,893,0,3,901052424,2442465922,1541413499,1.478393215417352,65472,0.0014095702546713536,0.0014095711303019941,0.013993393124493431
1449,893,0,3,901052424,2440325592,1539273169,1.4803978619825244,65445,0.0020046460149816775,0.0020046465651712493,0.018205675726697422
1450,893,0,3,901052424,2438845882,1537793459,1.4817853980365605,65473,0.0013875351247936642,0.0013875360540345023,0.01336229768612831
1451,893,0,3,901052424,2436382071,1535329648,1.4840986985775437,65431,0.0023133004764488018,0.002313300540984799,0.021400965713083513
1452,893,0,3,901052424,2434742162,1533689739,1.4856404866920165,65466,0.0015417881020707706,0.0015417881144721474,0.014110441442892894
1453,893,0,3,901052424,2388405710,1487353287,1.5298997784714103,63556,0.04425929126060147,0.04425929177939341,0.22962237578139147
1454,893,0,3,901052424,2355225312,1454172889,1.5624483421792057,64074,0.0325485628337972,0.03254856370779473,0.20377934769001724
1455,893,0,3,901052424,2349212115,1448159692,1.5684264454204175,65265,0.005978102850952038,0.005978103241212729,0.04726428144300155
1456,893,0,3,901052424,2343488949,1442436526,1.5741393111220674,65277,0.005712864988203938,0.005712865701649686,0.044973342587388665
1457,893,0,3,901052424,2336555851,1435503428,1.5810903702908696,65221,0.006951059094611086,0.006951059168802988,0.05574117511484552
1458,893,0,3,901052424,2332262658,1431210235,1.5854115363432086,65340,0.004321165674574595,0.004321166052337641,0.032470144339366624
1459,893,0,3,901052424,2330712122,1429659699,1.5869753619407057,65465,0.0015638255880888565,0.0015638255974969415,0.014051163169940891
1460,893,0,3,901052424,2321506244,1420453821,1.5962952157866894,65114,0.009319853417784537,0.009319853845986168,0.06985575878584878
1461,902,9,2,873395968,3331446783,2458050816,0.8051324047403519,443,7.208837111444982,7.2088371889536615,0.0740613938088855
1462,902,0,2,873395968,3264759552,2391363585,0.8448136506783399,63758,0.03968124575417099,0.03968124593798716,0.21333303460445568
1463,902,0,2,873395968,3258775304,2385379337,0.8484284357194021,65372,0.0036147845889704113,0.00361478504106251,0.030730755020321313
1464,902,0,2,873395968,3073218299,2199822332,0.9652601363970241,60438,0.11683170048094182,0.11683170067762079,0.6039541472552711
1465,902,0,2,873395968,3072446266,2199050299,0.9657665425994146,65513,0.0005064057914389884,0.0005064062023935118,0.005835285569952072
1466,902,0,3,1550119846,3251216249,1701096404,1.336182242736335,25348,1.37041569980615,1.3704157001369204,1.8002861746462266
1467,909,7,0,91405632,3991135919,3899730288,0.1392727978389523,9390,2.803090557458863,2.8030905551026164,1.403060425994883
1468,918,9,0,547535360,3563732991,3016197632,0.5099161837980795,99,9.37064337992039,9.370643385959127,0.729807845128966
1469,918,0,0,547535360,3224723717,2677188358,0.681928500276431,58170,0.17201231628468902,0.1720123164783506,0.6205670308917924
1470,919,1,0,1095070720,4261813295,3166742576,0.43964755033146474,38760,0.7577190496975565,0.7577190500550331,2.1772506179300413
1471,919,0,0,1095070720,3869014674,2773943955,0.6307085063912901,57407,0.19106095585704722,0.19106095605982573,0.7785891017381482
1472,919,0,0,1095070720,3398465129,2303394410,0.8988856811998502,54419,0.26817717448949785,0.2681771748085618,1.020056879749517
1473,919,0,0,1095070720,3239214029,2144143310,1.0022458103128749,61005,0.1033601289293485,0.10336012911302402,0.3698768999361609
1474,919,0,1,42657792,2958792151,2916134360,0.5585899530841232,44566,0.5563441420921443,0.5563441427712488,1.2167708368036148
1475,919,0,1,42657792,2295524652,2252866861,0.9308850897198653,50630,0.3722951362028266,0.37229513663574104,0.780143031045351
1476,919,0,1,42657792,2265342506,2222684715,0.9503438275926541,64658,0.01945873771137021,0.019458737872787905,0.11135220517011624
1477,919,0,1,42657792,2248622175,2205964384,0.961237647668927,65043,0.010893819598060787,0.010893820076274497,0.06644643330050791
1478,919,0,1,42657792,2245660064,2203002273,0.9631761624392468,65448,0.0019385143635805371,0.0019385147703203764,0.01795514770424658
1479,919,0,1,42657792,2237928580,2195270789,0.9682482373000738,65306,0.005072074734134133,0.0050720748608256375,0.04358894159593439
1480,921,2,0,85315584,3888182741,3802867158,0.17555960248093072,56764,0.20731136479356924,0.2073113651808586,0.6194894111373784
1481,921,0,0,85315584,3453907566,3368591983,0.3505014518225451,58052,0.17494184896043813,0.1749418493416121,0.7715930591800815
1482,921,0,0,85315584,3449384310,3364068727,0.3524399662562203,65448,0.0019385143635805371,0.0019385144336776996,0.01907928413894704
1483,921,0,0,85315584,3362582548,3277266965,0.39015394692186334,63845,0.037713980282262236,0.0377139806656416,0.17962485921725616
1484,921,0,0,85315584,2349888253,2264572670,0.923408309886284,45285,0.5332543628778563,0.5332543629644214,1.230189603365587
1485,921,0,0,85315584,2207557704,2122242121,1.0170578871034301,61417,0.09364957689004637,0.09364957721714504,0.41205437088014557
1486,922,1,0,170631168,2449282427,2278651260,0.9144670041957141,35183,0.8974091160206409,0.8974091170922839,1.133666662410426
1487,922,0,0,170631168,2384333077,2213701910,0.9561861795032236,63668,0.04171917483097813,0.04171917530751036,0.27369803408646803
1488,922,0,0,170631168,2378050292,2207419125,0.9602865643569025,65350,0.004100384429842091,0.004100384853678983,0.03185347176268242
1489,923,1,0,341262336,2877557807,2536295472,0.7599243204267481,37650,0.7996377555533472,0.7996377560698469,1.3055670404431552
1490,923,0,0,341262336,2874732648,2533470313,0.7615322224379142,65463,0.0016079015700331673,0.0016079020111654668,0.014813563571707756
1491,923,0,0,341262336,2873109025,2531846690,0.7624570975954654,65494,0.0009248751246666447,0.0009248751575502297,0.009404527367196096
1492,923,0,0,341262336,2860553327,2519290992,0.7696293750852661,65211,0.0071722770539639595,0.0071722774898021644,0.058264612091691426
1493,923,0,0,341262336,2844523292,2503260957,0.7788384507743054,65119,0.009209075424372897,0.009209075689038396,0.06708443864916874
1494,923,0,0,341262336,2653272260,2312009925,0.8934995549582148,60529,0.11466110397964466,0.11466110418390922,0.5157174389610519
1495,923,0,0,341262336,2254801921,1913539586,1.1664033992089742,54241,0.27290384386158373,0.2729038442507599,0.9033990622692009
1496,923,0,0,341262336,2252991626,1911729291,1.167768899987088,65474,0.0013655003314663333,0.001365500778114502,0.01381360946530274
1497,924,1,0,682524672,3511263269,2828738598,0.6024882816844546,48486,0.4347193813212992,0.43471938169736574,0.9076991024712634
1498,924,0,0,682524672,3510572658,2828047987,0.6028405456614898,65520,0.0003522634716290214,0.0003522639770343197,0.004227909891679893
1499,924,0,0,682524672,3508458181,2825933510,0.6039196244047815,65487,0.0010790786396167112,0.0010790787432927206,0.010371275120087708
1500,924,0,0,682524672,3500653402,2818128731,0.6079096311250787,65355,0.003990006476313711,0.003990006720297729,0.03655245767583265
1501,924,0,0,682524672,3500008383,2817483712,0.6082398758770218,65521,0.00033024448458043404,0.0003302447519429038,0.0039922782726164955
1502,924,0,0,682524672,3334878455,2652353784,0.6953739239641301,61695,0.08713404789109941,0.08713404808710545,0.4421212298492302
1503,924,0,0,682524672,2169940843,1487416172,1.5298387829025692,36752,0.8344648586220762,0.8344648589384414,1.276142622591368
1504,925,1,1,582615040,2663581435,2080966396,1.0453934777764289,22922,1.5155546922283558,1.5155546948738603,2.122983144983095
1505,925,0,1,582615040,2645386950,2062771911,1.058062840572866,64963,0.012669362539755842,0.012669362796437359,0.08126248135164646
1506,925,0,1,582615040,2280933276,1698318237,1.338540324388184,53957,0.2804774835328066,0.2804774838153156,1.2338865636769003
1507,925,0,1,582615040,2180541356,1597926317,1.4264462612456867,61662,0.08790593659599732,0.08790593685750224,0.39495491397179283
1508,935,10,1,516918272,3188451327,2671533056,0.684979277671232,107,9.258533013598854,9.258533016425547,1.7835021025411284
1509,939,4,0,1657027272,4012555015,2355527744,0.8665968214816928,7223,3.1816175449588444,3.1816175438104595,0.5136373885298575
1510,939,0,2,185658144,2780994251,2595336108,0.7267257596675911,18052,1.8601289367875127,1.8601289381858979,2.825253356254329
1511,942,3,0,371316288,2561685551,2190369264,0.971473038546474,27655,1.2447472783967124,1.2447472788788836,2.3648936070686872
1512,942,0,0,371316288,2560849991,2189533704,0.9720234883129635,65511,0.0005504494793435254,0.0005504497664884061,0.006116351545599367
1513,943,1,0,742632576,4263272873,3520640298,0.286809310690181,52689,0.31478582181206716,0.31478582237721825,1.0081364272253441
1514,943,0,0,742632576,3782526260,3039893685,0.49862627721505604,56587,0.21181696650484616,0.21181696652487644,0.6149590300849147
1515,944,1,2,1246086336,3972416767,2726330432,0.6556867182368187,7347,3.1570604407148655,3.1570604410217618,1.7104410982343872
1516,944,0,2,1246086336,3934685112,2688598777,0.6757926699479633,64629,0.020105951381537472,0.020105951711146534,0.10915718486938247
1517,944,0,3,344689024,3954539845,3609850822,0.2507079274075892,43996,0.574915256757153,0.5749152574596229,1.5354812770501574
1518,944,0,3,344689024,3876543800,3531854777,0.28222112262227483,64120,0.03151319495808961,0.03151319521468661,0.16218572349872618
1519,944,0,3,344689024,3852831396,3508142373,0.29193984730376954,65096,0.009718724639678695,0.009718724681495717,0.07132304920182353
1520,944,0,3,344689024,3851546675,3506857652,0.2924682751383365,65512,0.0005284274673163702,0.0005284278345665819,0.005948844188486734
1521,944,0,3,344689024,3651150222,3306461199,0.3773591742256919,61791,0.08489089884056564,0.08489089908735722,0.3690348096779697
1522,944,0,3,344689024,3637174853,3292485830,0.38346991450164225,65259,0.006110740070948834,0.006110740275950302,0.0496662837617894
1523,944,0,3,344689024,2679763621,2335074598,0.8791785059522255,46479,0.4957085910919435,0.4957085914505821,0.9113012034709902
1524,944,0,3,344689024,2195795751,1851106728,1.2142590679217307,51953,0.33508056121213753,0.3350805619695057,1.0795971080338196
1525,952,8,1,338546752,3440596671,3102049920,0.46942524276128594,1716,5.255166162500454,5.2551661748395535,1.4721558348819865
1526,952,0,1,338546752,2504244871,2165698120,0.9878149885390997,45754,0.5183897452964122,0.5183897457778147,1.5123814337111328
1527,954,2,0,677093504,3175498053,2498404550,0.7816400441585074,37802,0.7938250549525784,0.7938250556194051,2.269974324305354
1528,954,0,0,677093504,2654742954,1977649451,1.1188604227091261,51876,0.3372203783829401,0.33722037855062176,0.7821560113094849
1529,958,4,0,470379072,2583702223,2113323152,1.0231337568092478,4377,3.904273331360953,3.904273334100119,0.6902123409201973
1530,958,0,0,470379072,2508115835,2037736764,1.0756794506435412,63192,0.05254569323278097,0.05254569383429499,0.24129768913396393
1531,958,0,0,470379072,2378238722,1907859651,1.1706921005894557,61359,0.09501264978045075,0.0950126499459124,0.4227737687199207
1532,958,0,0,470379072,2330582987,1860203916,1.2071863674348116,63899,0.03649426684212596,0.03649426684535658,0.1776104662564678
1533,959,1,0,940758144,2879757317,1938999174,1.1473349571468354,34156,0.9401485892291972,0.9401485897120245,1.0320691308074894
1534,959,0,0,940758144,2540041916,1599283773,1.425221196203367,54054,0.27788623900053794,0.2778862390565329,0.8349309684749501
1535,959,0,0,940758144,2539309821,1598551678,1.4258817616768553,65506,0.0006605645820851047,0.0006605654734869965,0.0070597470791616684
1536,959,0,0,940758144,2538943941,1598185798,1.4262120066643327,65521,0.00033024448458043404,0.00033024498747765254,0.0039922782726164955
1537,959,0,0,940758144,2538236735,1597478592,1.4268505484392051,65507,0.0006385408891551363,0.0006385417748719669,0.007015835540902371
1538,959,0,0,940758144,2533995382,1593237239,1.4306860404528514,65362,0.0038354915272883166,0.0038354920136470998,0.035131794224252444
1539,959,0,0,940758144,2533630718,1592872575,1.431016285784871,65521,0.00033024448458043404,0.0003302453320198429,0.0039922782726164955
1540,959,0,0,940758144,2445086485,1504328342,1.513527655011746,61893,0.08251136830256973,0.08251136922687351,0.40379864846231905
1541,960,1,0,1881516288,4206320585,2324804298,0.8855378707342219,50640,0.3720102156842963,0.3720102157224756,0.9491110203344274
1542,960,0,1,1615548928,3741913355,2126364428,1.0142582709640529,29971,1.128720399429479,1.1287204002298314,2.0035043131386647
1543,960,0,1,1615548928,3732763654,2117214727,1.0204795517422305,65254,0.00622128040345171,0.006221280778178287,0.04404691877493977
1544,960,0,1,1615548928,3264873930,1649325003,1.3807714330986265,51053,0.36029188054324846,0.36029188135639645,1.4737043094292965
1545,960,0,2,1083614208,4070650103,2987035896,0.523932571013173,59345,0.14316113698732347,0.1431611379145442,0.5601516636985596
1546,960,0,3,19744768,3481891475,3462146708,0.3109802860060178,37980,0.7870477149631402,0.7870477149928468,2.1046607875091
1547,960,0,3,19744768,3475657751,3455912984,0.313580253492713,65418,0.0025999673305059927,0.002599967486695583,0.021730873045012256
1548,960,0,3,19744768,3017513036,2997768269,0.5187582804350193,56848,0.20517802666877785,0.20517802694230444,1.0046031117200518
1549,960,0,3,19744768,2977717223,2957972456,0.5380385275785216,64666,0.019280247093359112,0.019280247143504608,0.10570187278259238
1550,960,0,3,19744768,2973474525,2953729758,0.5401093086137969,65442,0.002070780697928415,0.0020707810352753216,0.01994482798683885
1551,960,0,3,19744768,2971040726,2951295959,0.5412985430438972,65482,0.0011892340994270377,0.0011892344301004333,0.011354774273259297
1552,960,0,3,19744768,2967798335,2948053568,0.5428844066601961,65464,0.0015858634107395607,0.001585863616297344,0.01439505152858456
1553,960,0,3,19744768,2965054327,2945309560,0.5442278728386256,65475,0.00134346587467908,0.0013434661784297677,0.012923416002042408
1554,960,0,3,19744768,2958987176,2939242409,0.5472027983071079,65401,0.002974925338641957,0.0029749254684817744,0.02425006036493779
1555,960,0,3,19744768,2954636795,2934892028,0.5493397171364194,65439,0.0021369184126987005,0.0021369188293106933,0.01932302038066541
1556,960,0,3,19744768,2949173281,2929428514,0.5520279013097422,65414,0.0026881839772797777,0.002688184173323312,0.023707976475038233
1557,960,0,3,19744768,2943317642,2923572875,0.5549145926339278,65405,0.0028866911572534176,0.002886691324188026,0.024177683556877307
1558,960,0,3,19744768,2924046043,2904301276,0.564456027788097,65104,0.009541434926289505,0.00954143515416608,0.06689913275568887
1559,960,0,3,19744768,2919614430,2899869663,0.5666590874180848,65436,0.002203059159570524,0.002203059629988173,0.02071764520925349
1560,960,0,3,19744768,2911782445,2892037678,0.5705607979053262,65359,0.003901710193354622,0.0039017104872408944,0.033976499861017806
1561,960,0,3,19744768,2899293940,2879549173,0.5768041873978369,65253,0.006243389486350209,0.006243389492512019,0.05019068499089741
1562,960,0,3,19744768,2894328897,2874584130,0.5792938915164001,65423,0.002489704107082812,0.002489704118562223,0.021320348285342256
1563,960,0,3,19744768,2875336359,2855591592,0.5888574867898164,65103,0.009563594949036629,0.00956359527341634,0.0723223516195767
1564,960,0,3,19744768,2868103262,2848358495,0.5925164103800995,65370,0.003658923275574609,0.0036589235902825617,0.028362326342143553
1565,960,0,3,19744768,2861192724,2841447957,0.5960208542970626,65377,0.0035044437801235195,0.0035044439169655346,0.026428576705337065
1566,960,0,3,19744768,2816665028,2796920261,0.6188080222317076,64509,0.02278716767320181,0.022787167934643512,0.14382913799845742
1567,960,0,3,19744768,2800703599,2780958832,0.6270647581464885,65162,0.008256735650946383,0.008256735914783202,0.05565049976358999
1568,960,0,3,19744768,2794296055,2774551288,0.630392674342275,65385,0.003327916037484043,0.0033279161957866805,0.02688498131228439
1569,960,0,3,19744768,2788326637,2768581870,0.6334999614412204,65395,0.003107286729684582,0.0031072870989421173,0.02647886269650103
1570,960,0,3,19744768,2782201082,2762456315,0.6366954958558004,65391,0.003195534403982369,0.00319553441458097,0.026905968210025923
1571,960,0,3,19744768,2738658336,2718913569,0.6596168554664352,64503,0.022921359380199218,0.022921359610634653,0.13375173840510243
1572,960,0,3,19744768,2737953051,2718208284,0.6599911384805459,65519,0.0003742827947452993,0.00037428301411310624,0.004463541174757649
1573,960,0,3,19744768,2736999089,2717254322,0.6604975447831904,65513,0.0005064057914389884,0.0005064063026422865,0.005724733926613502
1574,960,0,3,19744768,2732479729,2712734962,0.6628990448320842,65427,0.0024014995955756904,0.0024015000488945342,0.023396688847625205
1575,960,0,3,19744768,2731858833,2712114066,0.6632292894451233,65521,0.00033024448458043404,0.0003302446130374464,0.0039922782726164955
1576,960,0,3,19744768,2535990365,2516245598,0.7713744027614595,60803,0.1081451129272858,0.10814511331633868,0.43979265192458916
1577,960,0,3,19744768,2467532328,2447787561,0.811168791410882,63753,0.03979438854511675,0.03979438864942144,0.21115226617875477
1578,960,0,3,19744768,2402393450,2382648683,0.8500809014341009,63792,0.03891211000266933,0.03891211002321737,0.23316777631393495
1579,960,0,3,19744768,2401120978,2381376211,0.8508515897191415,65501,0.0007706880901105886,0.0007706882850418075,0.008208751713530468
1580,960,0,3,19744768,2392618139,2372873372,0.8560120326129557,65302,0.005160442677374364,0.005160442893813055,0.04509277124790335
1581,960,0,3,19744768,2388671557,2368926790,0.8584135322122854,65427,0.0024014995955756904,0.002401499599329944,0.021677113010690374
1582,960,0,3,19744768,2371176431,2351431664,0.8691077400100014,65052,0.010694207693088046,0.010694207797716158,0.07980847183647419
1583,960,0,3,19744768,2362816391,2343071624,0.8742460902291427,65303,0.005138350184117335,0.005138350219142873,0.037921421108811
1584,960,0,3,19744768,2361600808,2341856041,0.8749947530605233,65502,0.0007486627160211863,0.000748662831379722,0.007927385409858594
1585,960,0,3,19744768,2358885032,2339140265,0.8766687714749111,65460,0.0016740180678742555,0.0016740184143893536,0.01617585807773788
1586,960,0,3,19744768,2356457945,2336713178,0.8781664859502989,65468,0.0014977141398913162,0.0014977144753859097,0.014116109075680202
1587,960,0,3,19744768,2354960417,2335215650,0.8790913614664824,65494,0.0009248751246666447,0.0009248755161834283,0.009496080101571096
1588,960,0,3,19744768,2354176500,2334431733,0.8795757462973839,65514,0.000484384451701118,0.00048438483090172403,0.005557620055609438
1589,960,0,3,19744768,2351219990,2331475223,0.881404048030106,65453,0.001828301680591821,0.0018283017327210503,0.016799262237565407
1590,960,0,3,19744768,2349441215,2329696448,0.8825051574408107,65486,0.001101109058724726,0.0011011094107075542,0.010595376643600043
1591,960,0,3,19744768,2347379410,2327634643,0.883782522517496,65478,0.0012773645234549914,0.0012773650766852776,0.0122742089650894
1592,960,0,3,19744768,2345745633,2326000866,0.8847955120686137,65490,0.00101298940069043,0.00101298955111472,0.010110770693591627
1593,960,0,3,19744768,2341131678,2321386911,0.8876601459248015,65406,0.0028646334550583873,0.0028646338561904646,0.02359451497627376
1594,960,0,3,19744768,2335251700,2315506933,0.8913190693047852,65370,0.003658923275574609,0.003658923379981662,0.02746863859384499
1595,960,0,3,19744768,2333131790,2313387023,0.892640501114208,65476,0.0013214317544216249,0.001321431809423078,0.01264271560783944
1596,960,0,3,19744768,2329884237,2310139470,0.8946671919467235,65444,0.002026690572445132,0.0020266908325160126,0.019622124448632657
1597,960,0,3,19744768,2326711743,2306966976,0.8966497938792912,65446,0.0019826017943566226,0.0019826019325673385,0.01715492507195694
1598,960,0,3,19744768,2322769172,2303024405,0.899117446656355,65424,0.0024676524736343256,0.0024676527770637665,0.02109149867129441
1599,960,0,3,19744768,2317427684,2297682917,0.9024674279404188,65384,0.003349980824106516,0.00334998128406448,0.027960669486271406
1600,960,0,3,19744768,2310591011,2290846244,0.9067665142863177,65341,0.004299086029623652,0.004299086345899613,0.033008582621960096
1601,960,0,3,19744768,2291889797,2272145030,0.9185922216535474,65001,0.011825707171868469,0.011825707367228298,0.08767950041954019
1602,960,0,3,19744768,2275282779,2255538012,0.9291755463844069,65057,0.01058332412303531,0.010583324730861043,0.06826130105355624
1603,960,0,3,19744768,2270326762,2250581995,0.9323490189152608,65392,0.0031734719793412905,0.0031734725308542136,0.026929841902785547
1604,960,0,3,19744768,2253293548,2233548781,0.9433093823784908,65040,0.01096036303760991,0.010960363463229848,0.07000862880448216
1605,960,0,3,19744768,2233560504,2213815737,0.9561119990429532,64957,0.012802616392149435,0.012802616664460925,0.08945450672926263
1606,960,0,3,19744768,2227412517,2207667750,0.9601240805530402,65354,0.004012081391444529,0.004012081510085518,0.029991125218730975
1607,960,0,3,19744768,2221146858,2201402091,0.9642244652501191,65350,0.004100384429842091,0.004100384697079182,0.03342259533442343
1608,960,0,3,19744768,2220374271,2200629504,0.9647308711769931,65513,0.0005064057914389884,0.0005064059268750165,0.005804767991827072
1609,960,0,3,19744768,2219400481,2199655714,0.9653694125247476,65507,0.0006385408891551363,0.0006385413477539858,0.0070040933642381556
1610,960,0,3,19744768,2218829891,2199085124,0.9657436957109198,65519,0.0003742827947452993,0.0003742831861729323,0.004463541174757649
1611,960,0,3,19744768,2217152122,2197407355,0.9668448048997185,65486,0.001101109058724726,0.0011011091887993113,0.010827244484047616
1612,960,0,3,19744768,2205651409,2185906642,0.9744153598254073,65193,0.0075705548813454395,0.007570554925687095,0.0637961045612723
1613,960,0,3,19744768,2205151094,2185406327,0.9747456047553165,65521,0.00033024448458043404,0.00033024492991139576,0.0039922782726164955
1614,964,4,0,39489536,3958054865,3918565330,0.1323215963021731,58755,0.15757599144073506,0.15757599154685567,0.6097240051099698
1615,964,0,0,39489536,3465962081,3426472546,0.32592301830485937,57306,0.19360142183356524,0.19360142200268698,0.6685353504366242
1616,964,0,0,39489536,2575777730,2536288195,0.759928459734251,48510,0.43400544091781984,0.434005441429391,1.2002996354299804
1617,964,0,0,39489536,2569740422,2530250887,0.763366703590048,65380,0.0034382433453716316,0.003438243855797064,0.028847865249796174
1618,964,0,0,39489536,2537000359,2497510824,0.7821562154645996,64688,0.0187895117283053,0.018789511874551895,0.14296326343304863
1619,964,0,0,39489536,2501330343,2461840808,0.8029096713295942,64600,0.0207534555313504,0.02075345586499424,0.1348450586216646
1620,964,0,0,39489536,2351747669,2312258134,0.8933446807644287,61554,0.09043500918912856,0.09043500943483283,0.4710305571657641
1621,964,0,0,39489536,2349172064,2309682529,0.894952582386864,65463,0.0016079015700331673,0.001607901622435046,0.01525742362980661
1622,964,0,0,39489536,2337471401,2297981866,0.9022797326838017,65204,0.007327149810869545,0.0073271502969391375,0.062055046041120214
1623,964,0,0,39489536,2336174017,2296684482,0.9030944728067638,65499,0.0008147398470877202,0.0008147401229639939,0.008520019560833984
1624,964,0,0,39489536,2333405491,2293915956,0.9048346108427161,65457,0.0017401375958717572,0.001740138035952409,0.016555180998359557
1625,964,0,0,39489536,2332180407,2292690872,0.9056052993799213,65501,0.0007706880901105886,0.0007706885372050964,0.008145840442528056
1626,964,0,0,39489536,2328647054,2289157519,0.9078304065534013,65435,0.00222510674904286,0.0022251071734785866,0.019549299905248018
1627,964,0,0,39489536,2324315762,2284826227,0.9105627010711714,65412,0.0027322943235718405,0.0027322945177702903,0.023235104682094228
1628,964,0,0,39489536,2322921214,2283431679,0.9114435215448751,65496,0.000880820004703256,0.0008808204737019023,0.009043832910881455
1629,964,0,0,39489536,2319889924,2280400389,0.9133599933293013,65449,0.0019164711534089207,0.0019164717844273919,0.017665523002191614
1630,964,0,0,39489536,2314670501,2275180966,0.9166658453760306,65386,0.0033058515883184468,0.003305852046729839,0.0265893347251526
1631,964,0,0,39489536,2300575599,2261086064,0.9256312393984523,65130,0.008965393776337085,0.008965394022422553,0.062220160198364426
1632,964,0,0,39489536,2287430552,2247941017,0.9340429643685866,65155,0.00841172487408589,0.008411724970134255,0.05639359083228458
1633,964,0,0,39489536,2283657457,2244167922,0.9364665149989619,65426,0.002423550217891068,0.0024235506303733117,0.021366390423453698
1634,964,0,0,39489536,2279890695,2240401160,0.9388900656394803,65426,0.002423550217891068,0.0024235506405192557,0.021262526043067536
1635,964,0,0,39489536,2269566580,2230077045,0.9455535925859415,65234,0.00666352644973526,0.006663526946459508,0.05258156406390163
1636,964,0,0,39489536,2265040819,2225551284,0.9484844004156407,65403,0.0029308075734053776,0.0029308078297010155,0.02450588123550223
1637,964,0,0,39489536,2251966520,2212476985,0.956984698184911,65151,0.008500297620780108,0.00850029776927146,0.06337948193979578
1638,964,0,0,39489536,2247611516,2208121981,0.9598272743854679,65407,0.002842576090103573,0.0028425762005552147,0.02304167318161128
1639,964,0,0,39489536,2242692298,2203202763,0.9630448721671954,65390,0.0032175971660184,0.003217597781727986,0.024666422346963916
1640,972,8,0,360174336,4095291391,3735117056,0.201493689220257,434,7.2384487675555205,7.2384488170530625,0.11744597182097131
1641,972,0,0,360174336,4087939247,3727764912,0.2043362653632741,65407,0.002842576090103573,0.0028425761430155693,0.024701811871926504
1642,972,0,0,360174336,4085891524,3725717189,0.20512897938646546,65500,0.0007927138004626774,0.0007927140231933772,0.008455632269584474
1643,972,0,0,360174336,4058035056,3697860721,0.2159562589965276,65046,0.010827279227646163,0.010827279610062121,0.08631927437181931
1644,972,0,0,360174336,4057132257,3696957922,0.2163085228476298,65520,0.0003522634716290214,0.0003522638511015449,0.004227909891679893
1645,972,0,0,360174336,3591515028,3231340693,0.41051427836019627,57282,0.19420575529758652,0.19420575551256442,0.7211679108954598
1646,972,0,0,360174336,3523669495,3163495160,0.44112775741539423,64160,0.030613478657717356,0.030613479055197682,0.17649831195296709
1647,972,0,0,360174336,3494368934,3134194599,0.45455238793380204,64929,0.013424630493294187,0.013424630518411038,0.09713432404301857
1648,972,0,0,360174336,3492264677,3132090342,0.45552131969523657,65492,0.0009689315899683129,0.0009689317614347168,0.009976102896282313
1649,972,0,0,360174336,3486386272,3126211937,0.45823155894476386,65413,0.002710238981841788,0.0027102392495242083,0.023734224134626246
1650,972,0,0,360174336,3481234433,3121060098,0.460611008477283,65428,0.002379449310284077,0.002379449532519469,0.021072539549092772
1651,972,0,0,360174336,3455517690,3095343355,0.4725476948679912,64996,0.011936686274586253,0.011936686390709467,0.082021748987727
1652,972,0,0,360174336,3453297824,3093123489,0.47358271368209515,65489,0.0010350188106098368,0.001035018814104238,0.010568088475454077
1653,972,0,0,360174336,3451929101,3091754766,0.47422125492260747,65507,0.0006385408891551363,0.0006385412405134737,0.006992574695076726
1654,972,0,0,360174336,3447258634,3087084299,0.4764022668544392,65437,0.002181011907029251,0.0021810119318306444,0.020326766579877184
1655,972,0,0,360174336,3445421532,3085247197,0.47726106001063684,65497,0.0008587929491977406,0.0008587931561962856,0.008877713011106219
1656,972,0,0,360174336,3442408595,3082234260,0.478670630398323,65472,0.0014095702546713536,0.0014095703876867507,0.013636141864482913
1657,972,0,0,360174336,3441044691,3080870356,0.47930917142326734,65507,0.0006385408891551363,0.0006385410249445649,0.00695883881401166
1658,972,0,0,360174336,3436484686,3076310351,0.4814460902878466,65439,0.0021369184126987005,0.002136918864579604,0.01917373470882484
1659,972,0,0,360174336,3433668239,3073493904,0.48276752239704024,65476,0.0013214317544216249,0.0013214321091925961,0.01233574055971322
1660,972,0,0,360174336,3430807473,3070633138,0.4841109885042272,65475,0.00134346587467908,0.0013434661071884458,0.012887344408628074
1661,972,0,0,360174336,3419328207,3059153872,0.4895144713542017,65291,0.005403482434287977,0.005403482849974232,0.0417647378233329
1662,972,0,0,360174336,3409992410,3049818075,0.49392395911632647,65336,0.004409487633700345,0.0044094877621240905,0.03520149144953557
1663,972,0,0,360174336,3385188439,3025014104,0.5057052771063688,65003,0.011781317921045332,0.01178131799004095,0.07177043995979505
1664,972,0,0,360174336,3380388001,3020213666,0.507996528922142,65432,0.0022912515391492285,0.0022912518157743476,0.020501021027497637
1665,972,0,0,360174336,3370203259,3010028924,0.5128697958025583,65315,0.004873266649851392,0.004873266880416129,0.04246091010776867
1666,972,0,0,360174336,3367309707,3007135372,0.514257330939504,65473,0.0013875351247936642,0.0013875351369456918,0.01318387165410973
1667,972,0,0,360174336,3358362084,2998187749,0.5185564171408501,65341,0.004299086029623652,0.004299086201346863,0.03431518139214198
1668,972,0,0,360174336,3342853269,2982678934,0.5260384567265852,65197,0.007482039195090879,0.007482039585735423,0.0574878002342702
1669,972,0,0,360174336,3320370307,2960195972,0.5369544571616345,65042,0.010916000403548237,0.010916000435049691,0.07276972135451398
1670,972,0,0,360174336,3002290167,2642115832,0.7009534293953834,58494,0.16399897206530936,0.1639989722337466,0.7218693712204401
1671,972,0,0,360174336,2753664551,2393490216,0.8435312373269106,59369,0.1425778076166839,0.14257780793152777,0.5480794164043994
1672,972,0,0,360174336,2392245190,2032070855,1.079696438601033,55640,0.23616520057039855,0.2361652012741216,0.8694215758779896
1673,976,4,0,1993754368,3557992495,1564238128,1.457186991466994,3153,4.3774905453166655,4.377490552865961,0.3781630631917403
1674,976,0,0,1993754368,3556584260,1562829893,1.4584863899927711,65477,0.0012993979706836883,0.0012993985257787187,0.012812288021876056
1675,976,0,0,1993754368,3554962671,1561208304,1.4599841044707915,65468,0.0014977141398913162,0.001497714478020739,0.014209977343441286
1676,976,0,0,1993754368,3533451271,1539696904,1.480000767907221,64633,0.020016663266462696,0.02001666343643114,0.1460991495513768
1677,976,0,0,1993754368,3533051874,1539297507,1.4803750511942724,65519,0.0003742827947452993,0.00037428328704937287,0.004463541174757649
1678,976,0,0,1993754368,3321003871,1327249504,1.6942075436945885,56508,0.21383249197931609,0.21383249250031594,0.7916396792324657
1679,976,0,0,1993754368,3251457746,1257703379,1.7718554337364516,62102,0.07764788914458186,0.07764789004186372,0.35996494567837023
1680,976,0,1,1840025088,4173347347,2333322260,0.8802615713120012,60792,0.10840613756634283,0.10840613757555101,0.49491858956028945
1681,976,0,1,1840025088,4169074906,2329049819,0.882905646501225,65416,0.0026440749796186494,0.0026440751892223948,0.023091117375918815
1682,976,0,1,1840025088,4156103360,2316078273,0.8909631352769374,65171,0.008057488255603087,0.00805748877571337,0.061688092601480005
1683,976,0,1,1840025088,4133874154,2293849067,0.9048766794439267,64907,0.013913544064311742,0.013913544166988704,0.09785602518943949
1684,976,0,1,1840025088,4060336298,2220311211,0.9518852392135955,63435,0.047008559362679773,0.047008559769669354,0.26068822170854755
1685,976,0,1,1840025088,4056914492,2216889405,0.954110346416492,65435,0.00222510674904286,0.002225107202894857,0.01942990641532629
1686,976,0,1,1840025088,4044229349,2204204262,0.9623892224133037,65161,0.008278875949142669,0.008278875996811407,0.06501518424043938
1687,976,0,1,1840025088,4042312240,2202287153,0.9636445539508749,65479,0.0012553314127252556,0.001255331537573669,0.012131703178502293
1688,976,0,1,1840025088,4036498707,2196473620,0.9674579734775435,65363,0.0038134193140021496,0.003813419526665926,0.03313863648860841
1689,976,0,1,1840025088,4034956992,2194931905,0.9684709633568325,65490,0.00101298940069043,0.001012989879291853,0.010197862002364833
1690,976,0,1,1840025088,4029832715,2189807628,0.9718430096670012,65383,0.003372045948196188,0.003372046310168642,0.02713376694207379
1691,976,0,1,1840025088,4023584332,2183559245,0.9759654707196361,65349,0.004122461033961742,0.004122461052632852,0.0341983465296728
1692,976,0,1,1840025088,4021418631,2181393544,0.9773970767415854,65471,0.0014316057211096818,0.0014316060219508142,0.013503259437540693
1693,976,0,1,1840025088,4016991669,2176966582,0.9803278847223069,65403,0.0029308075734053776,0.0029308079807221507,0.025560160128999174
1694,976,0,1,1840025088,4012407602,2172382515,0.9833689895080298,65398,0.003041104516210988,0.003041104785720889,0.025063496788158217
1695,976,0,1,1840025088,4002330632,2162305545,0.990076748236941,65232,0.006707758511452549,0.006707758728912318,0.0499279341905695
1696,976,0,1,1840025088,3984810730,2144785643,1.0018136788176761,65005,0.011736930035961253,0.011736930580736115,0.07529442111213568
1697,976,0,1,1840025088,3978592631,2138567544,1.0060023723487177,65346,0.00418869287333474,0.004188693531040609,0.0343343666040025
1698,976,0,1,1840025088,3972033608,2132008521,1.0104339418848127,65335,0.004431568968363998,0.0044315695360941584,0.035896931024021056
1699,976,0,1,1840025088,3942559735,2102534648,1.0305175709383576,64630,0.02008362883469868,0.020083629053545046,0.13085629525478437
1700,976,0,1,1840025088,3936560376,2096535289,1.0346400321009241,65349,0.004122461033961742,0.00412246116256667,0.03307074065696869
1701,976,0,1,1840025088,3921748732,2081723645,1.0448685867188168,65073,0.010228553958268622,0.010228554617892035,0.07727390213522066
1702,976,0,1,1840025088,3914156996,2074131909,1.0501394975672262,65297,0.005270910218595495,0.005270910848410594,0.03908601392833597
1703,976,0,1,1840025088,3899028897,2059003810,1.060700646464639,65058,0.010561148431671248,0.010561148897413171,0.06497439226124962
1704,976,0,1,1840025088,3759533399,1919508312,1.1619103385482212,61096,0.10120969161878868,0.10120969208358192,0.49043987370885844
1705,976,0,1,1840025088,3547683368,1707658281,1.3306278394570121,58303,0.16871750076801667,0.16871750090878862,0.5856828729295891
1706,976,0,1,1840025088,3417529664,1577504577,1.4450029549386407,60541,0.11437511503857982,0.11437511548163122,0.49895181669964456
1707,976,0,1,1840025088,3227490622,1387465535,1.6301952110210038,57641,0.18519225574763457,0.1851922560823634,0.6668654987983748
1708,976,0,2,1532566528,3950384427,2417817900,0.8289415551322392,57102,0.19874634352178921,0.19874634411123474,0.6991361376142955
1709,976,0,2,1532566528,3876561587,2343995060,0.8736776167488891,63535,0.044736061388059696,0.044736061616650336,0.21759794409274763
1710,976,0,2,1532566528,3875846256,2343279729,0.8741179598227511,65516,0.0004403427806028656,0.00044034307385938274,0.005158914338864347
1711,976,0,2,1532566528,3875023876,2342457349,0.8746243661960307,65513,0.0005064057914389884,0.000506406373280528,0.005724733926613502
1712,976,0,2,1532566528,3870091333,2337524806,0.8776654709371883,65398,0.003041104516210988,0.0030411047411588493,0.028759460850877386
1713,976,0,2,1532566528,3869556316,2336989789,0.877995715440818,65521,0.00033024448458043404,0.00033024450362708176,0.0039922782726164955
1714,976,0,2,1532566528,3820060743,2287494216,0.9088790505115583,64148,0.030883334637720847,0.0308833350707414,0.1758570046198409
1715,976,0,2,1532566528,3813044960,2280478433,0.9133106196466514,65335,0.004431568968363998,0.004431569135092991,0.03827044135260337
1716,976,0,2,1532566528,3808312521,2275745994,0.9163076049098926,65400,0.002996984727192764,0.0029969852632436046,0.027919316901875997
1717,976,0,2,1532566528,3807062416,2274495889,0.9171003189571216,65500,0.0007927138004626774,0.0007927140472265116,0.008304920493711886
1718,976,0,2,1532566528,3802585335,2270018808,0.9199428951513298,65407,0.002842576090103573,0.0028425761942074633,0.024696653685832487
1719,976,0,2,1532566528,3799190836,2266624309,0.9221018605630782,65438,0.0021589649914087418,0.002158965411750245,0.018785652627847992
1720,976,0,2,1532566528,3794037530,2261471003,0.9253856484288043,65387,0.0032837874765994056,0.0032837878657270697,0.02855914444599491
1721,976,0,2,1532566528,3792139628,2259573101,0.926596914632519,65481,0.001211266200721556,0.0012112662037125426,0.011885432407019373
1722,976,0,2,1532566528,3790726015,2258159488,0.9274997624621406,65495,0.0009028473965228007,0.0009028478296216807,0.009260457219801435
1723,976,0,2,1532566528,3787314793,2254748266,0.9296807749127893,65437,0.002181011907029251,0.0021810124506496126,0.020383391612828726
1724,976,0,2,1532566528,3785869794,2253303267,0.9306056503040878,65494,0.0009248751246666447,0.0009248753912974155,0.009346537344323875
1725,976,0,2,1532566528,3783428623,2250862096,0.9321694763880188,65465,0.0015638255880888565,0.00156382608393296,0.014537248653815015
1726,976,0,2,1532566528,3782673023,2250106496,0.932653861186914,65514,0.000484384451701118,0.0004843847988957966,0.0054891046595572975
1727,976,0,2,1532566528,3780132314,2247565787,0.9342838014910981,65462,0.0016299400659799616,0.0016299403041821498,0.015291314596727727
1728,976,0,2,1532566528,3778589033,2246022506,0.9352747618496196,65491,0.0009909603271466795,0.0009909603585204778,0.009754373877323915
1729,976,0,2,1532566528,3776943996,2244377469,0.9363318110396079,65488,0.001057048556915173,0.0010570491899892739,0.010495959023673774
1730,976,0,2,1532566528,3775231671,2242665144,0.9374329206652021,65486,0.001101109058724726,0.0011011096255930128,0.010941292996119473
1731,976,0,2,1532566528,3770372380,2237805853,0.9405622692454365,65394,0.0031293481422027154,0.003129348580234219,0.025977879296267548
1732,976,0,2,1532566528,3768357753,2235791226,0.9418616677059113,65477,0.0012993979706836883,0.001299398460476863,0.012006617579748762
1733,976,0,2,1532566528,3765628515,2233061988,0.9436238462465738,65456,0.0017621781119536897,0.001762178540663341,0.016238774843359307
1734,976,0,2,1532566528,3761675951,2229109424,0.9461797077079588,65420,0.0025558610298593507,0.0025558614613832736,0.024053625031429562
1735,976,0,2,1532566528,3760519491,2227952964,0.9469283708403928,65502,0.0007486627160211863,0.0007486631324342408,0.00789534400559056
1736,976,0,2,1532566528,3758377751,2225811224,0.9483159063203246,65473,0.0013875351247936642,0.0013875354799320041,0.013012071456824812
1737,976,0,2,1532566528,3754573874,2222007347,0.9507835590513878,65424,0.0024676524736343256,0.002467652731061949,0.021618202719626747
1738,976,0,2,1532566528,3750674782,2218108255,0.9533173679169913,65421,0.00253380838518502,0.002533808865603892,0.021196067954449595
1739,976,0,2,1532566528,3729047414,2196480887,0.9674532003505512,64897,0.01413583229021281,0.01413583243356171,0.1022868456766983
1740,976,0,2,1532566528,3703005762,2170439235,0.9846601134673207,64759,0.017206912546016546,0.017206913116767957,0.10331539235472806
1741,976,0,2,1532566528,3646174803,2113608276,1.0229391253190165,63820,0.03827901183332564,0.038279011851698165,0.21712265211864712
1742,976,0,2,1532566528,3263257458,1730690931,1.3112990366328354,53663,0.28835991053827337,0.28835991131381583,0.7354811858396614
1743,976,0,3,917649408,3276222837,2358573430,0.8647326286960464,44656,0.5534335909339326,0.5534335920632133,1.438058952442567
1744,976,0,3,917649408,3090483739,2172834332,0.9830689657482985,60375,0.11833633650213979,0.11833633705225273,0.41341946696083165
1745,976,0,3,917649408,2942712702,2025063295,1.0846801447051035,61079,0.10161117827077797,0.1016111789568038,0.46312801435507434
1746,976,0,3,917649408,2939066500,2021417093,1.0872801123128966,65418,0.0025999673305059927,0.002599967607794124,0.023023919820556408
1747,976,0,3,917649408,2938141168,2020491761,1.087940677387035,65506,0.0006605645820851047,0.000660565074136744,0.007374129387116499
1748,976,0,3,917649408,2937493732,2019844325,1.0884030412570738,65515,0.0004623634480924974,0.00046236387003760677,0.00538302560878682
1749,976,0,3,917649408,2934226771,2016577364,1.090738391637089,65430,0.002335349750730934,0.002335350380018063,0.01993941508910101
1750,976,0,3,917649408,2911825826,1994176419,1.1068540995886558,64808,0.016115707835345827,0.016115707951564723,0.12339685507786012
1751,976,0,3,917649408,2911338966,1993689559,1.1072063634385287,65520,0.0003522634716290214,0.0003522638498744931,0.004227909891679893
1752,976,0,3,917649408,2651906218,1734256811,1.308329595480096,57008,0.20112323186670059,0.20112323204156618,0.7206611828547957
1753,983,7,0,2001313776,3387110303,1385796528,1.63193169921297,3273,4.323602112955236,4.323602103732873,0.4163317710091507
1754,983,0,1,1855143904,3888502577,2033358674,1.0787824244070805,48080,0.44685072440145224,0.4468507251941117,1.6573914190234869
1755,983,0,1,1855143904,3513391090,1658247187,1.372988067480275,53446,0.2942056424974177,0.29420564307319536,1.0950121936050405
1756,983,0,1,1855143904,3450513522,1595369619,1.4287564363047665,63051,0.05576836831735476,0.05576836882449275,0.360892128574987
1757,983,0,1,1855143904,3447835747,1592691844,1.4311799865822294,65426,0.002423550217891068,0.0024235502774628305,0.02154954850777287
1758,983,0,1,1855143904,3444749323,1589605420,1.43397844921828,65409,0.0027984623718733453,0.0027984626360489065,0.024091078899647646
1759,983,0,1,1855143904,3439704188,1584560285,1.4385645975488366,65328,0.004586147774849142,0.004586148330556099,0.03936312096925668
1760,983,0,1,1855143904,3436415915,1581272012,1.4415615831192312,65400,0.002996984727192764,0.0029969855703939796,0.02786279850547766
1761,983,0,1,1855143904,3426257902,1571113999,1.4508592805789213,65115,0.00929769713860068,0.009297697459689863,0.0757846402891855
1762,983,0,1,1855143904,3424939370,1569795467,1.4520705473855493,65481,0.001211266200721556,0.0012112668066281695,0.011946467563269373
1763,983,0,1,1855143904,3421466159,1566322256,1.4552660819775944,65391,0.003195534403982369,0.003195534592044775,0.028324167950731418
1764,983,0,1,1855143904,3417881131,1562737228,1.4585719343633308,65386,0.0033058515883184468,0.00330585238573715,0.027673102093489468
1765,983,0,1,1855143904,3416116565,1560972662,1.4602018750287264,65462,0.0016299400659799616,0.0016299406653970685,0.015001085839237028
1766,983,0,1,1855143904,3412686693,1557542790,1.463375347404714,65392,0.0031734719793412905,0.0031734723759883256,0.028070487318355798
1767,983,0,1,1855143904,3410904226,1555760323,1.4650273269833747,65461,0.0016519788985902288,0.0016519795786603833,0.014950052262715926
1768,983,0,1,1855143904,3388352158,1533208255,1.4860934750771086,64586,0.021066147783630286,0.021066148093733993,0.12418835922574123
1769,983,0,1,1855143904,3381824980,1526681077,1.4922484307587531,65257,0.006154955187593595,0.006154955681644515,0.046798934133312355
1770,983,0,1,1855143904,3377352281,1522208378,1.4964812803853782,65344,0.004232849122198513,0.004232849626623893,0.034060845680349255
1771,983,0,1,1855143904,3371661652,1516517749,1.5018847629580634,65291,0.005403482434287977,0.005403482572683555,0.04137904191666732
1772,983,0,1,1855143904,3361803916,1506660013,1.5112932452668417,65110,0.00940848193734116,0.009408482308781536,0.07167696285732086
1773,983,0,1,1855143904,3357274923,1502131020,1.5156364918429723,65339,0.0043432456574473925,0.004343246576127509,0.032902360010481246
1774,983,0,1,1855143904,3355257901,1500113998,1.5175750065592162,65448,0.0019385143635805371,0.001938514716243759,0.016580769164486274
1775,983,0,1,1855143904,3313781360,1458637457,1.5580257987300072,63724,0.04045079176934582,0.04045079217079351,0.22915148122346113
1776,983,0,2,1562804160,4289870397,2727066238,0.6552974035627024,61263,0.09727160416419406,0.09727160483269609,0.39435604110902023
1777,983,0,2,1562804160,4141774255,2578970096,0.7358521013095007,61977,0.08055469756694426,0.08055469774679527,0.37830357944901444
1778,983,0,2,1562804160,4127095973,2564291814,0.7440866973741151,65163,0.008234595692520642,0.008234596064617707,0.053119352076533274
1779,983,0,2,1562804160,4018359294,2455555135,0.8065979300380093,62757,0.06251123227088937,0.06251123266389225,0.32716373544953675
1780,983,0,2,1562804160,3978455024,2415650865,0.8302351895837745,64471,0.023637259364006367,0.023637259545764747,0.14453458620193288
1781,986,3,0,1322297016,3641374923,2319077908,0.8890958587606264,31458,1.0588606687624886,1.058860669176854,1.03915623345249
1782,986,0,0,1322297016,3640419492,2318122477,0.8896903534861842,65509,0.0005944945118882062,0.0005944947255568488,0.0065876077275148145
1783,986,0,0,1322297016,3639358339,2317061324,0.8903509185309346,65506,0.0006605645820851047,0.0006605650447517156,0.0070597470791616684
1784,986,0,0,1322297016,3634125717,2311828702,0.8936126426088116,65388,0.003261723702316598,0.003261724077873521,0.0306736489656751
1785,986,0,0,1322297016,3633596581,2311299566,0.8939428873445117,65521,0.00033024448458043404,0.0003302447357011776,0.0039922782726164955
1786,986,0,0,1322297016,3352795690,2030498675,1.0808130601804855,57574,0.18687017231466796,0.18687017283597374,0.6014159048147832
1787,986,0,1,497110384,4051722381,3554611998,0.2729550542733463,57364,0.19214199356972503,0.19214199409286165,0.6510946413986594
1788,986,0,1,497110384,2656042511,2158932128,0.9923292570474693,39804,0.7193742024908216,0.719374202774124,1.4822964870082065
1789,988,2,0,994220768,3217193483,2222972716,0.9501569046812506,33740,0.9578276468250719,0.9578276476337787,1.7143082947994455
1790,988,0,0,994220768,3215429649,2221208882,0.9513020760214594,65484,0.001145170906201281,0.0011451713402115947,0.011478480308968711
1791,988,0,0,994220768,3214650110,2220429343,0.9518084824436208,65513,0.0005064057914389884,0.000506406422160508,0.005760569429933765
1792,988,0,0,994220768,2646905137,1652684370,1.3778359212716893,48779,0.4260274381637039,0.42602743882806626,0.8405054450911287
1793,988,0,0,994220768,2646249469,1652028702,1.3784083939577414,65510,0.0005724718275307164,0.0005724726860532603,0.006308729272713119
1794,992,4,0,1784807520,3290428399,1505620880,1.512288605353529,3733,4.13388020669693,4.133880211395789,0.8936422058923665
1795,992,0,1,1422131392,4276736749,2854605358,0.5893558355954909,62127,0.07706722961244185,0.07706723024196106,0.30200853474144285
1796,992,0,2,696779136,3881030081,3184250946,0.4316931090381111,36552,0.8423372727915516,0.8423372734426213,1.8089649561481063
1797,992,0,2,696779136,3880009736,3183230601,0.4321554729015098,65515,0.0004623634480924974,0.0004623638633987806,0.00532199045253682
1798,992,0,2,696779136,3874569644,3177790509,0.4346231256660964,65424,0.0024676524736343256,0.002467652764584474,0.022037050082360198
1799,992,0,2,696779136,3871514822,3174735687,0.4360106608777379,65473,0.0013875351247936642,0.0013875352116426,0.013422694353914466
1800,992,0,2,696779136,3868026953,3171247818,0.43759652438093966,65464,0.0015858634107395607,0.001585863503202657,0.015049931339877625
1801,992,0,2,696779136,3867010775,3170231640,0.43805888808755356,65515,0.0004623634480924974,0.00046236370661401223,0.00532199045253682
1802,992,0,2,696779136,3863721350,3166942215,0.4395566022641475,65468,0.0014977141398913162,0.001497714176593255,0.014043514047314807
1803,992,0,2,696779136,3860387014,3163607879,0.4410763534343509,65467,0.0015197509526750181,0.0015197511702028748,0.015015455978918459
1804,995,3,0,1393558272,3908282831,2514724560,0.7722467569903877,26047,1.3311704028166234,1.3311704035560348,2.135596436598309
1805,995,0,0,1393558272,3492794587,2099236316,1.032782562646748,54708,0.2605358054140788,0.2605358056563604,0.6623879413414714
1806,995,0,0,1393558272,3492250046,2098691775,1.0331568456681026,65519,0.0003742827947452993,0.00037428302135585013,0.004463541174757649
1807,995,0,0,1393558272,3491417435,2097859164,1.0337293175832123,65510,0.0005724718275307164,0.0005724719151090211,0.006263474722486623
1808,995,0,0,1393558272,3488600485,2095042214,1.0356678322490716,65448,0.0019385143635805371,0.0019385146658619699,0.01949361606314951
1809,995,0,0,1393558272,3488120967,2094562696,1.0359980773478341,65521,0.00033024448458043404,0.00033024509876180993,0.0039922782726164955
1810,995,0,0,1393558272,3421419423,2027861152,1.0826882718671058,63449,0.046690194073842575,0.046690194519272116,0.24795776312677117
1811,997,2,0,2142571284,3940837559,1798266276,1.2560404841037212,14529,2.1733522116772193,2.173352212236615,1.44818554768264
1812,999,2,0,820495916,2163817507,1343321592,1.6768424178357968,12239,2.420801934476989,2.4208019337320756,1.3981441626738822
1813,999,0,0,820495916,2161050349,1340554434,1.679817344024542,65401,0.002974925338641957,0.0029749261887448636,0.026459896546183546
1814,1000,1,0,1640991832,4245925395,2604933564,0.7214005674101323,63674,0.04158322329492971,0.04158322338558999,0.2459886404815671
1815,1011,11,0,78964736,3253729279,3174764544,0.4359975474517128,39,10.714597781137751,10.714596980041579,0.028030368520854262
1816,1011,0,0,78964736,3098130162,3019165427,0.5084973384255242,62324,0.07249979085435192,0.07249979097381334,0.33893495615813835
1817,1011,0,0,78964736,3085184826,3006220091,0.5146965104884416,65255,0.0061991716593663634,0.006199172062915429,0.051816702062187706
1818,1011,0,0,78964736,2981790964,2902826229,0.565188935076911,63282,0.0504924241719958,0.05049242458847021,0.322058218780228
1819,1011,0,0,78964736,2980639330,2901674595,0.5657614069338024,65510,0.0005724718275307164,0.0005724718568907164,0.00648709261238002
1820,1012,1,0,157929472,2886396195,2728466724,0.6545566971035939,30812,1.0887952900228242,1.0887952901697944,1.4163298763846657
1821,1013,1,0,315858944,2626912223,2311053280,0.8940966253229874,27755,1.239539927351055,1.2395399282193933,2.3285572543708857
1822,1013,0,0,315858944,2625431140,2309572197,0.8950215006166289,65494,0.0009248751246666447,0.000924875293641802,0.009252355022327404
1823,1013,0,0,315858944,2588145871,2272286928,0.9185021265468905,64478,0.023480625884163286,0.023480625930258507,0.16261912708345247
1824,1013,0,0,315858944,2574484966,2258626023,0.9272017329313336,65142,0.008699606185148902,0.008699606384446001,0.06622050211040964
1825,1014,1,0,631717888,3841340711,3209622824,0.42024337574283877,46565,0.4930416419313578,0.4930416428115049,1.0381434132965748
1826,1014,0,0,631717888,3832965993,3201248106,0.4240126517529532,65365,0.003769275900471719,0.0037692760101126904,0.03203311882061017
1827,1014,0,0,631717888,3829497843,3197779956,0.42557647777386975,65465,0.0015638255880888565,0.0015638260209186424,0.014908268686647977
1828,1014,0,0,631717888,3827594867,3195876980,0.4264352708391499,65497,0.0008587929491977406,0.0008587930652773078,0.009039551816891742
1829,1014,0,0,631717888,3824864015,3193146128,0.4276685695175644,65480,0.0012332986384842029,0.0012332986784145976,0.012228612150906851
1830,1014,0,0,631717888,3822866349,3191148462,0.42857141724333303,65495,0.0009028473965228007,0.0009028477257690543,0.009079522483686717
1831,1014,0,0,631717888,3819311755,3187593868,0.43017931905271567,65463,0.0016079015700331673,0.0016079018093841518,0.015022507181851335
1832,1014,0,0,631717888,3817025730,3185307843,0.4312143380195437,65489,0.0010350188106098368,0.0010350189668269258,0.010140619339290956
1833,1014,0,0,631717888,3813186018,3181468131,0.432954475933947,65457,0.0017401375958717572,0.0017401379144053163,0.016384103335608483
1834,1014,0,0,631717888,3811535476,3179817589,0.4337031386780623,65502,0.0007486627160211863,0.0007486627441145953,0.007842716296369295
1835,1014,0,0,631717888,3809352068,3177634181,0.4346940992489472,65491,0.0009909603271466795,0.0009909605708848135,0.009895584415081017
1836,1014,0,0,631717888,2260391167,1628673280,1.3989499249611832,33590,0.9642558248781391,0.9642558257122353,1.0073081671626014
1837,1014,0,0,631717888,2236160874,1604442987,1.420574620858801,64561,0.021624695430462724,0.021624695897618767,0.12293553565083044
1838,1014,0,0,631717888,2235279527,1603561640,1.4213673347891316,65500,0.0007927138004626774,0.0007927139303301304,0.008431465263275362
1839,1014,0,0,631717888,2233395459,1601677572,1.423063392832585,65459,0.0016960575738423276,0.0016960580434542114,0.015841339889877522
1840,1014,0,0,631717888,2230975932,1599258045,1.425244405315599,65437,0.002181011907029251,0.0021810124830117833,0.01916230249156445
1841,1014,0,0,631717888,2227047090,1595329203,1.4287929850146455,65375,0.0035485790909715823,0.0035485796990475243,0.02889912777136975
1842,1014,0,0,631717888,2215703349,1583985462,1.4390880517557818,65070,0.010295066719207489,0.01029506674113808,0.06974100000727493
1843,1014,0,0,631717888,2207195614,1575477727,1.4468577873255555,65184,0.007769735034112032,0.007769735569771955,0.05771974505342431
1844,1014,0,0,631717888,2175871647,1544153760,1.4758307290652866,64233,0.02897294141139684,0.028972941739731632,0.1775940645277258
1845,1014,0,0,631717888,2164114250,1532396363,1.4868576392375132,65037,0.011026909546576666,0.011026910172226814,0.06910072668348641
1846,1014,0,0,631717888,2160489960,1528772073,1.4902738169240415,65381,0.0034161772088184225,0.0034161776865266618,0.026937544458598636
1847,1014,0,0,631717888,2154821447,1523103560,1.4956331080499439,65293,0.005359290342117367,0.005359291125902007,0.03804455419430597
1848,1015,1,0,1263435776,4293420875,3029985100,0.5033364467739148,65187,0.007703338594360387,0.007703338723973478,0.05344565740570046
1849,1015,0,0,1263435776,4287734104,3024298329,0.5060466861703397,65413,0.002710238981841788,0.0027102393964228253,0.021925717525710178
1850,1015,0,0,1263435776,4282058006,3018622231,0.5087569256193554,65413,0.002710238981841788,0.0027102394490167263,0.02262304970472013
1851,1015,0,0,1263435776,4280307706,3016871931,0.5095936919662627,65498,0.000836766229995985,0.0008367663469066733,0.009028822793616886
1852,1015,0,0,1263435776,4275658290,3012222515,0.5118187991680081,65435,0.00222510674904286,0.0022251072017462604,0.019900481156558444
1853,1015,0,0,1263435776,4274922884,3011487109,0.5121710626935574,65520,0.0003522634716290214,0.0003522635255470436,0.004227909891679893
1854,1015,0,0,1263435776,4272073881,3008638106,0.5135365634629352,65474,0.0013655003314663333,0.0013655007693802654,0.012486863596703762
1855,1015,0,0,1263435776,4256511009,2993075234,0.5210186031100434,65197,0.007482039195090879,0.007482039647108598,0.06332685042112164
1856,1015,0,0,1263435776,4255780277,2992344502,0.521370866939268,65520,0.0003522634716290214,0.00035226382922352775,0.004227909891679893
1857,1017,2,0,260444656,3086040467,2825595812,0.6040920362256337,15471,2.0827211690796266,2.0827211692863647,1.2681298233610494
1858,1017,0,0,260444656,3022704281,2762259626,0.6367982205019338,64067,0.03270618397451357,0.03270618427630193,0.18048569872926096
1859,1017,0,0,260444656,2977562983,2717118328,0.6605697510458342,64465,0.023771530168926358,0.023771530543897853,0.15918426858576082
1860,1017,0,0,260444656,2237212916,1976768261,1.119503393966447,47679,0.4589336428335724,0.4589336429206134,1.1829161417780831
1861,1018,1,0,520889312,3949407089,3428517778,0.3250621429390428,56833,0.20555874861420273,0.20555874897259824,0.8202710143884094
1862,1018,0,0,520889312,3068788196,2547898885,0.7533391215606784,48703,0.42827697849571417,0.42827697862163316,1.16850479814088
1863,1018,0,0,520889312,3053159299,2532269988,0.7622159143978138,65134,0.008876792471826713,0.008876792837136526,0.06285503857847502
1864,1018,0,0,520889312,3037896746,2517007435,0.7709376679249438,65141,0.008721753280946777,0.008721753527129594,0.05848997604928389
1865,1018,0,0,520889312,2988429192,2467539881,0.799573743943629,64248,0.028636075638066055,0.028636076018686434,0.1724215754400997
1866,1018,0,0,520889312,2983195609,2462306298,0.8026369093254857,65397,0.003063164916699035,0.003063165381854429,0.02426938525052286
1867,1018,0,0,520889312,2974854666,2453965355,0.8075322647890069,65314,0.004895355084133475,0.004895355463522109,0.03971446267047684
1868,1018,0,0,520889312,2971522101,2450632790,0.8094928232676892,65447,0.0019605579105596736,0.0019605584786828636,0.017504752951335273
1869,1018,0,0,520889312,2968605393,2447716082,0.8112109208448928,65458,0.0017180974165047324,0.0017180975772023961,0.016540876185448986
1870,1018,0,0,520889312,2966215045,2445325734,0.8126204912551245,65472,0.0014095702546713536,0.0014095704102327006,0.012870091189225219
1871,1018,0,0,520889312,2963379279,2442489968,0.8142945093661886,65460,0.0016740180678742555,0.0016740181110637645,0.015039283135767509
1872,1018,0,0,520889312,2961515807,2440626496,0.8153956184482922,65486,0.001101109058724726,0.0011011090821038709,0.010827244484047616
1873,1018,0,0,520889312,2953211062,2432321751,0.8203130628453223,65313,0.004917443856606503,0.004917444397031264,0.037068629392824196
1874,1018,0,0,520889312,2948646005,2427756694,0.8230233018287869,65413,0.002710238981841788,0.002710238983464807,0.02179991825393428
1875,1018,0,0,520889312,2945497211,2424607900,0.8248956879771185,65451,0.0018723857434470804,0.0018723861483300084,0.016604157518028184
1876,1018,0,0,520889312,2935101171,2414211860,0.8310948601611585,65255,0.0061991716593663634,0.00619917218403978,0.050195354853174244
1877,1018,0,0,520889312,2864667011,2343777700,0.8738114048868262,63624,0.04271654441158494,0.04271654472566801,0.22923125714744116
1878,1018,0,0,520889312,2819068918,2298179607,0.9021555943296846,64261,0.02834418891269223,0.028344189442859137,0.15717343353203683
1879,1018,0,0,520889312,2818507838,2297618527,0.9025078584256967,65520,0.0003522634716290214,0.00035226409601203895,0.004227909891679893
1880,1018,0,0,520889312,2817666424,2296777113,0.9030362864993009,65512,0.0005284274673163702,0.0005284280736023474,0.005921768420804585
1881,1018,0,0,520889312,2814862741,2293973430,0.9047984646117122,65456,0.0017621781119536897,0.001762178112414264,0.01791238035856998
1882,1018,0,0,520889312,2814337692,2293448381,0.9051287091904925,65521,0.00033024448458043404,0.0003302445787806517,0.0039922782726164955
1883,1020,2,0,44732532,2389553931,2344821400,0.8731691060649673,16751,1.968040396403897,1.968040396874474,1.0425777275003623
1884,1021,1,0,89465064,2440583589,2351118526,0.869299875180122,32856,0.9961307680209442,0.9961307691151546,1.5875675587559923
1885,1022,1,0,178930128,2845750603,2666820476,0.6875264366486711,37168,0.8182265611911924,0.81822656146855,1.1146206858975711
1886,1022,0,0,178930128,2647456288,2468526161,0.7989972114289685,60663,0.11147077434963826,0.11147077478029578,0.5502800335400714
1887,1022,0,0,178930128,2639470943,2460540816,0.803671697599988,65324,0.0046744859581966435,0.004674486171021291,0.03522939058557123
1888,1022,0,0,178930128,2630122269,2451192142,0.809163568603882,65287,0.005491870679863203,0.005491871003892088,0.04020513249271999
1889,1022,0,0,178930128,2462186283,2283256156,0.9115544229994654,61046,0.10239085380826948,0.10239085439558478,0.47322633609958237
1890,1022,0,0,178930128,2456960324,2278030197,0.9148602748354016,65386,0.0033058515883184468,0.0033058518359363343,0.02616297589900122
1891,1023,1,0,357860256,2791267571,2433407316,0.8196693199461684,35003,0.9048090441174064,0.9048090451107647,1.1917765480127844
1892,1023,0,0,357860256,2787108915,2429248660,0.8221369729655486,65424,0.0024676524736343256,0.0024676530193823956,0.021590218477437768
1893,1024,1,0,715720512,3622100651,2906380140,0.5634237333989418,39204,0.7412867598407807,0.7412867604333936,1.334210042314217
1894,1024,0,0,715720512,3619218041,2903497530,0.564855339270629,65471,0.0014316057211096818,0.001431605871684566,0.013185654192868386
1895,1024,0,0,715720512,3616426898,2900706387,0.5662428744201478,65473,0.0013875351247936642,0.0013875351495190548,0.013731228799336187
1896,1024,0,0,715720512,3615453150,2899732639,0.5667272589357246,65514,0.000484384451701118,0.0004843845155772621,0.005556096229466404
1897,1024,0,0,715720512,3613373568,2897653057,0.5677622781407692,65489,0.0010350188106098368,0.0010350192050440695,0.010513128042122748
1898,1024,0,0,715720512,3611339692,2895619181,0.5687752679741429,65490,0.00101298940069043,0.0010129898333758253,0.009923997047131306
1899,1024,0,0,715720512,3606788776,2891068265,0.571044471334293,65433,0.002269202938821913,0.0022692033601500556,0.01970476633247307
1900,1024,0,0,715720512,3603877238,2888156727,0.5724981132309672,65470,0.0014536415241189304,0.001453641896671255,0.013550361957538316
1901,1024,0,0,715720512,2427522753,1711802242,1.327131103717047,38843,0.7546329902912643,0.7546329904860805,1.052009112485339
1902,1024,0,0,715720512,2419059863,1703339352,1.334281257870309,65212,0.007150153731529768,0.007150154153262341,0.05732925110174033
1903,1025,1,0,1431441024,4256755367,2825314344,0.6042357555476165,54352,0.26995449712079916,0.2699544976773079,0.983669901978967
1904,1025,0,0,1431441024,4088536730,2657095707,0.6927969522359234,61634,0.08856119648827805,0.08856119668830874,0.4899355525880565
1905,1025,0,0,1431441024,4077589833,2646148810,0.6987529500765532,65266,0.005955997833126124,0.005955997840629993,0.04277633812934226
1906,1031,6,1,1726285952,3390465407,1664179456,1.3678361318126413,322,7.669083121885383,7.669083181736086,0.3448604534383952
1907,1031,0,1,1726285952,3328404027,1602118076,1.422666667816312,63092,0.05483053587703867,0.05483053600367036,0.28640201324421966
1908,1031,0,1,1726285952,3325446014,1599160063,1.4253327978526364,65415,0.002666129309875501,0.002666130036326281,0.022281450635502027
1909,1031,0,1,1726285952,3316588361,1590302410,1.4333460132569833,65173,0.00801321479334929,0.008013215404343957,0.058486409769860685
1910,1031,0,1,1726285952,3312147666,1585861715,1.4373801705466747,65353,0.00403415664435244,0.004034157289692895,0.03209464784566113
1911,1031,0,2,1305088256,3838266169,2533177914,0.7616987398548858,52342,0.3243185692981649,0.3243185693082107,0.8244348045657982
1912,1031,0,2,1305088256,3835328523,2530240268,0.7633727583298615,65460,0.0016740180678742555,0.0016740184749774677,0.01483925297257538
1913,1031,0,2,1305088256,3827568234,2522479979,0.7678043273509019,65335,0.004431568968363998,0.0044315690210404496,0.03279425847445129
1914,1031,0,2,1305088256,3823334335,2518246080,0.770227877631509,65426,0.002423550217891068,0.0024235502806040973,0.019892372735908978
1915,1031,0,2,1305088256,3822565827,2517477572,0.7706682205755264,65516,0.0004403427806028656,0.0004403429440178773,0.005147395669702917
1916,1031,0,2,1305088256,3821912794,2516824539,0.7710425038247806,65519,0.0003742827947452993,0.0003742832492561147,0.004452022505596219
1917,1031,0,2,1305088256,3821336738,2516248483,0.7713727486412054,65521,0.00033024448458043404,0.0003302448164254999,0.0039922782726164955
1918,1031,0,2,1305088256,3819954521,2514866266,0.7721654626861003,65500,0.0007927138004626774,0.0007927140448942572,0.008143372925597404
1919,1031,0,2,1305088256,3816654373,2511566118,0.7740598909700971,65450,0.0018944282800345323,0.0018944282839962832,0.01907256091020748
1920,1031,0,2,1305088256,3816079521,2510991266,0.7743901355327232,65521,0.00033024448458043404,0.00033024456262399594,0.0039922782726164955
1921,1031,0,2,1305088256,3589409838,2284321583,0.9108813808029055,59620,0.13649124512146885,0.13649124527018555,0.5196692486837323
1922,1031,0,3,462692864,2897661995,2434969132,0.818743662573798,34929,0.9078622807722395,0.9078622817708911,1.333213283059759
1923,1031,0,3,462692864,2701522437,2238829574,0.9399024356450525,60257,0.12115877282287942,0.12115877307125389,0.4536154425965254
1924,1040,9,0,455693120,2974376383,2518683264,0.7699774380691231,1152,5.830074998557688,5.83007500242407,2.7587202902083963
1925,1040,0,0,455693120,2972954396,2517261277,0.7707921784344798,65499,0.0008147398470877202,0.0008147403653591728,0.008590700031552097
1926,1040,0,0,455693120,2574715795,2119022676,1.0192481197110617,55168,0.24845594091090187,0.24845594127658227,0.9826183348995349
1927,1040,0,0,455693120,2571838093,2116144974,1.0212086782469143,65447,0.0019605579105596736,0.001960558535849723,0.018375122236537103
1928,1041,1,0,911386240,3892058579,2980672340,0.5270093548639316,46155,0.5058006760579367,0.5058006766170197,1.0601605323204528
1929,1041,0,0,911386240,3855082159,2943695920,0.5450184954630899,64723,0.018009140234965856,0.018009140599157963,0.10145647484240014
1930,1041,0,0,911386240,3650753656,2739367417,0.6488043658651357,60987,0.10378587014064852,0.10378587040204619,0.4784088412562482
1931,1041,0,0,911386240,3644316543,2732930304,0.652198477720745,65382,0.0033941114097633825,0.003394111855608104,0.026098773274363198
1932,1041,0,0,911386240,3642648494,2731262255,0.6530792981051015,65496,0.000880820004703256,0.000880820384358104,0.009177700641911155
1933,1041,0,0,911386240,3641773303,2730387064,0.6535416616339909,65515,0.0004623634480924974,0.00046236352888685963,0.00532199045253682
1934,1041,0,0,911386240,3640440106,2729053867,0.6542462747117632,65504,0.0007046129765893727,0.0007046130777749588,0.007479171271034398
1935,1041,0,0,911386240,3638441287,2727055048,0.6553033234008083,65488,0.001057048556915173,0.0010570486890435725,0.010472756149849872
1936,1041,0,0,911386240,3631658603,2720272364,0.6588960391998064,65373,0.003592715752060134,0.0035927157989965536,0.027441366678645846
1937,1041,0,0,911386240,3629458675,2718072436,0.660063241907892,65483,0.0011672023345903715,0.0011672027080856843,0.011863162058173015
1938,1041,0,0,911386240,3627924118,2716537879,0.660877982139251,65499,0.0008147398470877202,0.0008147402313612326,0.008573574477281843
1939,1041,0,0,911386240,3624773836,2713387597,0.6625520002261744,65460,0.0016740180678742555,0.0016740180869235786,0.015302943342181725
1940,1041,0,0,911386240,3445208986,2533822747,0.7613315414120336,61199,0.0987795411735997,0.0987795411858584,0.3967268103528071
1941,1041,0,0,911386240,3410373562,2498987323,0.7813035631531164,64635,0.01997202128109883,0.019972021741082577,0.11705095003222539
1942,1041,0,0,911386240,3380630976,2469244737,0.7985773110081382,64756,0.01727374781796869,0.01727374785502019,0.10652565000632226
1943,1041,0,0,911386240,3281124211,2369737972,0.8579196005590148,62895,0.0593422895450917,0.05934228955087902,0.32937340713436664
1944,1041,0,0,911386240,3279207766,2367821527,0.8590868031446632,65483,0.0011672023345903715,0.0011672025856481294,0.011162715498686136
1945,1041,0,1,1863110254,3286418987,1423308734,1.5933985110644642,19697,1.7343117072514247,1.7343117079197994,1.580768567616099
1946,1041,0,1,1863110254,3240376895,1377266642,1.6408392504109237,63416,0.04744073894316203,0.04744073934646198,0.2619029435785939
1947,1043,2,2,589367256,2279847735,1690480480,1.3452137885045943,10055,2.704374538807286,2.7043745380936692,0.6395781481657432
1948,1043,0,2,589367256,2278274259,1688907004,1.346557254559876,65475,0.00134346587467908,0.001343466055282744,0.012466332236059696
1949,1043,0,2,589367256,2265388921,1676021666,1.3576063470786686,65036,0.011049092398374,0.011049092518791574,0.07775045882120772
1950,1043,0,2,589367256,2253752723,1664385468,1.367657548850957,65081,0.010051201585822957,0.010051201772288406,0.06704171328368673
1951,1043,0,2,589367256,2234730739,1645363484,1.3842408151616254,64787,0.016583265937492427,0.016583266310667342,0.10032614945896681
1952,1043,0,2,589367256,2226345250,1636977995,1.3916122174318168,65202,0.007371402223826068,0.007371402270194124,0.05656245200130762
1953,1043,0,2,589367256,2224322007,1634954752,1.3933964368766283,65455,0.0017842189647608187,0.001784219444809063,0.016331849471706766
1954,1043,0,2,589367256,2223897900,1634530645,1.3937707202850795,65519,0.0003742827947452993,0.00037428340845292897,0.004452022505596219
1955,1043,0,2,589367256,2223523785,1634156530,1.3941009653215026,65521,0.00033024448458043404,0.0003302450364213549,0.0039922782726164955
1956,1043,0,2,589367256,2222601180,1633233925,1.3949157058380734,65499,0.0008147398470877202,0.0008147405165719553,0.008319963831090973
1957,1043,0,2,589367256,2220557643,1631190388,1.3967219667883697,65454,0.0018062601543034325,0.0018062609502967949,0.01827971330990923
1958,1043,0,2,589367256,2220184293,1630817038,1.3970522114049686,65521,0.00033024448458043404,0.00033024461659694764,0.0039922782726164955
1959,1046,3,0,1178734512,4281507259,3102772748,0.4690891105520265,62344,0.07203689899653254,0.07203689914705734,0.337453079277779
1960,1046,0,0,1178734512,3936318109,2757583598,0.6392425232643966,58245,0.17015341248300392,0.17015341271237136,0.6318689989626737
1961,1046,0,0,1178734512,3880860113,2702125602,0.6685524094807818,64218,0.029309885860435023,0.02930988621638668,0.1519762962962845
1962,1053,7,0,821391232,3101309695,2279918464,0.9136649153457554,432,7.245112497836532,7.245112505864974,2.1086811741255933
1963,1053,0,0,821391232,3060537227,2239145996,0.9396985486680691,64364,0.026033633095797547,0.026033633322311275,0.14232564056821997
1964,1053,0,0,821391232,3057120561,2235729330,0.9419016080578082,65436,0.002203059159570524,0.002203059389738914,0.019806542753127963
1965,1053,0,2,2093748332,3536383247,1442634916,1.5739408992107045,10572,2.63203929035843,2.6320392911528967,1.936967979890936
1966,1053,0,2,2093748332,3533807742,1440059411,1.5765188133829646,65419,0.002577914011629573,0.0025779141722624193,0.022346414968996347
1967,1053,0,2,2093748332,3524974369,1431226038,1.5853956066193255,65134,0.008876792471826713,0.008876793236357927,0.06414326610471721
1968,1057,4,0,1924734672,3967271735,2042537064,1.0722848881745612,23382,1.4868892831098066,1.4868892815552361,1.7267083617466434
1969,1057,0,0,1924734672,3966554902,2041820231,1.0727912941278923,65513,0.0005064057914389884,0.0005064059533332329,0.005724733926613502
1970,1057,0,0,1924734672,3965464452,2040729781,1.07356198246735,65501,0.0007706880901105886,0.0007706883394568816,0.008313985431673776
1971,1057,0,0,1924734672,3961914598,2037179927,1.0760737389416342,65422,0.0025117560775962753,0.0025117564742847703,0.02203884849848802
1972,1057,0,0,1924734672,3960950966,2036216295,1.0767563276503225,65505,0.0006825886112264284,0.0006825887086887303,0.007243545028356738
1973,1057,0,0,1924734672,3689335321,1764600650,1.283305424530507,56794,0.20654909613379083,0.20654909688018316,0.7890348630849358
1974,1057,0,0,1924734672,3645150298,1720415627,1.3198900051701479,63895,0.036584580630964876,0.03658458063964027,0.220688094936195
1975,1057,0,0,1924734672,3397992810,1473258139,1.5436369096477378,56121,0.22374690439745376,0.22374690447758894,0.6928064183043706
1976,1060,3,0,1515751512,3238808911,1723057400,1.3176763833272567,9581,2.774039472763838,2.7740394736795198,1.8128033568109005
1977,1060,0,0,1515751512,3238151616,1722400105,1.3182268334471772,65511,0.0005504494793435254,0.0005504501199209705,0.00607310101373693
1978,1060,0,1,884019376,2577614693,1693595318,1.342557959928012,32220,1.0243311264060688,1.0243311264808348,2.320969877488268
1979,1062,2,0,1768038752,3393669045,1625630294,1.4016479535816586,31453,1.0590899919402996,1.0590899936536484,1.4302165799368316
1980,1062,0,0,1768038752,3393222552,1625183801,1.40204425630591,65518,0.0003963024539395264,0.00039630272425178654,0.004668654543719633
1981,1062,0,0,1768038752,3392280215,1624241464,1.4028810227147304,65498,0.000836766229995985,0.0008367664088178757,0.008544069388123979
1982,1064,2,0,1022576096,2317091783,1294515688,1.7302346969111646,13058,2.327353673875374,2.3273536741964365,2.5659625818315077
1983,1065,1,0,2045152192,4154468479,2109316288,1.0258717052604247,53393,0.2956370082615925,0.29563700834925877,0.896824923689684
1984,1067,2,1,2042480048,3854143791,1811663744,1.2453319389083113,7036,3.219460232528039,3.219460233647888,2.3886131545879503
