position,stable_bits,released_bits,pending_underflow,low,high_inclusive,residual_width,residual_information_bits,selected_frequency,selected_information_bits,effective_interval_information_bits,table_entropy_bits
1,0,0,0,0,2219048959,2219048960,0.9527056472169946,33860,0.9527056472169959,0.9527056472169959,2.689557374772614
2,3,3,0,0,3697511999,3697512000,0.21609231652242045,13650,2.2633866693054228,2.2633866693054228,3.527483737578818
3,4,1,1,882246488,3047629035,2165382548,0.9880252243648222,9595,2.7719329089172575,2.771932907842402,3.682259825437512
4,8,4,1,778209312,2797682303,2019472992,1.0886682941387278,3820,4.100643077076889,4.1006430697739065,3.6237410237827454
5,12,4,0,88812160,3227968543,3139156384,0.4522702442675097,12734,2.3636019511161632,2.3636019501287833,1.4963731086704333
6,13,1,0,177624320,2999876121,2822251802,0.6058004347296873,29460,1.1535301900767885,1.1535301904621744,2.4518582267207814
7,14,1,0,355248640,2947796291,2592547652,0.7282766394545881,30101,1.1224762041939325,1.1224762047249028,2.5846664990892165
8,14,0,0,355248640,2899138551,2543889912,0.7556109073286521,64306,0.027334267556650037,0.027334267874063702,0.15949059268760937
9,14,0,2,1282527644,4256351095,2973823452,0.530328145053975,19153,1.7747172363345967,1.7747172377253222,1.5100115850166795
10,21,7,2,73419392,2251512703,2178093312,0.9795813839350629,375,7.449253214616757,7.449253238881087,1.9398902858660931
11,21,0,3,162825018,2256434789,2093609772,1.036654582667694,31497,1.0570731979089503,1.0570731987326336,1.1891709854665882
12,25,4,0,325650036,2950776521,2625126486,0.7102602084431098,41087,0.6736056256258797,0.6736056257754153,2.256441842377657
13,25,0,0,325650036,2947291627,2621641592,0.7121766796712699,65449,0.0019164711534089207,0.0019164712281585607,0.0164306499486485
14,26,1,0,651300072,3863547077,3212247006,0.41906431273822164,40150,0.7068876327079608,0.7068876330669526,1.4037044845114912
15,26,0,0,651300072,3743411313,3092111242,0.47405492332444865,63085,0.05499061045951541,0.054990610586225376,0.259700233841345
16,26,0,0,651300072,3050687050,2399386979,0.8399812882321598,50854,0.3659263644955474,0.3659263649077138,1.2301927783864584
17,27,1,0,1302600144,3871206583,2568606440,0.7416612875212252,35079,0.9016799991104418,0.9016799992890645,1.9391492598442865
18,27,0,0,1302600144,3449872976,2147272833,1.0001416339932838,54786,0.25848034607887316,0.2584803464720567,0.9989145022172251
19,27,0,1,457716640,2864814201,2407097562,0.83535252918632,36733,0.8352108940412152,0.835210895193037,2.3060728446957772
20,27,0,1,457716640,2295178030,1837461391,1.2249332098595822,50027,0.38958068051035166,0.389580680673263,0.9587020556136283
21,29,2,0,915433280,4286037733,3370604454,0.34963981140440836,60109,0.12470660150633235,0.12470660154482678,0.5659805734776152
22,31,2,0,428269972,2181255843,1752985872,1.2928327771140466,8521,2.943192964419392,2.9431929657096387,2.985644054036731
23,33,2,0,1356874120,3701642515,2344768396,0.8732017181318135,21915,1.5803689415879831,1.5803689410177653,1.5482314808077537
24,37,4,1,626166336,3963568607,3337402272,0.3639215545364678,2915,4.490719831912141,4.490719836404653,2.5466373746171516
25,37,0,1,626166336,3866709794,3240543459,0.40641136381250575,63634,0.04248980895387565,0.042489809276038196,0.2806327148678923
26,37,0,1,626166336,3865671411,3239505076,0.40687372763875373,65515,0.0004623634480924974,0.00046236382625051455,0.00538302560878682
27,41,4,0,672775824,2239933855,1567158032,1.4544964776984735,3963,4.047622748032016,4.047622750059721,1.1249765075647025
28,42,1,0,1345551648,3583897905,2238346258,0.9402139166434544,46802,0.4857174383249926,0.485717438944981,1.5634320470496015
29,45,3,0,724214464,4156600407,3432385944,0.32343536468272305,12562,2.38322144599986,2.3832214480392664,1.7744742234627309
30,49,4,0,232844288,2572497983,2339653696,0.8763521410070254,2792,4.552916773790348,4.5529167763243015,3.4357924004677045
31,51,2,2,552881328,3816743935,3263862608,0.39606681754284523,5714,3.519714679063628,3.519714676535822,2.7062467520193976
32,51,0,2,552881328,3661857876,3108976549,0.4662074115377237,62426,0.07014059362849141,0.0701405939948759,0.2900397558289829
33,51,0,2,552881328,2518050906,1965169579,1.127993334686959,41425,0.6617859230038234,0.6617859231492363,1.9611252632122465
34,51,0,2,552881328,2315044954,1762163627,1.2852992530260288,58766,0.1573059180836989,0.15730591833906993,0.6898597638350829
35,55,4,0,1037988236,2683348295,1645360060,1.3842438174118925,15298,2.098944567446728,2.0989445643858637,2.1631773528241633
36,55,0,0,1037988236,2652317029,1614328794,1.4117127005058023,64300,0.027468882897327986,0.027468883093911593,0.18267791230759187
37,55,0,0,1037988236,2430130052,1392141817,1.625340960501621,56516,0.2136282599516691,0.21362825999581864,0.9469092713076124
38,56,1,0,2075976472,3297626797,1221650326,1.8138157455843462,28755,1.1884747827233308,1.188474785082723,2.271654089660677
39,56,0,0,2075976472,3239057074,1163080603,1.884696065093479,62394,0.07088031870972639,0.07088031950913273,0.4414374319000625
40,56,0,0,2075976472,3238471416,1162494945,1.8854227032032114,65503,0.0007266376781842033,0.0007266381097318317,0.007874045181652262
41,57,1,1,400636700,2191633855,1790997156,1.261884099604412,25242,1.3764613965100543,1.376461396401202,1.023297818620479
42,57,0,5,12602912,2835084991,2822482080,0.6056827246885206,6455,3.343798619805447,3.3437986250841076,1.001964749295203
43,63,6,0,25205824,3370787685,3345581862,0.3603900004924938,38841,0.7547072756031024,0.7547072758039753,1.4656658809405287
44,65,2,0,84146420,2641319375,2557172956,0.7480974045483784,12523,2.3877074058904877,2.387707404055883,2.3761933209680657
45,66,1,1,1237606800,3505100007,2267493208,0.9215489166709183,14528,2.173451512709085,2.1734515121225413,3.0919504407938634
46,66,0,1,1237606800,3494893242,2257286443,0.9280576421165136,65241,0.006508724912338639,0.0065087254455954745,0.05316273437117947
47,66,0,1,1237606800,3460931992,2223325193,0.9499281675019589,64550,0.021870524918084635,0.021870525385445174,0.15388653855451798
48,66,0,1,1237606800,3459473206,2221866407,0.9508750708496017,65493,0.0009469031891450585,0.0009469033476399121,0.009885919803383795
49,66,0,3,1360709516,3607121687,2246412172,0.9350244881127665,16565,1.9841494170316232,1.9841494172631664,2.60824669866769
50,66,0,3,1360709516,3604448039,2243738524,0.9367425859797223,65458,0.0017180974165047324,0.0017180978669568208,0.016430341512018234
51,66,0,4,573935384,4098059241,3524123858,0.28538251625533917,51467,0.3486399298288111,0.3486399302756177,1.1543938831431124
52,66,0,4,573935384,2333900131,1759964748,1.2871006139664622,32729,1.0017180974165047,1.00171809771112,2.3238337551165817
53,71,5,1,148257888,3549273747,3401015860,0.3366814122143822,31661,1.0495807973109847,1.049580798247922,2.5906587714551543
54,71,0,1,148257888,3537078331,3388820444,0.3418639480862993,65301,0.005182535508946643,0.005182535871917123,0.03989168619359406
55,75,4,0,1305442440,3851608191,2546165752,0.754320806191302,6155,3.4124568586281803,3.4124568581050023,2.384594634909474
56,75,0,0,1305442440,3464725888,2159283449,0.9920945077365388,55578,0.23777370102537557,0.23777370154523633,1.04550579240504
57,75,0,1,463401232,2872233215,2408831984,0.8343133768887228,36555,0.8422188686681408,0.8422188691521854,2.2854950826962916
58,77,2,0,926802464,3390327165,2463524702,0.8019232082486702,33512,0.9676098311334766,0.9676098313599478,2.2300066422325058
59,77,0,3,1287050464,3547586983,2260536520,0.9259819207712248,7517,3.124058711502446,3.1240587125225523,3.2183725323204624
60,88,11,0,481831680,2503952127,2022120448,1.086778211801068,229,8.160796211903056,8.160796291029841,2.0529490530503463
61,88,0,0,481831680,2312403608,1830571929,1.2303526831755356,59328,0.14357447137446924,0.14357447137446924,0.7656026020776246
62,89,1,0,963663360,3273218555,2309555196,0.8950321204832434,41342,0.6646794368084417,0.6646794373077075,1.4000795650070992
63,90,1,0,1927326720,3339434211,1412107492,1.6047972328488527,20035,1.7097651106818397,1.7097651123656097,3.0806958417371972
64,90,0,0,1927326720,3332215949,1404889230,1.6121907619231273,65201,0.00739352893932981,0.007393529074274732,0.05409999495518773
65,93,3,1,1735434496,3324852623,1589418128,1.4341484418187314,4634,3.8219576711351784,3.821957679895604,2.9891717701552643
66,93,0,1,1735434496,3324319065,1588884570,1.4346328270777846,65514,0.000484384451701118,0.0004843852590517427,0.0055806573939322975
67,98,5,0,1916795744,4010352879,2093557136,1.0366908543033126,5397,3.6020580280273617,3.6020580272255285,1.9846932425847397
68,98,0,0,1916795744,3965885234,2049089491,1.0676641526833421,64144,0.03097329784922937,0.030973298380029476,0.1620883607060559
69,100,2,1,556064456,2279981055,1723916600,1.316957164902746,6892,3.249293013775052,3.2492930122194044,1.1160478651351646
70,102,2,1,76774176,3902029787,3825255612,0.16709099092910407,36355,0.8501338249676487,0.8501338260263572,1.76182150339929
71,102,0,1,76774176,2954354461,2877580286,0.5777909651459971,49300,0.4106999738473638,0.41069997421689414,1.6090093193726769
72,105,3,0,307096704,4173318311,3866221608,0.15172281224119644,22013,1.5739318468618424,1.5739318470952002,3.0482035770192795
73,107,2,0,959418184,3668416235,2708998052,0.664887789893875,11480,2.51316497843695,2.5131649776526768,2.387084452902031
74,107,0,0,959418184,2570779298,1611361115,1.4143672997419436,38982,0.7494795094324288,0.7494795098480693,2.3145126777539304
75,113,6,1,823313792,3444922751,2621608960,0.7121946372432397,833,6.2978273146344526,6.297827337501297,2.6911420127900967
76,115,2,0,708916658,2454549161,1745632504,1.298897275741055,21819,1.586702638317028,1.586702638497816,1.171549019602642
77,116,1,0,1417833316,3975178539,2557345224,0.7480002183890377,48005,0.4491029417099089,0.4491029426479808,1.5735900300128058
78,116,0,1,688182984,3868241143,3180058160,0.43359399485118644,40747,0.6855937756944797,0.6855937764621511,2.2816947386716735
79,121,5,0,1431628608,3634222607,2202594000,0.9634435557261547,2837,4.529849564725641,4.529849560874968,1.7861943899954629
80,122,1,2,1880580496,4292356391,2411775896,0.8325512888380366,8970,2.8691077301933765,2.869107733111879,1.7776809500832689
81,122,0,2,1880580496,3662658250,1782077755,1.2690868606097752,48425,0.43653557162202156,0.4365355717717384,1.4656654105795877
82,127,5,0,893369344,2231450431,1338081088,1.6824815997572813,6151,3.4133947393963897,3.4133947391475075,1.0139194665420224
83,128,1,0,1786738688,3960344589,2173605902,0.9825567579808094,53229,0.3000751574859039,0.30007515822352965,1.0560438587095637
84,128,0,1,1425993728,4213513283,2787519556,0.623665219637207,42023,0.6411084615183846,0.6411084616563971,2.083523626996197
85,131,3,0,497548704,3833078543,3335529840,0.36473119814930755,19605,1.7410659785960483,1.7410659785120992,2.7678131445874414
86,131,0,0,497548704,2751891708,2254343005,0.9299401034565697,44293,0.5652089050393097,0.5652089053072625,1.4579557759151385
87,131,0,0,497548704,2455582646,1958033943,1.1332413713819776,56922,0.2033012674513882,0.203301267925407,0.6769305483349013
88,131,0,0,497548704,2325556954,1828008251,1.2323745637742576,61184,0.09913319201925144,0.09913319239227968,0.49630014103022135
89,133,2,0,810450808,3556479803,2746028996,0.6453002866741926,24612,1.4129257227989918,1.4129257228999366,1.9154723905220299
90,133,0,0,810450808,3489438079,2678987272,0.6809594191321047,63936,0.03565913220758168,0.03565913245791044,0.2181679904267054
91,133,0,0,810450808,2351187337,1540736530,1.4790269677173065,37691,0.7980675480298076,0.7980675485852041,1.783067318765579
92,134,1,0,1620901616,3846430833,2225529218,0.9484987045868465,47332,0.46947173642370876,0.4694717368695375,0.8602542912216491
93,134,0,0,1620901616,3842050137,2221148522,0.951341280914157,65407,0.002842576090103573,0.0028425763273131613,0.0240269739198147
94,134,0,0,1620901616,3610194713,1989293098,1.1103912907175975,58695,0.15905000949068726,0.1590500098034383,0.6662779893421378
95,134,0,1,1094319584,3505475403,2411155820,0.8329222584589147,39717,0.7225309665817014,0.7225309677413171,2.0258351705813147
96,134,0,2,41155520,3280704655,3239549136,0.4068541059034132,44026,0.5739318468618424,0.5739318474445005,1.2459555580214943
97,137,3,0,82311040,4078657923,3996346884,0.10396533112504258,40423,0.6971112248953493,0.6971112252216273,1.5403060747486137
98,137,0,0,82311040,3567711412,3485400373,0.30132275592734814,57157,0.1973574247779269,0.19735742480230667,0.7986812624924489
99,137,0,0,82311040,3566700935,3484389896,0.30174107846239906,65517,0.000418322449221962,0.0004183225350496627,0.004934802732935719
100,138,1,0,164622080,2535683049,2371060970,0.8571143849290728,22298,1.5553733057973116,1.5553733064666768,2.2664144116130873
101,139,1,0,329244160,3929974627,3600730468,0.2543575351090226,49762,0.39724315001223615,0.39724315017994705,1.279179029723744
102,139,0,0,329244160,3809375210,3480131051,0.3035055114719398,63341,0.04914797626644155,0.04914797636291901,0.2222711069605313
103,140,1,0,658488320,3032492511,2374004192,0.8553246635308547,22353,1.5518191516964028,1.5518191520589155,2.668969565283369
104,140,0,2,874306744,3375096439,2500789696,0.7802634068854708,17259,1.924938744394605,1.9249387433546155,1.8810085819641535
105,140,0,2,874306744,2782639456,1908332713,1.1703344224957775,50010,0.39007101540506467,0.39007101561030627,1.0069716904253403
106,140,0,2,874306744,2481375871,1607069128,1.4182151582093177,55190,0.2478807349209418,0.24788073571354066,0.833644979504511
107,145,5,1,841079104,2395573215,1554494112,1.466201993860004,3962,4.047986835110514,4.047986835650685,1.9018313172443568
108,153,8,0,702809728,3748039423,3045229696,0.49609609397997545,1003,6.029894109387819,6.029894100119972,3.270920665828332
109,153,0,1,1626255408,3774588381,2148332974,0.9994295294552415,23117,1.5033334356720078,1.503333435475267,2.164759888560299
110,153,0,3,62570688,4047030771,3984460084,0.10826290157420715,30387,1.108833370689515,1.1088333721189638,2.2602695880445935
111,158,5,2,1068064464,2960099343,1892034880,1.1827084607512397,1945,5.0744455601264455,5.074445559177032,2.8190136793995966
112,158,0,2,1068064464,2256331425,1188266962,1.8537881503750668,41159,0.6710796895443889,0.6710796896238281,1.7911261555849147
113,166,8,1,705370752,2956579711,2251208960,0.9319471702682698,970,6.07815906292551,6.078159019893201,2.089707704837887
114,169,3,1,411831208,3878231335,3466400128,0.30920895101848345,12614,2.3772617821288575,2.3772617807502145,2.8968530522026095
115,169,0,1,411831208,3874475927,3462644720,0.31077277666760494,65465,0.0015638255880888565,0.0015638256491208283,0.01590255960814821
116,169,0,2,1968375308,3669475609,1701100302,1.3361789368573689,16098,2.025406160018323,2.025406160189764,2.221449356729504
117,169,0,2,1968375308,3297022480,1328647173,1.6926891033586315,51187,0.3565101660249831,0.3565101665012632,1.3734892649900692
118,169,0,3,1789266968,3774736513,1985469546,1.113166913668973,48967,0.4204778094906932,0.42047781031034337,0.8322291166487374
119,176,7,1,793609984,2315674047,1522064064,1.4966180625533703,1570,5.38345115622101,5.3834511488843955,2.312961165583264
120,178,2,0,1587219968,3312455057,1725235090,1.3158541811849638,37142,0.8192361177137001,0.8192361186315942,1.931185481044792
121,178,0,1,1026956288,4022319895,2995363608,0.5199160032274044,56892,0.20406182155244842,0.20406182204243997,0.9708194951342735
122,178,0,1,1026956288,3647533799,2620577512,0.7127623640655081,57336,0.19284636082251158,0.19284636083810272,0.9534429293894747
123,178,0,1,1026956288,3646294206,2619337919,0.7134449532144096,65505,0.0006825886112264284,0.0006825891489018466,0.007623192619317985
124,178,0,1,1026956288,3450211566,2423255279,0.825700751811425,60630,0.11225579801174616,0.11225579859701669,0.5144904682056834
125,178,0,1,1026956288,3390643324,2363687037,0.8616081172909205,63925,0.035907364983626455,0.03590736547949563,0.2075313989038406
126,185,7,0,696264896,4257953471,3561688576,0.2700857692435399,1543,5.408477653429265,5.4084776519526185,0.2937273102713412
127,185,0,0,696264896,3055687927,2359423032,0.8642130366975138,43414,0.5941272673297735,0.5941272674539764,1.3296537373754145
128,188,3,1,351488896,2927499583,2576010688,0.7375085667333323,4472,3.87329552715681,3.8732955300358176,2.3028982722966473
129,188,0,1,351488896,2848689441,2497200546,0.7823354596688432,63531,0.04482689261223394,0.04482689293551162,0.22026493306552924
130,188,0,1,351488896,2841906883,2490417988,0.7862592436375877,65358,0.003923783757480437,0.003923783968741836,0.03398714605826564
131,192,4,0,1203842536,4097068615,2893226080,0.5699680844983597,9517,2.7837088442429456,2.783708840860773,1.1006032579127285
132,192,0,1,260201424,3632600413,3372398990,0.3488719137544898,38195,0.778903828978315,0.7789038292561311,2.1902210993645044
133,192,0,1,260201424,3510231565,3250030142,0.40219404771502454,63158,0.053322133795886496,0.05332213396053454,0.33372558881606373
134,192,0,2,2009068950,3821440799,1812371850,1.2447681580065364,18273,1.842574110195168,1.8425741102915132,1.8742392555508742
135,192,0,2,2009068950,3786402421,1777333472,1.2729327537496609,64269,0.028164595660657436,0.028164595743122384,0.14769528219668593
136,195,3,1,894638356,3943789311,3049150956,0.4942395695980082,28108,1.2213068167761594,1.2213068158483489,1.4194078483546804
137,197,2,0,1789276712,3315899347,1526622636,1.492303657849682,16406,1.9980640868763588,1.9980640882516731,3.40723239578077
138,201,4,0,852698272,2825455487,1972757216,1.1224337291438964,5293,3.630130061365125,3.630130071294215,1.1933641290161945
139,201,0,0,852698272,2323807552,1471109281,1.5457427251852494,48871,0.4233089950908348,0.4233089960413523,1.213295411052025
140,201,0,0,852698272,2323291263,1470592992,1.54624913101323,65513,0.0005064057914389884,0.0005064058279790431,0.005835285569952072
141,201,0,0,852698272,2322954670,1470256399,1.5465793764555862,65521,0.00033024448458043404,0.0003302454423571711,0.0039922782726164955
142,201,0,5,439272416,3580796831,3141524416,0.4511823532271144,4376,3.9046029772074435,3.90460297677153,2.132578786750344
143,201,0,5,439272416,3579598434,3140326019,0.45173280295455953,65511,0.0005504494793435254,0.0005504497274424823,0.0062875441870311535
144,201,0,5,439272416,3183655533,2744383118,0.6461652491033618,57273,0.19443244562790324,0.19443244614880462,0.8950233559622798
145,201,0,5,439272416,2651537669,2212265254,0.9571227687198416,52829,0.310957519072391,0.31095751961648005,1.0410969261293086
146,207,6,2,1581595288,4196507943,2614912656,0.7158843880157661,9683,2.7587616208765913,2.7587616192959237,3.410729012330332
147,207,0,2,1581595288,4186373241,2604777954,0.7214867517505148,65282,0.005602363602501361,0.005602363734747459,0.04887022187803826
148,207,0,2,1581595288,3830688458,2249093171,0.9333037185327662,56587,0.21181696650484616,0.21181696678225329,0.8347269635929857
149,207,0,2,1581595288,3827599798,2246004511,0.9352863206835984,65446,0.0019826017943566226,0.0019826021508301383,0.01765439559221344
150,211,4,1,1929427240,3763353527,1833926288,1.2277114929444544,6689,3.292425170073027,3.292425172260857,3.0647714101326895
151,211,0,1,1929427240,3760946946,1831519707,1.229605921604879,65450,0.0018944282800345323,0.001894428660424687,0.016907886843599097
152,211,0,2,1711370832,3587437693,1876066862,1.194935900379594,33565,0.9653299780369027,0.9653299787747135,1.6402961258343352
153,211,0,2,1711370832,3404542930,1693172099,1.3429185255532872,59147,0.14798262508723492,0.14798262517369493,0.6025275567023514
154,216,5,0,121458104,4238437479,4116979376,0.06106092451439338,19919,1.7181423993123441,1.7181423989611058,1.4893880307858838
155,216,0,0,121458104,4169523807,4048065704,0.08541443946331029,64439,0.02435351477098352,0.024353514948918048,0.13363904385457775
156,216,0,0,121458104,3419344394,3297886291,0.38110548957871515,53391,0.2956910498798521,0.2956910501154037,0.9385700320572877
157,216,0,2,322932168,2277227699,1954295532,1.1359984953340785,9709,2.754893005618793,2.7548930057553616,2.723423435723433
158,219,3,0,645864336,4134527577,3488663242,0.2999728040115919,58495,0.16397430829280216,0.16397430867751572,0.5212899196608367
159,219,0,0,645864336,4131493308,3485628973,0.3012281357299287,65479,0.0012553314127252556,0.0012553317183363899,0.01240214647983027
160,219,0,0,645864336,4015759533,3369895198,0.34994342097952114,63360,0.048715285033028036,0.04871528524959286,0.29720528874201624
161,219,0,0,645864336,2671884243,2026019908,1.0839987956497303,39401,0.7340553746081658,0.7340553746702082,1.645822400344685
162,223,4,0,1373472608,4052903727,2679431120,0.6807204167761363,5417,3.5967216245289473,3.5967216211264064,1.8381560701596409
163,226,3,0,719138832,2273418207,1554279376,1.4664012998332367,4752,3.785680879199234,3.7856808830571,0.41936340162335645
164,226,0,0,719138832,2270263922,1551125091,1.4693321083256095,65403,0.0029308075734053776,0.00293080849237468,0.026390399087279935
165,226,0,0,719138832,2248631104,1529492273,1.4895943275993098,64622,0.020262218881148254,0.02026221927369925,0.13135116149572484
166,228,2,1,685754768,3223083871,2537329104,0.7593364898694048,13590,2.2697421643452462,2.269742162270094,2.5080194383113956
167,228,0,2,1867902990,3489972389,1622069400,1.4048115996435513,20948,1.6454751105506489,1.6454751097741467,1.8729335504145161
168,231,3,1,1013312592,2355004759,1341692168,1.678593442167891,13552,2.273781840667801,2.27378184252434,1.6377026252503253
169,235,4,1,1153815696,3622974767,2469159072,0.7986273629988077,7538,3.1200339203356435,3.120033920830917,2.1985917937399013
170,235,0,1,1153815696,3622334268,2468518573,0.7990016461345704,65519,0.0003742827947452993,0.0003742831357624289,0.004463541174757649
171,237,2,2,1705104072,4190195951,2485091880,0.7893479532322587,8247,2.9903463077658907,2.990346307097689,2.0239429216858786
172,237,0,2,1705104072,4189399641,2484295570,0.7898103170585458,65515,0.0004623634480924974,0.000462363826287526,0.00536402669982325
173,237,0,3,1262724496,3697967963,2435243468,0.818581130372575,32121,1.028770812508665,1.0287708133140265,1.7849571977190395
174,243,6,0,832609760,3596337607,2763727848,0.6360315895031725,9297,2.817450459692628,2.8174504591306,1.3712935596761404
175,243,0,1,1619545502,3686690453,2067144952,1.0550075892777606,24509,1.418975998933372,1.4189759997745863,2.3457914540617195
176,243,0,2,1091607356,3232939393,2141332038,1.004138626593651,33944,0.9491310367092638,0.9491310373158904,2.3642115543051156
177,243,0,3,35731064,4176785441,4141054378,0.05264899852066662,63369,0.048510371313361195,0.04851037192701714,0.2732921891832598
178,243,0,3,35731064,2447849743,2412118680,0.8323462541840065,38174,0.779697255542033,0.77969725566334,2.2710734073756513
179,243,0,3,35731064,2446819174,2411088111,0.8329627721450414,65508,0.0006165175324262582,0.0006165179610356405,0.006864280784625221
180,243,0,3,35731064,2445825836,2410094773,0.8335572668411722,65509,0.0005944945118882062,0.000594494696129902,0.0065876077275148145
181,248,5,1,80238456,2278508495,2198270040,0.9662785252228971,7472,3.1327212602903383,3.1327212583817237,2.9067855588346045
182,248,0,1,80238456,2169728744,2089490289,1.039496092327859,62293,0.07321756687512107,0.07321756710496302,0.3792118313213293
183,250,2,0,160476912,3710914221,3550437310,0.27465041263241474,55679,0.2351543199678655,0.23515432030455416,0.9275257753154688
184,252,2,0,1749091944,3540996611,1791904668,1.2611532601037716,8269,2.986502845708295,2.9865028474713586,3.0369859371732812
185,252,0,2,553916832,3963501059,3409584228,0.3330513213606139,31175,1.0718980603956052,1.0718980612568427,1.3602576234580448
186,258,6,1,1336575680,3477554847,2140979168,1.0043763878285255,1286,5.671325072672053,5.671325066467911,2.785609864321839
187,258,0,2,525667712,2564067005,2038399294,1.075210462984515,31198,1.0708340747786098,1.0708340751559888,1.5698748961429303
188,267,9,0,114119040,2299824511,2185705472,0.9745481378276679,549,6.899337660994801,6.899337674843153,2.2037594408292507
189,268,1,0,228238080,2505325889,2277087810,0.915457219664848,34138,0.940909080966021,0.9409090818371799,1.626401635113798
190,270,2,0,912952320,3949301035,3036348716,0.5003096563296943,21847,1.5848524360231857,1.5848524366648469,2.4461503138886735
191,270,0,0,912952320,3858121617,2945169298,0.5442965787271419,63568,0.043986921911901164,0.04398692239744713,0.24316718749925847
192,270,0,0,912952320,3857447521,2944495202,0.5446268233312388,65521,0.00033024448458043404,0.0003302446040957577,0.0039922782726164955
193,271,1,1,1504325632,3549333619,2045007988,1.0705406675286326,11379,2.525913842984606,2.5259138441973943,3.1322587801029824
194,273,2,1,925000024,3354695183,2429695160,0.8218718275506482,19466,1.7513311602768642,1.7513311600220158,0.9799580216104102
195,273,0,4,854641872,3714991007,2860349136,0.586455892005258,9644,2.7645840643974737,2.7645840644546102,3.321129680140984
196,273,0,4,854641872,3695481484,2840839613,0.5963297632934825,65089,0.00987387101285464,0.009873871288224588,0.06818517911458097
197,273,0,4,854641872,3518839311,2664197440,0.6889461435017665,61461,0.09261637998722898,0.09261638020828417,0.4577271309824039
198,278,5,3,1861899776,3486695967,1624796192,1.4023883824765093,2498,4.713442238392043,4.713442238974743,2.1015914567733915
199,278,0,4,1576315904,4038897631,2462581728,0.8024755405823036,49664,0.4000871578128723,0.40008715810579565,1.052184769891484
200,278,0,4,1576315904,4007408930,2431093027,0.8210420461379506,64698,0.018566505368457775,0.01856650555564465,0.11177360562208578
201,278,0,5,1005148160,2837741813,1832593654,1.2287602173906294,24701,1.4077181711168194,1.4077181712526792,2.905959072129207
202,278,0,5,1005148160,2822641706,1817493547,1.2406969041399165,64996,0.011936686274586253,0.011936686749286194,0.07632327956416346
203,278,0,5,1005148160,2799041135,1793892976,1.259553324652785,64685,0.018856420358752804,0.018856420512870693,0.11956196344455237
204,284,6,0,2010296320,3609077155,1598780836,1.425674961095872,29204,1.1661216354226303,1.166121636443086,2.462064727661754
205,284,0,1,1873108992,3223739211,1350630220,1.669014403100313,27682,1.2433394402705003,1.243339442004442,2.610369184757588
206,284,0,3,1049985024,3377563407,2327578384,0.8838173929218556,28235,1.214802989131348,1.214802989821541,1.9393876191846977
207,284,0,5,628320692,3094837775,2466517084,0.8001718660128887,17362,1.916354473135587,1.9163544730910334,3.081356334168146
208,284,0,5,628320692,3084751309,2456430618,0.8060836553395987,65268,0.005911788813529641,0.00591178932671202,0.045717189813877866
209,284,0,5,628320692,2446055359,1817734668,1.240505519142392,48496,0.434421863215671,0.43442186380279085,0.9757936669488907
210,290,6,0,1256641384,3276741043,2020099660,1.088220677075725,36416,0.8477151576934181,0.8477151579333346,1.0859038503317604
211,290,0,1,365799120,2383617781,2017818662,1.0898506183427301,32731,1.00162994006598,1.001629941267006,2.142498249210192
212,292,2,0,731598240,3606041515,2874443276,0.5793645849930442,46679,0.4895139657997656,0.48951396665031305,0.9118497143775915
213,292,0,0,731598240,2936729924,2205131685,0.961782333485484,50276,0.38241774813289126,0.38241774849243815,1.1481503770628942
214,292,0,0,731598240,2936225209,2204626970,0.9621125782393172,65521,0.00033024448458043404,0.0003302447538330377,0.0039922782726164955
215,294,2,0,299204640,2238210659,1939006020,1.1473298634505902,14410,2.18521728493789,2.1852172852112735,1.4744016808220142
216,295,1,0,598409280,4007173341,3408764062,0.33339839938487614,57606,0.18606853587611502,0.1860685359342887,0.5433370043490556
217,295,0,0,598409280,3962389621,3363980342,0.3524778710336349,64675,0.019079471540534305,0.019079471648758374,0.10333035340774055
218,295,0,0,598409280,3815225747,3216816468,0.41701351908727347,62669,0.0645356480129206,0.06453564805363857,0.3888424595758994
219,295,0,0,598409280,3812771510,3214362231,0.4181146285064514,65486,0.001101109058724726,0.001101109419178591,0.010467375606807314
220,295,0,0,598409280,3811986753,3213577474,0.4184668922456254,65520,0.0003522634716290214,0.0003522637391719635,0.004227909891679893
221,300,5,0,1016023776,4260983839,3244960064,0.40444642305086376,2068,4.985979529685065,4.9859795308052375,3.0128778639213425
222,300,0,0,1016023776,4171066122,3155042347,0.44498777681323887,63720,0.04054135358732785,0.04054135376237517,0.2047350113707572
223,300,0,0,1016023776,3108376840,2092353065,1.0375208325995864,43462,0.5925330556025016,0.5925330557863467,1.169163690675536
224,307,7,1,609329152,3649779711,3040450560,0.4983620155973689,372,7.460841188891969,7.460841182997783,0.3932289262690061
225,307,0,1,609329152,3649083807,3039754656,0.4986922601264432,65521,0.00033024448458043404,0.00033024452907500016,0.0039922782726164955
226,309,2,1,549584484,2621975811,2072391328,1.0513506943125144,11170,2.552658434629323,2.552658434186071,1.320808351299251
227,309,0,1,549584484,2204594629,1655010146,1.3758070845467927,52337,0.3244563901640488,0.3244563902342796,0.8249869137409946
228,309,0,1,549584484,2204215827,1654631344,1.376137329240013,65521,0.00033024448458043404,0.00033024469321914424,0.0039922782726164955
229,309,0,7,1884142400,3916882879,2032740480,1.0792211079665321,1258,5.703083793120711,5.703083778726517,1.849457271503182
230,309,0,7,1884142400,3348617523,1464475124,1.5522634586255073,47215,0.473042350106766,0.47304235065897626,1.5844983267726962
231,309,0,7,1884142400,3246629844,1362487445,1.6564042101569747,60972,0.10414075048113104,0.10414075153146855,0.532076374162263
232,309,0,7,1884142400,3241058148,1356915749,1.6623159995187926,65268,0.005911788813529641,0.005911789361815525,0.04357261375376966
233,309,0,8,1620801152,4241791915,2620990764,0.7125348761913131,63294,0.05021887562341574,0.050218876672521805,0.2560199412298835
234,309,0,8,1620801152,4121212582,2500411431,0.780481642875916,62521,0.06794676656109955,0.0679467666846029,0.28810867426739045
235,309,0,8,1620801152,4033536412,2412735261,0.8319775224600114,63238,0.0514958795048799,0.05149587958409433,0.2507504034137622
236,309,0,8,1620801152,3496657165,1875856014,1.1950980515614553,50953,0.3631205288640518,0.36312052910144565,0.9141260330201327
237,309,0,10,40753664,2643984751,2603231088,0.7223437610048187,22737,1.5272457079372552,1.5272457094433614,2.129118878183455
238,309,0,10,40753664,2489545016,2448791353,0.8105772903705812,61648,0.08823352934044999,0.08823352936576483,0.36616188279052747
239,309,0,10,40753664,2363099857,2322346194,0.8870640940780241,62152,0.07648680369159089,0.0764868037074399,0.30162837588278396
240,309,0,10,40753664,2360087780,2319334117,0.8889364803129531,65451,0.0018723857434470804,0.0018723862349319634,0.017964278456084344
241,320,11,0,81507328,3211136151,3129628824,0.4566555832738004,44216,0.5677191027858389,0.5677191029608447,1.9555773345551808
242,320,0,2,1687593600,3631386503,1943792904,1.1437726268065518,10176,2.6871170447156447,2.6871170435327536,1.9288447515650191
243,320,0,4,307923456,2363593599,2055670144,1.0630383599808368,17327,1.919265732818237,1.9192657331742833,2.8993220866951765
244,325,5,0,615846912,3747971033,3132124122,0.45550576012627175,49927,0.3924673994455225,0.3924674001454374,1.2291711425161962
245,332,7,0,210968832,3214626943,3003658112,0.5159265369539376,491,7.060420785685307,7.060420776827666,1.8002901529647641
246,332,0,0,210968832,2704148060,2493179229,0.7846605473820176,54398,0.26873401020882076,0.26873401042807754,1.0628578866082157
247,332,0,0,210968832,2348827411,2137858580,1.006480724517882,56196,0.2218201765797788,0.22182017713586438,0.8281691296329245
248,332,0,0,210968832,2348272851,2137304020,1.0068550078101062,65519,0.0003742827947452993,0.0003742832922250501,0.004452022505596219
249,333,1,0,421937664,2449010853,2027073190,1.0832489659687816,31078,1.0763939572108245,1.0763939581586752,1.8045032138082076
250,333,0,0,421937664,2390706517,1968768854,1.12535340641627,63651,0.042104440436910695,0.04210444044748833,0.1907803292472274
251,334,1,0,843875328,3221923155,2378047828,0.8528694147297813,39580,0.7275160080651256,0.7275160083135117,2.1613109673670423
252,336,2,0,1859910660,3979456095,2119545436,1.0188922527090618,14603,2.166022837611197,2.16602283797928,1.6508713250892244
253,336,0,2,997191696,3929031183,2931839488,0.5508410248766893,22663,1.531948770825825,1.531948772167628,2.9537762615508223
254,336,0,2,997191696,3578298431,2581106736,0.7346573438635566,57696,0.18381631856765837,0.18381631898686673,0.5862248931267231
255,336,0,2,997191696,2839759101,1842567406,1.2209297481190973,46784,0.48627240404756267,0.48627240425554186,1.0812340937873097
256,336,0,2,997191696,2266374706,1269183011,1.758747031109536,45142,0.5378172824222913,0.5378172829904391,1.4957018824457973
257,339,3,0,1994383392,3349513579,1355130188,1.6642156873795066,34987,0.9054686560921551,0.9054686562699702,1.499945656822429
258,340,1,1,224974836,2653688387,2428713552,0.8224548007408075,29364,1.158239113199454,1.1582391133613004,1.0078770911996178
259,340,0,1,224974836,2194413377,1969438542,1.1248627488816574,53143,0.3024079480802228,0.30240794814085065,1.2040316156571806
260,340,0,1,224974836,2193872454,1968897619,1.1252590517377925,65518,0.0003963024539395264,0.00039630285613399645,0.004668654543719633
261,340,0,1,224974836,2168876683,1943901848,1.1436917701659972,64704,0.018432718096985354,0.0184327184282052,0.11821959652519624
262,342,2,0,449949672,3719665189,3269715518,0.39348202668929844,55117,0.24979025568317664,0.24979025652330095,0.8527019867624439
263,343,1,0,778788566,3137278433,2358489868,0.8647837429064786,23636,1.471301716425812,1.471301716217182,0.9569994084419895
264,343,0,0,778788566,3083008982,2304220417,0.8983684173832565,64028,0.03358467428769054,0.03358467447677699,0.16720291883281477
265,343,0,0,778788566,2575550283,1796761718,1.2572480510521196,51103,0.3588796334348138,0.35887963366886216,1.3293530735245846
266,343,0,0,778788566,2546571139,1767782574,1.2807063026766201,64479,0.0234582510609134,0.02345825162450067,0.1611854353884338
267,345,2,1,93181896,3142779471,3049597576,0.4940282683918902,14132,2.2133219661093477,2.2133219657152705,2.488422780830806
268,345,0,1,93181896,3141941874,3048759979,0.49442457085033453,65518,0.0003963024539395264,0.0003963024584451019,0.004687653452683203
269,345,0,1,93181896,3141244068,3048062173,0.49475481543841937,65521,0.00033024448458043404,0.00033024458808200745,0.0039922782726164955
270,345,0,2,779792008,2975981823,2196189816,0.9676443945999083,23610,1.472889578883995,1.472889579161489,1.9394714779673317
271,348,3,0,1559584016,3936734295,2377150280,0.8534140347580248,35468,0.8857696398090298,0.8857696401581165,1.3165595978382842
272,348,0,0,1559584016,3926396651,2366812636,0.8597016434953311,65251,0.006287608668628205,0.006287608737306894,0.053585977745789756
273,348,0,0,1559584016,3925746586,2366162571,0.8600979462506295,65518,0.0003963024539395264,0.0003963027553010368,0.004668654543719633
274,348,0,0,1559584016,3894985317,2335401302,0.8789766703142732,64684,0.018878723925154613,0.018878724063643156,0.11269450870750503
275,348,0,1,971684384,4246149635,3274465252,0.39138782448694087,45944,0.5124111536139703,0.512411154172667,1.172349029819335
276,350,2,0,1943368768,3818731601,1875362834,1.195477399380497,18767,1.8040895739598346,1.8040895748935548,3.1114933516600987
277,350,0,0,1943368768,3800331663,1856962896,1.2097021569609652,64893,0.014224757171411405,0.01422475758047042,0.0973178354935631
278,352,2,0,1921041992,3765084127,1844042136,1.219775524572018,16270,2.01007336944011,2.0100733676110503,2.578516481192522
279,352,0,0,1921041992,3764605783,1843563792,1.220149807797494,65519,0.0003742827947452993,0.00037428322547683777,0.004452022505596219
280,352,0,0,1921041992,3696811155,1775769164,1.2742030911257736,63126,0.054053283304875126,0.05405328332828025,0.2514280027281721
281,352,0,0,1921041992,3315840170,1394798179,1.6225907603177312,51476,0.34838766876392896,0.34838766919195774,1.3231157178106627
282,352,0,0,1921041992,3281936460,1360894469,1.6580919490860921,63943,0.03550118813081677,0.03550118876836002,0.1707533488393982
283,352,0,0,1921041992,3280254446,1359212455,1.6598761683345238,65455,0.0017842189647608187,0.0017842192484333588,0.01731178802400732
284,354,2,2,364181632,2983054847,2618873216,0.7137009278966282,7892,3.0538247592764414,3.053824759562105,3.1357891759941925
285,357,3,0,728363264,4008028829,3279665566,0.38909843814370504,41036,0.6753975099102847,0.6753975102470763,1.3408211932799463
286,357,0,0,728363264,3963139607,3234776344,0.4089811798721854,64639,0.019882741454290694,0.019882741728478242,0.12963570173446362
287,357,0,0,728363264,3711854109,2983490846,0.5256457956168745,60445,0.11666461552610928,0.1166646157446908,0.5843518549448172
288,358,1,0,331536158,2618047557,2286511400,0.9094990339178608,25113,1.383853237138001,1.3838532383009854,1.4908366698526807
289,358,0,0,331536158,2617524216,2285988059,0.9098292784484343,65521,0.00033024448458043404,0.0003302445305727847,0.0039922782726164955
290,358,0,0,331536158,2386923217,2055387060,1.0632370455565088,58925,0.15340776697510783,0.15340776710807605,0.6618923118180027
291,358,0,0,331536158,2382532436,2050996279,1.0663222715890086,65396,0.003085225654520128,0.0030852260325009407,0.023843752236053603
292,358,0,3,1154926896,3960024831,2805097936,0.6145960046573897,11204,2.5482737319254936,2.5482737330683807,1.5157073080621015
293,358,0,3,1154926896,3862520969,2707594074,0.6656356815927005,63258,0.05103967692047866,0.05103967693530848,0.3202256232833648
294,363,5,0,904731340,2800576015,1895844676,1.1798063749968577,11472,2.5141706912980952,2.51417069340416,3.1558899316709
295,363,0,0,904731340,2614711726,1709980387,1.328667368119003,59111,0.14886099311436807,0.1488609931221438,0.674084067849012
296,364,1,1,1471441712,3605786127,2134344416,1.0088541455017932,20450,1.6801867772835264,1.680186777382789,2.672037887899408
297,364,0,1,1471441712,3605297614,2133855903,1.0091843902105282,65521,0.00033024448458043404,0.0003302447087359293,0.0039922782726164955
298,364,0,1,1471441712,3563425380,2091983669,1.0377755567351343,64250,0.028591166144034848,0.028591166524606783,0.180629021704592
299,371,7,1,148117376,3878549247,3730431872,0.20330448509743348,913,6.165528950015778,6.165528928362297,3.4559604764869696
300,371,0,1,148117376,3877524653,3729407278,0.2037007876616812,65518,0.0003963024539395264,0.0003963025642501841,0.004687653452683203
301,371,0,1,148117376,3876671059,3728553684,0.2040310323069363,65521,0.00033024448458043404,0.0003302446452547934,0.0039922782726164955
302,371,0,1,148117376,2355858550,2207741175,0.9600760986400658,38805,0.7560450657067405,0.7560450663331297,1.9054090908493269
303,373,2,0,296234752,3243348229,2947113478,0.5433445338056693,43742,0.5832684347212216,0.5832684351656036,1.631682881488445
304,374,1,0,592469504,4293179899,3700710396,0.2148449059720221,41147,0.6715003718910789,0.6715003721663529,1.837206594484188
305,374,0,0,592469504,3653393387,3060923884,0.48867997620308756,54206,0.2738350697725684,0.2738350702310648,0.9785523886608446
306,374,0,0,592469504,2731136871,2138667368,1.0059350318389022,45790,0.5172550554390906,0.5172550556358145,1.4270380528611741
307,374,0,0,592469504,2516147542,1923678039,1.1587797868258782,58948,0.15284475447247248,0.15284475498697625,0.778069788563592
308,374,0,0,592469504,2515707247,1923237744,1.1591100313394769,65521,0.00033024448458043404,0.00033024451359650483,0.0039922782726164955
309,375,1,0,1184939008,3723744299,2538805292,0.7584973910588069,43256,0.5993873589180007,0.5993873597193325,1.1761716258433754
310,375,0,1,222394368,4103664237,3881269870,0.14611839684433292,50095,0.38762100575625946,0.38762100578552594,1.3738379222270534
311,377,2,0,444788736,3448011315,3003222580,0.5161357436586727,25355,1.3700173460460023,1.3700173468143384,2.8626701137584343
312,377,0,0,2080531381,3435271814,1354740434,1.6646306859128543,29563,1.1484949414430734,1.1484949422541806,1.0373835435370056
313,380,3,1,599656544,2260338111,1660681568,1.3708716797627787,5021,3.7062409903321356,3.7062409938499257,3.523030558865699
314,380,0,1,599656544,2246021016,1646364473,1.3833633903381504,64971,0.01249170988007176,0.012491710575371396,0.08573633000301423
315,382,2,0,1199313088,3496073925,2296760838,0.9030465094960576,45713,0.5196831188767875,0.519683119157907,1.4546516211148501
316,382,0,1,251142528,3261645905,3010503378,0.5126424097841742,42951,0.609595899372118,0.6095959002881184,1.4332703215742149
317,382,0,1,251142528,3138765403,2887622876,0.5727648076844964,62861,0.060122397573104724,0.06012239790032032,0.3703213601785749
318,382,0,1,251142528,2532873951,2281731424,0.9125181598501513,51785,0.33975335187240097,0.3397533521656566,1.225841474838988
319,385,3,1,875493888,2291270359,1415776472,1.6010536406162323,5083,3.6885354845515557,3.68853548076608,3.6315099893048206
320,385,0,1,875493888,2285027082,1409533195,1.60742969173225,65247,0.006376051099398992,0.006376051116016367,0.054391505463758504
321,385,0,1,875493888,2222439472,1346945585,1.6729555772004332,62626,0.06552588528007,0.06552588546818341,0.4033231795219478
322,385,0,1,875493888,2221822889,1346329002,1.6736161420431195,65506,0.0006605645820851047,0.0006605648426868605,0.007353010033093456
323,387,2,0,1750987776,4203945967,2452958192,0.8081245010739018,59702,0.13450835827786786,0.13450835903078243,0.46745210352376815
324,387,0,0,1750987776,3228204891,1477217116,1.5397652622559868,39467,0.7316407604446062,0.7316407611820861,1.7669945890313457
325,390,3,0,210375136,4130265967,3919890832,0.13183366981746758,21738,1.5920684088255563,1.592068407561481,1.0706994692180547
326,390,0,0,210375136,2916126196,2705751061,0.6666180338173646,45237,0.5347843637274405,0.5347843639998963,1.2127923098719537
327,390,0,0,210375136,2903203526,2692828391,0.6735248535458567,65223,0.0069068195729465555,0.006906819728491661,0.05340387169335169
328,392,2,0,841500544,3644448259,2802947716,0.6157023123001366,17054,1.9421774587175222,1.942177458754278,2.965146550055008
329,392,0,0,841500544,2195072462,1353571919,1.6658756020677004,31648,1.0501732892408893,1.0501732897675655,2.252445958047887
330,392,0,0,841500544,2194494153,1352993610,1.6664921203305383,65508,0.0006165175324262582,0.0006165182628381458,0.0067861228341640645
331,392,0,0,841500544,2194163832,1352663289,1.6668443841161995,65520,0.0003522634716290214,0.000352263785659746,0.004227909891679893
332,392,0,0,841500544,2191790231,1350289688,1.669378193102979,65421,0.00253380838518502,0.002533808986782241,0.02225277971361347
333,393,1,0,1683001088,3773543581,2090542494,1.0387697769871131,50732,0.3693915837109309,0.3693915838841312,1.3323088846826432
334,393,0,0,1683001088,3753223824,2070222737,1.0528611491693312,64899,0.014091371904962012,0.014091372182220688,0.09871377537493178
335,393,0,0,1683001088,3648221682,1965220595,1.127955882664665,62212,0.07509473349170272,0.07509473349533208,0.29309314672238146
336,393,0,0,1683001088,3647771878,1964770791,1.128286127664854,65521,0.00033024448458043404,0.000330245000188715,0.0039922782726164955
337,393,0,0,1683001088,3646722577,1963721490,1.129056815896785,65501,0.0007706880901105886,0.0007706882319312247,0.008301097424755198
338,398,5,1,1973025792,3357602879,1384577088,1.6332017662855982,722,6.504144973112829,6.504144950388814,3.1435453002424327
339,398,0,1,1973025792,3357264847,1384239056,1.633554030262058,65520,0.0003522634716290214,0.000352263976459004,0.004227909891679893
340,402,4,0,1425366328,3471985399,2046619072,1.0694045410032693,12112,2.4358505100142684,2.435850510741213,3.419092669326503
341,402,0,0,1425366328,3241703278,1816336951,1.2416152823475812,58162,0.172210740799789,0.17221074134431075,0.7526876219380283
342,402,0,1,703249008,4155553021,3452304014,0.31508763046042887,62282,0.07347234745695568,0.07347234811284736,0.3437060472970409
343,404,2,0,958603506,3249674155,2291070650,0.9066251981380375,21746,1.5915375671156249,1.5915375676776078,1.6056330951232358
344,405,1,0,1917207012,4112979525,2195772514,0.9679185497417464,31405,1.0612933511124976,1.0612933516037084,2.2250930312874795
345,405,0,0,1917207012,4031931342,2114724331,1.0221775357276108,63117,0.054258985884661694,0.05425898598586548,0.23549182919071784
346,405,0,0,1917207012,4031447320,2114240309,1.0225077802208027,65521,0.00033024448458043404,0.0003302444931912933,0.0039922782726164955
347,405,0,0,1917207012,3998283272,2081076261,1.0453173124394723,64508,0.022809532090928435,0.022809532218669232,0.11892324176025733
348,405,0,1,1686930376,4240135569,2553205194,0.7503376582216035,40202,0.705020344959076,0.7050203457821336,2.15952054714546
349,405,0,1,1686930376,4239512227,2552581852,0.7506899221952281,65520,0.0003522634716290214,0.00035226397362199754,0.004227909891679893
350,405,0,1,1686930376,4238927987,2551997612,0.7510201668942535,65521,0.00033024448458043404,0.0003302446990252422,0.0039922782726164955
351,405,0,1,1686930376,4238343881,2551413506,0.7513504114360892,65521,0.00033024448458043404,0.0003302445418363679,0.0039922782726164955
352,410,5,0,885589104,3471885215,2586296112,0.7317596833723705,4152,3.9804092716421193,3.9804092719362836,1.914318367612873
353,411,1,0,212232478,2647066729,2434834252,0.8188235798484058,30849,1.08706389666496,1.0870638964760353,1.0027725062866697
354,411,0,0,212232478,2646509439,2434276962,0.8191538247278167,65521,0.00033024448458043404,0.0003302448794088696,0.0039922782726164955
355,412,1,0,424464956,3008655579,2584190624,0.7329346509989207,34786,0.9137808257105786,0.913780826271105,1.0011932663805398
356,412,0,0,424464956,3008064104,2583599149,0.7332648958774932,65521,0.00033024448458043404,0.00033024487857226343,0.0039922782726164955
357,412,0,0,424464956,3007196806,2582731851,0.7337492808444352,65514,0.000484384451701118,0.000484384966943579,0.005524940162877561
358,417,5,1,2110712832,3820763775,1710050944,1.328607841042107,678,6.594858536863656,6.59485856019767,2.3113001673714777
359,417,0,1,2110712832,3820372375,1709659544,1.3289380858645572,65521,0.00033024448458043404,0.0003302448224498011,0.0039922782726164955
360,421,4,0,275006184,2572778591,2297772408,0.9024112384171659,11010,2.5734731515482685,2.5734731525526104,3.137675361715218
361,422,1,0,550012368,3786373753,3236361386,0.4082744317317051,46153,0.5058631926346631,0.505863193314538,0.9839780662555078
362,422,0,0,550012368,3777879884,3227867517,0.4120657794455731,65364,0.003791347438400061,0.003791347713870035,0.028765366117417777
363,422,0,0,550012368,3614309510,3064297143,0.4870909447211318,62215,0.07502516522880952,0.07502516527555558,0.46750081264253074
364,422,0,0,550012368,3142199398,2592187031,0.7284773309695787,55439,0.2413863858479413,0.24138638624844935,0.9377115599754136
365,422,0,0,550012368,2163088714,1613076347,1.4128324230616265,40782,0.6843550918020475,0.6843550920920479,2.112669154842764
366,422,0,0,550012368,2147729832,1597717465,1.426634836547354,64912,0.013802412793727131,0.013802413485726897,0.10460137696158783
367,423,1,1,52565824,2502483783,2449917960,0.809913707268695,25123,1.3832788701263183,1.3832788707213395,2.629968748411466
368,426,3,0,1608544068,4278422315,2669878248,0.6858731924947605,17855,1.875959486526572,1.8759594852260673,2.314534075595966
369,427,1,0,2074431616,4248596385,2174164770,0.9821858662492176,26684,1.296312674032454,1.2963126737544575,1.0000439616779757
370,430,3,0,1674195968,3904625743,2230429776,0.9453254197410352,8404,2.963139553326954,2.963139553491818,0.5676604224907876
371,430,0,0,1674195968,3839076918,2164880951,0.988359454144522,63610,0.04303403392938615,0.0430340344034863,0.23610478191513543
372,430,0,0,1674195968,3838317148,2164121181,0.9888658601887101,65513,0.0005064057914389884,0.0005064060441865841,0.005762731744540642
373,430,0,0,1674195968,3837821819,2163625852,0.9891961053206835,65521,0.00033024448458043404,0.00033024513197276687,0.0039922782726164955
374,430,0,0,1674195968,3836006031,2161810064,0.9904073721375575,65481,0.001211266200721556,0.0012112668168763627,0.011359219334319362
375,430,0,0,1674195968,3245446863,1571250896,1.4507335786762212,47633,0.4603262057224753,0.4603262065386624,1.772551601602792
376,430,0,1,1200908288,4214134797,3013226510,0.5113380188593624,62840,0.06060443981844133,0.06060444018314267,0.34514282056239903
377,433,3,0,1401325520,3576277711,2174952192,0.9816634568328588,11826,2.470325438235358,2.4703254379734947,3.2228400732126565
378,433,0,0,1401325520,3575779903,2174454384,0.9819937019472214,65521,0.00033024448458043404,0.0003302451143628644,0.0039922782726164955
379,433,0,0,1401325520,3274211056,1872885537,1.1973844152787763,56447,0.21539071261672854,0.215390713331556,0.8887003124444323
380,433,0,0,1401325520,3254292214,1852966695,1.2128101952422732,64839,0.015425779844418168,0.015425779963494281,0.10172944165379924
381,435,2,0,1310334784,4057552431,2747217648,0.6446759337246029,24291,1.431865737090836,1.43186573848233,2.7532269510729463
382,435,0,0,1310334784,4046904950,2736570167,0.6502782975863219,65282,0.005602363602501361,0.005602363861720782,0.04181920355143774
383,435,0,1,473185920,2595681365,2122495446,1.016885687660757,25415,1.3666073896641933,1.3666073900744333,2.052495988407156
384,439,4,2,107374432,3882887551,3775513120,0.18597441538459236,3643,4.169088720257218,4.169088727723837,0.8387386640546511
385,442,3,0,214748864,3802338951,3587590088,0.2596320862452046,31137,1.0736576706905692,1.0736576708606125,1.8558736951723702
386,442,0,0,214748864,3788708123,3573959260,0.265123956998341,65287,0.005491870679863203,0.005491870753136479,0.04479885908723684
387,442,0,0,214748864,2564413302,2349664439,0.8701924091202962,43086,0.6050684521026937,0.6050684521219561,1.98011041128662
388,442,0,0,214748864,2521891603,2307142740,0.8965398815161727,64350,0.026347472004573526,0.026347472395873504,0.14850902876918576
389,442,0,0,214748864,2521363539,2306614676,0.8968701265848686,65521,0.00033024448458043404,0.00033024506869685735,0.0039922782726164955
390,442,0,0,214748864,2520237262,2305488399,0.8975747397508975,65504,0.0007046129765893727,0.0007046131660301671,0.0074259658831368185
391,446,4,0,1317134352,3739698335,2422563984,0.8261123758613245,4304,3.928537637443376,3.9285376361104256,3.200437471552241
392,446,0,0,1317134352,3441461545,2124327194,1.015641155386323,57468,0.1895287790428427,0.18952877952499875,0.7784439630570896
393,446,0,3,621537936,4063715567,3442177632,0.3193255970978335,13274,2.3036844411071793,2.30368444171151,2.83245657952139
394,446,0,3,621537936,4049639279,3428101344,0.3252373859434172,65268,0.005911788813529641,0.005911788845586079,0.043325109699231035
395,446,0,3,621537936,3849453978,3227916043,0.41204409091810135,61709,0.08680670468246601,0.0868067049746813,0.4836569137572711
396,446,0,3,621537936,3463104895,2841566960,0.5959604338897684,57692,0.1839163424898317,0.18391634297166767,0.8674769692531109
397,446,0,3,621537936,3304975093,2683437158,0.6785650432216848,61889,0.08260460932574862,0.08260460933191767,0.39982406096795303
398,456,10,0,596894208,3411358591,2814464384,0.6097867544616555,537,6.9312217220145875,6.931221711239971,0.7421882756802956
399,456,0,0,596894208,3166183768,2569289561,0.7412776537206796,59827,0.1314908989859432,0.13149089925902385,0.7289748976114032
400,456,0,0,596894208,2790097422,2193203215,0.9696076524290937,55943,0.22832999858010666,0.22832999870841317,0.7353136456445586
401,456,0,0,596894208,2609650770,2012756563,1.093474452935034,60144,0.12386679995698328,0.12386680050593978,0.693372188528655
402,457,1,1,240093184,3068075119,2827981936,0.602874241186953,23020,1.5093997869804072,1.5093997882519212,3.1045696581364166
403,459,2,0,480186368,4070052595,3589866228,0.2587170612402794,41596,0.6558428194308825,0.6558428200533255,1.2682965056129063
404,459,0,0,480186368,4055701017,3575514650,0.2644962315171959,65274,0.005779169882435751,0.005779170276915145,0.04314051975369732
405,459,0,0,480186368,2685858154,2205671787,0.9614290180472338,40428,0.6969327861570864,0.6969327865300391,2.2152768255439756
406,459,0,0,480186368,2659875814,2179689447,0.97852454550166,64764,0.01709552730620542,0.0170955274544257,0.12326167026677864
407,463,4,0,1213285360,3834659919,2621374560,0.7123236354430311,4926,3.733799087501039,3.7337990899413724,1.3138037287445257
408,463,0,0,1213285360,3833659943,2620374584,0.712874085452782,65511,0.0005504494793435254,0.0005504500097493045,0.0062875441870311535
409,463,0,0,1213285360,3830461243,2617175884,0.7146362638715793,65456,0.0017621781119536897,0.0017621784187968645,0.015453742909477937
410,469,6,0,245077504,4227069695,3981992192,0.10915675382873502,1558,5.394520481938331,5.394520489957156,3.3152246803502208
411,469,0,0,245077504,4226158289,3981080786,0.10948699842797538,65521,0.00033024448458043404,0.0003302445992422565,0.0039922782726164955
412,471,2,0,918451128,3635762311,2717311184,0.6604673548718445,11183,2.5509803567296157,2.5509803564438664,2.890534738233208
413,471,0,0,918451128,3119342163,2200891036,0.9645594254611538,53081,0.30409207036318203,0.3040920705893121,1.2360308706926146
414,471,0,0,918451128,2639039068,1720587941,1.319745514443202,51234,0.355186088508041,0.3551860889820455,0.8144193842372861
415,471,0,0,918451128,2604882498,1686431371,1.3486735366600975,64235,0.028928021430047225,0.028928022216897258,0.14355928203722965
416,475,4,0,198808544,3136476479,2937667936,0.5479758182478953,7135,3.199302285636874,3.199302281587799,2.0227622919741908
417,475,0,0,198808544,3135759274,2936950731,0.5483280821685348,65520,0.0003522634716290214,0.0003522639206367205,0.004227909891679893
418,476,1,0,397617088,3203530769,2805913682,0.614176517834963,31306,1.0658484348362203,1.0658484356664304,2.2440218724025205
419,476,0,0,397617088,2956703187,2559086100,0.7470184585998858,59771,0.13284194044473177,0.132841940764923,0.4679428943529668
420,477,1,0,795234176,3956527089,3161292914,0.442132429658713,40479,0.6951139705581751,0.6951139710588257,1.7060719512006246
421,477,0,0,795234176,3955803526,3160569351,0.44246267435961784,65521,0.00033024448458043404,0.0003302447009035207,0.0039922782726164955
422,477,0,0,795234176,3926722969,3131488794,0.4557984297309794,64933,0.013335754915136128,0.013335755371363972,0.10397246589028646
423,477,0,0,795234176,3926006228,3130772053,0.4561286742596202,65521,0.00033024448458043404,0.0003302445286393946,0.0039922782726164955
424,477,0,0,795234176,2200011442,1404777267,1.6123057424484841,29406,1.1561770678690875,1.1561770681888628,2.1123105498879684
425,478,1,1,1033453056,4009173259,2975720204,0.5294082644866158,34706,0.9171025218556736,0.917102522038133,1.1689098608112778
426,480,2,2,72771696,2588621079,2515849384,0.7716015908317004,6926,3.2421933278027715,3.242193326345085,3.019133044731036
427,480,0,2,72771696,2581250426,2508478731,0.7758344402459549,65344,0.004232849122198513,0.004232849414255388,0.03358921203443514
428,480,0,3,323730636,2304301977,1980571342,1.1167304766339363,25872,1.3408960365263383,1.3408960363879805,1.5587480731332057
429,484,4,0,647461272,2928793201,2281331930,0.912770774363441,37744,0.7960402967605374,0.7960402977295045,1.6968215158121638
430,487,3,1,733555856,4060312591,3326756736,0.36853077080518304,5973,3.4557599935583414,3.4557599964417416,1.6117865212894131
431,487,0,1,733555856,4042139695,3308583840,0.3764333078918014,65178,0.007902537081509986,0.007902537086619976,0.05240919634141475
432,487,0,1,733555856,4041281450,3307725595,0.3768075908132644,65519,0.0003742827947452993,0.0003742829214615146,0.004452022505596219
433,487,0,1,733555856,2845148196,2111592341,1.0243158077119183,41837,0.6475082162915008,0.647508216898654,1.7355344415375802
434,487,0,1,733555856,2592540713,1858984858,1.208132126900658,57696,0.18381631856765837,0.18381631918873853,0.6578328758570788
435,487,0,1,733555856,2592115225,1858559370,1.2084623714882596,65521,0.00033024448458043404,0.0003302445876042672,0.0039922782726164955
436,487,0,1,733555856,2531454542,1797898687,1.2563354198670638,63397,0.047873048027908864,0.04787304837880236,0.24004389667312098
437,489,2,0,1467111712,3645900677,2178788966,0.9791206799176173,39710,0.7227852595881694,0.7227852600505542,2.2929833834134175
438,489,0,1,786739776,3644538533,2857798758,0.5877428184734725,42980,0.6086221376848542,0.6086221385558538,0.932157408526183
439,489,0,1,786739776,3168485843,2381746068,0.8506275388426126,54619,0.26288471990003726,0.26288472036914146,0.8473679765407333
440,489,0,1,786739776,2429132785,1642393010,1.3868477535299597,45192,0.5362202146646156,0.5362202146873479,0.9027357645297179
441,491,2,0,1573479552,4056365979,2482886428,0.790628874635324,49537,0.403781119976411,0.4037811211053626,1.219731150622665
442,493,2,0,2128292040,3397013059,1268721020,1.759272277236935,8372,2.968643403744291,2.968643402601613,3.352658213450449
443,493,0,0,2128292040,3396683953,1268391914,1.7596465606126799,65519,0.0003742827947452993,0.00037428337574338584,0.004452022505596219
444,493,0,2,2070717216,3745468327,1674751112,1.3587004362122954,21633,1.599053872626118,1.5990538755996162,2.813214182728057
445,493,0,2,2070717216,3745085006,1674367791,1.3590306814643753,65521,0.00033024448458043404,0.0003302452520798989,0.0039922782726164955
446,493,0,2,2070717216,3744701773,1673984558,1.3593609264884314,65521,0.00033024448458043404,0.0003302450240545794,0.0039922782726164955
447,493,0,2,2070717216,3744318628,1673601413,1.3596911712669915,65521,0.00033024448458043404,0.0003302447785619426,0.0039922782726164955
448,493,0,2,2070717216,3339657251,1268940036,1.7590232500493919,49690,0.3993320785625277,0.39933207878239835,1.5854585430423407
449,493,0,2,2070717216,3277697288,1206980073,1.831245288331239,62336,0.07222203791765784,0.07222203828184873,0.3005108369516232
450,493,0,3,1993950784,3765045229,1771094446,1.2780059982137324,48083,0.4467607088003568,0.446760709882492,0.8439265399984531
451,493,0,3,1993950784,3653784306,1659833523,1.371608595758655,61419,0.09360259733874166,0.09360259754492263,0.478746092590186
452,493,0,3,1993950784,3653075148,1659124365,1.3722251138223953,65508,0.0006165175324262582,0.000616518063742614,0.006792717736287013
453,493,0,4,1840417920,3900196919,2059779000,1.060157591473132,40681,0.6879324772111617,0.6879324776507365,1.0038852052966942
454,493,0,4,1840417920,3388112274,1547694355,1.4725265557093614,49243,0.41236896355747765,0.4123689642362277,1.4399095578024361
455,493,0,4,1840417920,3372407672,1531989753,1.487240498454213,64871,0.01471394201780416,0.014713942744852819,0.10120290609544913
456,493,0,4,1840417920,3279790737,1439372818,1.5772068270302455,61574,0.08996632779949268,0.08996632857603061,0.420023107206646
457,493,0,4,1840417920,3279461290,1439043371,1.5775370722234356,65521,0.00033024448458043404,0.00033024519319160573,0.0039922782726164955
458,493,0,4,1840417920,3260357778,1419939859,1.5968173197766546,64666,0.019280247093359112,0.019280247553218607,0.10778853373586211
459,493,0,5,1533352192,4163629579,2630277388,0.7074321924317069,60699,0.11061487179372557,0.11061487265505153,0.38307245577288773
460,493,0,5,1533352192,4161542566,2628190375,0.708577363838728,65484,0.001145170906201281,0.001145171407020329,0.010796648042462591
461,493,0,5,1533352192,4160941020,2627588829,0.7089076088513764,65521,0.00033024448458043404,0.0003302450126503336,0.0039922782726164955
462,500,7,0,442782224,3044390255,2601608032,0.7232435294180952,16222,2.0143359209813374,2.014335920566719,1.930936190017411
463,502,2,0,1398236076,3467263947,2069027872,1.0536940660524827,13030,2.330450536544503,2.330450536634387,0.8091667698771128
464,502,0,1,648988504,3888474433,3239485930,0.4068822542254509,51305,0.3531881879185447,0.35318818817296654,1.21731075805279
465,502,0,1,648988504,3887732973,3238744470,0.40721249893847755,65521,0.00033024448458043404,0.00033024471302790147,0.0039922782726164955
466,502,0,1,648988504,3886942263,3237953760,0.4075647628115,65520,0.0003522634716290214,0.00035226387302249843,0.004227909891679893
467,502,0,1,648988504,3886201154,3237212651,0.4078950073846457,65521,0.00033024448458043404,0.0003302445731466172,0.0039922782726164955
468,502,0,1,648988504,3218219789,2569231286,0.7413103763877729,52013,0.33341536851330594,0.33341536900312635,1.2554444622334844
469,502,0,1,648988504,3214338656,2565350153,0.7434913885949221,65437,0.002181011907029251,0.00218101220714811,0.018034677834908575
470,502,0,1,648988504,3213751493,2564762990,0.7438216336122849,65521,0.00033024448458043404,0.00033024501736317216,0.0039922782726164955
471,502,0,1,648988504,3162484410,2513495907,0.772951806276506,64226,0.029130172361290868,0.029130172664220643,0.16492628106747378
472,502,0,1,648988504,3161909116,2512920613,0.7732820510149487,65521,0.00033024448458043404,0.0003302447384432976,0.0039922782726164955
473,502,0,1,648988504,3030772206,2381783703,0.850604742374248,62116,0.07732269101455294,0.07732269135930049,0.30340577970659793
474,506,4,0,1033848568,2646320783,1612472216,1.4133728438867479,5546,3.5627680989605213,3.562768101512498,0.49261153663391627
475,506,0,0,1033848568,2576173714,1542325147,1.4775402053293192,62685,0.06416736106907234,0.0641673614425712,0.35017349210330945
476,506,0,0,1033848568,2538495757,1504647190,1.51322190282119,63935,0.03568169705873508,0.03568169749187181,0.21551718644190557
477,506,0,2,748247732,3558257171,2810009440,0.612072168941804,30598,1.0988502644077764,1.098850266120615,1.2031948321410662
478,506,0,2,748247732,3155939077,2407691346,0.8349966883580429,56153,0.22292451911575814,0.2229245194162373,0.7074968161579815
479,506,0,2,748247732,2435975586,1687727855,1.3475648568354899,45939,0.5125681679737879,0.5125681684774474,0.9771436766975071
480,506,0,2,748247732,2433915371,1685667640,1.3493270352326583,65456,0.0017621781119536897,0.001762178397170561,0.01528764682997423
481,506,0,4,396689480,2397699607,2001010128,1.101918676631957,19449,1.7525916416981804,1.7525916413992961,1.4650023209205616
482,512,6,0,798321492,3674773551,2876452060,0.5783567200733906,23552,1.4764380439429872,1.4764380434414335,1.7491780197535436
483,517,5,0,1055498368,4078020255,3022521888,0.5068943590307491,2152,4.928537637443376,4.928537638957359,0.7150041477302711
484,517,0,0,1055498368,4059941205,3004442838,0.5155496723424697,65144,0.008655313013480348,0.008655313311721684,0.06281486260720115
485,517,0,0,1055498368,2702954083,1647455716,1.3824074602437513,35936,0.8668577875993988,0.8668577879012795,0.9967281784412806
486,517,0,0,1055498368,2596091682,1540593315,1.4791610757685874,61285,0.09675361462147576,0.09675361552483625,0.39537165255180046
487,517,0,0,1055498368,2574464700,1518966333,1.4995572523108152,64616,0.02039617592554004,0.020396176542229312,0.1091876622631714
488,517,0,0,1055498368,2427008892,1371510525,1.6468814525136288,59174,0.147324199840996,0.14732420020281214,0.6945877105475229
489,517,0,2,754106428,2738795335,1984688908,1.1137342575666516,23709,1.466852806448239,1.4668528050530232,1.4615533842127473
490,520,3,0,1508212856,4003368013,2495155158,0.7835176155344747,41196,0.6697833573215872,0.6697833579678257,0.9559857417857908
491,525,5,0,1484424832,4191570719,2707145888,0.6658745095791261,2222,4.882356898610908,4.882356894044649,2.110338770028832
492,525,0,0,1484424832,4190951102,2706526271,0.6662047543190361,65521,0.00033024448458043404,0.000330244739910162,0.0039922782726164955
493,525,0,0,1484424832,4189877345,2705452514,0.6667772265998373,65510,0.0005724718275307164,0.0005724722808004633,0.006455936545791177
494,525,0,0,1484424832,4186739918,2702315087,0.6684512448698037,65460,0.0016740180678742555,0.0016740182699667707,0.01631862844349182
495,525,0,0,1484424832,3298393417,1813968586,1.2434976742787498,43992,0.5750464287389581,0.5750464294089459,1.9421565724658403
496,525,0,0,1484424832,3292636192,1808211361,1.2480838224396713,65328,0.004586147774849142,0.0045861481609217975,0.038670118999104504
497,525,0,1,821366016,4175617955,3354251940,0.3566560912981416,60785,0.10857226874736198,0.10857226885847274,0.462261913769435
498,525,0,1,821366016,2295453693,1474087678,1.5428248082470652,28801,1.1861687160748144,1.1861687169489215,2.746903896857062
499,532,7,0,1801660032,3304538431,1502878400,1.5149188625172734,1044,5.972094003430115,5.972094054270211,2.2998785331765483
500,534,2,1,205657344,3937536295,3731878952,0.20274495462083308,20342,1.6878260903095545,1.6878260921035588,2.333895583741779
501,536,2,0,411314688,4282022997,3870708310,0.15004955333371228,33987,0.9473045982630816,0.9473045987128766,1.8535205167329258
502,536,0,0,411314688,2363324416,1952009729,1.1376869025673066,33050,0.9876373487175836,0.9876373492335968,2.2058641508800845
503,537,1,0,822629376,3793117813,2970488438,0.5319469728520296,49865,0.39426007028174387,0.39426007028472293,0.9461426630104615
504,537,0,0,822629376,2635082395,1812453020,1.244703546026269,39987,0.7127565725476838,0.7127565731742395,1.8791725987663828
505,537,0,0,822629376,2355149999,1532520624,1.4867406568009045,55414,0.24203711026015748,0.24203711077463377,1.081862011124246
506,540,3,0,610715440,2427590471,1816875032,1.2411879542425304,9712,2.754447293744318,2.754447297441627,3.606159753793363
507,541,1,0,1221430880,4015275455,2793844576,0.6203953814120169,50388,0.37920742644382677,0.3792074271694866,1.61178857594624
508,541,0,0,1221430880,3715581739,2494150860,0.7840984160540359,58506,0.16370303461998675,0.16370303464201688,0.7459301467533586
509,543,2,0,590756224,3524093191,2933336968,0.5501043353557584,19269,1.7660059181721781,1.766005919301724,3.454081188914669
510,546,3,1,455653840,3094654495,2639000656,0.7026554367259017,3685,4.152551096017568,4.152551101370143,3.2801100521010604
511,546,0,3,955665372,3670691927,2715026556,0.661680836742061,16856,1.9590254011826937,1.9590254000161615,1.8649473703767872
512,550,4,0,1911330744,3694392615,1783061872,1.2682903808641477,21520,1.6066095425560134,1.6066095441220858,2.83230440224882
513,551,1,1,1835485024,3810739719,1975254696,1.1206084547669946,18150,1.8523180722295247,1.8523180739028466,1.0647835477204937
514,551,0,1,1835485024,3470911278,1635426255,1.3929804394481202,54261,0.27237198451992056,0.2723719846811245,0.9526874835934874
515,551,0,1,1835485024,3470462094,1634977071,1.3933767425757289,65518,0.0003963024539395264,0.0003963031276110221,0.004687653452683203
516,551,0,1,1835485024,3457139984,1621654961,1.4051802555629571,65002,0.011803512375734265,0.011803512987228466,0.08774227357765879
517,551,0,3,899489152,3300694555,2401205404,0.8388883260950344,24260,1.4337080699921274,1.4337080705320744,2.1202433381311288
518,551,0,3,899489152,3289299674,2389810523,0.8457509078765852,65225,0.006862581407823226,0.006862581781552852,0.05792765221279576
519,551,0,3,899489152,3283428710,2383939559,0.8492994869906525,65375,0.0035485790909715823,0.003548579114066401,0.03218826308275735
520,551,0,3,899489152,3280082115,2380592964,0.8513261776601198,65444,0.002026690572445132,0.002026690669466563,0.017832752450837343
521,551,0,3,899489152,3257960210,2358471059,0.8647952484717969,64927,0.013469070335611925,0.013469070811679196,0.10200636898673089
522,551,0,3,899489152,3122323652,2222834501,0.950246608118853,61767,0.08545135921410345,0.0854513596470536,0.35170910772627145
523,551,0,3,899489152,3121747050,2222257899,0.9506208909349461,65519,0.0003742827947452993,0.00037428281609286503,0.004452022505596219
524,551,0,3,899489152,3121204506,2221715355,0.9509731547751699,65520,0.0003522634716290214,0.0003522638402237367,0.004227909891679893
525,555,4,0,1798978304,3495911039,1696932736,1.3397177663791844,25028,1.3887446113006616,1.3887446116040152,2.4795434444673483
526,555,0,2,753462272,4038783703,3285321432,0.38661261696801574,31720,1.0468948494086592,1.0468948505888307,2.426095333297909
527,555,0,2,753462272,2844185165,2090722894,1.0386452873116738,41706,0.6520326696928659,0.6520326703436587,1.379490314483727
528,555,0,2,753462272,2277256506,1523794235,1.4949790438302202,47765,0.45633375584027375,0.45633375651854574,1.1664955664910466
529,558,3,0,1506924544,3485652829,1978728286,1.1180736272884282,42551,0.6230945830613287,0.6230945834582097,1.8962647264185701
530,558,0,1,866365440,3296901739,2430536300,0.8213724651113097,40250,0.703298837223296,0.7032988378228805,1.9205939463565198
531,558,0,1,866365440,2267142966,1400777527,1.6164193024364018,37770,0.7950468366724649,0.7950468373250941,1.7835846434550826
532,561,3,1,260411120,4113404287,3852993168,0.15666751815312097,22533,1.5402482164647178,1.5402482157167166,2.1253217122042334
533,567,6,0,104504896,2772251167,2667746272,0.687025686962869,1418,5.530358182760484,5.530358168809748,2.018214517026454
534,567,0,0,104504896,2438660763,2334155868,0.8797462428594827,57341,0.19272055573153404,0.19272055589661688,0.7347258222667975
535,567,0,0,104504896,2363438943,2258934048,0.927004995695448,63424,0.04725875281351182,0.04725875283596473,0.25415357272965766
536,567,0,0,104504896,2314010973,2209506078,0.9589232462886343,64102,0.03191825042293321,0.03191825059318462,0.2015035312481245
537,567,0,0,104504896,2313471542,2208966647,0.9592755102861297,65520,0.0003522634716290214,0.00035226399749623677,0.004227909891679893
538,569,2,1,770529248,2985158527,2214629280,0.9555819283475522,8213,2.9963064172621534,2.996306418061422,2.55374498388651
539,569,0,1,770529248,2975797987,2205268740,0.9616926688066165,65259,0.006110740070948834,0.006110740459062816,0.04400058478868493
540,569,0,1,770529248,2967486503,2196957256,0.9671403450539664,65289,0.00544767588017561,0.0054476762473529795,0.038636211662485126
541,569,0,4,1382080776,4125327335,2743246560,0.6467628501478728,10229,2.6796225081687206,2.6796225050939055,2.0698977832906196
542,574,5,0,1844003682,3925632885,2081629204,1.0449340385636745,24865,1.3981711893098758,1.3981711884158008,1.013281370517394
543,575,1,2,1060645912,3230957807,2170311896,0.9847447584231439,8541,2.939810721536578,2.9398107198594707,3.121940734673904
544,579,4,0,1762258848,3528551499,1766292652,1.2819227471893164,13334,2.297177988222971,2.2971779887661703,2.752312092146069
545,581,2,1,1778751400,4197054431,2418303032,0.8286521092963035,11216,2.546729365989377,2.5467293621069897,2.5153996487564867
546,581,0,2,1410019152,4253783515,2843764364,0.5948452186698177,38533,0.7661931085606398,0.7661931093735141,1.6770701436864672
547,581,0,2,1410019152,3499970732,2089951581,1.0391776269900461,48164,0.4443324081592793,0.4443324083202258,1.1337464908274288
548,585,4,0,1601756536,4053214631,2451458096,0.8090070448876645,19218,1.7698294165041601,1.7698294178976208,1.5338868358463498
549,585,0,0,1601756536,3698266421,2096509886,1.0346575128484936,56047,0.2256504677758563,0.2256504679608278,0.9181414473634694
550,585,0,0,1601756536,3611061130,2009304595,1.095950863980054,62810,0.06129335111249761,0.06129335113156098,0.35605883354909046
551,585,0,0,1601756536,3525490312,1923733777,1.158737985771019,62745,0.06278712174744634,0.06278712179096506,0.36451669502436246
552,585,0,0,1601756536,3331872331,1730115796,1.311778545883385,58940,0.15304055998863747,0.15304056011236444,0.642190807953234
553,585,0,1,1056029424,2804149657,1748120234,1.2968427306087698,33109,0.9850641831625644,0.9850641847253848,1.9124711000577332
554,585,0,1,1056029424,2275333683,1219304260,1.8165889711457055,45711,0.5197462399408898,0.5197462405369371,1.6198334210874104
555,587,2,0,2112058848,3240160873,1128102026,1.9287495944579085,30317,1.1121606208748276,1.1121606233122039,2.492749733528243
556,587,0,1,2076634048,3977620913,1900986866,1.1758985816349146,55218,0.2471489860981951,0.2471489871770052,0.92654150599203
557,587,0,1,2076634048,3962334351,1885700304,1.1875467405678677,65009,0.01164815836267412,0.011648158932951907,0.06974473608387242
558,587,0,1,2076634048,3956752291,1880118244,1.1918237475853246,65342,0.004277006722584219,0.004277007017456694,0.03522430023808618
559,590,3,1,917012552,2274773727,1357761176,1.6614174075953585,5916,3.469593662900932,3.4695936600100374,1.8552838484989402
560,590,0,5,553373408,3283481087,2730107680,0.6536892914479715,8236,2.992271885367746,2.9922718838526126,1.6470662948720396
561,590,0,5,553373408,3178502581,2625129174,0.7102587311953279,63016,0.056569439616401394,0.056569439747353886,0.3203725648285162
562,590,0,5,553373408,3175137852,2621764445,0.7121090749835375,65452,0.0018503435436362735,0.0018503437882110253,0.01580900382128805
563,590,0,5,553373408,3174257743,2620884336,0.7125934594825623,65514,0.000484384451701118,0.00048438449902312407,0.0054891046595572975
564,598,8,0,1091984880,3728225959,2636241080,0.7041648374974869,8240,2.9915713779294193,2.991571378014928,0.6407663663730909
565,598,0,1,36486112,3046183949,3009697838,0.5130284927500028,37410,0.8088636545618114,0.8088636552525138,1.6786739971902673
566,598,0,1,36486112,2501888618,2465402507,0.8008239426367219,53684,0.2877954495613453,0.287795449886721,0.9304560493890374
567,600,2,0,2061289852,3449583523,1388293672,1.6293343660489263,18452,1.828510422934344,1.8285104234122023,2.1113292156167836
568,603,3,0,2018637568,3327619543,1308981976,1.714201913753076,7724,3.0848675510493497,3.084867547704151,2.4890192174445382
569,606,3,1,1633401648,3690190719,2056789072,1.0622532959440854,6436,3.3480513892765535,3.348051382191007,2.871757915871855
570,606,0,1,1633401648,3385451005,1752049358,1.2936037275022834,55826,0.23135043146291007,0.23135043155819995,0.8607555813564305
571,606,0,1,1633401648,3385049992,1751648345,1.2939339725850516,65521,0.00033024448458043404,0.0003302450827666438,0.0039922782726164955
572,606,0,2,1119319648,3793405853,2674086206,0.6836011708726772,50024,0.3896671980888659,0.38966719828762564,0.7927816445777616
573,606,0,3,91155648,4216371031,4125215384,0.058177699305804964,50550,0.3745765283222607,0.3745765284331296,1.2310312725552868
574,612,6,1,1367877920,3782982047,2415104128,0.830561753345787,2398,4.772384056585777,4.772384054039981,0.3768871334775165
575,612,0,1,1367877920,3730321161,2362443242,0.8623674771959067,64107,0.03180572360799663,0.03180572385012145,0.1672718778884176
576,612,0,1,1367877920,3657756490,2289878571,0.9073760497268673,63523,0.04500857221842287,0.04500857253095824,0.23228558304823968
577,612,0,2,588272192,3161450557,2573178366,0.7390956816257344,36822,0.8317196311413334,0.8317196318988698,1.239355380546884
578,612,0,2,588272192,2357999798,1769727607,1.2791198254072071,45073,0.5400241433042318,0.5400241437814695,1.4265317941887812
579,612,0,2,588272192,2342283528,1754011337,1.2919890733845598,64954,0.0128692479341041,0.012869247977353228,0.07862047931766049
580,615,3,0,1176544384,3712388287,2535843904,0.7601812041074432,47374,0.4681921301539967,0.46819213072288296,1.0331710265070198
581,616,1,1,16307444,2772087515,2755780072,0.6401863892108004,17805,1.8800051847495747,1.8800051851033572,1.5873875052574107
582,616,0,1,16307444,2771456766,2755149323,0.6405166342177999,65521,0.00033024448458043404,0.00033024500700188036,0.0039922782726164955
583,616,0,1,16307444,2313722607,2297415164,0.9026355575075833,54648,0.26211892314222135,0.2621189232897838,0.7031719461940807
584,618,2,0,32614888,4072231875,4039616988,0.08842863415246427,57617,0.18579307619362126,0.18579307664488115,0.7049479325994265
585,618,0,0,2094030154,3659369408,1565339255,1.456171780572081,25395,1.3677431464958398,1.3677431464196168,1.5530017596819843
586,618,0,0,2094030154,3656216564,1562186411,1.4590805298071672,65404,0.002908749196698977,0.0029087492350846275,0.025274616492963354
587,622,4,4,717243648,3048318719,2331075072,0.8816516789737712,382,7.422571171964251,7.422571149166605,2.543974486840848
588,622,0,4,717243648,2889536994,2172293347,0.9834282078412322,61072,0.10177652878444184,0.10177652886745865,0.36841118456757804
589,622,0,4,717243648,2888807769,2171564122,0.9839125926575285,65514,0.000484384451701118,0.0004843848162989676,0.005630173881020868
590,622,0,4,717243648,2832808877,2115565230,1.0216039764874338,63846,0.03769138362249892,0.03769138382990379,0.2302723870863588
591,622,0,4,717243648,2457542675,1740299028,1.3033119266367237,53911,0.2817079499529463,0.2817079501492907,0.9997501630431556
592,622,0,4,717243648,2423207246,1705963599,1.3320602825359984,64243,0.02874835548969902,0.0287483558992724,0.189323428904564
593,622,0,4,717243648,2380985063,1663741416,1.3682159233784077,63914,0.03615564047841199,0.03615564084241033,0.22552365708761354
594,622,0,4,717243648,2244023928,1526780281,1.4921546872315865,60141,0.12393876379492758,0.12393876385317808,0.46249751349038376
595,627,5,0,1434487296,4080120569,2645633274,0.6990340505531591,56781,0.2068793631047521,0.20687936332157542,0.9094514375544478
596,628,1,0,1516676848,3550232917,2033556070,1.0786423761157131,25187,1.37960832620172,1.379608325562553,1.364046289095762
597,631,3,0,1487387064,4060361759,2572974696,0.7392098771016933,10365,2.660567504003223,2.6605675009859793,2.8090708279126297
598,631,0,0,1487387064,3941127686,2453740623,0.8076643915886201,62499,0.06845451398114707,0.06845451448692541,0.3106390709836303
599,631,0,0,1487387064,3934650373,2447263310,0.8114778114152514,65363,0.0038134193140021496,0.0038134198266333,0.03348727708427578
600,631,0,0,1487387064,3933754158,2446367095,0.812006239123729,65512,0.0005284274673163702,0.0005284277084777469,0.0060288782537003035
601,631,0,0,1487387064,3924832622,2437445559,0.817277149772142,65297,0.005270910218595495,0.005270910648413369,0.04558417294563956
602,631,0,0,1487387064,3923084576,2435697513,0.8183121685952521,65489,0.0010350188106098368,0.0010350188231092812,0.010433483203488053
603,631,0,0,1487387064,3922081099,2434694036,0.8189066634310223,65509,0.0005944945118882062,0.0005944948357709762,0.006573574455137129
604,631,0,0,1487387064,3920297875,2432910812,0.8199637124795878,65488,0.001057048556915173,0.0010570490485652501,0.01020445236139575
605,631,0,0,1487387064,3915360479,2427973416,0.8228945204724205,65403,0.0029308075734053776,0.0029308079928322944,0.024798014604485753
606,631,0,0,1487387064,3914100849,2426713786,0.8236431833293771,65502,0.0007486627160211863,0.0007486628569550526,0.00802957399462412
607,631,0,0,1487387064,3913360274,2425973211,0.8240835265408215,65516,0.0004403427806028656,0.0004403432114460938,0.005086360513452917
608,631,0,0,1487387064,3912767995,2425380932,0.8244357902408872,65520,0.0003522634716290214,0.0003522637000644351,0.004227909891679893
609,631,0,0,1487387064,3890377927,2402990864,0.8378159825592562,64931,0.013380192019830364,0.013380192318368801,0.08058502047995761
610,631,0,0,1487387064,3887811255,2400424192,0.8393577711722493,65466,0.0015417881020707706,0.0015417886129936134,0.01422869830137557
611,631,0,0,1487387064,3886968820,2399581757,0.8398641775484741,65513,0.0005064057914389884,0.0005064063762269525,0.005781730653504212
612,631,0,0,1487387064,3885797149,2398410086,0.8405687906575281,65504,0.0007046129765893727,0.0007046131090532715,0.0077666276391568
613,634,3,0,327985840,2618654847,2290669008,0.9068781356536313,7824,3.0663093450477663,3.066309344996102,1.25864287395135
614,634,0,0,327985840,2329699758,2001713919,1.1014113442332878,57269,0.19453320832046844,0.19453320857965675,0.5893012395752846
615,634,0,0,327985840,2277836503,1949850664,1.139283511555142,63838,0.037872166811343484,0.037872167321853945,0.18518887685138835
616,634,0,0,327985840,2244365098,1916379259,1.1642640416552688,64411,0.024980530087719985,0.02498053010012615,0.15555210921346943
617,634,0,5,724361280,3943279583,3218918304,0.41607118426795964,3440,4.2518071504105395,4.251807142612691,0.9764229392922111
618,634,0,5,724361280,3941462261,3217100982,0.4168859243705825,65499,0.0008147398470877202,0.0008147401026229246,0.008367478818723772
619,634,0,5,724361280,2604128855,1879767576,1.192092855217993,38293,0.7752069303439604,0.7752069308474122,1.335634650088984
620,640,6,0,1448722560,3464332713,2015610154,1.0914305167384306,35136,0.8993376609948014,0.8993376615204383,1.2256751334948979
621,640,0,0,1448722560,3345523172,1896800613,1.179079111837023,61673,0.08764859447102295,0.0876485950985918,0.44176755729800193
622,640,0,0,1448722560,3345060085,1896337526,1.179431376003123,65520,0.0003522634716290214,0.00035226416610058145,0.004227909891679893
623,640,0,0,1448722560,3344597111,1895874552,1.1797836402137953,65520,0.0003522634716290214,0.0003522642106720869,0.004227909891679893
624,640,0,0,1448722560,3344163179,1895440620,1.1801138852706252,65521,0.00033024448458043404,0.00033024505682880935,0.0039922782726164955
625,640,0,1,749961472,3909819709,3159858238,0.44278731037149655,54627,0.2626734250178861,0.2626734251008734,0.6620142555520546
626,645,5,2,867090240,2366788543,1499698304,1.5179748446929295,486,7.075187496394219,7.075187534321433,0.8726748025886935
627,645,0,2,867090240,2164223092,1297132853,1.7273208973041179,56684,0.20934605244609314,0.2093460526111881,0.6512749729935643
628,648,3,0,1734180480,4216300879,2482120400,0.7910740481643188,62703,0.06375315060372659,0.0637531508601986,0.2994951221341053
629,648,0,1,1320877312,4072282927,2751405616,0.6424783065938762,36323,0.8514042574036472,0.8514042584295572,1.1154362452702349
630,648,0,2,494270976,2610388049,2116117074,1.0212276993714013,25202,1.378749391662334,1.378749392777526,2.55428737472099
631,648,0,2,494270976,2608547554,2114276579,1.0224830308580728,65479,0.0012553314127252556,0.0012553314866709962,0.012964571376611864
632,648,0,2,494270976,2605547253,2111276278,1.0245317663716342,65443,0.0020487354667572794,0.002048735513562974,0.01771676494667033
633,648,0,5,2004118104,3517216615,1513098512,1.505141227099383,5871,3.4806094586520397,3.4806094607277474,1.8122375972935922
634,648,0,5,2004118104,3516454709,1512336606,1.5058678650791713,65503,0.0007266376781842033,0.000726637979787316,0.007551366044291256
635,648,0,5,2004118104,3470555699,1466437596,1.5503314672522563,63547,0.04446360202257721,0.04446360217308486,0.20010695865958036
636,648,0,5,2004118104,3426832873,1422714770,1.5940006908626998,63582,0.043669222648762086,0.043669223610444965,0.21996264750156735
637,648,0,5,2004118104,3426138188,1422020085,1.5947053038937824,65504,0.0007046129765893727,0.0007046130310812783,0.0075309999005795675
638,648,0,5,2004118104,3380940619,1376822516,1.6413045500773684,63453,0.04659924546522384,0.046599246183585866,0.20639075832683518
639,648,0,5,2004118104,3380331368,1376213265,1.641943091295591,65507,0.0006385408891551363,0.0006385412182229778,0.007015612033399586
640,648,0,5,2004118104,3374409551,1370291448,1.6481643726337367,65254,0.00622128040345171,0.006221281338147569,0.04653550109488816
641,654,6,1,1015824900,2265346035,1249521136,1.7812718407920158,14940,2.1331074723234007,2.1331074681582773,1.2576106119005876
642,654,0,1,1015824900,2241761171,1225936272,1.808763160834303,64299,0.027491320008672833,0.027491320042287715,0.15582601675233834
643,654,0,1,1015824900,2231659767,1215834868,1.8206998475735574,64996,0.011936686274586253,0.011936686739255947,0.0878863034424523
644,656,2,1,1915815952,4141853459,2226037508,0.9481692441920408,29997,1.1274693964474394,1.1274693966184834,2.4792367546320007
645,656,0,1,1915815952,4140936359,2225120408,0.9487637392271289,65509,0.0005944945118882062,0.0005944950350853975,0.006452011484427647
646,662,6,0,379761216,2590757311,2210996096,0.9579506682528205,2035,5.009186920846391,5.009186929025694,0.574249925713607
647,662,0,0,379761216,2574968337,2195207122,0.9682900787884208,65068,0.010339410263475958,0.010339410535598772,0.06833468850700104
648,662,0,2,1309969220,3855546619,2545577400,0.7546542136280614,18999,1.7863641352105317,1.7863641348396426,0.8722148799051865
649,662,0,2,1309969220,3256984794,1947015575,1.1413827211823495,50126,0.38672850722413765,0.3867285075542852,1.2597782539824043
650,665,3,4,1302935968,3274669535,1971733568,1.1231825263941566,2074,4.981799821186774,4.981799805211811,0.20722845162099748
651,665,0,4,1302935968,3272713927,1969777960,1.124614132606645,65471,0.0014316057211096818,0.001431606212485792,0.014015049118923494
652,665,0,4,1302935968,3270459695,1967523728,1.126266111520362,65461,0.0016519788985902288,0.001651978913717142,0.015328143152447283
653,665,0,4,1302935968,3269979342,1967043375,1.1266183753787615,65520,0.0003522634716290214,0.00035226385840041207,0.004227909891679893
654,665,0,5,458388288,2202362411,1743974124,1.300268511549028,29052,1.1736501352799074,1.173650136170267,2.3672800911865206
655,665,0,5,458388288,2198982822,1740594535,1.3030669743124115,65409,0.0027984623718733453,0.0027984627633824786,0.02434291625631766
656,671,6,0,916776576,4196698777,3279922202,0.38898555071913066,61747,0.08591857590322305,0.0859185764067196,0.3636224860160934
657,671,0,0,916776576,4188841297,3272064722,0.3924458606971122,65379,0.003460309819433334,0.0034603099779805763,0.03092066016814739
658,671,0,0,916776576,4185645921,3268869346,0.39385543108194554,65472,0.0014095702546713536,0.0014095703848332347,0.014515894255636453
659,671,0,0,916776576,4183900156,3267123581,0.3946261193602467,65501,0.0007706880901105886,0.0007706882783020428,0.008204164072833257
660,671,0,0,916776576,4160270142,3243493567,0.4050985685714217,65062,0.010472449074687331,0.010472449211175117,0.0790373108753409
661,671,0,0,916776576,3760277542,2843500967,0.5949788511008158,57454,0.18988028233502977,0.18988028252939507,0.7331366686825465
662,672,1,3,766608912,2566706079,1800097168,1.2545723616764803,2593,4.659593509146705,4.659593510575665,2.616361429512322
663,672,0,3,766608912,2503366478,1736757567,1.3062507628905315,63230,0.05167840093864189,0.05167840121404896,0.24927811983124631
664,672,0,5,242300304,2398724811,2156424508,0.9940059348522432,20343,1.6877551700666553,1.6877551719617137,1.9630554548703567
665,672,0,5,242300304,2396947971,2154647668,0.995195169593373,65482,0.0011892340994270377,0.0011892347411289665,0.011993702241213473
666,672,0,5,242300304,2388038218,2145737915,1.0011732730042766,65265,0.005978102850952038,0.0059781034109049475,0.041503294737239065
667,678,6,0,484600608,3780935473,3296334866,0.38178433644836574,50339,0.3806110632558018,0.3806110634440887,1.526376307398825
668,678,0,0,484600608,3758301337,3273700730,0.3917247041891656,65086,0.00994036742343168,0.009940367740797918,0.06836241886299814
669,678,0,0,484600608,3756752803,3272152196,0.3924072928111144,65505,0.0006825886112264284,0.0006825886219503263,0.007283854988740478
670,678,0,0,484600608,3755404717,3270804110,0.3930017876918548,65509,0.0005944945118882062,0.000594494880740304,0.006640171866889452
671,678,0,0,484600608,3752460114,3267859507,0.3943011860648262,65477,0.0012993979706836883,0.0012993983729711292,0.01298038796900999
672,678,0,0,484600608,3750515434,3265914827,0.3951599792007805,65497,0.0008587929491977406,0.0008587931359557233,0.008779693278219917
673,678,0,0,484600608,3744236361,3259635754,0.3979363856240674,65410,0.0027764060185773093,0.0027764064232844196,0.0221728170589034
674,678,0,0,484600608,3133750990,2649150383,0.6971174032309762,53262,0.29918101736376623,0.2991810176069096,1.0488671171165187
675,682,4,1,1700384800,3451825023,1751440224,1.2941053956758708,1354,5.5969879764250035,5.596987992444895,0.6743474303225102
676,682,0,1,1700384800,3448110267,1747725468,1.2971685613241277,65397,0.003063164916699035,0.003063165648255807,0.02566063510811213
677,682,0,1,1700384800,3447310221,1746925422,1.2978291265440447,65506,0.0006605645820851047,0.0006605652199196616,0.007376047371416315
678,682,0,3,359088256,4066293455,3707205200,0.21231517306625847,34769,0.9144860465051577,0.9144860465222119,1.5301195970821206
679,682,0,3,359088256,4047795894,3688707639,0.21953169812481832,65209,0.007216524716623124,0.007216525058558937,0.056130133971028895
680,682,0,3,359088256,3878208550,3519120295,0.28743231506521383,62523,0.06790061656458593,0.06790061694039633,0.30883974098179046
681,682,0,3,1965932672,3396702939,1430770268,1.5858551020582006,26645,1.2984227873526033,1.2984227869929872,1.8416060042704352
682,682,0,3,1965932672,3396375461,1430442790,1.5861853472228127,65521,0.00033024448458043404,0.00033024516461098024,0.0039922782726164955
683,682,0,3,1965932672,3345322517,1379389846,1.6386168940885923,63197,0.052431546033132145,0.05243154686578063,0.2253437192796607
684,682,0,3,1965932672,3321601625,1355668954,1.6636422217659224,64409,0.025025327325447197,0.025025327677331545,0.128586961368104
685,682,0,4,1784381696,4243683003,2459301308,0.8043986445375175,59444,0.14075642203701821,0.14075642277159228,0.4492557873472901
686,682,0,4,1784381696,4199590000,2415208305,0.8304995231512038,64361,0.026100878543433213,0.026100878613688875,0.13329117057449644
687,682,0,4,1784381696,3923412463,2139030768,1.005689911513695,58042,0.17519038808295212,0.17519038836248918,0.5171170607251546
688,682,0,4,1784381696,3896550550,2112168855,1.0239219720496386,64713,0.0182320604493976,0.01823206053594483,0.11023727674792244
689,688,6,0,1046510712,3531764079,2485253368,0.7892542060476195,19278,1.7653322338074318,1.76533223399798,2.6537996769037226
690,688,0,0,1046510712,3493159526,2446648815,0.8118401100716923,64518,0.02258590351315688,0.02258590402407228,0.11900383603701854
691,688,0,0,1046510712,3202485580,2155974869,0.9943067845190434,57750,0.18246667392185542,0.1824666744473537,0.7410255695464645
692,688,0,0,1046510712,3052538475,2006027764,1.0983055726120377,60978,0.1039987878693669,0.10399878809299123,0.44055376646869593
693,688,0,0,1046510712,2600527183,1554016472,1.4666453501530796,50769,0.36833977695282455,0.3683397775410423,0.8673848636246165
694,688,0,0,1046510712,2593105198,1546594487,1.4735521704836003,65223,0.0069068195729465555,0.006906820330521595,0.04588579214338026
695,688,0,2,1185104464,3813012415,2627907952,0.7087324028949133,27839,1.2351802311371844,1.2351802324113144,1.1176187951356369
696,688,0,2,1185104464,3618854542,2433750079,0.8194661202380082,60694,0.11073371678822318,0.11073371734309244,0.4385311125324477
697,695,7,0,1740849632,3700446271,1959596640,1.1320904229787914,1649,5.312624316562533,5.312624302740786,0.23101620535273004
698,697,2,1,378723376,4121619935,3742896560,0.19849196805027702,15647,2.066401544762825,2.066401545071485,2.3039077730669817
699,697,0,1,378723376,4120763253,3742039878,0.19882221290637148,65521,0.00033024448458043404,0.000330244856092839,0.0039922782726164955
700,697,0,1,378723376,3062833033,2684109658,0.6782035326645044,47008,0.47938131944372014,0.4793813197581336,1.1984981877969498
701,697,0,1,378723376,2830529108,2451805733,0.8088024733229844,59864,0.1305989402219053,0.13059894065848068,0.5628315395204703
702,700,3,1,1461863928,3245049791,1783185864,1.2681900610564263,5958,3.45938759175047,3.459387587733442,0.48124658377196977
703,706,6,0,502556416,3919168383,3416611968,0.33008073893442,3924,4.061890673780761,4.061890677877993,2.1854599900783747
704,707,1,3,441383584,3421743583,2980360000,0.5271605405458004,3573,4.19707980141473,4.197079801611382,3.487349549270522
705,707,0,3,441383584,2909175871,2467792288,0.7994261768437738,54265,0.27226563617636845,0.2722656362979718,0.6663019335119827
706,707,0,3,441383584,2830249896,2388866313,0.846321026823329,63440,0.04689484940865921,0.0468948499795567,0.2613449142409915
707,712,5,1,241372160,3164175759,2922803600,0.5552942565980032,10023,2.7089732319438737,2.708973229774674,1.3290834673523284
708,717,5,0,949594384,2943323215,1993728832,1.1071779445685799,2794,4.551883694590537,4.551883687970577,0.7582307922305258
709,718,1,1,1650893888,3795636967,2144743080,1.0018423092025017,17625,1.8946643629391193,1.8946643646339216,2.360747093840399
710,718,0,1,1650893888,3788862647,2137968760,1.0064063734615836,65329,0.004564064074153165,0.004564064259079889,0.03495046316335723
711,718,0,1,1650893888,3771768292,2120874405,1.017987956851357,65012,0.01158158319214882,0.011581583389775949,0.07526071230431713
712,718,0,1,1650893888,3575945980,1925052093,1.1577496595330068,59485,0.13976170251495454,0.1397617026816487,0.7705684315809582
713,718,0,2,1154304128,4283160005,3128855878,0.4570119396187735,53259,0.2992622799340352,0.29926228008576766,1.1188454894773332
714,718,0,2,1154304128,4276857988,3122553861,0.4599206888874967,65404,0.002908749196698977,0.002908749268721083,0.02455668153489993
715,718,0,2,1154304128,4275952706,3121648579,0.46033901160323154,65517,0.000418322449221962,0.0004183227157371812,0.00492328406377429
716,718,0,2,1154304128,4275000054,3120695927,0.460779354594699,65516,0.0004403427806028656,0.00044034299146469233,0.005158914338864347
717,718,0,2,1154304128,4274285783,3119981656,0.46110959925814754,65521,0.00033024448458043404,0.0003302446634505765,0.0039922782726164955
718,721,3,0,2075863168,3460183641,1384320474,1.6334691765006717,14539,2.1723595770977484,2.172359577242522,1.5608863126107118
719,721,0,0,2075863168,3382936632,1307073465,1.7163069148937282,61879,0.0828377382514852,0.08283773839305943,0.474830641648717
720,721,0,0,2075863168,3325596601,1249733434,1.7810267426926032,62661,0.06471982674654841,0.06471982779887292,0.2752246712832576
721,721,0,1,2004242688,4223923041,2219680354,0.9522952103850315,58200,0.17126846731699144,0.1712684676924301,0.5768110503642782
722,721,0,1,2004242688,4197707944,2193465257,0.9694352907852775,64762,0.01714008037017725,0.017140080400245263,0.1265406487591147
723,721,0,1,2004242688,4175115948,2170873261,0.9843716444107926,64861,0.014936353611512156,0.014936353625516178,0.10907781599597505
724,721,0,1,2004242688,4172565330,2168322643,0.9860677025953173,65459,0.0016960575738423276,0.0016960581845221903,0.015728870262239132
725,721,0,1,2004242688,4145103968,2140861281,1.0044558279629037,64706,0.018388125096722503,0.01838812536758879,0.12798148371600823
726,721,0,1,2004242688,3765252665,1761009978,1.2862440624151255,53908,0.28178823422795873,0.28178823445222057,0.8385363928750188
727,724,3,0,1816502272,3577727215,1761224944,1.2860679637792245,16386,1.9998239005135574,1.9998239013640984,2.89604916337065
728,724,0,0,1816502272,3575362288,1758860017,1.2880064789037746,65448,0.0019385143635805371,0.0019385151245494537,0.018658934382825437
729,726,2,0,1729173792,3673431223,1944257432,1.1434278924604264,18111,1.8554214134661193,1.8554214135566536,2.3039082751838227
730,726,0,0,1729173792,3645959568,1916785777,1.1639580378702377,64610,0.020530145409259324,0.020530145409810574,0.13782301817096757
731,726,0,0,1729173792,3643034785,1913860994,1.1661610970411722,65436,0.002203059159570524,0.0022030591709347215,0.021255953307255403
732,726,0,2,474244224,3352628543,2878384320,0.5773879133722453,24641,1.411226814670731,1.4112268163310733,2.7528835540586316
733,726,0,2,474244224,3141414093,2667169870,0.6873374340599376,60727,0.10994952068505237,0.1099495206876936,0.46540542794433826
734,726,0,2,474244224,3140803626,2666559403,0.6876676786870242,65521,0.00033024448458043404,0.0003302446270868865,0.0039922782726164955
735,726,0,2,474244224,3139786414,2665542191,0.6882181283361426,65511,0.0005504494793435254,0.0005504496491165349,0.0062203082868149875
736,726,0,2,474244224,2954317780,2480073557,0.7922642355849021,60976,0.10404610718783183,0.10404610724875847,0.5532743131980442
737,726,0,2,474244224,2951820147,2477575924,0.7937178773002813,65470,0.0014536415241189304,0.0014536417153820037,0.014510109563480844
738,726,0,2,474244224,2903619016,2429374793,0.8220620663771321,64261,0.02834418891269223,0.028344189076850414,0.1433252335529417
739,730,4,0,1270834092,3221421579,1950587488,1.1387384382572066,13155,2.3166763719467482,2.3166763718800722,2.3977953622533614
740,732,2,0,788369072,3808303287,3019934216,0.5081300227164469,25366,1.369391583710931,1.3693915844592408,2.2027285664565737
741,732,0,0,788369072,3722409161,2934040090,0.5497585622386154,63672,0.04162853905014801,0.04162853952216989,0.20327413750016057
742,732,0,0,788369072,3719633427,2931264356,0.5511240627040905,65474,0.0013655003314663333,0.001365500465474716,0.013206077440685825
743,732,0,0,788369072,2617636185,1829267114,1.2313813897319825,40898,0.6802573264432211,0.6802573270278912,1.514818999505885
744,732,0,0,788369072,2612053704,1823684633,1.2357908779935691,65336,0.004409487633700345,0.004409488261587827,0.03664798212995866
745,733,1,0,1576738144,3862911157,2286173014,0.9097125574243172,41078,0.6739216788217642,0.6739216794307468,1.0985469673087005
746,733,0,1,1005992640,3489331331,2483338692,0.7903661080405726,35594,0.8806535506010083,0.8806535506162554,2.2100296036123686
747,733,0,1,1005992640,3488762939,2482770300,0.7906963530370383,65521,0.00033024448458043404,0.0003302449964680445,0.0039922782726164955
748,733,0,1,1005992640,2698160317,1692167678,1.3437746128790167,44667,0.5530782592605674,0.5530782598419753,1.4003358614322117
749,733,0,1,1005992640,2390845563,1384852924,1.6329143806294226,53634,0.2891397675185159,0.28913976775040845,1.0337130930443612
750,733,0,1,1005992640,2374278718,1368286079,1.6502772479495107,64752,0.017362866330576262,0.017362867320088245,0.09590103227598772
751,733,0,1,1005992640,2173052808,1167060169,1.8797682034087515,55898,0.2294909553015844,0.2294909554592379,0.6425368973494692
752,735,2,0,2011985280,4063885621,2051900342,1.065686483096954,57612,0.18591827862024948,0.1859182796882056,0.5523536334535624
753,735,0,0,2011985280,4062633240,2050647961,1.0665673033972602,65496,0.000880820004703256,0.0008808203003031876,0.00928325222960263
754,741,6,0,828576064,2310489663,1481913600,1.5351858093586301,740,6.468618539483688,6.4686185059613726,3.492781280747936
755,743,2,0,2023685232,3371191875,1347506644,1.6723547596836603,14898,2.137168953102003,2.1371689503250293,2.2276188340516514
756,743,0,0,2023685232,3355544710,1331859479,1.689205270544626,64775,0.016850510045180976,0.016850510860966852,0.09456656829669743
757,743,0,0,2023685232,3318435710,1294750479,1.7299730538119817,63710,0.04076778300643645,0.04076778326735424,0.21818103197513197
758,743,0,0,2023685232,3308932917,1285247686,1.7406007313962881,65055,0.010627676528378477,0.010627677584305278,0.07973319831457543
759,743,0,1,1899886816,3865412083,1965525268,1.1277322354270183,50112,0.38713150270895935,0.3871315040307323,0.8021922863583018
760,743,0,1,1899886816,3859053877,1959167062,1.1324067217402813,65324,0.0046744859581966435,0.004674486313263641,0.039135025745254175
761,743,0,1,1899886816,3858605459,1958718644,1.1327369664060107,65521,0.00033024448458043404,0.000330244665728574,0.0039922782726164955
762,743,0,1,1899886816,3834874645,1934987830,1.1503226533669775,64742,0.01758568669966777,0.0175856869609679,0.11803763301311346
763,743,0,1,1899886816,3834402235,1934515420,1.1506749174813216,65520,0.0003522634716290214,0.0003522641143420357,0.004227909891679893
764,743,0,1,1899886816,3686397164,1786510349,1.265502874739461,60522,0.11482795704649218,0.11482795725813877,0.3967370516699265
765,743,0,1,1899886816,3607261428,1707374613,1.3308675129421594,62633,0.06536463754063834,0.06536463820269907,0.2731006118159662
766,743,0,1,1899886816,3541192366,1641305551,1.3878033051646064,63000,0.056935791837996484,0.056935792222448336,0.2393333538735632
767,743,0,1,1899886816,3539514395,1639627580,1.3892789833054664,65469,0.0014756776637093812,0.0014756781408590451,0.014808038692820895
768,743,0,2,1652289984,4078206251,2425916268,0.8241173902073662,48482,0.4348384057451675,0.43483840690190173,1.1158418693302339
769,743,0,2,1652289984,4063177533,2410887550,0.8330827845136675,65130,0.008965393776337085,0.008965394306299435,0.05662544862221771
770,743,0,3,1157096320,3659731207,2502634888,0.7791993159118284,34015,0.9461165313407035,0.9461165313981607,2.1243881753042917
771,743,0,3,1157096320,3639033756,2481937437,0.7911803965678033,64994,0.011981080306158,0.011981080655974799,0.07892299977880626
772,743,0,4,166708992,4152745353,3986036362,0.10769227501443979,52626,0.3165118778993792,0.316511878446637,0.843051765674548
773,743,0,4,166708992,2365974872,2199265881,0.965625116167196,36159,0.8579328407889882,0.8579328411527573,1.972818705524279
774,748,5,0,333417984,2218713959,1885295976,1.1878561134547176,28090,1.2222309959862392,1.2222309972875223,1.857434358275495
775,750,2,0,201500364,2203361575,2001861212,1.1013051896720256,17397,1.913449076346452,1.913449076217307,2.3851976809877726
776,751,1,0,403000728,4232916535,3829915808,0.16533446788855244,62691,0.06402927769981599,0.06402927821652463,0.27393402586870214
777,751,0,0,403000728,4231630857,3828630130,0.16581885260262652,65514,0.000484384451701118,0.00048438471407502586,0.005618655211859437
778,751,0,0,403000728,4230345611,3827344884,0.16630323716358575,65514,0.000484384451701118,0.0004843845609605444,0.005618655211859437
779,751,0,0,403000728,4229469601,3826468874,0.16663348175229586,65521,0.00033024448458043404,0.00033024458871018297,0.0039922782726164955
780,751,0,0,403000728,3963632308,3560631581,0.2705139784288413,60983,0.10388049636292654,0.10388049667654245,0.5567094192179851
781,752,1,1,1062067984,3674733563,2612665580,0.7171246738441219,12022,2.4466106952783813,2.4466106954152838,2.090023479770383
782,752,0,1,1062067984,3654401845,2592333862,0.7283956137347651,65026,0.01127093967793787,0.011270939890642399,0.08413081910200361
783,752,0,1,1062067984,3645145770,2583077787,0.7335560564759902,65302,0.005160442677374364,0.0051604427412235135,0.04035414754420432
784,752,0,1,1062067984,3644318062,2582250079,0.7340184202477005,65515,0.0004623634480924974,0.00046236377171152013,0.005375545368984679
785,756,4,0,499568000,3096002799,2596434800,0.726115148162723,8237,2.992096726617954,2.9920967279150235,0.6630097318242982
786,759,3,1,2108709904,3961585615,1852875712,1.2128810351261698,2923,4.486765886193948,4.486765886963448,3.500512265659116
787,759,0,2,2069936160,4203898453,2133962294,1.009112461294606,37739,0.7962314252322462,0.7962314261684362,1.2242286458557974
788,759,0,2,2069936160,3754449576,1684513417,1.3503152265702312,51733,0.3412027645047211,0.34120276527562204,1.0643861413394387
789,762,3,1,535874532,2987795675,2451921144,0.808734564615353,23848,1.4584193400088312,1.4584193380451247,1.8762393607772696
790,762,0,1,535874532,2959586010,2423711479,0.8254291768192878,64782,0.016694611632960103,0.016694612203933246,0.11227580934909362
791,762,0,1,535874532,2913431348,2377556817,0.853167328114143,64288,0.027738151266708092,0.027738151294855393,0.18411190934434443
792,762,0,1,535874532,2912052759,2376178228,0.8540040948041892,65498,0.000836766229995985,0.0008367666900457385,0.008808849174925996
793,762,0,1,535874532,2910820000,2374945469,0.8547527578360281,65502,0.0007486627160211863,0.0007486630318404298,0.008164439953213237
794,762,0,1,535874532,2909841552,2373967021,0.8553472527231492,65509,0.0005944945118882062,0.0005944948871198332,0.006576089058353385
795,762,0,1,535874532,2909298194,2373423663,0.8556774972501451,65521,0.00033024448458043404,0.0003302445269955004,0.0039922782726164955
796,762,0,1,535874532,2908754960,2372880429,0.8560077419989298,65521,0.00033024448458043404,0.00033024474878696656,0.0039922782726164955
797,765,3,0,1227104724,4220288303,2993183580,0.5209663800967164,20667,1.6649586365849942,1.6649586380977843,1.9536940145198247
798,765,0,0,1227104724,4219374855,2992270132,0.5214067232931896,65516,0.0004403427806028656,0.0004403431964727131,0.005086360513452917
799,765,0,0,1227104724,4214535062,2987430339,0.5237420733390827,65430,0.002335349750730934,0.0023353500458955507,0.020772916532782567
800,765,0,0,1227104724,4213805708,2986700985,0.524094337240566,65520,0.0003522634716290214,0.00035226390148244106,0.004227909891679893
801,765,0,0,1227104724,4210433273,2983328550,0.52572427750777,65462,0.0016299400659799616,0.001629940267203446,0.015328491186801844
802,765,0,0,1227104724,4209750443,2982645720,0.5260545221298507,65521,0.00033024448458043404,0.0003302446220813479,0.0039922782726164955
803,765,0,0,1227104724,4209067769,2981963046,0.5263847668910024,65521,0.00033024448458043404,0.0003302447611513389,0.0039922782726164955
804,765,0,0,1227104724,4208385251,2981280528,0.5267150117740087,65521,0.00033024448458043404,0.00033024488300634013,0.0039922782726164955
805,765,0,0,1227104724,4207702890,2980598167,0.5270452562776136,65521,0.00033024448458043404,0.00033024450360593434,0.0039922782726164955
806,765,0,0,1227104724,4207020685,2979915962,0.5273755008683878,65521,0.00033024448458043404,0.00033024459077398235,0.0039922782726164955
807,765,0,0,1227104724,4206338636,2979233913,0.5277057455290795,65521,0.00033024448458043404,0.00033024466069163464,0.0039922782726164955
808,765,0,0,1227104724,4205656743,2978552020,0.5280359902424294,65521,0.00033024448458043404,0.0003302447133468756,0.0039922782726164955
809,765,0,0,1227104724,4204793210,2977688487,0.528454312767856,65517,0.000418322449221962,0.0004183225254281047,0.004904285154810719
810,765,0,0,1227104724,4204111671,2977006948,0.5287845573456025,65521,0.00033024448458043404,0.0003302445777450673,0.0039922782726164955
811,765,0,0,1227104724,4203157735,2976053012,0.5292469208217128,65515,0.0004623634480924974,0.00046236347611223723,0.00532199045253682
812,765,0,0,1227104724,4202385748,2975281025,0.5296212039037407,65519,0.0003742827947452993,0.0003742830820294307,0.004463541174757649
813,765,0,0,1227104724,4201386965,2974282242,0.5301055888005486,65514,0.000484384451701118,0.0004843848968050363,0.005599656302895868
814,765,0,0,1227104724,4200706205,2973601482,0.530435833682894,65521,0.00033024448458043404,0.0003302448823474046,0.0039922782726164955
815,765,0,0,1227104724,4199934854,2972830131,0.5308101167289792,65519,0.0003742827947452993,0.00037428304608550986,0.004452022505596219
816,765,0,0,1227104724,4199254427,2972149704,0.5311403613017518,65521,0.00033024448458043404,0.0003302445727718907,0.0039922782726164955
817,765,0,0,1227104724,4198574155,2971469432,0.5314706062325527,65521,0.00033024448458043404,0.000330244930801992,0.0039922782726164955
818,765,0,0,1227104724,4197848698,2970743975,0.5318228699934764,65520,0.0003522634716290214,0.0003522637609229338,0.004227909891679893
819,765,0,0,1227104724,4197123418,2970018695,0.5321751338096163,65520,0.0003522634716290214,0.00035226381613882076,0.004227909891679893
820,765,0,0,1227104724,4196352996,2969248273,0.5325494170371634,65519,0.0003742827947452993,0.0003742832275479097,0.004463541174757649
821,765,0,0,1227104724,4195537467,2968432744,0.5329457197849976,65518,0.0003963024539395264,0.0003963027478340411,0.004699172121844633
822,765,0,0,1227104724,4194858046,2967753323,0.5332759645922174,65521,0.00033024448458043404,0.00033024480721882715,0.0039922782726164955
823,765,0,0,1227104724,4193952359,2966847636,0.5337163076456655,65516,0.0004403427806028656,0.00044034305344828795,0.005147395669702917
824,765,0,0,1227104724,4192775325,2965670602,0.5342887799310958,65510,0.0005724718275307164,0.0005724722854325336,0.006381506605627334
825,765,0,0,1227104724,4192051284,2964946561,0.5346410435611979,65520,0.0003522634716290214,0.0003522636301013374,0.004227909891679893
826,765,0,0,1227104724,4191372661,2964267938,0.5349712883317927,65521,0.00033024448458043404,0.0003302447705925562,0.0039922782726164955
827,765,0,0,1227104724,4190603731,2963499008,0.5353455714350623,65519,0.0003742827947452993,0.00037428310327253765,0.004452022505596219
828,765,0,0,1227104724,4189925439,2962820716,0.5356758163609285,65521,0.00033024448458043404,0.0003302449258634204,0.0039922782726164955
829,765,0,0,1227104724,4189156885,2962052162,0.5360500991762756,65519,0.0003742827947452993,0.00037428281534659344,0.004463541174757649
830,765,0,0,1227104724,4188478925,2961374202,0.5363803436915546,65521,0.00033024448458043404,0.0003302445152814123,0.0039922782726164955
831,765,0,0,1227104724,4187801120,2960696397,0.5367105882910117,65521,0.00033024448458043404,0.00033024459945645457,0.0039922782726164955
832,765,0,0,1227104724,4187123470,2960018747,0.5370408329573912,65521,0.00033024448458043404,0.0003302446663788582,0.0039922782726164955
833,765,0,0,1227104724,3803119573,2576014850,0.7375062358067055,57034,0.2004654027912195,0.2004654028493129,0.5735612296239361
834,765,0,0,1227104724,3802412049,2575307326,0.7379025384791653,65518,0.0003963024539395264,0.00039630267246105967,0.004699172121844633
835,765,0,1,306725800,3251180417,2944454618,0.5446467081451125,37465,0.8067441689786305,0.8067441696659466,1.4397912164466842
836,765,0,1,306725800,3250506484,2943780685,0.5449769530321475,65521,0.00033024448458043404,0.0003302448870349303,0.0039922782726164955
837,765,0,1,306725800,3249832706,2943106907,0.5453071975521269,65521,0.00033024448458043404,0.00033024451998223527,0.0039922782726164955
838,765,0,1,306725800,3248889632,2942163833,0.5457695613939109,65515,0.0004623634480924974,0.0004623638417820192,0.0053394655353573555
839,765,0,1,306725800,3212166456,2905440657,0.563890157786151,64718,0.018120596036574815,0.01812059639224231,0.12234693534628358
840,765,0,1,306725800,3211412786,2904686987,0.5642644407775741,65519,0.0003742827947452993,0.0003742829914203931,0.004452022505596219
841,765,0,1,306725800,3207601093,2900875294,0.5661588692971513,65450,0.0018944282800345323,0.001894428519578364,0.016729441687832997
842,765,0,1,306725800,3206848607,2900122808,0.5665331524144825,65519,0.0003742827947452993,0.00037428311733217956,0.004463541174757649
843,765,0,1,306725800,3206007812,2899282013,0.5669514749226856,65517,0.000418322449221962,0.0004183225082030917,0.004934802732935719
844,765,0,1,306725800,3205344219,2898618420,0.5672817194122253,65521,0.00033024448458043404,0.00033024448953967246,0.0039922782726164955
845,765,0,1,306725800,3204548089,2897822290,0.5676780222013313,65518,0.0003963024539395264,0.0003963027891042283,0.004668654543719633
846,765,0,1,306725800,3203796395,2897070596,0.5680523052928343,65519,0.0003742827947452993,0.00037428309150233793,0.004463541174757649
847,765,0,1,306725800,3203044896,2896319097,0.5684265883789266,65519,0.0003742827947452993,0.0003742830860917886,0.004463541174757649
848,765,0,1,306725800,3202116815,2895391016,0.5688889519439435,65515,0.0004623634480924974,0.0004623635650196344,0.00532199045253682
849,765,0,1,306725800,3201454112,2894728313,0.569219196721825,65521,0.00033024448458043404,0.0003302447778816995,0.0039922782726164955
850,765,0,1,306725800,3200659051,2893933252,0.5696154992370914,65518,0.0003963024539395264,0.0003963025152661094,0.004687653452683203
851,765,0,1,306725800,3199952524,2893226725,0.5699677628718511,65520,0.0003522634716290214,0.00035226363476025696,0.004227909891679893
852,765,0,1,306725800,3199246169,2892520370,0.5703200267520181,65520,0.0003522634716290214,0.00035226388016532063,0.004227909891679893
853,765,0,1,306725800,3198539987,2891814188,0.5706722903578694,65520,0.0003522634716290214,0.00035226360585172514,0.004227909891679893
854,765,0,1,306725800,3197789852,2891064053,0.5710465731995491,65519,0.0003742827947452993,0.000374282841680625,0.004463541174757649
855,765,0,1,306725800,2211000731,1904274932,1.173405361486214,43167,0.6023587879132823,0.602358788286665,1.2375829095374455
856,767,2,2,487749784,2771856895,2284107112,0.9110168393025369,9826,2.737611476248982,2.73761147781632,3.2605801877699263
857,770,3,0,975499568,4238340441,3262840874,0.39651851588980236,46809,0.4855016759614873,0.4855016765872678,0.9244294435448023
858,770,0,0,975499568,2358283722,1382784155,1.635071168710894,27774,1.2385526519869527,1.2385526528210915,2.1994695703471936
859,771,1,0,1950999136,4192242093,2241242958,0.9383480958702002,53111,0.303276926993096,0.303276927159306,0.7069026601444669
860,771,0,0,1950999136,3246273137,1295274002,1.7293898284010112,37875,0.7910417318649621,0.7910417325308103,1.4693528491013228
861,771,0,0,1950999136,3245956907,1294957772,1.7297420929818301,65520,0.0003522634716290214,0.0003522645808197222,0.004227909891679893
862,773,2,1,755294752,3397059191,2641764440,0.7011453154603409,16712,1.9714032229328917,1.9714032224785107,2.0867455870658516
863,773,0,1,755294752,3396454539,2641159788,0.7014755600021978,65521,0.00033024448458043404,0.00033024454185783577,0.0039922782726164955
864,779,6,0,954066592,3863469151,2909402560,0.5619242170095013,2256,4.860448647601206,4.860448657007303,2.384616020760997
865,779,0,0,954066592,3862270514,2908203923,0.5625187115616015,65509,0.0005944945118882062,0.0005944945520976839,0.0064991026454258825
866,779,0,0,954066592,3861560503,2907493912,0.5628709751704832,65520,0.0003522634716290214,0.00035226360888322705,0.004227909891679893
867,782,3,1,326577216,2789003087,2462425872,0.8025668511737329,3469,4.239695874713617,4.239695876003248,1.8186058472418225
868,782,0,1,326577216,2766158315,2439581100,0.8160137018467388,64928,0.013446850243341047,0.013446850673008302,0.08050258103079656
869,787,5,0,320252208,2886696287,2566444080,0.7428763198644752,4309,3.9268626168896175,3.9268626180177355,2.064392694938694
870,787,0,0,320252208,2873224961,2552972754,0.7504690050093394,65192,0.00759268465150178,0.007592685144864079,0.05644758916797528
871,788,1,0,640504416,2961381653,2320877238,0.8879769321691562,29789,1.137507926512515,1.137507927159817,2.914192212450169
872,788,0,0,640504416,2950438796,2309934381,0.894795276861803,65227,0.006818344599157909,0.006818344692647678,0.049939384157270145
873,789,1,1,414534016,3987431783,3572897768,0.26555251160622007,25342,1.3707572334532505,1.3707572347444175,3.2270424665683057
874,789,0,1,414534016,3910397717,3495863702,0.29699820839545055,64123,0.03144569676912871,0.03144569678922904,0.16680041913110027
875,795,6,0,1044920864,3378341599,2333420736,0.8802006848063648,1367,5.58320247239394,5.583202476410914,3.4783837613641135
876,795,0,0,1044920864,3350640773,2305719910,0.8974298754335592,64758,0.01722919062597389,0.01722919062719593,0.10074600662683873
877,795,0,0,1044920864,3143556614,2098635751,1.0331953585296674,59650,0.13576548253004728,0.13576548309610628,0.6348330370278413
878,795,0,0,1044920864,2732097709,1687176846,1.3480359444834527,52687,0.3148405855169359,0.31484058595378583,0.8362711595015165
879,796,1,0,2089841728,4099285415,2009443688,1.0958509976698139,39027,0.7478150531763263,0.7478150531863613,2.158447833352535
880,796,0,1,2032199808,4022387961,1990188154,1.1097423152393766,32454,1.013891317125346,1.0138913175695619,1.430294829690236
881,799,3,0,1522614804,3330352847,1807738044,1.2484615114038036,14882,2.1387191964112913,2.1387191961644283,2.995474711927241
882,799,0,1,897745960,3393646977,2495901018,0.7830864248232281,45242,0.5346249129109685,0.5346249134194223,1.1145054499761846
883,799,0,1,897745960,2829883201,1932137242,1.1524495718604442,50733,0.36936314641647594,0.36936314703721596,1.115230613108062
884,799,0,1,897745960,2293574781,1395828822,1.6215251190750308,47345,0.46907554652226646,0.469075547214587,1.0478837522021376
885,804,5,0,23637984,3606583359,3582945376,0.2615010969877325,10514,2.639975980428124,2.6399759779127026,2.977754489084999
886,805,1,0,723142404,2615538509,1892396106,1.1824330486946586,17307,1.9209319512177905,1.9209319517069245,1.0824846973391526
887,805,0,0,723142404,2551838774,1828696371,1.2318315900173502,63330,0.04939854104432551,0.04939854132269145,0.33077897225021974
888,809,4,0,1118870016,3691813663,2572943648,0.7392272861597604,5763,3.5073956956133165,3.507395696142412,1.8961088921686302
889,809,0,1,90256384,3695109985,3604853602,0.2527064751626895,45910,0.5134791884002716,0.5134791890029301,1.4062884729725762
890,809,0,1,90256384,2930365727,2840109344,0.5967006715620116,51633,0.34399419590571884,0.34399419639932005,1.4184671376477176
891,814,5,0,143356880,2262344703,2118987824,1.0192718482070475,3056,4.422571171964251,4.422571176645037,0.8645725141542495
892,815,1,0,286713760,4283871821,3997158062,0.10367252277881533,61812,0.08440067455555349,0.08440067457176717,0.41859871772638396
893,815,0,0,286713760,4268928832,3982215073,0.10907600522368455,65291,0.005403482434287977,0.005403482444868567,0.042969817485988014
894,815,0,0,286713760,4251307335,3964593576,0.11547416809014166,65246,0.006398162554280361,0.006398162866458363,0.05482863586665564
895,815,0,0,286713760,4249492488,3962778729,0.11613473270395858,65506,0.0006605645820851047,0.0006605646138161152,0.007419607444845779
896,815,0,0,286713760,4225426540,3938712781,0.12492292950222961,65138,0.008788196608320059,0.008788196798270451,0.06264126756283851
897,815,0,0,286713760,4223683640,3936969881,0.12556147052418964,65507,0.0006385408891551363,0.0006385410219600533,0.00713850247231881
898,815,0,0,286713760,4222602318,3935888559,0.12595777331781832,65518,0.0003963024539395264,0.0003963027936303114,0.004687653452683203
899,815,0,0,286713760,4221221009,3934507250,0.126464179275807,65513,0.0005064057914389884,0.000506405957986882,0.005822243074647608
900,818,3,0,2034560456,3248244511,1213684056,1.8232542352642724,2527,4.696790051055225,4.696790055988465,0.6826475624144109
901,818,0,1,1921637264,3838352845,1916715582,1.1640108720648392,51749,0.3407566362729868,0.3407566368005689,1.107011212027924
902,818,0,1,1921637264,3833380896,1911743633,1.167758076773385,65366,0.003747204700206792,0.0037472047085437125,0.02948352191330777
903,818,0,1,1921637264,3832505769,1910868506,1.1684186415176967,65506,0.0006605645820851047,0.0006605647443139337,0.007448601196827745
904,818,0,1,1921637264,3831835145,1910197882,1.1689250477565807,65513,0.0005064057914389884,0.000506406238883255,0.005865803148077072
905,818,0,1,1921637264,3831310493,1909673230,1.1693213505747444,65518,0.0003963024539395264,0.0003963028181628031,0.004699172121844633
906,825,7,1,1804478592,3889453823,2084975232,1.0426169004171868,559,6.8732955271568095,6.873295549842442,1.9407966037933344
907,828,3,1,1583301328,3504369815,1921068488,1.160738192582059,7548,3.1181212923995547,3.1181212921648718,3.44729440555436
908,828,0,1,1583301328,3494432647,1911131320,1.168220232060694,65197,0.007482039195090879,0.00748203947863562,0.0625561081978123
909,834,6,1,1685504512,3669423039,1983918528,1.1142943650791644,1063,5.946074118468895,5.94607413301847,2.6842803434143403
910,834,0,2,1223525376,3380903575,2157378200,0.9933680351454264,35633,0.8790736690331327,0.8790736700662621,1.992783695559939
911,834,0,2,1223525376,3289290056,2065764681,1.0559712252522395,62753,0.06260318956776627,0.0626031901068136,0.3557830829758617
912,834,0,3,299567104,3629578759,3330011656,0.3671199188601548,52822,0.3111486931322863,0.3111486936079144,1.0515353381994106
913,834,0,3,299567104,3600057018,3300489915,0.37996695624541843,64955,0.012847037078183148,0.012847037385263074,0.0847146952329276
914,834,0,3,299567104,2506961107,2207394004,0.9603029826926566,43831,0.5803360262655262,0.5803360264472396,1.4235054365148516
915,834,0,3,299567104,2441381942,2141814839,1.0038133822668094,63589,0.043510399248829365,0.043510399574151634,0.2319532770623247
916,834,0,3,299567104,2440107363,2140540260,1.0046721755309385,65497,0.0008587929491977406,0.0008587932641312595,0.009282231308100387
917,834,0,3,299567104,2439486784,2139919681,1.0050904979843196,65517,0.000418322449221962,0.000418322453378011,0.00492328406377429
918,846,12,1,1696380928,3535374335,1838993408,1.2237308376955127,55,10.21864028647534,10.218640339711193,0.031081692695133736
919,846,0,1,1696380928,3534672814,1838291887,1.2242812877144047,65511,0.0005504494793435254,0.000550450018894892,0.0061959914526561535
920,846,0,1,1696380928,3533999611,1837618684,1.2248097154994184,65512,0.0005284274673163702,0.0005284277850130499,0.0060578720056822695
921,846,0,1,1696380928,3533382734,1837001807,1.225294100430748,65514,0.000484384451701118,0.0004843849313301832,0.005599656302895868
922,846,0,1,1696380928,3532962277,1836581350,1.2256243454289049,65521,0.00033024448458043404,0.0003302449981566368,0.0039922782726164955
923,846,0,1,1696380928,3532037484,1835656557,1.2263509837006872,65503,0.0007266376781842033,0.0007266382717799549,0.008057970776821487
924,846,0,1,1696380928,3531477286,1835096359,1.2267913265411252,65516,0.0004403427806028656,0.00044034284043886936,0.005170433008025777
925,846,0,1,1696380928,3531001263,1834620336,1.2271656093985648,65519,0.0003742827947452993,0.00037428285744060623,0.004463541174757649
926,846,0,1,1696380928,3529881499,1833500572,1.2280464298842944,65496,0.000880820004703256,0.000880820485728499,0.009026835501373657
927,846,0,1,1696380928,3525489110,1829108183,1.23150673989268,65379,0.003460309819433334,0.003460310008386824,0.03146581805633013
928,846,0,1,1696380928,3524930910,1828549983,1.2319470830529902,65516,0.0004403427806028656,0.00044034316031068887,0.005147395669702917
929,846,0,1,1696380928,3524372880,1827991953,1.2323874264889518,65516,0.0004403427806028656,0.0004403434359612469,0.005158914338864347
930,846,0,1,1696380928,3523591877,1827210950,1.233003944478277,65508,0.0006165175324262582,0.0006165179893251738,0.006948353279198081
931,846,0,1,1696380928,3522643922,1826262995,1.2337526072736154,65502,0.0007486627160211863,0.0007486627953365698,0.007950422748181453
932,846,0,1,1696380928,3486027259,1789646332,1.2629726342127299,64222,0.02922002631254618,0.029220026939115778,0.1474053552974607
933,846,0,3,343072768,3274623563,2931550796,0.5509830909841469,26838,1.2880104562742454,1.2880104567714183,2.0053078900469288
934,846,0,3,343072768,3273594728,2930521961,0.5514894972432174,65513,0.0005064057914389884,0.000506406259069684,0.005865803148077072
935,854,8,0,662202560,2772807967,2110605408,1.0249902637442325,1475,5.473500760863434,5.473500766501017,3.096566368714114
936,854,0,0,662202560,2710394129,2048191570,1.0682964872365552,63598,0.043306223422846006,0.043306223492320425,0.2244812312517142
937,854,0,0,662202560,2705612431,2043409872,1.0716685337225194,65383,0.003372045948196188,0.003372046485965858,0.031160403005979973
938,854,0,0,662202560,2686623835,2024421276,1.0851376042256824,64927,0.013469070335611925,0.013469070503160195,0.09792460676810444
939,854,0,0,662202560,2684523300,2022320741,1.0866353185287672,65468,0.0014977141398913162,0.001497714303085263,0.01414675106368866
940,854,0,0,662202560,2676747042,2014544483,1.0921934841385585,65284,0.005558165417950964,0.005558165609792729,0.047481564869649724
941,854,0,0,662202560,2675671159,2013468600,1.092964172353124,65501,0.0007706880901105886,0.0007706882145638626,0.00834183335340138
942,854,0,0,662202560,2674718743,2012516184,1.0936467610559681,65505,0.0006825886112264284,0.0006825887028467611,0.007640273543981738
943,854,0,0,662202560,2674012446,2011809887,1.0941531669345075,65513,0.0005064057914389884,0.0005064058785394898,0.005823766900790642
944,854,0,0,662202560,2338639170,1676436611,1.3572492126732065,54611,0.2630960457326427,0.2630960457386963,0.6755894174866296
945,854,0,0,662202560,2338204303,1676001744,1.3576234957480473,65519,0.0003742827947452993,0.0003742830748427613,0.004463541174757649
946,854,0,0,662202560,2337692827,1675490268,1.358063839267782,65516,0.0004403427806028656,0.0004403435197341517,0.005158914338864347
947,854,0,0,662202560,2337181507,1674978948,1.3585041828653353,65516,0.0004403427806028656,0.00044034359755439463,0.005158914338864347
948,854,0,0,662202560,2336798134,1674595575,1.358834427990221,65521,0.00033024448458043404,0.0003302451248826019,0.0039922782726164955
949,854,0,0,662202560,2336414849,1674212290,1.359164672897336,65521,0.00033024448458043404,0.0003302449071150799,0.0039922782726164955
950,854,0,0,662202560,2336006105,1673803546,1.3595169370284559,65520,0.0003522634716290214,0.0003522641311203944,0.004227909891679893
951,854,0,0,662202560,2335623001,1673420442,1.359847182178072,65521,0.00033024448458043404,0.00033024514961631305,0.0039922782726164955
952,854,0,0,662202560,2334882504,1672679945,1.360485723311676,65507,0.0006385408891551363,0.0006385411336035413,0.007015612033399586
953,854,0,0,662202560,2327276629,1665074070,1.3670607897112994,65238,0.006575066394468783,0.006575066399624919,0.05151610950599226
954,854,0,0,662202560,2326819302,1664616743,1.3674570928133996,65518,0.0003963024539395264,0.00039630310210041577,0.004699172121844633
955,854,0,0,662202560,2326235101,1664032542,1.3679634987589182,65513,0.0005064057914389884,0.0005064059455192554,0.005793249322665642
956,854,0,0,662202560,2325803451,1663600892,1.3683377823633158,65519,0.0003742827947452993,0.0003742836043956898,0.004463541174757649
957,854,0,0,662202560,2325397298,1663194739,1.3686900462152884,65520,0.0003522634716290214,0.00035226385197405094,0.004227909891679893
958,854,0,0,662202560,2268118389,1605915830,1.4192508663738295,63279,0.050560819414186955,0.050560820158541166,0.22690596757041712
959,854,0,0,662202560,2247804298,1585601739,1.4376166961079697,64707,0.01836582911346089,0.018365829734138882,0.13572245833498695
960,854,0,0,662202560,2247102661,1584900102,1.4382552374416093,65507,0.0006385408891551363,0.000638541333639209,0.007151300637316213
961,856,2,2,2055396672,4105009919,2049613248,1.067295440103404,5297,3.6290402067026144,3.6290402026617974,3.2408104290312045
962,856,0,2,2055396672,3892811648,1837414977,1.2249696525808744,58751,0.15767421247056818,0.15767421247746907,0.5337036464688795
963,856,0,2,2055396672,3881540883,1826144212,1.2338464454660105,65134,0.008876792471826713,0.008876792885137192,0.07290515380669603
964,856,0,2,2055396672,3846877134,1791480463,1.2614948356979703,64292,0.027648389559359866,0.027648390231957816,0.17004928963253824
965,856,0,2,2055396672,3827496035,1772099364,1.2771876459972198,64827,0.015692809606115025,0.015692810299249307,0.09806357499825816
966,856,0,2,2055396672,3798076416,1742679745,1.301339678530482,64448,0.024152031993215327,0.02415203253326474,0.18114130785687008
967,856,0,2,2055396672,3791136117,1735739446,1.3070967467196404,65275,0.00575706791243342,0.005757068189156215,0.045211801919789456
968,856,0,2,2055396672,3789282147,1733885476,1.3086385350337366,65466,0.0015417881020707706,0.001541788314097549,0.0155216153175888
969,856,0,2,2055396672,3788567808,1733171137,1.3092330297088637,65509,0.0005944945118882062,0.0005944946751271131,0.006693726783337312
970,856,0,2,2055396672,3688284224,1632887553,1.3952217012959522,61744,0.08598867145874561,0.08598867158708957,0.33966523734275045
971,856,0,2,2055396672,3687760990,1632364319,1.395684065078644,65515,0.0004623634480924974,0.00046236378268933633,0.005375545368984679
972,856,0,2,2055396672,3687088476,1631691805,1.396278560142207,65509,0.0005944945118882062,0.0005944950635643801,0.006766280608748742
973,856,0,2,2055396672,3686715011,1631318340,1.3966088049663767,65521,0.00033024448458043404,0.0003302448241688329,0.0039922782726164955
974,856,0,2,2055396672,3686242064,1630845393,1.3970271274983688,65517,0.000418322449221962,0.00041832253199398933,0.00492328406377429
975,856,0,2,2055396672,3685794138,1630397467,1.397423430779476,65518,0.0003963024539395264,0.00039630328110483806,0.004699172121844633
976,856,0,2,2055396672,3685420969,1630024298,1.3977536758255873,65521,0.00033024448458043404,0.00033024504611249664,0.0039922782726164955
977,856,0,2,2055396672,3685023013,1629626342,1.3981059400489357,65520,0.0003522634716290214,0.0003522642233490583,0.004227909891679893
978,856,0,2,2055396672,3684252163,1628855492,1.3987885287817718,65505,0.0006825886112264284,0.000682588732833325,0.007394519815712783
979,856,0,2,2055396672,3683531386,1628134715,1.399427070106352,65507,0.0006385408891551363,0.0006385413245808758,0.007182456703905056
980,856,0,2,2055396672,3683133892,1627737221,1.3997793337313986,65520,0.0003522634716290214,0.0003522636250470185,0.004227909891679893
981,856,0,2,2055396672,3682661983,1627265312,1.4001976564650498,65517,0.000418322449221962,0.0004183227336498489,0.004904285154810719
982,856,0,2,2055396672,3682190211,1626793540,1.4006159790342174,65517,0.000418322449221962,0.0004183225691696401,0.004904285154810719
983,856,0,2,2055396672,3681768221,1626371550,1.4009902624578245,65519,0.0003742827947452993,0.0003742834236053829,0.004463541174757649
984,856,0,2,2055396672,3679931802,1624535131,1.4026202033488318,65462,0.0016299400659799616,0.0016299408910079064,0.014659490239796813
985,856,0,2,2055396672,3661241319,1605844648,1.419314815051898,64782,0.016694611632960103,0.0166946117030656,0.09881518785089267
986,856,0,2,2055396672,3660751254,1605354583,1.4197551579268435,65516,0.0004403427806028656,0.00044034287494645956,0.005139915429900777
987,863,7,0,1421263424,3852027391,2430763968,0.8212373343945458,3101,4.4014821893873775,4.401482176467702,3.2408941870243915
988,863,0,0,1421263424,3433127118,2011863695,1.0941145810337467,54242,0.27287724623723836,0.272877246639203,0.7574208553658759
989,863,0,0,1421263424,3390241168,1968977745,1.1252003412037226,64139,0.031085759753115276,0.03108576016997314,0.21500511048271645
990,863,0,0,1421263424,3306898512,1885635089,1.1875966355505696,62762,0.062396293891707574,0.06239629434684822,0.34472837663407874
991,863,0,0,1421263424,3300309607,1879046184,1.1926466196448402,65307,0.005049983594034493,0.00504998409427037,0.03876665821009579
992,863,0,0,1421263424,3276769920,1855506497,1.2108340934163095,64715,0.018187473650837668,0.018187473771471035,0.13690158865540272
993,863,0,0,1421263424,3255591958,1834328535,1.227395091940469,64788,0.016560997829587084,0.01656099852415707,0.1180222932475373
994,863,0,1,695043200,4038684659,3343641460,0.36122699106269707,59730,0.13383189867097886,0.1338318991222307,0.5817927501254303
995,869,6,0,1225931424,3687948671,2462017248,0.8028062771576963,1508,5.4415792867313355,5.441579286094997,0.44549958102401194
996,874,5,1,785548544,3798153599,3012605056,0.511635593923419,1253,5.70882930067814,5.708829316765724,1.5737558779158398
997,874,0,1,785548544,3580491780,2794943237,0.6198281625982887,60801,0.10819256843996694,0.10819256867486944,0.594720330175289
998,874,0,1,785548544,3389516502,2603967959,0.7219354493059669,61058,0.10210728667621151,0.10210728670767702,0.4789883545703958
999,874,0,1,785548544,3313546245,2527997702,0.7646519939365035,63624,0.04271654441158494,0.042716544630538644,0.22031610424796808
1000,874,0,1,785548544,3310614607,2525066064,0.7663260120271858,65460,0.0016740180678742555,0.0016740180906807498,0.015586216319688697
1001,880,6,0,1735429568,4201314399,2465884832,0.8005417250979825,2000,5.034215715337913,5.0342157130707985,3.2371491131063594
1002,880,0,0,1735429568,3326274456,1590844889,1.432853969539977,42280,0.6323122437299546,0.6323122444419921,1.9031656943554849
1003,880,0,0,1735429568,3325546225,1590116658,1.4335145341240825,65506,0.0006605645820851047,0.0006605645841062709,0.007362610717955069
1004,880,0,0,1735429568,3322707424,1587277857,1.43609244832086,65419,0.002577914011629573,0.0025779141967792463,0.021419652056380214
1005,880,0,0,1735429568,3223841637,1488412070,1.5288731511236975,61454,0.0927807027354231,0.09278070280283637,0.4123089117241788
1006,880,0,0,1735429568,3223341986,1487912419,1.5293575364985514,65514,0.000484384451701118,0.00048438537485476273,0.005586613807591404
1007,880,0,0,1735429568,3222819799,1487390232,1.5298639432016152,65513,0.0005064057914389884,0.0005064067030616879,0.005835285569952072
1008,880,0,1,1323375488,3548469149,2225093662,0.9487810805599075,49020,0.418917136245798,0.4189171373582929,1.0196719468396593
1009,883,3,0,859456712,2294278155,1434821444,1.581775933770377,10565,2.632994853177697,2.6329948532104686,2.432495224443123
1010,883,0,0,859456712,2211169906,1351713195,1.6678580713499684,61740,0.08608213749751296,0.0860821375795935,0.33943237040578234
1011,883,0,0,859456712,2207911075,1348454364,1.6713404490193646,65378,0.003482376631013855,0.0034823776693940866,0.03009271180965913
1012,883,0,0,859456712,2207273225,1347816514,1.6720230384850616,65505,0.0006825886112264284,0.0006825894656995175,0.007655234023586019
1013,888,5,0,1591146016,4032747199,2441601184,0.8148195791257287,3710,4.142796528491834,4.142796540640665,3.267350099560138
1014,888,0,0,1591146016,3734737435,2143591420,1.0026171994125512,57537,0.18779762005382802,0.18779762028682423,0.5936846257793885
1015,888,0,0,1591146016,3709028468,2117882453,1.020024627117877,64750,0.017407427651359067,0.017407427705325905,0.12634027495619393
1016,888,0,0,1591146016,3581217416,1990071401,1.1098269524203594,61581,0.08980232527751471,0.08980232530248122,0.4135272457627471
1017,888,0,0,1591146016,3576146280,1985000265,1.1135079460439137,65369,0.0036809931252891866,0.0036809936235546407,0.02978025196918358
1018,888,0,0,1591146016,3573632317,1982486302,1.1153362483593625,65453,0.001828301680591821,0.0018283023154481394,0.01839393855492652
1019,888,0,0,1591146016,3572573555,1981427540,1.1161069365146012,65501,0.0007706880901105886,0.0007706881552377155,0.008366394517867273
1020,888,0,0,1591146016,3571757232,1980611217,1.1167014310325776,65509,0.0005944945118882062,0.0005944945179789878,0.006754761939587312
1021,889,1,1,84145496,2818970175,2734824680,0.6511987961409638,22623,1.5344973649451097,1.5344973651083844,1.486795605876731
1022,892,3,0,663370996,2379313239,1715942244,1.3236461512747937,10280,2.6724473559187594,2.6724473551338312,0.8984268918867263
1023,892,0,1,851003344,2209440165,1358436822,1.660699675563734,25941,1.3370535253160927,1.3370535242889403,1.7012020319003693
1024,892,0,1,851003344,2182514361,1331511018,1.6895827793892124,64237,0.028883102847289722,0.028883103825477062,0.19399654522762957
1025,892,0,1,851003344,2181864209,1330860866,1.6902873925129498,65504,0.0007046129765893727,0.0007046131237382218,0.007827662795406802
1026,894,2,2,365575808,2550968911,2185393104,0.9747543339394547,13452,2.284466936473417,2.2844669414265026,3.5497344812953737
1027,897,3,0,731151616,4195581245,3464429630,0.3100292937100626,51946,0.3352749589503545,0.3352749597706093,0.8328336952271845
1028,897,0,0,731151616,4194365395,3463213780,0.3105356999090141,65513,0.0005064057914389884,0.0005064061989516637,0.005835285569952072
1029,897,0,0,731151616,4192832905,3461681290,0.31117424121164916,65507,0.0006385408891551363,0.000638541302635061,0.007201455612868626
1030,897,0,0,731151616,4186283092,3455131477,0.313906535948135,65412,0.0027322943235718405,0.0027322947364849808,0.024374212210844598
1031,897,0,0,731151616,4185334111,3454182496,0.3143028387349389,65518,0.0003963024539395264,0.00039630278680545875,0.004699172121844633
1032,897,0,0,731151616,4180643219,3449491604,0.3162633970026718,65447,0.0019605579105596736,0.001960558267733294,0.01747862756172812
1033,898,1,0,2127980248,3262160623,1134180376,1.9209970464154615,10774,2.6047336501609046,2.604733649412788,1.3021963310011382
1034,898,0,2,2069470048,4065777031,1996306984,1.1053135564807448,28838,1.1843165075408375,1.1843165100652842,2.4989373234093875
1035,898,0,2,2069470048,4055938054,1986468007,1.1124415876816727,65213,0.0071280307483452985,0.007128031200928811,0.050596383799126426
1036,898,0,2,2069470048,4055210587,1985740540,1.1129700156494522,65512,0.0005284274673163702,0.0005284279677795633,0.0060578720056822695
1037,898,0,2,2069470048,4054574287,1985104240,1.1134323791580947,65515,0.0004623634480924974,0.00046236350864112356,0.0053394655353573555
1038,905,7,0,293631968,2406682399,2113050432,1.023319945646687,2180,4.909887580335711,4.909887566488593,3.3902782093766417
1039,905,0,0,293631968,2241213422,1947581455,1.1409634776666806,60404,0.11764353134578322,0.11764353201999278,0.42388473694619955
1040,905,0,0,293631968,2229088586,1935456619,1.1499731743457744,65128,0.00900969646917752,0.009009696679095038,0.07216032581210778
1041,905,0,0,293631968,2199053805,1905421838,1.1725367172090202,64519,0.022563542561787615,0.02256354286324603,0.14187054152632186
1042,905,0,0,293631968,2195652096,1902020129,1.1751146317527947,65419,0.002577914011629573,0.0025779145437740242,0.022430473383438673
1043,905,0,0,293631968,2194084879,1900452912,1.1763038663890697,65482,0.0011892340994270377,0.0011892346362730626,0.012443983154378046
1044,905,0,0,293631968,2193272917,1899640950,1.1769203846179117,65508,0.0006165175324262582,0.0006165182288421534,0.006916311874930047
1045,905,0,0,293631968,2192577247,1898945280,1.177448812622199,65512,0.0005284274673163702,0.0005284280042871684,0.006070914500986733
1046,907,2,0,299725140,3087989703,2788264564,0.6232796884436453,24057,1.4458308763146095,1.4458308758214464,1.7894266760988449
1047,909,2,1,1514110416,3968137215,2454026800,0.8074961415051902,7210,3.184216455871815,3.1842164530615458,1.851919023763532
1048,909,0,1,1514110416,3965740704,2451630289,0.8089057120265082,65472,0.0014095702546713536,0.0014095705213189292,0.013935361232073808
1049,909,0,2,880737184,3975351807,3094614624,0.47288738589925927,41362,0.6639816736680799,0.6639816738727516,1.0728367454471353
1050,909,0,2,880737184,3951883431,3071146248,0.4838699309189174,65039,0.010982544866205108,0.010982545019656356,0.06801231594060256
1051,909,0,2,880737184,3951133639,3070396456,0.48422219459519766,65520,0.0003522634716290214,0.00035226367628055457,0.004227909891679893
1052,909,0,2,880737184,2514649481,1633912298,1.3943165986599837,34875,0.9100944035087254,0.9100944040647849,2.4848320161970014
1053,916,7,2,619949952,2541073407,1921123456,1.1606969129884455,602,6.766380323240298,6.766380314328464,0.8324743128347974
1054,916,0,2,619949952,2540516440,1920566489,1.1611152359379666,65517,0.000418322449221962,0.00041832294952087035,0.004934802732935719
1055,916,0,2,619949952,2539959635,1920009684,1.1615335584925468,65517,0.000418322449221962,0.0004183225545779665,0.004904285154810719
1056,916,0,2,619949952,2539315100,1919365149,1.1620179433194302,65514,0.000484384451701118,0.0004843848268848805,0.005618655211859437
1057,916,0,2,619949952,2538290048,1918340097,1.1627886317269187,65501,0.0007706880901105886,0.0007706884074865816,0.008349557923510581
1058,916,0,2,619949952,2537733888,1917783937,1.1632069546343367,65517,0.000418322449221962,0.00041832290741964447,0.00492328406377429
1059,916,0,2,619949952,2536914522,1916964571,1.1638234723957481,65508,0.0006165175324262582,0.0006165177614105163,0.006852762115463791
1060,921,5,0,291998488,2529549175,2237550688,0.9407267814031286,9562,2.7769033096523055,2.7769033090073827,2.0598288335074866
1061,921,0,4,442215328,3717146079,3274930752,0.3911827446468301,5995,3.450455961698414,3.4504559632436997,2.935825459580566
1062,921,0,4,442215328,3710549843,3268334516,0.3940914942694249,65404,0.002908749196698977,0.0029087496225964006,0.024036706781838044
1063,921,0,4,442215328,3709452684,3267237357,0.39457587907736524,65514,0.000484384451701118,0.00048438480793858146,0.005586613807591404
1064,921,0,4,442215328,3708555310,3266339983,0.39497218173374904,65518,0.0003963024539395264,0.00039630265638329116,0.004687653452683203
1065,927,6,0,1768861312,3989549851,2220688540,0.951640082398054,11139,2.5566678994241037,2.5566679006643045,3.78878162044881
1066,927,0,0,1768861312,3935062742,2166201431,0.9874797433292599,63928,0.03583966089966344,0.03583966093120745,0.18002457969177904
1067,927,0,0,1768861312,3930567450,2161706139,0.9904767286867724,65400,0.002996984727192764,0.0029969853575120137,0.028071026102444278
1068,927,0,0,1768861312,3922519105,2153657794,0.9958581153146682,65292,0.005381386218993227,0.005381386627897146,0.04198836113233185
1069,927,0,0,1768861312,3919101435,2150240124,0.9981493669617656,65432,0.0022912515391492285,0.002291251647096773,0.020409286487782622
1070,927,0,0,1768861312,3917756222,2148894911,0.9990522147074543,65495,0.0009028473965228007,0.0009028477456872873,0.00975710152837448
1071,927,0,0,1768861312,3916936483,2148075172,0.9996026646205891,65511,0.0005504494793435254,0.0005504499131371494,0.0062819819315288305
1072,927,0,0,1768861312,3916149834,2147288523,1.0001310923414977,65512,0.0005284274673163702,0.0005284277209072689,0.006051915592023164
1073,927,0,1,1390238976,4110522213,2720283238,0.6588902721910586,41512,0.6587591794612513,0.65875917984956,1.1182081953237457
1074,927,0,1,1390238976,3397161804,2006922829,1.097662003333891,48350,0.4387717307484341,0.43877173114283274,1.1101385885138753
1075,927,0,1,1390238976,3396579962,2006340987,1.0980803264805097,65517,0.000418322449221962,0.00041832314661981596,0.00492328406377429
1076,932,5,0,823273536,2950112543,2126839008,1.0139363140082445,4342,3.9158559893848555,3.915855987527733,3.8116978173464418
1077,934,2,3,1062270656,3056182239,1993911584,1.1070457082700216,1920,5.093109404391481,5.093109394261779,2.5055309907845276
1078,934,0,3,1062270656,3039509516,1977238861,1.11915997916293,64988,0.012114270597913502,0.012114270892909262,0.09839559279023787
1079,934,0,3,1062270656,3038393215,1976122560,1.119974719728308,65499,0.0008147398470877202,0.0008147405653764828,0.008937667729781468
1080,934,0,3,1062270656,3037548924,1975278269,1.1205912375203582,65508,0.0006165175324262582,0.0006165177920518888,0.006958348122216477
1081,934,0,3,1062270656,3036735134,1974464479,1.121185732346401,65509,0.0005944945118882062,0.0005944948260404034,0.0067417194442828485
1082,934,0,3,1062270656,3036102447,1973831792,1.1216480960306328,65515,0.0004623634480924974,0.000462363684231066,0.00536402669982325
1083,934,0,3,1062270656,3035319371,1973048716,1.1222205683283732,65510,0.0005724718275307164,0.0005724722977414578,0.006445056365093589
1084,938,4,0,2124541312,3408997951,1284456640,1.741488956680275,21332,1.619268387317006,1.6192683883519028,2.4690697692704804
1085,943,5,0,517792640,2369216479,1851423840,1.2140119418534816,2952,4.472522993939604,4.472522985173205,2.5435184885831252
1086,943,0,0,517792640,2364894154,1847101515,1.2173839883222541,65383,0.003372045948196188,0.003372046468775059,0.027204187335791295
1087,943,0,0,517792640,2364330463,1846537824,1.2178243313779618,65516,0.0004403427806028656,0.0004403430557069124,0.005158914338864347
1088,943,0,0,517792640,2363795120,1846002481,1.218242654067975,65517,0.000418322449221962,0.00041832269001373674,0.004904285154810719
1089,946,3,0,2062261320,3645740255,1583478936,1.4395494697625466,7027,3.2213068167761594,3.2213068156945712,3.8572325686162934
1090,946,0,0,2062261320,3534885131,1472623812,1.544258211143564,60948,0.10470874066204593,0.10470874138101761,0.4004233021126165
1091,946,0,0,2062261320,3527335057,1465073738,1.5516738678715,65200,0.007415655994197752,0.007415656727933508,0.0617968751794632
1092,946,0,0,2062261320,3505449266,1443187947,1.5733879511409157,64557,0.021714083124903496,0.02171408326941582,0.13301971402071255
1093,946,0,0,2062261320,3502564475,1440303156,1.5762746429388628,65405,0.0028866911572534176,0.0028866917979487663,0.024412089909595237
1094,946,0,0,2062261320,3501465610,1439204291,1.5773757528975914,65486,0.001101109058724726,0.0011011099587294793,0.011640748778533131
1095,946,0,0,2062261320,3500762873,1438501554,1.578080366405512,65504,0.0007046129765893727,0.0007046135079189434,0.007816144126245372
1096,946,0,0,2062261320,3500170228,1437908909,1.5786748615414474,65509,0.0005944945118882062,0.0005944951359371775,0.006703721626355708
1097,946,0,1,1977038992,3449702045,1472663054,1.5442197671879363,33560,0.9655449046728144,0.9655449056464854,1.5199493831122197
1098,946,0,2,1806594336,3342760589,1536166254,1.4833127835734317,34181,0.9390930153049323,0.9390930163854971,1.488164674638678
1099,946,0,4,783926400,3692741207,2908814808,0.5622156969749028,31024,1.0789029118932076,1.0789029134014707,1.86944509004681
1100,946,0,4,783926400,3623101155,2839174756,0.5971754939027498,63967,0.03495979681836795,0.03495979692784861,0.22662460637027387
1101,946,0,4,783926400,3622364674,2838438275,0.5975497770694851,65519,0.0003742827947452993,0.0003742831667346235,0.004463541174757649
1102,946,0,7,1892524392,3594478591,1701954200,1.3354549317406956,4912,3.7379051546298205,3.7379051546712105,3.650405201286307
1103,946,0,7,1892524392,3557237954,1664713563,1.3673731830050855,64102,0.03191825042293321,0.03191825126438776,0.19731050756388743
1104,946,0,7,1892524392,3556348901,1663824510,1.3681438711309575,65501,0.0007706880901105886,0.0007706881258735211,0.008466418269117634
1105,946,0,7,1892524392,3548910232,1656385841,1.3746083704840544,65243,0.006464498952343484,0.0064644993530976105,0.04751057532123089
1106,946,0,7,1892524392,3548025626,1655501235,1.3753790590313422,65501,0.0007706880901105886,0.0007706885472866984,0.00816301064431773
1107,946,0,7,1892524392,3547318319,1654793928,1.3759955770556083,65508,0.0006165175324262582,0.0006165180242659401,0.006896674477502634
1108,946,0,7,1892524392,3272394669,1379870278,1.6381145008094222,54648,0.26211892314222135,0.2621189237538151,1.0019250387195489
1109,959,13,2,10847744,2684346367,2673498624,0.6839182118053131,496,7.045803689613125,7.045803710995889,0.8486054479080685
1110,959,0,2,10847744,2679002306,2668154563,0.6868049034737034,65405,0.0028866911572534176,0.0028866916683922945,0.02472871566024163
1111,959,0,2,10847744,2678025198,2667177455,0.6873333312742673,65512,0.0005284274673163702,0.0005284278005632116,0.0060288782537003035
1112,959,0,2,10847744,2677048448,2666200705,0.6878617589816862,65512,0.0005284274673163702,0.0005284277074186265,0.0059961983609684265
1113,963,4,0,43390976,2628876619,2585485644,0.7322118517851699,15888,2.044350092471626,2.0443500928034823,3.6751458537116366
1114,963,0,0,43390976,2492374843,2448983868,0.8104638754328164,62076,0.07825202307508877,0.07825202364764859,0.3269779555503654
1115,963,0,0,43390976,2485349559,2441958584,0.8146084138147529,65348,0.004144537975910174,0.004144538381936939,0.03745257074923011
1116,963,0,0,43390976,2451367225,2407976250,0.8348259832251763,64624,0.02021756929691341,0.020217569410420865,0.1252586814915706
1117,963,0,0,43390976,2443945179,2400554204,0.8392796339042867,65334,0.004453650641001229,0.0044536506791129395,0.03531979346723863
1118,963,0,0,43390976,2441784035,2398393060,0.8405790321975779,65477,0.0012993979706836883,0.0012993982932915247,0.01359113346572792
1119,963,0,0,43390976,2440137189,2396746214,0.8415699926327029,65491,0.0009909603271466795,0.0009909604351239188,0.010533608364179606
1120,963,0,0,43390976,2438966902,2395575927,0.8422746060686137,65504,0.0007046129765893727,0.0007046134359096764,0.007828301283870643
1121,965,2,0,826782672,3972145791,3145363120,0.44942056573504985,21512,1.607145960127127,1.6071459596664377,1.515797272472902
1122,965,0,0,826782672,3182781361,2355998690,0.8663084090232225,49089,0.4168878428224801,0.41688784328817075,0.9492549824507934
1123,965,0,0,826782672,3182062367,2355279696,0.8667487519625645,65516,0.0004403427806028656,0.0004403429393448944,0.005170433008025777
1124,966,1,1,1159647040,3897889691,2738242652,0.6493968479476635,19048,1.782648094729666,1.7826480959850959,3.3476096765280325
1125,972,6,0,1949068384,3419804191,1470735808,1.5461090311133994,1100,5.896712191587978,5.8967121831657385,0.7141444530018171
1126,972,0,0,1949068384,3418098625,1469030242,1.547783049960028,65460,0.0016740180678742555,0.001674018846627448,0.016068701874116728
1127,972,0,0,1949068384,3417314078,1468245695,1.548553738255876,65501,0.0007706880901105886,0.0007706882958479311,0.008419064096635943
1128,972,0,0,1949068384,3416283510,1467215127,1.5495667276937475,65490,0.00101298940069043,0.001012989437869867,0.010629545615208813
1129,972,0,0,1949068384,3415701423,1466633040,1.5501392004268126,65510,0.0005724718275307164,0.0005724727330682616,0.006458098860398054
1130,972,0,0,1949068384,3415141946,1466073563,1.5506896507871453,65511,0.0005504494793435254,0.0005504503603310131,0.0062203082868149875
1131,977,5,0,1762723424,4066348767,2303625344,0.8987410465533152,3218,4.348051389276554,4.34805139576617,1.7162804593060674
1132,977,0,1,1377963200,3676315963,2298352764,0.9020468981538947,32693,1.0033058515883184,1.0033058516005784,2.1763245288834274
1133,977,0,1,1377963200,3673755847,2295792648,0.9036547998236877,65463,0.0016079015700331673,0.0016079016697945602,0.015362110843035124
1134,977,0,1,1377963200,3672810009,2294846810,0.9042492946969531,65509,0.0005944945118882062,0.0005944948732644308,0.006655728965410172
1135,977,0,1,1377963200,3672039644,2294076445,0.9047336792524803,65514,0.000484384451701118,0.0004843845555290733,0.005557620055609438
1136,983,6,0,1258932096,4155651679,2896719584,0.5682271142716111,2586,4.663493440189746,4.66349343501913,3.6216105774509577
1137,983,0,0,1258932096,3668739707,2409807612,0.8337291731239276,54520,0.2655020583074282,0.2655020588523173,0.7278241170312819
1138,983,0,0,1258932096,3634910620,2375978525,0.8541253494440895,64616,0.02039617592554004,0.02039617632016106,0.15033215274304063
1139,983,0,0,1258932096,3504249203,2245317108,0.9357279336390114,61932,0.08160258399479388,0.08160258419491936,0.38581394231305594
1140,983,0,0,1258932096,3498150777,2239218682,0.9396517174074219,65358,0.003923783757480437,0.003923783768412511,0.03194843386725415
1141,983,0,0,1258932096,3496134878,2237202783,0.9409511159156168,65477,0.0012993979706836883,0.0012993985081962598,0.013519337074384033
1142,983,0,0,1258932096,3494666986,2235734891,0.9418980196014424,65493,0.0009469031891450585,0.0009469036858234602,0.010144912949685758
1143,983,0,0,1258932096,3493541203,2234609108,0.9426246579030639,65503,0.0007266376781842033,0.0007266383016230473,0.008034933438498627
1144,983,0,1,370380544,3371568049,3001187506,0.5171136886151331,44009,0.5744890301639374,0.5744890307120688,1.138056849947991
1145,985,2,0,740761088,4165272831,3424511744,0.32674883815177935,37390,0.8096351492544688,0.8096351495366455,1.0887201958235977
1146,985,0,0,740761088,4029151415,3288390328,0.38526559065365973,62931,0.058516752328790354,0.05851675250188065,0.3122531066856828
1147,985,0,0,740761088,4024183906,3283422819,0.3874466027440704,65437,0.002181011907029251,0.002181012090411247,0.02060642495557954
1148,985,0,0,740761088,4023282086,3282520999,0.38784290563243573,65518,0.0003963024539395264,0.0003963028883643541,0.004699172121844633
1149,986,1,0,1481522176,3393354243,1911832068,1.1676913409501957,19085,1.7798484338970795,1.7798484353177608,3.4706891381303526
1150,986,0,1,815560704,4061497753,3245937050,0.40401212472719195,55634,0.236320783550317,0.23632078377699678,0.691963543821062
1151,986,0,1,815560704,4047580084,3232019381,0.4102112966898872,65255,0.0061991716593663634,0.006199171962694329,0.04629213620465068
1152,986,0,1,815560704,4042303196,3226742493,0.41256869644895744,65429,0.0023573993620059253,0.0023573997590700694,0.020598405193531868
1153,986,0,1,815560704,4041072291,3225511588,0.41311914611772593,65511,0.0005504494793435254,0.0005504496687685641,0.006306543095994724
1154,986,0,1,815560704,4039743421,3224182718,0.4137136407077513,65509,0.0005944945118882062,0.0005944945900245805,0.0066480043953009715
1155,986,0,1,815560704,4038464295,3222903592,0.4142861128827313,65510,0.0005724718275307164,0.0005724721749803773,0.006420101042470913
1156,986,0,1,815560704,4036595545,3221034842,0.4151228795467361,65498,0.000836766229995985,0.0008367666640064837,0.009058126087165878
1157,986,0,1,815560704,4034629581,3219068878,0.4160036997088916,65496,0.000880820004703256,0.0008808201621540688,0.009516554543452448
1158,986,0,1,815560704,4033598080,3218037377,0.41646606317817714,65515,0.0004623634480924974,0.00046236346928514945,0.00538302560878682
1159,986,0,1,815560704,4032370496,3216809793,0.41701651273005425,65511,0.0005504494793435254,0.0005504495518762686,0.006238421858099366
1160,989,3,1,916747960,2534969775,1618221816,1.4082377688333132,4121,3.9912212517195007,3.9912212561032607,1.9507374887741087
1161,994,5,1,865911808,3260058335,2394146528,0.8431356943380663,3030,4.434897921639687,4.434897925504753,2.1915314909372325
1162,994,0,1,865911808,3256259030,2390347223,0.8454269460021706,65432,0.0022912515391492285,0.0022912516641030423,0.021237630905315583
1163,994,0,1,865911808,3255347184,2389435377,0.8459773960239829,65511,0.0005504494793435254,0.0005504500218119238,0.006231826955976417
1164,994,0,1,865911808,3254581526,2388669719,0.846439759654281,65515,0.0004623634480924974,0.00046236363030043704,0.005350984204518786
1165,997,3,1,1459120664,3392916751,1933796088,1.1512114702997636,6632,3.3047717085042496,3.3047717106454804,3.7653155293847163
1166,997,0,1,1459120664,3346619661,1887498998,1.1861712674466531,63967,0.03495979681836795,0.03495979714688953,0.1797630476703419
1167,997,0,1,1459120664,3343134746,1884014083,1.1888373968813433,65415,0.002666129309875501,0.0026661294346894456,0.025534259295021077
1168,997,0,1,1459120664,3335056621,1875935958,1.1950365690415161,65255,0.0061991716593663634,0.006199172160173469,0.04811421666324435
1169,997,0,1,1459120664,3330276327,1871155664,1.1987175626679623,65369,0.0036809931252891866,0.003680993626446375,0.030595610332279827
1170,997,0,1,1459120664,3328791645,1869670982,1.1998627338687982,65484,0.001145170906201281,0.001145171200837486,0.011989005920441841
1171,997,0,1,1459120664,3327650488,1868529825,1.2007435541783096,65496,0.000880820004703256,0.0008808203095100089,0.009487518921923078
1172,997,0,1,1459120664,3326738119,1867617456,1.2014481678666513,65504,0.0007046129765893727,0.0007046136883412125,0.007828301283870643
1173,997,0,2,770757680,3905947529,3135189850,0.4540943385971019,55008,0.25264617052193894,0.2526461707304498,0.6800567383631078
1174,997,0,2,770757680,3585185689,2814428010,0.6098053999022675,58831,0.1557110612896016,0.15571106130516696,0.5056723846739805
1175,997,0,2,770757680,3584369738,2813612059,0.6102237226061291,65517,0.000418322449221962,0.000418322703862801,0.004934802732935719
1176,1002,5,1,953661360,2934730015,1981068656,1.116368266818963,2884,4.506144550759178,4.506144544212833,3.538565874730824
1177,1002,0,1,953661360,2933279036,1979617677,1.1174253160904186,65488,0.001057048556915173,0.0010570492714558576,0.010748748907101282
1178,1002,0,1,953661360,2926965863,1973304504,1.1220335480293464,65327,0.004608231813591129,0.00460823193892655,0.035333233869425974
1179,1002,0,1,953661360,2925339910,1971678551,1.1232227822693623,65482,0.0011892340994270377,0.0011892342400166558,0.011835599502664666
1180,1002,0,1,953661360,2923986065,1970324706,1.1242137431677115,65491,0.0009909603271466795,0.0009909608983492933,0.010195745239711534
1181,1002,0,1,953661360,2921971725,1968310366,1.1256894211774338,65469,0.0014756776637093812,0.0014756780097230952,0.014545429782546635
1182,1002,0,1,953661360,2920950567,1967289208,1.1264380845451996,65502,0.0007486627160211863,0.0007486633677659997,0.008232561191108594
1183,1002,0,1,953661360,2920140068,1966478709,1.1270325796598897,65509,0.0005944945118882062,0.0005944951146905073,0.006693726783337312
1184,1002,0,1,953661360,2919449928,1965788569,1.1275389855043336,65513,0.0005064057914389884,0.000506405844441303,0.005781730653504212
1185,1002,0,1,953661360,2417144395,1463483036,1.5532411232055914,48790,0.42570213718661043,0.4257021377012591,0.9241262485330871
1186,1005,3,1,1838452440,3820550135,1982097696,1.1156190724595128,11095,2.562377952915626,2.5623779492539223,2.965087762424408
1187,1005,0,1,1838452440,3818312048,1979859609,1.1172490129716728,65462,0.0016299400659799616,0.0016299405121575925,0.015667017383292077
1188,1005,0,1,1838452440,3817617212,1979164773,1.1177554187752214,65513,0.0005064057914389884,0.0005064058035517111,0.005822243074647608
1189,1005,0,1,1838452440,3816983019,1978530580,1.118217782359224,65515,0.0004623634480924974,0.00046236358400057276,0.0053394655353573555
1190,1008,3,1,2028100448,3695311951,1667211504,1.3652100084463328,6903,3.246992231054754,3.246992226087111,3.6556750019844997
1191,1008,0,1,2028100448,3632374309,1604273862,1.4207267039565004,63062,0.05551669488971409,0.055516695510166116,0.256930713946282
1192,1008,0,1,2028100448,3627796684,1599696237,1.4248491652630157,65349,0.004122461033961742,0.004122461306516551,0.03737378190397711
1193,1008,0,1,2028100448,3600604581,1572504134,1.449583336162938,64422,0.024734170141303427,0.02473417089991929,0.1499073958627943
1194,1008,0,1,2028100448,3595757690,1567657243,1.454036986993625,65334,0.004453650641001229,0.004453650830686881,0.035759169336551204
1195,1008,0,1,2028100448,3594465980,1566365533,1.455226221310017,65482,0.0011892340994270377,0.0011892343163935368,0.012310419879995909
1196,1008,0,1,2028100448,3593414342,1565313895,1.456195153807304,65492,0.0009689315899683129,0.0009689324972886079,0.010372768719555635
1197,1008,0,1,2028100448,3592721682,1564621235,1.4568336955801087,65507,0.0006385408891551363,0.0006385417728037204,0.00716498162108452
1198,1008,0,1,2028100448,3456686345,1428585898,1.5880593607769917,59838,0.13122566444795,0.13122566519688197,0.4586135559336182
1199,1008,0,1,2028100448,3412326416,1384225969,1.6335676699864763,63501,0.045508309137696636,0.045508309209484156,0.2084835794516686
1200,1008,0,1,2028100448,3410763416,1382662969,1.6351976107895148,65462,0.0016299400659799616,0.0016299408030401902,0.016195064249059754
1201,1008,0,1,2028100448,3409666332,1381565885,1.6363427820563956,65484,0.001145170906201281,0.0011451712668817567,0.012138529996512663
1202,1008,0,1,2028100448,3409307954,1381207507,1.6367170654976384,65519,0.0003742827947452993,0.0003742834412411366,0.004463541174757649
1203,1011,3,2,111360336,2853542815,2742182480,0.6473225667888762,8132,3.0106055001552674,3.010605501291238,3.102239714911101
1204,1017,6,2,2018322688,3742898367,1724575680,1.3164057056666962,644,6.669083121885383,6.66908313887782,0.237568217888757
1205,1017,0,2,2018322688,3742503642,1724180955,1.3167359509479795,65521,0.00033024448458043404,0.0003302452812832529,0.0039922782726164955
1206,1017,0,2,2018322688,3741766992,1723444305,1.317352468833711,65508,0.0006165175324262582,0.0006165178857311129,0.006852762115463791
1207,1017,0,2,2018322688,3741109550,1722786863,1.3179029184572784,65511,0.0005504494793435254,0.000550449623568913,0.006306543095994724
1208,1017,0,2,2018322688,3740084331,1721761644,1.3187617122340498,65497,0.0008587929491977406,0.0008587937767721819,0.009212021435251214
1209,1017,0,2,2018322688,3739532619,1721209932,1.3192240757218947,65515,0.0004623634480924974,0.00046236348784293974,0.00538302560878682
1210,1017,0,2,2018322688,3738981083,1720658396,1.3196864398701145,65515,0.0004623634480924974,0.00046236414822100637,0.005375545368984679
1211,1022,5,0,265942592,2676166599,2410224008,0.8334799081841524,11475,2.5137934668114674,2.5137934683140375,2.0710022715226257
1212,1026,4,1,991628768,2998187327,2006558560,1.0979238852415705,1705,5.264443976088465,5.264443977057416,2.141058209202133
1213,1026,0,1,991628768,2995033708,2003404941,1.1001930886540237,65433,0.002269202938821913,0.002269203412456605,0.020587105632875767
1214,1026,0,1,991628768,2994330608,2002701841,1.1006994949726092,65513,0.0005064057914389884,0.0005064063185842876,0.005793249322665642
1215,1026,0,1,991628768,2993658314,2002029547,1.1011838796341316,65514,0.000484384451701118,0.0004843846615216699,0.005546101386448008
1216,1033,7,0,914628032,2615571135,1700943104,1.3363122618906687,870,6.235128409263909,6.235128382256537,3.251304668426045
1217,1033,0,0,914628032,2580221334,1665593303,1.366610973025125,64174,0.03029871046452509,0.030298711134457146,0.16253986026902117
1218,1033,0,0,914628032,2576917392,1662289361,1.3694756066592575,65406,0.0028646334550583873,0.0028646336341308456,0.026806534650318254
1219,1033,0,0,914628032,2552770366,1638142335,1.390586430623749,64584,0.021110823638426424,0.021110823964492282,0.13083011470900113
1220,1033,0,0,914628032,2549845826,1635217795,1.3931643446386772,65419,0.002577914011629573,0.0025779140149277827,0.022778871246021064
1221,1033,0,0,914628032,2548698059,1634070028,1.394177334572067,65490,0.00101298940069043,0.00101298993339021,0.010652144165768387
1222,1033,0,0,914628032,2547600966,1632972935,1.3951462662377452,65492,0.0009689315899683129,0.0009689316656765484,0.010376849018462328
1223,1033,0,0,914628032,2546903284,1632275253,1.3957627843820823,65508,0.0006165175324262582,0.0006165181443384197,0.006939349213252907
1224,1033,0,0,914628032,2538883376,1624255345,1.402868693289129,65214,0.007105908104400146,0.007105908907044845,0.0523505497121141
1225,1033,0,0,914628032,2526243449,1611615418,1.4141396333757825,65026,0.01127093967793787,0.011270940086655966,0.07148451693883419
1226,1033,0,0,914628032,2525800805,1611172774,1.4145359363716068,65518,0.0003963024539395264,0.0003963029958220574,0.004699172121844633
1227,1034,1,2,874573312,4051093263,3176519952,0.43520006515268506,16151,2.0206641273346166,2.0206641287810787,3.463628580104998
1228,1042,8,0,939410816,3238044863,2298634048,0.9018703446639726,741,6.466670267694166,6.466670279511289,0.8854915552586394
1229,1042,0,0,939410816,3190413865,2251003050,0.93207913443851,64178,0.030208789307621824,0.030208789774536282,0.15504531897613363
1230,1042,0,0,939410816,3188078229,2248667414,0.9335768489063163,65468,0.0014977141398913162,0.0014977144678070676,0.015621313566659028
1231,1042,0,0,939410816,3186945934,2247535119,0.9343034871766669,65503,0.0007266376781842033,0.0007266382703481032,0.007901344456837198
1232,1042,0,0,939410816,3185574147,2246163332,0.9351843074564918,65496,0.000880820004703256,0.0008808202798260797,0.0094420827337412
1233,1042,0,0,939410816,3184717303,2245306488,0.9357347573778547,65511,0.0005504494793435254,0.0005504499213630025,0.0062514643534038305
1234,1042,0,0,939410816,3183723743,2244312928,0.9363732988556102,65507,0.0006385408891551363,0.0006385414777553048,0.007090265481066213
1235,1042,0,2,1502320812,3411164847,1908844036,1.1699479152893737,13935,2.2335746180088285,2.233574616433763,2.018760331649795
1236,1046,4,1,754868040,2498039703,1743171664,1.3009324958808186,7481,3.130984584447909,3.1309845805914445,3.078320553691614
1237,1046,0,1,754868040,2495911807,1741043768,1.3026946747404864,65456,0.0017621781119536897,0.0017621788596700386,0.01724383204639431
1238,1046,0,1,754868040,2495274217,1740406178,1.3032231028125096,65512,0.0005284274673163702,0.0005284280720228,0.006017359584538874
1239,1046,0,1,754868040,2494716530,1739848491,1.3036854668362245,65515,0.0004623634480924974,0.0004623640237143759,0.0053394655353573555
1240,1050,4,2,1004670016,3879497791,2874827776,0.5791716157491074,3384,4.27548614688005,4.275486148912882,3.765320774347629
1241,1050,0,2,1004670016,3841026966,2836356951,0.598608041140114,64659,0.01943642517642248,0.01943642539100657,0.11634969947577536
1242,1050,0,2,1004670016,3837045263,2832375248,0.6006347320880785,65444,0.002026690572445132,0.0020266909479666802,0.019737729718797753
1243,1050,0,2,1004670016,3825765204,2821095189,0.6063918000543254,65275,0.00575706791243342,0.005757067966244735,0.04489017252601737
1244,1050,0,2,1004670016,3818877764,2814207749,0.6099183116152176,65376,0.0035265112667726534,0.0035265115608938374,0.029878501231652213
1245,1050,0,2,1004670016,3816773635,2812103620,0.6109973903992127,65487,0.0010790786396167112,0.001079078783992733,0.011391003517447474
1246,1050,0,2,1004670016,3815100172,2810430157,0.6118561835833027,65497,0.0008587929491977406,0.0008587931840903839,0.009330405607001303
1247,1050,0,2,1004670016,3813856542,2809186527,0.6124947249514676,65507,0.0006385408891551363,0.0006385413681678849,0.007193975373066486
1248,1050,0,2,1004670016,3803697588,2799027573,0.617721447157777,65299,0.005226722187078397,0.005226722206307791,0.041366279859890685
1249,1050,0,2,1004670016,3794429567,2789759552,0.6225063637750594,65319,0.004784916294425402,0.004784916617282469,0.03611211211340402
1250,1050,0,2,1004670016,3792471422,2787801407,0.6235193535810595,65490,0.00101298940069043,0.001012989806000309,0.01086581184224989
1251,1050,0,2,1004670016,3790259421,2785589406,0.624664524679865,65484,0.001145170906201281,0.0011451710988068398,0.012162205823299367
1252,1050,0,2,1004670016,3789536840,2784866825,0.625038807858104,65519,0.0003742827947452993,0.00037428317823806883,0.004463541174757649
1253,1056,6,0,786698768,2963735775,2177037008,0.9802812135430798,3202,4.355242407483743,4.355242405684974,3.805008994126374
1254,1056,0,0,786698768,2809765948,2023067181,1.0861029170289314,60901,0.10582170293969442,0.10582170348585306,0.44279590318989737
1255,1056,0,0,786698768,2792509866,2005811099,1.0984614021615329,64977,0.012358484739992882,0.012358485132601588,0.09301426613193561
1256,1056,0,0,786698768,2791346828,2004648061,1.0992981687935135,65498,0.000836766229995985,0.0008367666319799166,0.00892851284251206
1257,1056,0,0,786698768,2790031522,2003332755,1.1002450722836699,65493,0.0009469031891450585,0.0009469034901552,0.010063355058329154
1258,1056,0,0,786698768,2789267311,2002568544,1.1007955219083492,65511,0.0005504494793435254,0.0005504496246790035,0.00626298302256526
1259,1056,0,0,786698768,2788442278,2001743511,1.1013900165522017,65509,0.0005944945118882062,0.0005944946438558345,0.006724244361462312
1260,1056,0,0,786698768,2538804678,1752105911,1.2935571606544194,57363,0.19216714362230072,0.1921671441022149,0.612412086211126
1261,1056,0,2,940988404,3122458647,2181470244,0.977346351018749,20399,1.6837891903323197,1.6837891903643292,1.4155427261029836
1262,1056,0,2,940988404,3118131389,2177142986,0.9802109849648915,65406,0.0028646334550583873,0.0028646339461447694,0.026181939283233414
1263,1056,0,2,940988404,3117267654,2176279251,0.9807834569878899,65510,0.0005724718275307164,0.000572472022999342,0.006488616438523054
1264,1056,0,2,940988404,3116570298,2175581895,0.9812458210283772,65515,0.0004623634480924974,0.00046236404048424144,0.0053394655353573555
1265,1060,4,2,1372334272,4051975551,2679641280,0.6806072640633829,5045,3.6993614460062805,3.699361443035008,3.934092037996137
1266,1060,0,2,1372334272,3963289303,2590955032,0.7291631693508371,63367,0.048555905180329026,0.04855590528745157,0.23455346555650747
1267,1060,0,2,1372334272,3956489311,2584155040,0.7329545168761946,65364,0.003791347438400061,0.0037913475253594582,0.034810715773283235
1268,1060,0,2,1372334272,3916663923,2544329652,0.755361542806984,64526,0.02240702560574704,0.022407025930788943,0.13814956034273945
1269,1060,0,2,1372334272,3909015715,2536681444,0.759704788621022,65339,0.0043432456574473925,0.004343245814036446,0.03516230166654674
1270,1060,0,2,1372334272,3907699687,2535365416,0.7604534517009505,65502,0.0007486627160211863,0.0007486630799299101,0.008274597438395023
1271,1060,0,2,1372334272,3906229595,2533895324,0.7612902184826495,65498,0.000836766229995985,0.0008367667817011846,0.009146460518600814
1272,1060,0,2,1372334272,3905146998,2532812727,0.7619067360839153,65508,0.0006165175324262582,0.0006165176012623864,0.006958348122216477
1273,1060,0,2,1372334272,3901552766,2529218495,0.7639554715919346,65443,0.0020487354667572794,0.0020487355080219924,0.01963839538817349
1274,1060,0,2,1372334272,3896844442,2524510171,0.766643656138406,65414,0.0026881839772797777,0.002688184546470421,0.023220856015016857
1275,1060,0,2,1372334272,3896151064,2523816793,0.7670399589196961,65518,0.0003963024539395264,0.0003963027812918084,0.004699172121844633
1276,1066,6,0,999918256,2794810415,1794892160,1.2587499787937517,2913,4.4917100138596515,4.491710019874055,3.44669325447741
1277,1066,0,0,999918256,2501787477,1501869222,1.5158879529926672,54837,0.25713797354037854,0.2571379741989147,0.9697474989002751
1278,1066,0,0,999918256,2498716638,1498798383,1.5188408197053462,65402,0.0029528662873829327,0.002952866712677544,0.02627936935209117
1279,1066,0,0,999918256,2459700676,1459782421,1.5568937930292535,63830,0.03805297265685243,0.03805297332390896,0.1821801759267283
1280,1066,0,0,999918256,2459366558,1459448303,1.557224037829581,65521,0.00033024448458043404,0.0003302448003260384,0.0039922782726164955
1281,1066,0,0,999918256,2458609397,1458691142,1.5579727014660882,65502,0.0007486627160211863,0.0007486636365096928,0.008170396366872341
1282,1066,0,0,999918256,2457652309,1457734054,1.5589196046561717,65493,0.0009469031891450585,0.0009469031900813937,0.01002198064121913
1283,1066,0,0,999918256,2457140714,1457222459,1.559426010548492,65513,0.0005064057914389884,0.0005064058923213029,0.005816286660988502
1284,1066,0,0,999918256,2456495885,1456577630,1.5600645523751737,65507,0.0006385408891551363,0.0006385418266821268,0.007088389366313801
1285,1067,1,0,1999836512,4290096801,2290260290,0.9071355748738981,51523,0.34707102158040104,0.34707102249872296,1.0016672745355146
1286,1067,0,2,1556895104,3558915847,2002020744,1.1011902232329973,14322,2.194054648197067,2.194054648359101,3.0348943516206917
1287,1067,0,2,1556895104,3551248195,1994353092,1.1067262904497603,65285,0.005536066833433702,0.00553606721676325,0.04141737426401029
1288,1067,0,2,1556895104,3550548272,1993653169,1.1072326966013009,65513,0.0005064057914389884,0.0005064061515384066,0.005793249322665642
1289,1067,0,2,1556895104,3549879015,1992983912,1.1077170816829778,65514,0.000484384451701118,0.0004843850816780577,0.005556096229466404
1290,1073,6,1,1579855168,3931926495,2352071328,0.8687153345675469,2417,4.760998242234417,4.76099825288457,3.784897022120685
1291,1073,0,1,1579855168,3889361239,2309506072,0.8950628067838053,64350,0.026347472004573526,0.026347472216256093,0.14871724688911941
1292,1073,0,1,1579855168,3886154374,2306299207,0.8970674532959713,65445,0.0020046460149816775,0.002004646512165029,0.01969681292071391
1293,1073,0,1,1579855168,3874541234,2294686067,0.9043503520965928,65206,0.007282898755244913,0.007282898800621535,0.05459300883007577
1294,1073,0,1,1579855168,3871179877,2291324710,0.9064652245549354,65440,0.00211487217088883,0.002114872458343648,0.019328947807123575
1295,1073,0,1,1579855168,3870165954,2290310787,0.9071037658394978,65507,0.0006385408891551363,0.0006385412845611793,0.007047343896100592
1296,1073,0,1,1579855168,3868942796,2289087629,0.9078744539790655,65501,0.0007706880901105886,0.0007706881395700383,0.008496541689085852
1297,1073,0,1,1579855168,3867999720,2288144553,0.90846894909469,65509,0.0005944945118882062,0.0005944951156222875,0.006724244361462312
1298,1073,0,1,1579855168,3865381146,2285525979,0.910120928226263,65461,0.0016519788985902288,0.0016519791315744215,0.016393159646589408
1299,1073,0,1,1579855168,3863846674,2283991507,0.9110898599503585,65492,0.0009689315899683129,0.0009689317240948541,0.010167858259803958
1300,1073,0,1,1579855168,3862557189,2282702022,0.9119045998283148,65499,0.0008147398470877202,0.0008147398779573489,0.009006427456140668
1301,1073,0,1,1579855168,3860885288,2281030121,0.9129616484516276,65488,0.001057048556915173,0.001057048623312693,0.011398089064601644
1302,1073,0,1,1579855168,3860258784,2280403617,0.9133579511369234,65518,0.0003963024539395264,0.0003963026852943076,0.004699172121844633
1303,1076,3,0,115948504,2362808587,2246860084,0.9347368579018749,16143,2.02137890782407,2.021378906764952,3.2079740599063333
1304,1076,0,0,115948504,2351220471,2235271968,0.9421967696324138,65198,0.007459911122067875,0.007459911730539457,0.06000443488586067
1305,1076,0,0,115948504,2349583308,2233634805,0.9432538187797164,65488,0.001057048556915173,0.0010570491473042263,0.010918811880546818
1306,1076,0,0,115948504,2348049592,2232101089,0.9442447795561044,65491,0.0009909603271466795,0.0009909607763868623,0.010031754088713617
1307,1076,0,0,115948504,2346721284,2230772781,0.9451035730048041,65497,0.0008587929491977406,0.0008587934486979156,0.008827208265852714
1308,1076,0,0,115948504,2345495883,2229547380,0.9458962873959074,65500,0.0007927138004626774,0.0007927143911046323,0.008439788971209288
1309,1076,0,0,115948504,2343828893,2227880390,0.9469753663815581,65487,0.0010790786396167112,0.0010790789856507284,0.011267853463448026
1310,1076,0,0,115948504,2342843045,2226894542,0.9476139073025251,65507,0.0006385408891551363,0.0006385409209664244,0.007109902878493626
1311,1076,0,0,115948504,2341789673,2225841170,0.9482964964734322,65505,0.0006825886112264284,0.0006825891709068217,0.0074750373162090576
1312,1076,0,1,725561930,2169831795,1444269866,1.572306806861011,21262,1.6240103107700987,1.6240103103875816,1.3797333509249943
1313,1078,2,1,754764072,2215694519,1460930448,1.5557596500858786,16573,1.9834528414657273,1.9834528432248641,2.78900950168598
1314,1078,0,1,754764072,2214267829,1459503758,1.5571692204486638,65472,0.0014095702546713536,0.0014095703627867062,0.014070921004519149
1315,1078,0,1,754764072,2213599721,1458835650,1.5578297852291527,65506,0.0006605645820851047,0.0006605647804878882,0.007251238948197275
1316,1078,0,1,754764072,2213065479,1458301408,1.5583582131208331,65512,0.0005284274673163702,0.000528427891680887,0.0059983606755753035
1317,1084,6,0,1739367616,3938212703,2198845088,0.9659011783131817,3088,4.407542962731919,4.40754296519235,3.654676932389249
1318,1084,0,0,1739367616,3912075918,2172708303,0.9831526475476196,64757,0.017251469049954393,0.01725146923443697,0.10716161436396796
1319,1084,0,0,1739367616,3909523144,2170155529,0.984848705705069,65459,0.0016960575738423276,0.0016960581574497785,0.016988528805024043
1320,1084,0,0,1739367616,3891542271,2152174656,0.9968519839554126,64993,0.012003277834232613,0.012003278250343146,0.08272567939918987
1321,1084,0,0,1739367616,3888258313,2148890698,0.9990550431753,65436,0.002203059159570524,0.0022030592198887425,0.02014949390981211
1322,1084,0,0,1739367616,3887241839,2147874224,0.999737632077867,65505,0.0006825886112264284,0.0006825889025674011,0.007518597389638521
1323,1084,0,0,1739367616,3885603141,2146235526,1.0008387411461115,65486,0.001101109058724726,0.0011011090682431213,0.011553339035416506
1324,1084,0,0,1739367616,3884620672,2145253057,1.0014993059601522,65506,0.0006605645820851047,0.0006605648140387974,0.00740060853588221
1325,1084,0,0,1739367616,3882231092,2142863477,1.0031072079587666,65463,0.0016079015700331673,0.0016079019986151978,0.01587231151459151
1326,1084,0,0,1739367616,3879419106,2140051491,1.005001636809439,65450,0.0018944282800345323,0.0018944288506714875,0.0179862246931596
1327,1084,0,0,1739367616,3878798668,2139431053,1.0054199597364963,65517,0.000418322449221962,0.00041832292705833824,0.004934802732935719
1328,1086,2,1,1505482280,3244553487,1739071208,1.3043301395767024,6659,3.2989101751828427,3.2989101798402056,3.432569883268383
1329,1086,0,2,863480912,4217275065,3353794154,0.3568530027634971,63193,0.05252286307032626,0.05252286318679511,0.31365469202096496
1330,1086,0,2,863480912,4213948700,3350467789,0.35828460872527756,65471,0.0014316057211096818,0.0014316059617820425,0.013863137760539894
1331,1086,0,2,863480912,4212261605,3348780694,0.35901124654074223,65503,0.0007266376781842033,0.0007266378154621719,0.007835254386875391
1332,1086,0,2,863480912,4209400098,3345919187,0.36024454520480376,65480,0.0012332986384842029,0.0012332986640644391,0.012307834507729602
1333,1086,0,2,863480912,4205877325,3342396414,0.3617642963381087,65467,0.0015197509526750181,0.0015197511333023552,0.015253278669338488
1334,1086,0,2,863480912,4204398298,3340917387,0.3624028373423478,65507,0.0006385408891551363,0.0006385410042411082,0.007121421547655056
1335,1086,0,2,863480912,4202614055,3339133144,0.36317352570080175,65501,0.0007706880901105886,0.0007706883584518128,0.008355866625779066
1336,1092,6,0,361878672,2201010607,1839131936,1.2236221662175026,2256,4.860448647601206,4.860448640516701,2.195345703532022
1337,1094,2,1,1331269480,3330247839,1998978360,1.103384291784959,8904,2.8797621226580405,2.879762125567459,2.639519260994835
1338,1094,0,1,1331269480,3324787982,1993518503,1.107330150127975,65357,0.003945857659342001,0.003945858343016222,0.033554029193874194
1339,1094,0,1,1331269480,3323692909,1992423430,1.1081228643485126,65500,0.0007927138004626774,0.0007927142205359497,0.00850082412745929
1340,1094,0,1,1331269480,3322993663,1991724184,1.1086292706590477,65513,0.0005064057914389884,0.000506406310536538,0.005781730653504212
1341,1098,4,1,255347952,2894285247,2638937296,0.7026900749344698,5427,3.5940608066576027,3.59406080427542,3.9007853406854656
1342,1098,0,1,255347952,2857481220,2602133269,0.7229522940265056,64622,0.020262218881148254,0.020262219092036644,0.12274029473732384
1343,1098,0,1,255347952,2854265082,2598917131,0.7247365132045402,65455,0.0017842189647608187,0.001784219178036104,0.017770190166433244
1344,1098,0,1,255347952,2844311343,2588963392,0.7302725803714871,65285,0.005536066833433702,0.005536067166944161,0.04375567486785018
1345,1112,14,0,1223991296,3812950015,2588958720,0.7302751838371577,8,13.0,13.00000260346567,0.019315388734222644
1346,1121,9,0,232739840,2599209983,2366470144,0.8599104252367873,117,9.129635280416595,9.12963524139963,0.42233611757139466
1347,1121,0,0,232739840,2596537882,2363798043,0.861540365493493,65462,0.0016299400659799616,0.0016299402567079013,0.01652940818795851
1348,1122,1,0,465479680,4063187801,3597708122,0.2555689988973846,49873,0.39402863270826405,0.3940286334038898,1.4143883170763494
1349,1122,0,0,465479680,2724093345,2258613666,0.9272096259739229,41143,0.6716406266041206,0.6716406270765379,2.2503054907042497
1350,1122,0,0,465479680,2283784992,1818305313,1.24005268214243,52760,0.31284305586109296,0.31284305616850766,1.0049640422418114
1351,1122,0,0,465479680,2283285579,1817805900,1.2404489850170002,65518,0.0003963024539395264,0.00039630287457109595,0.004687653452683203
1352,1122,0,0,465479680,2281676803,1816197124,1.241726349561496,65478,0.0012773645234549914,0.0012773645444967407,0.012126979068435588
1353,1122,0,0,465479680,2280679136,1815199457,1.2425190634595609,65500,0.0007927138004626774,0.0007927138980646331,0.008715724151261975
1354,1123,1,0,930959360,4286264263,3355304904,0.3562032727323796,60570,0.1136842090600082,0.11368420927281718,0.6321306325893749
1355,1127,4,0,767725936,2873802335,2106076400,1.028089373514355,2571,4.671886105166344,4.671886100781977,3.7810791050539936
1356,1127,0,0,767725936,2767592274,1999866339,1.1027435652665787,62231,0.0746541911391415,0.07465419175222221,0.4237962150360581
1357,1128,1,1,923420096,3090267459,2166847364,0.9870496146199663,17752,1.8843060478029887,1.8843060493533879,3.4343125893686257
1358,1128,0,1,923420096,2813823812,1890403717,1.1839527748922443,57175,0.19690315981360274,0.19690316027227658,0.8831132351010482
1359,1128,0,1,923420096,2285349591,1361929496,1.656995125779698,47215,0.473042350106766,0.4730423508874551,1.592024934406882
1360,1128,0,1,923420096,2259850819,1336430724,1.6842620908734425,64309,0.027266964596288464,0.027266965093744884,0.1833969055411196
1361,1128,0,1,923420096,2259361403,1335941308,1.6847905188285104,65512,0.0005284274673163702,0.0005284279550681968,0.0060593958318253035
1362,1130,2,0,1846840192,4291961773,2445121582,0.8127409420274674,59974,0.1279504230726243,0.12795042319895641,0.5434441774166298
1363,1130,0,1,1546196736,3931324489,2385127754,0.8485806030005243,31964,1.0358396608996634,1.0358396609730574,1.8809786392382182
1364,1130,0,1,1546196736,3929977905,2383781170,0.8493953428672469,65499,0.0008147398470877202,0.000814739866720913,0.008883718655176825
1365,1130,0,1,1546196736,3927068015,2380871280,0.8511575215102951,65456,0.0017621781119536897,0.0017621786430498674,0.016313725411625686
1366,1130,0,1,1546196736,3672291246,2126094511,1.0144414157861235,58523,0.1632838937939074,0.16328389427582823,0.6190722305741216
1367,1130,0,1,1546196736,3668365809,2122169074,1.017107545131278,65415,0.002666129309875501,0.0026661293451549443,0.02398793880754877
1368,1135,5,1,469843744,4034424607,3564580864,0.2689146965473199,3440,4.2518071504105395,4.251807151416043,3.9018625241188607
1369,1138,3,0,1879374976,3919262071,2039887096,1.074157842125075,9376,2.805243145577752,2.805243145577752,3.455364800181465
1370,1138,0,0,1879374976,3868370722,1988995747,1.1106069547031012,63901,0.03644911206775955,0.03644911257802871,0.24747877939536686
1371,1138,0,0,1879374976,3767882976,1888508001,1.185400249988593,62225,0.07479329524423953,0.07479329528549265,0.3740413217272508
1372,1138,0,0,1879374976,3739239528,1859864553,1.2074495869548798,64542,0.0220493363137077,0.02204933696628623,0.15958459732991723
1373,1138,0,0,1879374976,3737877322,1858502347,1.2085066359130074,65488,0.001057048556915173,0.0010570489581257037,0.011273504148885389
1374,1138,0,0,1879374976,3732914585,1853539610,1.2123642002443304,65361,0.0038575640782688957,0.0038575643313240203,0.033860748171601916
1375,1138,0,0,1879374976,3703953028,1824578053,1.2350842772138932,64512,0.02272007650008353,0.022720076969562096,0.14728417100640656
1376,1138,0,0,1879374976,3687944538,1808569563,1.2477980565823579,64961,0.012713779123019995,0.012713779368466852,0.0923702455095251
1377,1138,0,0,1879374976,3685819601,1806444626,1.2494941143375442,65459,0.0016960575738423276,0.0016960577551859372,0.015666335911208265
1378,1138,0,0,1879374976,3685185625,1805810650,1.2500005204305538,65513,0.0005064057914389884,0.0005064060930082412,0.005854284478915642
1379,1138,0,0,1879374976,3656225862,1776850887,1.2733245302701022,64485,0.023324009408179622,0.023324009839547143,0.13266543802381736
1380,1138,0,0,1879374976,3637301272,1757926297,1.28877256084618,64838,0.015448030436904386,0.015448030576080381,0.11918099049557208
1381,1138,0,0,1879374976,3635450427,1756075452,1.2902923125939623,65467,0.0015197509526750181,0.0015197517477820526,0.01394292985732661
1382,1138,0,0,1879374976,3626902635,1747527660,1.2973318551460622,65217,0.007039542207896552,0.00703954255209964,0.05719645044239426
1383,1138,0,0,1879374976,3625809363,1746434388,1.2982347030434056,65495,0.0009028473965228007,0.0009028478973441217,0.00948367843262976
1384,1138,0,0,1879374976,3615283215,1735908240,1.3069564569846506,65141,0.008721753280946777,0.008721753941242949,0.06977899363823631
1385,1138,0,0,1879374976,3614594530,1735219555,1.307528929394742,65510,0.0005724718275307164,0.000572472410092558,0.0065306526858094835
1386,1138,0,0,1879374976,3600852785,1721477810,1.3189995614517045,65017,0.011470631401271398,0.011470632056961893,0.08136284871941724
1387,1138,0,0,1879374976,3534001573,1654626598,1.3761414673463719,62991,0.057141905852332205,0.05714190589466678,0.27563454222732187
1388,1141,3,1,1016176816,2462763215,1446586400,1.5699946525913582,3581,4.193853196679475,4.193853185244985,2.940342546127248
1389,1141,0,6,384027552,3001021023,2616993472,0.7147368203763484,3705,4.1447421728068035,4.144742167784991,3.975194597824588
1390,1141,0,6,384027552,2929023354,2544995803,0.7549838688860788,63733,0.040247048461570165,0.040247048509732486,0.25489997817654825
1391,1141,0,6,384027552,2858928788,2474901237,0.7952761916228148,63731,0.04029232226565626,0.040292322736734346,0.21265298241975927
1392,1141,0,6,384027552,2837138962,2453111411,0.808034388902886,64959,0.01275819707378979,0.012758197280071059,0.08602782364350575
1393,1141,0,6,384027552,2834893071,2450865520,0.8093558209080491,65476,0.0013214317544216249,0.0013214320051642648,0.013271809507261064
1394,1141,0,6,384027552,2828161567,2444134016,0.8133237532802511,65356,0.0039679318989496466,0.003967932372201971,0.03486963260752735
1395,1141,0,6,384027552,2824059169,2440031618,0.8157473036205509,65426,0.002423550217891068,0.002423550340300522,0.02274377160918493
1396,1148,7,0,768055104,3866868449,3098813346,0.47093128780147,41615,0.6551839833093778,0.6551839841809173,1.084008719776211
1397,1148,0,0,768055104,2558894590,1790839487,1.2620111116974932,37874,0.7910798233259971,0.791079823896022,2.2521746605143442
1398,1154,6,0,2017053184,3762422143,1745368960,1.299115100698451,998,6.03710399466274,6.037103989000959,0.4578179467775909
1399,1154,0,0,2017053184,3524463285,1507410102,1.5105751798857625,56601,0.21146007830688446,0.21146007918731285,0.8101331434072109
1400,1154,0,0,2017053184,3523060208,1506007025,1.51191864631663,65475,0.00134346587467908,0.0013434664308679396,0.012688429389238096
1401,1154,0,0,2017053184,3522554651,1505501468,1.512403031192406,65514,0.000484384451701118,0.0004843848757748495,0.005618655211859437
1402,1154,0,0,2017053184,3492598994,1475545811,1.5413984334603263,64232,0.0289954019265709,0.02899540226791928,0.17246332851769006
1403,1154,0,0,2017053184,3381464745,1364411562,1.654368260525139,60600,0.11296982675232438,0.11296982706481279,0.5950111823569179
1404,1154,0,1,1886622720,3427415121,1540792402,1.4789746519616465,37004,0.8246063911075585,0.8246063914365096,1.656458031513677
1405,1154,0,1,1886622720,3420949698,1534326979,1.4850411790052718,65261,0.006066526309349022,0.006066527043626206,0.05057204174292837
1406,1154,0,1,1886622720,3296468244,1409845525,1.6071100490104193,60219,0.12206886966161606,0.12206887000514678,0.6056329210857717
1407,1156,2,3,1131618544,3301458927,2169840384,0.9850582257777027,6304,3.3779481805436236,3.377948176767283,0.4861107070991697
1408,1156,0,4,115753440,3080014449,2964261010,0.534974660160227,44765,0.5499164341733965,0.5499164343825238,1.2660856670192386
1409,1156,0,4,115753440,3069068538,2953315099,0.5403118554027344,65294,0.005337194803650028,0.005337195242507048,0.04545037779400849
1410,1156,0,4,115753440,3059334711,2943581272,0.5450746851398023,65320,0.004762829550942718,0.0047628297370693245,0.03646484430414463
1411,1156,0,4,115753440,3052642303,2936888864,0.5483584729249209,65387,0.0032837874765994056,0.0032837877851187363,0.028550750224013113
1412,1156,0,4,115753440,3046637311,2930883872,0.5513113395723508,65402,0.0029528662873829327,0.0029528666474287215,0.026458199987858675
1413,1156,0,4,115753440,2700580496,2584827057,0.7325793886282881,57798,0.18126804883191783,0.18126804905593694,0.6947987174817671
1414,1156,0,4,115753440,2662637935,2546884496,0.7539136127175041,64574,0.021334223666883312,0.021334224089217774,0.14431184549174172
1415,1156,0,4,115753440,2654049350,2538295911,0.7587868796530692,65315,0.004873266649851392,0.004873266935563606,0.04291127082366723
1416,1156,0,4,115753440,2349543697,2233790258,0.9431534158544892,57674,0.1843665359774576,0.18436653620142,0.7823486988026832
1417,1156,0,4,115753440,2313686346,2197932907,0.9664997980412977,64484,0.023346382149550305,0.023346382186808557,0.17391847716565928
1418,1156,0,4,115753440,2312680212,2196926773,0.9671603627297394,65506,0.0006605645820851047,0.0006605646884401394,0.007386042214434711
1419,1161,5,0,231506880,4293957561,4062450682,0.08029684714304608,60593,0.11313648431996366,0.11313648441330859,0.457935738882667
1420,1162,1,0,463013760,3984184543,3521170784,0.28659194344928096,28402,1.206295096055512,1.2062950963062358,2.8805823462066127
1421,1162,0,0,463013760,3791674244,3328660485,0.3677054192982503,61953,0.08111347560961644,0.08111347584896872,0.36486811807178776
1422,1162,0,0,463013760,3790912374,3327898615,0.36803566381620456,65521,0.00033024448458043404,0.0003302445179527204,0.0039922782726164955
1423,1162,0,0,463013760,3789998339,3326984580,0.3684319664202782,65518,0.0003963024539395264,0.0003963026040733064,0.004699172121844633
1424,1162,0,0,463013760,3789033789,3326020030,0.36885028914602813,65517,0.000418322449221962,0.00041832272574935015,0.00492328406377429
1425,1162,0,0,463013760,3756350120,3293336361,0.3830972786098563,64892,0.014246989248167849,0.014246989463831357,0.11135592695770609
1426,1162,0,0,463013760,2998997332,2535983573,0.7601017456579449,50465,0.3770044668941208,0.377004467048088,1.6208302437509834
1427,1162,0,0,463013760,2987272432,2524258673,0.7667873881764145,65233,0.006685642311078238,0.006685642518469743,0.05359767568206954
1428,1164,2,0,927799784,2391142611,1463342828,1.5533793462471017,9498,2.7865919591416626,2.786591958070687,2.113072108946162
1429,1164,0,0,927799784,2370064186,1442264403,1.5743114752423217,64592,0.020932128519489973,0.020932128995217947,0.14319735297868788
1430,1164,0,0,927799784,2314936129,1387136346,1.630537544343344,63031,0.056226068878256256,0.056226069101022694,0.29399773287876907
1431,1164,0,0,927799784,2311676561,1383876778,1.6339316565669897,65382,0.0033941114097633825,0.0033941122236458405,0.03197830728293693
1432,1164,0,0,927799784,2311000839,1383201056,1.6346362705000104,65504,0.0007046129765893727,0.0007046139330230791,0.007749791044800108
1433,1164,0,0,927799784,2307581671,1379781888,1.6382069181193124,65374,0.003570647252730634,0.003570647619301979,0.03058684907610192
1434,1168,4,0,854020912,2159356559,1305335648,1.718226323553889,3875,4.080019404951038,4.080019405434576,1.5994170440741782
1435,1169,1,0,1708041824,4166739989,2458698166,0.8047525079249844,61721,0.08652618389262218,0.0865261843710934,0.4319797845145568
1436,1169,0,0,1708041824,4161787777,2453745954,0.8076612571909401,65404,0.002908749196698977,0.0029087492659589714,0.025357898832736654
1437,1169,0,0,1708041824,4152427479,2444385656,0.8131752257894078,65286,0.005513968587407905,0.005513968598467157,0.04345400271974999
1438,1171,2,0,625463084,3559501675,2934038592,0.5497592988194597,19666,1.736584072442784,1.7365840730300504,1.0432013866456573
1439,1171,0,0,625463084,3504748116,2879285033,0.5769365313600829,64313,0.027177232199569145,0.02717723254062275,0.14386258584315598
1440,1171,0,0,625463084,3487394026,2861930943,0.5856582850579706,65141,0.008721753280946777,0.008721753697888022,0.07410286973493388
1441,1171,0,0,625463084,3055676354,2430213271,0.8215642183914333,55650,0.23590593288331585,0.23590593333346271,1.1697508510746937
1442,1171,0,0,625463084,2763135574,2137672491,1.006606308766095,57647,0.18504208972422972,0.1850420903746626,0.8105799378279172
1443,1171,0,0,625463084,2760330400,2134867317,1.0085007375517883,65450,0.0018944282800345323,0.0018944287856920046,0.018779479216950667
1444,1171,0,0,625463084,2759157682,2133694599,1.0092934515940435,65500,0.0007927138004626774,0.0007927140422568688,0.008586567757116617
1445,1171,0,0,625463084,2755901922,2130438839,1.0114965110373575,65436,0.002203059159570524,0.002203059443314042,0.019924737407254325
1446,1171,0,0,625463084,2690918596,2065455513,1.0561871591024286,63537,0.044690647920387565,0.04469064806507094,0.2889347866579158
1447,1171,0,0,625463084,2690288269,2064825186,1.0566275018831597,65516,0.0004403427806028656,0.00044034278073088156,0.005158914338864347
1448,1171,0,0,625463084,2684049936,2058586853,1.060992827911246,65338,0.004365325978252387,0.004365326028084724,0.03904392645844757
1449,1171,0,0,625463084,2682699239,2057236156,1.0619397315702876,65493,0.0009469031891450585,0.0009469036590430222,0.009898257721469503
1450,1171,0,0,625463084,2679371800,2053908717,1.0642750814257127,65430,0.002335349750730934,0.002335349855424231,0.022532479894876663
1451,1171,0,0,625463084,2678776336,2053313253,1.0646934045512317,65517,0.000418322449221962,0.00041832312551977585,0.004911765394612859
1452,1171,0,0,625463084,2669032372,2043569289,1.0715559859915977,65225,0.006862581407823226,0.006862581440366062,0.053453583759185685
1453,1171,0,0,625463084,2666787239,2041324156,1.0731418499143643,65464,0.0015858634107395607,0.0015858639227670928,0.015798089204265335
1454,1171,0,0,625463084,2287153773,1661690690,1.3699952846831387,53348,0.29685343457736946,0.296853434768774,1.122353831244629
1455,1172,1,0,1250926168,4064410699,2813484532,0.6102891142579487,55481,0.24029382914737835,0.24029382957480863,1.0041610224683
1456,1172,0,0,1250926168,3768878052,2517951885,0.7703964308420801,58652,0.1601073162737296,0.1601073165841315,0.7154779428186142
1457,1172,0,0,1250926168,3614118680,2363192513,0.861909985496979,61508,0.09151355455604522,0.0915135546548988,0.444437908177183
1458,1172,0,0,1250926168,3600848800,2349922633,0.8700338865956354,65168,0.00812390099658516,0.008123901098657446,0.06176275073840499
1459,1172,0,0,1250926168,3597657529,2346731362,0.8719944447118095,65447,0.0019605579105596736,0.0019605581161732566,0.01838427964542811
1460,1175,3,0,853506344,2891427111,2037920768,1.075549183732548,7114,3.2035547409381495,3.2035547390207375,0.5652024020545852
1461,1175,0,0,853506344,2888037624,2034531281,1.0779506839375088,65427,0.0024014995955756904,0.0024015002049622056,0.02236612254979903
1462,1175,0,0,853506344,2856558517,2003052174,1.100447146135835,64522,0.022496461787096675,0.022496462198324907,0.12252127621347317
1463,1175,0,0,853506344,2845830500,1992324157,1.1081947487836992,65185,0.007747602548000805,0.007747602647864302,0.06513275809378165
1464,1175,0,0,853506344,2842121644,1988615301,1.1108829332000312,65414,0.0026881839772797777,0.0026881844163343443,0.023905586905687025
1465,1175,0,0,853506344,2829468253,1975961910,1.1200920092043845,65119,0.009209075424372897,0.009209076004351351,0.07100140519913807
1466,1175,0,0,853506344,2828412975,1974906632,1.1208626976529494,65501,0.0007706880901105886,0.0007706884485676396,0.008447067071544686
1467,1175,0,0,853506344,2827297991,1973791648,1.1216774380135242,65499,0.0008147398470877202,0.0008147403605737553,0.008807126400406106
1468,1175,0,0,853506344,2824918695,1971412352,1.1234175756369105,65457,0.0017401375958717572,0.0017401376233859987,0.016917711398013555
1469,1178,3,1,1165841488,4224514703,3058673216,0.4897411662310027,6355,3.3663235901076787,3.3663235905940923,2.6422760445820836
1470,1178,0,1,1165841488,4120390253,2954548766,0.5397093346508868,63305,0.049968168343109964,0.04996816841988315,0.24667332333358344
1471,1178,0,1,1165841488,4027925355,2862083868,0.5855811978573016,63485,0.045871862927506155,0.045871863206416175,0.2791268042907848
1472,1178,0,1,1165841488,4026309493,2860468006,0.5863959379269232,65499,0.0008147398470877202,0.0008147400696213329,0.008717449780783518
1473,1178,0,1,1165841488,4024738190,2858896703,0.5871886522293721,65500,0.0007927138004626774,0.0007927143024473925,0.008643170325850547
1474,1178,0,1,1165841488,4023691230,2857849743,0.5877170800794289,65512,0.0005284274673163702,0.0005284278500589005,0.0059656807828434265
1475,1178,0,1,1165841488,4022121366,2856279879,0.5885097940059509,65500,0.0007927138004626774,0.0007927139265207655,0.008505542914829826
1476,1178,0,1,1165841488,4020290864,2854449377,0.5894346693168941,65494,0.0009248751246666447,0.0009248753109445065,0.0095020365152302
1477,1178,0,1,1165841488,3840319782,2674478295,0.6833896506201675,61404,0.09395498126880236,0.09395498130327401,0.47880133415258624
1478,1178,0,1,1165841488,3813712118,2647870631,0.6978145089796648,64884,0.014424858196844512,0.014424858359495085,0.10396979405287747
1479,1178,0,1,1165841488,3784419725,2618578238,0.7138634356742983,64811,0.01604892618877488,0.016048926694635243,0.10602070162979242
1480,1178,0,1,1165841488,3781862519,2616021032,0.715273006309193,65472,0.0014095702546713536,0.001409570634894088,0.013892252129903554
1481,1178,0,1,1165841488,3620556656,2454715169,0.8070915137796391,61495,0.09181850704665745,0.09181850747044729,0.40600757690386174
1482,1178,0,1,1165841488,3565533819,2399692332,0.8397976983263185,64067,0.03270618397451357,0.032706184546679125,0.18757209040591577
1483,1178,0,1,1165841488,3558100689,2392259202,0.8442734315694906,65333,0.004475732651622382,0.00447573324316934,0.03491053150931494
1484,1178,0,1,1165841488,3551092117,2385250630,0.8485062807637505,65344,0.004232849122198513,0.004232849194259603,0.0364642509873402
1485,1178,0,1,1165841488,3549927443,2384085956,0.849210894249147,65504,0.0007046129765893727,0.0007046134853995518,0.007877817770959215
1486,1178,0,1,1165841488,3548363177,2382521690,0.850157797812205,65493,0.0009469031891450585,0.0009469035630571205,0.009989876544599416
1487,1178,0,1,1165841488,3547054418,2381212931,0.8509505120655128,65500,0.0007927138004626774,0.0007927142533088283,0.008707605422995993
1488,1180,2,0,992884564,2407529099,1414644536,1.6022075597938041,19467,1.751257048595709,1.7512570477282883,1.4024846467046952
1489,1180,0,0,992884564,2406449810,1413565247,1.6033086697418213,65486,0.001101109058724726,0.0011011099480184993,0.011505036832903942
1490,1180,0,0,992884564,2406039993,1413155430,1.603726992615055,65517,0.000418322449221962,0.00041832287323269606,0.004904285154810719
1491,1180,0,0,992884564,2403668058,1410783495,1.6061505433768986,65426,0.002423550217891068,0.002423550761844452,0.020572271456427066
1492,1180,0,0,992884564,2402527135,1409642572,1.6073177457816534,65483,0.0011672023345903715,0.0011672024047555457,0.011468104677632485
1493,1180,0,0,992884564,2401193549,1408308986,1.6086832469358292,65474,0.0013655003314663333,0.0013655011541758217,0.013475309760313242
1494,1180,0,0,992884564,2398636347,1405751784,1.611305268250213,65417,0.0026220209864989156,0.002622021314383568,0.024793233898763995
1495,1180,0,0,992884564,2395869287,1402984724,1.6141478453448954,65407,0.002842576090103573,0.002842577094683473,0.024443679386832926
1496,1180,0,0,992884564,2365705629,1372821066,1.6455035496745474,64127,0.03135570409598364,0.031355704329652,0.22096037831332044
1497,1180,0,0,992884564,2360112623,1367228060,1.651393234753467,65269,0.005889684811738314,0.0058896850789188155,0.0448281081244391
1498,1180,0,0,992884564,2357275357,1364390794,1.6543902202618277,65400,0.002996984727192764,0.0029969855083612747,0.026940427464622822
1499,1180,0,0,992884564,2356567512,1363682949,1.655138883670766,65502,0.0007486627160211863,0.0007486634089384167,0.008320075496124305
1500,1180,0,0,992884564,2356005691,1363121128,1.6557333791747695,65509,0.0005944945118882062,0.0005944955040028306,0.006698159370853384
1501,1180,0,0,992884564,2355111309,1362226746,1.6566802825295248,65493,0.0009469031891450585,0.0009469033547542648,0.00992824225052469
1502,1181,1,0,1985769128,3669720505,1683951378,1.3507966630316197,40507,0.6941163793015518,0.6941163805020955,1.7186746556163879
1503,1181,0,0,1985769128,3669257993,1683488866,1.3511929662914248,65518,0.0003963024539395264,0.00039630325980485084,0.004699172121844633
1504,1181,0,0,1985769128,3667357080,1681587953,1.3528229071204052,65462,0.0016299400659799616,0.0016299408289795942,0.016402017431354957
1505,1181,0,0,1985769128,3665278701,1679509574,1.3546071263728834,65455,0.0017842189647608187,0.0017842192524783597,0.016311684832961096
1506,1181,0,0,1985769128,3664279236,1678510109,1.3554659201726444,65497,0.0008587929491977406,0.0008587937997626002,0.009065784116442105
1507,1181,0,0,1985769128,3663510875,1677741748,1.356126484797059,65506,0.0006605645820851047,0.0006605646244137368,0.007177737092754975
1508,1181,0,0,1985769128,3662947668,1677178541,1.356610869452151,65514,0.000484384451701118,0.0004843846550935986,0.005588137633734438
1509,1181,0,0,1985769128,3661207431,1675438304,1.3581085840025615,65468,0.0014977141398913162,0.0014977145504098395,0.013823982228573336
1510,1181,0,0,1985769128,3659494565,1673725438,1.3595842619267984,65469,0.0014756776637093812,0.0014756779242353904,0.0146856945852423
1511,1181,0,0,1985769128,3654616611,1668847484,1.3637950332131723,65345,0.0042107708288315554,0.004210771286374771,0.03455933702887473
1512,1181,0,0,1985769128,3635136198,1649367071,1.3807346359113666,64771,0.016939602416468236,0.016939602698192543,0.11642059076693254
1513,1181,0,0,1985769128,3632392957,1646623830,1.3831361359272236,65427,0.0024014995955756904,0.00240150001585823,0.02161190053416805
1514,1181,0,0,1985769128,3264807101,1279037974,1.74758804826158,50906,0.3644519118883114,0.36445191233435686,0.890757641022489
1515,1182,1,1,9799140,2168878319,2159079180,0.99223099366829,27657,1.2446429469647253,1.2446429454067085,1.2291684148013196
1516,1182,0,1,9799140,2159950241,2150151102,0.9982090971542981,65265,0.005978102850952038,0.00597810348601008,0.0448214660810053
1517,1182,0,1,9799140,2155389831,2145590692,1.0012722623437291,65397,0.003063164916699035,0.003063165189430516,0.02815188868137633
1518,1182,0,1,9799140,2154276701,2144477562,1.0020209251023715,65502,0.0007486627160211863,0.0007486627586427844,0.008224484332390015
1519,1182,0,1,9799140,2152902371,2143103232,1.002945800568849,65494,0.0009248751246666447,0.0009248754664749156,0.009871292586107982
1520,1182,0,1,9799140,2151921336,2142122197,1.0036063652824723,65506,0.0006605645820851047,0.0006605647136257957,0.007288533066400605
1521,1184,2,0,19598280,2534866029,2515267750,0.7719351630657805,38476,0.7683287974372148,0.7683287977833063,1.2087614480602065
1522,1184,0,0,19598280,2534021670,2514423391,0.7724195477006717,65514,0.000484384451701118,0.00048438463489081427,0.0055806573939322975
1523,1184,0,0,19598280,2530990672,2511392393,0.7741596856212105,65457,0.0017401375958717572,0.0017401379205395843,0.01701520453712111
1524,1184,0,0,19598280,2525395834,2505797555,0.7773772829083754,65390,0.0032175971660184,0.003217597287165424,0.02647346751011454
1525,1184,0,0,19598280,2523292885,2503694606,0.7785885491103173,65481,0.001211266200721556,0.001211266201943728,0.012005523590753433
1526,1184,0,0,19598280,2522376004,2502777725,0.7791169769529667,65512,0.0005284274673163702,0.0005284278426481026,0.005921768420804585
1527,1184,0,0,19598280,2521383080,2501784801,0.7796894491889041,65510,0.0005724718275307164,0.0005724722359382178,0.00643353769593216
1528,1184,0,0,19598280,2517871052,2498272773,0.78171614033689,65444,0.002026690572445132,0.0020266911479835106,0.017794208983880552
1529,1184,0,0,19598280,2515850659,2496252380,0.7828833428362039,65483,0.0011672023345903715,0.0011672024993154807,0.012056146961152899
1530,1184,0,0,19598280,2506366301,2486768022,0.7883752138990907,65287,0.005491870679863203,0.005491871062887421,0.04211611718641764
1531,1184,0,0,19598280,2480487764,2460889485,0.8034672761179067,64854,0.01509206213089736,0.015092062218813318,0.10331723269307388
1532,1184,0,0,19598280,2476695194,2457096915,0.8056923831315608,65435,0.00222510674904286,0.002225107013654706,0.019979628015649998
1533,1185,1,0,39196560,3136962297,3097765738,0.4714190985306814,41312,0.6657267146928093,0.6657267153991229,1.065616006719423
1534,1185,0,0,39196560,3053534005,3014337446,0.5108062146718702,63771,0.039387116017459825,0.03938711614118769,0.2435965461598462
1535,1185,0,0,39196560,3038309613,2999113054,0.5181112392218985,65205,0.0073050241133959465,0.0073050245500289514,0.050388127898358726
1536,1185,0,0,39196560,3033275701,2994079142,0.5205347895933983,65426,0.002423550217891068,0.0024235503714982007,0.022928216351000417
1537,1185,0,0,39196560,3031037085,2991840526,0.5216138686760949,65487,0.0010790786396167112,0.0010790790826970948,0.011116831268513464
1538,1185,0,0,39196560,3029484921,2990288362,0.5223625317014573,65502,0.0007486627160211863,0.0007486630253623033,0.008169119389944657
1539,1185,0,0,39196560,3027340396,2988143837,0.5233975507874895,65489,0.0010350188106098368,0.0010350190860340736,0.010459573125674889
1540,1185,0,1,845827004,3738220383,2892393380,0.5703833666223055,31718,1.0469858166548756,1.046985815834814,1.2290462343039894
1541,1185,0,1,845827004,3726745433,2880918430,0.5761183332426008,65276,0.005734966281026274,0.005734966620297236,0.04426465389935664
1542,1185,0,1,845827004,3725426653,2879599650,0.5767788979254433,65506,0.0006605645820851047,0.0006605646828427928,0.007147374567811115
1543,1185,0,1,845827004,3722438787,2876611784,0.5782766121416785,65468,0.0014977141398913162,0.001497714216234344,0.014223050432037112
1544,1185,0,1,845827004,3714362362,2868535359,0.5823328445343847,65352,0.004056232235047779,0.00405623239270707,0.03281309108612443
1545,1185,0,1,845827004,3708278279,2862451276,0.5853960098247448,65397,0.003063164916699035,0.0030631652903590303,0.02566739077087269
1546,1185,0,1,845827004,3701551937,2855724934,0.588790121641587,65382,0.0033941114097633825,0.0033941118168417197,0.02908419153460764
1547,1185,0,1,845827004,3690266036,2844439033,0.594502987016984,65277,0.005712864988203938,0.005712865375397859,0.04315876980598184
1548,1187,2,1,725735512,3943090503,3217354992,0.4167720191798381,18532,1.8222690329667286,1.8222690321628525,0.9417451000970991
1549,1187,0,1,725735512,3909658210,3183922699,0.4318418362386893,64855,0.015069817027767779,0.0150698170588533,0.09562630496143851
1550,1187,0,1,725735512,3902127875,3176392364,0.4352580135598849,65381,0.0034161772088184225,0.003416177321195485,0.030006152042687504
1551,1187,0,1,725735512,3900528434,3174792923,0.43598465135847064,65503,0.0007266376781842033,0.0007266377985849101,0.008050490537019346
1552,1187,0,1,725735512,3899220459,3173484948,0.436579146152539,65509,0.0005944945118882062,0.0005944947940696889,0.006698159370853384
1553,1187,0,1,725735512,3897089823,3171354312,0.43754807790343975,65492,0.0009689315899683129,0.0009689317508987811,0.010110309543603311
1554,1187,0,1,725735512,3681894928,2956159417,0.5389230741230868,61089,0.10137499612093331,0.10137499621964752,0.4552179215211714
1555,1187,0,1,725735512,3680947672,2955212161,0.5393854377310312,65515,0.0004623634480924974,0.00046236360794344686,0.00536402669982325
1556,1187,0,1,725735512,3677520607,2951785096,0.5410594558556134,65460,0.0016740180678742555,0.001674018124583327,0.016463182581050152
1557,1187,0,1,725735512,3671304995,2945569484,0.5441005604075784,65398,0.003041104516210988,0.0030411045519642766,0.02534835251021516
1558,1187,0,1,725735512,3668788028,2943052517,0.5453338594814525,65480,0.0012332986384842029,0.0012332990738749931,0.012241141766389685
1559,1198,11,2,189423616,2580652031,2391228416,0.844895199614978,13,12.299560281858907,12.299561340133527,0.03009879036713692
1560,1198,0,2,189423616,2358919012,2169495397,0.9852876208096788,59459,0.14039242069595645,0.14039242119469975,0.6199112706934387
1561,1201,3,0,378847232,4220220611,3841373380,0.1610249459317714,58020,0.17573732491464028,0.17573732512209184,0.741628520771918
1562,1201,0,0,378847232,4217993252,3839146021,0.16186171222474854,65498,0.000836766229995985,0.0008367662929785538,0.009058946213585103
1563,1201,0,0,378847232,4210202016,3831354785,0.16479251992285526,65403,0.0029308075734053776,0.0029308076981040348,0.027475145481025934
1564,1201,0,0,378847232,2384263539,2005416308,1.0987453865692665,34303,0.9339528663306308,0.9339528666464108,1.6453172100082518
1565,1201,0,0,378847232,2381754320,2002907089,1.100551647153619,65454,0.0018062601543034325,0.001806260584355988,0.01749123299259376
1566,1201,0,0,378847232,2364486825,1985639594,1.1130433575551457,64971,0.01249170988007176,0.012491710401524919,0.08931949645872549
1567,1201,0,0,378847232,2345610887,1966763656,1.126823545185843,64913,0.013780187566830656,0.01378018763069729,0.09102213753070791
1568,1201,0,0,378847232,2232261486,1853414255,1.212461773099836,61759,0.08563822773317227,0.08563822791399414,0.43916453395008537
1569,1202,1,0,757694464,4124756755,3367062292,0.3511567341656203,59529,0.1386949610443506,0.13869496106578208,0.4903442570488623
1570,1202,0,0,757694464,3999704423,3242009960,0.4057586229496053,63102,0.05460188870777409,0.05460188878398696,0.32787674707734304
1571,1202,0,0,757694464,3964729736,3207035273,0.4214069244754235,64829,0.015648301213414238,0.015648301525818354,0.09998898893735594
1572,1202,0,0,757694464,3943100256,3185405793,0.4311699750211915,65094,0.00976305047241554,0.00976305054576706,0.07876200233440196
1573,1202,0,0,757694464,3880253428,3122558965,0.4599183307185726,64243,0.02874835548969902,0.02874835569738246,0.16936165815805243
1574,1202,0,0,757694464,3569836685,2812142222,0.6109775865302005,59021,0.15105925571555187,0.15105925581162633,0.6758901273908164
1575,1202,0,0,757694464,3551557073,2793862610,0.620386068983322,65110,0.00940848193734116,0.009408482453122455,0.06729988213520835
1576,1202,0,0,757694464,3132366841,2374672378,0.8549186604600045,55703,0.2345325914746224,0.23453259147668043,0.827597670944701
1577,1202,0,0,757694464,2374266018,1616571555,1.409709778507107,44614,0.5547911174532154,0.5547911180471049,1.1829506879467946
1578,1202,0,0,757694464,2328114202,1570419739,1.451496934386853,63665,0.04178715540354719,0.04178715587974474,0.2221340351514935
1579,1202,0,0,757694464,2320733689,1563039226,1.4582931613770178,65228,0.00679622670347101,0.00679622699016408,0.05606755042724739
1580,1202,0,0,757694464,2319088033,1561393570,1.4598129124004977,65467,0.0015197509526750181,0.0015197510234791398,0.015081978069604382
1581,1202,0,0,757694464,2318182683,1560488220,1.4606496795042787,65498,0.000836766229995985,0.0008367671037824889,0.00902779014699626
1582,1202,0,0,757694464,2316873069,1559178606,1.4618609458603622,65481,0.001211266200721556,0.0012112663560851855,0.012298204175581808
1583,1203,1,0,1515388928,3955840327,2440451400,0.8154991243280882,51289,0.35363817760295835,0.3536381784677234,0.9134309187307238
1584,1203,0,0,1515388928,3953419835,2438030908,0.8169307302542705,65471,0.0014316057211096818,0.001431605926183736,0.014197935946732812
1585,1203,0,0,1515388928,3941999005,2426610078,0.823704839638129,65229,0.0067741091468674205,0.006774109383859828,0.053058617510260676
1586,1203,0,0,1515388928,3926151392,2410762465,0.8331576383536046,65108,0.009452798238958521,0.009452798715474666,0.06542522523692279
1587,1203,0,0,1515388928,3918316119,2402927192,0.8378542101268422,65323,0.004696571349226168,0.004696571773235512,0.03871931740729005
1588,1203,0,0,1515388928,3844947934,2329559007,0.8825902720910328,63535,0.044736061388059696,0.04473606196419275,0.22336148342035403
1589,1203,0,0,1515388928,3840895661,2325506734,0.8851020285144315,65422,0.0025117560775962753,0.002511756423397596,0.022772658912098787
1590,1203,0,0,1515388928,3822621186,2307232259,0.8964839048704043,65021,0.011381876111811764,0.011381876355971307,0.07603550876932325
1591,1203,0,0,1515388928,3818889395,2303500468,0.8988192549606069,65430,0.002335349750730934,0.0023353500902026907,0.022538108239133898
1592,1203,0,0,1515388928,3787220481,2271831554,0.9187912764959272,64635,0.01997202128109883,0.019972021535322612,0.12234149819372156
1593,1203,0,0,1515388928,3725585402,2210196475,0.9584725225920501,63758,0.03968124575417099,0.03968124609612111,0.2287003366978215
1594,1203,0,0,1515388928,3707542568,2192153641,0.970298230315219,65001,0.011825707171868469,0.011825707723168578,0.07751111958950174
1595,1206,3,1,1980892480,3711709103,1730816624,1.3111942634003775,3234,4.340896036526338,4.34089603308516,0.6621319494781479
1596,1206,0,1,1980892480,3611535344,1630642865,1.397206301003532,61743,0.0860120374007625,0.08601203760315548,0.4494407176029475
1597,1206,0,1,1980892480,3567046979,1586154500,1.4371138418521703,63748,0.0399075402099373,0.039907540848635584,0.2095951599802966
1598,1206,0,1,1980892480,3389011204,1408118725,1.6088781666211602,58180,0.17176432401233127,0.17176432476899106,0.5613248798946242
1599,1206,0,1,1980892480,3359575128,1378682649,1.6393567365902229,64166,0.030478569594056964,0.03047856996906393,0.15578923306933667
1600,1206,0,1,1980892480,3352464612,1371572133,1.646816648373779,65198,0.007459911122067875,0.007459911783553931,0.06193274632185235
1601,1206,0,1,1980892480,3351187971,1370295492,1.648160114962753,65475,0.00134346587467908,0.0013434665889765463,0.013993521030776843
1602,1206,0,1,1980892480,3349515247,1368622768,1.649922293086032,65456,0.0017621781119536897,0.0017621781232772097,0.017232427896548427
1603,1206,0,1,1980892480,3347573079,1366680600,1.651971028627269,65443,0.0020487354667572794,0.0020487355412382073,0.01957270814728279
1604,1206,0,2,1814301312,3540461283,1726159972,1.315080973434025,41387,0.6631099440491218,0.6631099448067542,1.269368203765115
1605,1206,0,2,1814301312,3537959067,1723657756,1.3171738000887068,65441,0.002092826265968833,0.0020928266546836496,0.01980016680944995
1606,1206,0,2,1814301312,3529726875,1715425564,1.3240806203967708,65223,0.0069068195729465555,0.006906820308062904,0.05440669673526322
1607,1206,0,2,1814301312,3520225234,1705923923,1.332093836026889,65173,0.00801321479334929,0.008013215630116735,0.057546180753808684
1608,1206,0,2,1814301312,3515435652,1701134341,1.3361500688328753,65352,0.004056232235047779,0.004056232805989189,0.03479592724493491
1609,1206,0,2,1814301312,3462456904,1648155593,1.3817947004261377,63495,0.045644631073061125,0.04564463159326123,0.22358614373354851
1610,1206,0,2,1814301312,3458307342,1644006031,1.3854315544893794,65371,0.0036368537634717934,0.0036368540632410796,0.03108482544229317
1611,1206,0,2,1814301312,3449427060,1635125749,1.393245555866784,65182,0.007814001024968608,0.007814001377404392,0.05604246166199257
1612,1206,0,2,1814301312,3446058804,1631757493,1.3962204818678394,65401,0.002974925338641957,0.00297492600105565,0.02792589146534588
1613,1206,0,2,1814301312,3424820261,1610518950,1.415121509875327,64683,0.018901027836367174,0.01890102800748627,0.11825724454065026
1614,1206,0,2,1814301312,3357805411,1543504100,1.4764378308340653,62809,0.06131632048880087,0.06131632095874067,0.3484811953866858
1615,1206,0,2,1814301312,3348902753,1534601442,1.4847831303604409,65158,0.008345298882459091,0.008345299526375149,0.059778583520420495
1616,1206,0,2,1814301312,3310898325,1496597014,1.520961344237378,63913,0.036178213096730784,0.036178213876937364,0.2210441064947481
1617,1206,0,2,1814301312,3295666540,1481365229,1.535719766624858,64869,0.01475842159360201,0.014758422387477807,0.09594889685236425
1618,1206,0,2,1814301312,3280861025,1466559714,1.5502113314222612,64881,0.014491564706665157,0.014491564797403489,0.09150657958426454
1619,1206,0,3,1481118976,4035827685,2554708710,0.7494883427552494,57081,0.19927701089259328,0.1992770113329881,0.7546086763933847
1620,1206,0,3,1481118976,3954004967,2472885992,0.7964514176355308,63437,0.04696307430558259,0.0469630748802818,0.313102674034158
1621,1206,0,3,1481118976,3948986445,2467867470,0.7993822253949752,65403,0.0029308075734053776,0.0029308077594442385,0.027224154096315
1622,1206,0,3,1481118976,3941605737,2460486762,0.8037033915649232,65340,0.004321165674574595,0.004321166169947764,0.03844616464992145
1623,1206,0,4,814754304,3718486101,2903731798,0.564738940463922,38671,0.7610355486497612,0.7610355488990008,1.3154765567669098
1624,1206,0,4,814754304,3704307723,2889553420,0.5718006043380903,65216,0.007061663834186175,0.007061663874167473,0.05397092964603438
1625,1206,0,4,814754304,3699193157,2884438854,0.5743564653729543,65420,0.0025558610298593507,0.002555861034865878,0.022050476579766443
1626,1206,0,4,814754304,3676834530,2862080227,0.5855830331829708,65028,0.011226567492814685,0.011226567810013457,0.07616741435578415
1627,1206,0,4,814754304,3652465621,2837711318,0.5979193153444697,64978,0.012336281746019315,0.012336282161499915,0.0860382684556102
1628,1206,0,4,814754304,3626225797,2811471494,0.6113217267975948,64930,0.013402411085460806,0.01340241145312553,0.09730992467506641
1629,1206,0,4,814754304,3583497745,2768743442,0.633415769485687,64540,0.022094042625695566,0.022094042688093608,0.14325103908895132
1630,1206,0,4,814754304,3533560996,2718806693,0.6596735665393787,64354,0.0262577967782338,0.0262577970536888,0.16673449832374
1631,1206,0,4,814754304,2195522783,1380768480,1.6371757096596689,33283,0.9775021421981549,0.9775021431202899,1.6660362725170106
1632,1206,0,4,814754304,2170008399,1355254096,1.6640837788097116,64325,0.02690806849147534,0.026908069150043065,0.16208686637098707
1633,1214,8,0,1032308544,4048543007,3016234464,0.5098985665773981,9116,2.845814790734703,2.845814787767686,0.8357165339997342
1634,1216,2,0,264684484,2754219311,2489534828,0.7867709475081845,13523,2.276872379702737,2.276872380930787,2.960680315519642
1635,1216,0,0,264684484,2369901930,2105217447,1.0286778896785869,55419,0.24190694189497133,0.2419069421704027,0.8507944254651496
1636,1216,0,0,264684484,2243144299,1978459816,1.1182693826218824,61590,0.08959149228287948,0.0895914929432951,0.36075296643954496
1637,1218,2,0,662606824,2777641227,2115034404,1.0219660150200518,17515,1.9036966323105748,1.9036966323981706,1.7461058463562302
1638,1218,0,0,662606824,2193792847,1531186024,1.4879975793098623,47445,0.46603156387408784,0.4660315642898117,1.6713071024144437
1639,1219,1,0,1325213648,3932407377,2607193730,0.7201493583355116,55795,0.23215177793745198,0.23215177902564732,0.8584867735123274
1640,1219,0,1,502943648,3073537367,2570593720,0.7405455344645233,32308,1.02039617592554,1.0203961761290135,2.747259310728049
1641,1219,0,4,538125032,3007991143,2469866112,0.7982143085718008,7871,3.0576687754894243,3.057668774107276,2.4638433293782933
1642,1219,0,4,538125032,2599462263,2061337232,1.0590665988587382,54696,0.2608522900135467,0.26085229028693857,0.9139786825871983
1643,1219,0,6,1054755416,3722893763,2668138348,0.6868136710959014,21207,1.6277470727192627,1.6277470722371628,1.1445302646115938
1644,1219,0,6,1054755416,3590048678,2535293263,0.7604945093945865,62273,0.0736808377687151,0.07368083829868649,0.4380294245056738
1645,1226,7,2,1720979448,3798236327,2077256880,1.0479675106754627,6712,3.2874729995601766,3.2874730012808753,1.5679956733968605
1646,1229,3,0,926365480,2533500991,1607135512,1.4181555653219107,25352,1.3701880556177664,1.3701880546464473,1.965937996454801
1647,1230,1,0,1852730960,4200998817,2348267858,0.8710501654330223,47879,0.45289459995916986,0.45289460011111143,1.1144117146013928
1648,1230,0,0,1852730960,3744610149,1891879190,1.1828271807786415,52799,0.31177701489528675,0.31177701534562063,1.0651640998227083
1649,1230,0,1,1557978272,3462790227,1904811956,1.1729985648498804,32992,0.9901713826318916,0.990171384071238,2.4753543867710808
1650,1230,0,1,1557978272,3308599745,1750621474,1.294779973503509,60231,0.12178140863134716,0.12178140865362976,0.4146410859174351
1651,1230,0,2,968472896,3750619009,2782146114,0.6264489560373541,52076,0.3316689822731743,0.3316689825338443,1.0453526538129634
1652,1230,0,2,968472896,3745354938,2776882043,0.6291812506694647,65412,0.0027322943235718405,0.002732294632110784,0.02204855605219078
1653,1230,0,2,968472896,3447141806,2478668911,0.7930815701755485,58498,0.16390031950503509,0.16390031950608303,0.5118039797882699
1654,1230,0,2,968472896,3321725758,2353252863,0.8679907958740287,62220,0.07490922557825579,0.0749092256984814,0.3719196056039475
1655,1230,0,2,968472896,3306859933,2338387038,0.877133408791412,65122,0.009142612711042497,0.009142612917380475,0.06758517550017859
1656,1230,0,4,657855272,2610887999,1953032728,1.1369310205843846,13684,2.2597976112321003,2.2597976117929743,2.757955276045445
1657,1235,5,1,483937440,4084603123,3600665684,0.2543834921744441,30206,1.1174524712156022,1.1174524715900607,2.391610004315129
1658,1235,0,1,483937440,4083339461,3599402022,0.25488989822336805,65513,0.0005064057914389884,0.0005064060489206675,0.005760569429933765
1659,1235,0,1,483937440,4080813025,3596875586,0.2559028877261653,65490,0.00101298940069043,0.0010129895028006858,0.010487861246993963
1660,1235,0,1,483937440,4078946970,3595009531,0.2566515505068274,65502,0.0007486627160211863,0.0007486627806601453,0.00794717263513573
1661,1235,0,1,483937440,3936816389,3452878950,0.31484738850818417,62945,0.05819583760865741,0.058195838001355485,0.2953463868724094
1662,1235,0,1,483937440,2391408592,1907471153,1.1709859069033612,36204,0.8561385181321416,0.8561385183951797,1.475501270515795
1663,1237,2,1,1815769168,3556522871,1740753704,1.302935052820299,14952,2.131949146254842,2.1319491459169377,3.133885783928042
1664,1237,0,1,1815769168,3511420945,1695651778,1.3408072200593395,63838,0.037872166811343484,0.0378721672390386,0.21185102304467987
1665,1237,0,1,1815769168,3428289091,1612519924,1.4133301596927836,62323,0.07252293934634803,0.0725229396334452,0.36797050633526396
1666,1237,0,2,1484054688,3297303027,1813248340,1.24407061787009,36847,0.8307404573394152,0.8307404581773054,1.7438960726518722
1667,1237,0,2,1484054688,3296694331,1812639644,1.2445550027781351,65514,0.000484384451701118,0.00048438490804659037,0.0054891046595572975
1668,1237,0,3,820625728,4054479291,3233853564,0.409392794126763,58460,0.16483779130658494,0.16483779134862678,0.6011413545277449
1669,1237,0,3,820625728,4033853210,3213227483,0.4186240248438402,65118,0.009231230342574597,0.009231230717076945,0.06253513595149628
1670,1237,0,3,820625728,4024292367,3203666640,0.42292311120097636,65341,0.004299086029623652,0.004299086357136713,0.03494366343670489
1671,1237,0,3,820625728,4023510221,3202884494,0.4232753750438647,65520,0.0003522634716290214,0.00035226384288691484,0.004227909891679893
1672,1241,4,1,290145752,2352745499,2062599748,1.058183255763062,10551,2.634907879653537,2.6349078807191977,2.5916186011636144
1673,1243,2,0,580291504,3296958449,2716666946,0.6608094390502757,43159,0.6026261826810267,0.6026261832872131,0.9302264282817883
1674,1243,0,0,580291504,3172889476,2592597973,0.7282486372103278,62543,0.06743919777668611,0.06743919816005535,0.3273633330177708
1675,1243,0,0,580291504,3172256517,2591965014,0.7286009009661036,65520,0.0003522634716290214,0.00035226375577361005,0.004227909891679893
1676,1243,0,0,580291504,3171465512,2591174009,0.7290412437755904,65516,0.0004403427806028656,0.00044034280948816805,0.005147395669702917
1677,1243,0,0,580291504,3170872439,2590580936,0.729371488447061,65521,0.00033024448458043404,0.0003302446714686662,0.0039922782726164955
1678,1243,0,0,580291504,3132529184,2552237681,0.7508844574936688,64566,0.021512968600163093,0.021512969046607964,0.1407114837176902
1679,1243,0,0,580291504,3130348316,2550056813,0.752117756607916,65480,0.0012332986384842029,0.0012332991142475183,0.011448349961719324
1680,1243,0,0,580291504,2662329466,2082037963,1.0446507716451343,53508,0.29253301496493933,0.2925330150372177,0.6926158896478369
1681,1244,1,0,1160583008,4179563467,3018980460,0.5085857268078868,47514,0.46393495427750175,0.46393495516275457,0.882624641055762
1682,1244,0,0,1160583008,3880226689,2719643682,0.6592294989076635,59038,0.15064377166326234,0.15064377209977511,0.5555110087978469
1683,1244,0,0,1160583008,3373571877,2212988870,0.9566509507429508,53327,0.2974214513807449,0.29742145183528745,1.0463410264992863
1684,1244,0,0,1160583008,3336191220,2175608213,0.9812283688614301,64429,0.024577417530983633,0.024577418118480965,0.15097613595989942
1685,1244,0,1,173682368,2978044539,2804362172,0.6149744664200973,42238,0.6337460967956936,0.6337460975586662,1.022037096811702
1686,1244,0,1,173682368,2972396104,2798713737,0.6178832158484866,65404,0.002908749196698977,0.0029087494283904073,0.022833422245325342
1687,1244,0,1,173682368,2932296125,2758613758,0.6387036713543992,64597,0.02082045530879794,0.020820455505912255,0.14424464173548007
1688,1244,0,1,173682368,2485814555,2312132188,0.8934232648185443,54929,0.25471959307936504,0.2547195934641462,0.6571684836173126
1689,1244,0,1,173682368,2317315663,2143633296,1.0025890160064854,60760,0.10916575061055422,0.10916575118793971,0.38098975702813387
1690,1246,2,0,347364736,3069362959,2721998224,0.6579810204750025,41609,0.6553920043191905,0.6553920044685155,1.1258551396098857
1691,1246,0,0,347364736,2632379571,2285014836,0.9104436136607461,55015,0.25246259317356906,0.2524625931857465,1.0311784267242905
1692,1246,0,0,347364736,2335246751,1987882016,1.1114150128473774,57014,0.20097139853184726,0.20097139918662998,0.7470367805601122
1693,1246,0,1,862114048,2487399297,1625285250,1.401954201629522,26791,1.29053918827677,1.2905391887821447,1.0569303353194308
1694,1248,2,1,1300972544,4210197427,2909224884,0.5620123244838631,29327,1.160058122028217,1.1600581228543396,2.3299261552091037
1695,1248,0,2,454461440,2989379311,2534917872,0.7607081394469333,28552,1.1986958139509774,1.1986958149630709,2.4601838087196213
1696,1248,0,2,454461440,2626408282,2171946843,0.9836583514712522,56152,0.2229502115611689,0.222950212024321,0.7829001770340931
1697,1251,3,0,908922880,4058338595,3149415716,0.4475629433746704,47515,0.46390459101910814,0.4639045919034154,0.8646539781809772
1698,1251,0,0,908922880,3876685894,2967763015,0.533271253089616,61756,0.08570830966854073,0.08570830971494549,0.4672851151307769
1699,1251,0,0,908922880,3851462444,2942539565,0.5455853323318216,64979,0.012314079093743295,0.012314079242208011,0.07835569898467493
1700,1251,0,0,908922880,3773831051,2864908172,0.5841582485405858,63807,0.03857291571881099,0.03857291620876206,0.2560753027485294
1701,1253,2,0,903046296,3220467439,2317421144,0.8901268976033627,13253,2.3059686498143583,2.305968649062777,2.1076884905886124
1702,1253,0,0,903046296,3009998526,2106952231,1.0274895403922812,59584,0.1373626424412063,0.13736264278892113,0.5877459405586346
1703,1253,0,0,903046296,2942034399,2038988104,1.0747937877020313,63422,0.04730424719381577,0.04730424730974772,0.3016721473136639
1704,1253,0,0,903046296,2667591130,1764544835,1.2833510582534906,56715,0.20855727040424712,0.20855727055145945,0.6859500681844222
1705,1253,0,0,903046296,2661856143,1758809848,1.288047630330876,65323,0.004696571349226168,0.004696572077386554,0.037290623046684276
1706,1253,0,0,903046296,2650423449,1747377154,1.297456112756219,65110,0.00940848193734116,0.009408482425344372,0.05946273958677329
1707,1253,0,0,903046296,2647303894,1744257599,1.3000340271396809,65419,0.002577914011629573,0.0025779143834611306,0.024504511850354502
1708,1253,0,0,903046296,2646452205,1743405910,1.300738640711451,65504,0.0007046129765893727,0.000704613571770065,0.0077918272920865375
1709,1253,0,0,903046296,2645600932,1742554637,1.3014432541707244,65504,0.0007046129765893727,0.0007046134592729424,0.00766741302702428
1710,1253,0,0,903046296,2645202092,1742155797,1.3017734993968446,65521,0.00033024448458043404,0.0003302452261207568,0.0039922782726164955
1711,1253,0,0,903046296,2644670428,1741624133,1.3022138423792313,65516,0.0004403427806028656,0.00044034298238469197,0.005147395669702917
1712,1253,0,0,903046296,2644085776,1741039481,1.3026982271160037,65514,0.000484384451701118,0.00048438473677379695,0.005586613807591404
1713,1253,0,0,903046296,2523236340,1620190045,1.4064840977814832,60987,0.10378587014064852,0.10378587066547969,0.37839317149328827
1714,1253,0,0,903046296,2518687466,1615641171,1.4105403305368043,65352,0.004056232235047779,0.004056232755320566,0.03386012265435702
1715,1253,0,0,903046296,2518120453,1615074158,1.411046736560433,65513,0.0005064057914389884,0.0005064060236293884,0.005793249322665642
1716,1253,0,0,903046296,2517060757,1614014462,1.4119936404078324,65493,0.0009469031891450585,0.0009469038473975457,0.009618590776106708
1717,1253,0,0,903046296,2515090524,1612044229,1.4137558189694417,65456,0.0017621781119536897,0.0017621785616124142,0.016375950425496735
1718,1253,0,0,903046296,2514057414,1611011119,1.414680694631702,65494,0.0009248751246666447,0.0009248756622583102,0.009534077919498236
1719,1253,0,0,903046296,2405896267,1502849972,1.5149461523648924,61136,0.10026545764248884,0.10026545773318933,0.37721704303467407
1720,1253,0,0,903046296,2404887273,1501840978,1.5159150844241438,65492,0.0009689315899683129,0.0009689320592544544,0.010008228917140103
1721,1253,0,0,903046296,2403649794,1500603499,1.5171043186839448,65482,0.0011892340994270377,0.0011892342597988983,0.011703368811645229
1722,1253,0,0,903046296,2396780576,1493734281,1.523723614739712,65236,0.00661929574410172,0.006619296055768583,0.049082603208971114
1723,1253,0,0,903046296,2310624637,1407578342,1.6094319249732152,61756,0.08570830966854073,0.08570831023350088,0.38550921051700526
1724,1253,0,0,903046296,2302377107,1399330812,1.617910079570077,65152,0.008478153924304704,0.008478154596864183,0.07166282098352379
1725,1253,0,0,903046296,2288690414,1385644119,1.6320903746000432,64895,0.014180294045667789,0.014180295029964988,0.10565613355770266
1726,1253,0,0,903046296,2283552603,1380506308,1.637449665911351,65293,0.005359290342117367,0.005359291311309299,0.042659127289059746
1727,1253,0,0,903046296,2280772042,1377725747,1.6403584153164097,65404,0.002908749196698977,0.0029087494050565807,0.025799939452318767
1728,1253,0,0,903046296,2279910122,1376863827,1.6412612632484311,65495,0.0009028473965228007,0.0009028479320206438,0.009504201167736365
1729,1253,0,0,903046296,2278250389,1375204094,1.6430014011573313,65457,0.0017401375958717572,0.0017401379089012812,0.01589840744880007
1730,1253,0,0,903046296,2275795266,1372748971,1.6455793161620882,65419,0.002577914011629573,0.002577915004756089,0.023023768551655124
1731,1254,1,0,1806092592,4162362911,2356270320,0.866142086067736,56245,0.22056276937993977,0.2205627699056499,0.6211931203099317
1732,1254,0,0,1806092592,4160529265,2354436674,0.867265226236686,65485,0.001123139814249491,0.0011231401689478198,0.011271629615624943
1733,1254,0,0,1806092592,4155930755,2349838164,0.870085745833876,65408,0.0028205190623786626,0.0028205195971911165,0.02546706560190954
1734,1254,0,0,1806092592,4153169867,2347077276,0.8717818035703537,65459,0.0016960575738423276,0.00169605773647821,0.015695805747004084
1735,1254,0,0,1806092592,4152632663,2346540072,0.872112048450866,65521,0.00033024448458043404,0.00033024488051206185,0.0039922782726164955
1736,1254,0,0,1806092592,4146868000,2340775409,0.8756606275679459,65375,0.0035485790909715823,0.0035485791170784546,0.0313784612421166
1737,1254,0,0,1806092592,4144439216,2338346625,0.8771583422765694,65468,0.0014977141398913162,0.0014977147086249803,0.015052107982188359
1738,1254,0,0,1806092592,4136732263,2330639672,0.8819211718351454,65320,0.004762829550942718,0.004762829558574568,0.03750978604984133
1739,1254,0,0,1806092592,4134740749,2328648158,0.8831544708505561,65480,0.0012332986384842029,0.0012332990154124773,0.011954011997510281
1740,1254,0,0,1806092592,4133461584,2327368993,0.8839471848756801,65500,0.0007927138004626774,0.0007927140251246627,0.00855788354670168
1741,1254,0,0,1806092592,4132112096,2326019505,0.8847839513312472,65498,0.000836766229995985,0.0008367664555643937,0.00866108802997385
1742,1254,0,0,1806092592,4128278933,2322186342,0.8871634012466032,65428,0.002379449310284077,0.0023794499153585525,0.020177664458972937
1743,1254,0,0,1806092592,4123601677,2317509086,0.8900721509379288,65404,0.002908749196698977,0.002908749691325479,0.024630818281222752
1744,1254,0,0,1806092592,4119817902,2313725311,0.892429550358905,65429,0.0023573993620059253,0.0023573994209763797,0.020348732571851554
1745,1254,0,0,1806092592,4117417186,2311324595,0.8939272645238283,65468,0.0014977141398913162,0.001497714164921152,0.014242565734925735
1746,1254,0,0,1806092592,4116500217,2310407626,0.8944997367411887,65510,0.0005724718275307164,0.0005724722173631479,0.006381506605627334
1747,1254,0,0,1806092592,4114667007,2308574416,0.8956449081623923,65484,0.001145170906201281,0.0011451714212032211,0.011130990548970912
1748,1254,0,0,1806092592,4113786355,2307693764,0.8961953581098498,65511,0.0005504494793435254,0.0005504499474558955,0.0061573970158125746
1749,1254,0,0,1806092592,4095757497,2289664906,0.9075106716330374,65024,0.011315313227834146,0.011315313523188819,0.07808463977415764
1750,1254,0,0,1806092592,4092787808,2286695217,0.9093830575814792,65451,0.0018723857434470804,0.0018723859484421844,0.017983086447678154
1751,1254,0,0,1806092592,4090519815,2284427224,0.9108146633039667,65471,0.0014316057211096818,0.0014316057224877212,0.014288082340525119
1752,1254,0,0,1806092592,4086197473,2280104882,0.9135469579127005,65412,0.0027322943235718405,0.002732294608733755,0.023848066743742895
1753,1254,0,0,1806092592,4084944973,2278852382,0.9143396723338029,65500,0.0007927138004626774,0.0007927144211002161,0.008391155302891622
1754,1254,0,0,1806092592,4084040887,2277948296,0.9149121443368671,65510,0.0005724718275307164,0.0005724720030651596,0.006445056365093589
1755,1254,0,0,1806092592,4082059639,2275967048,0.9161674759048921,65479,0.0012553314127252556,0.0012553315680232542,0.012120184509340864
1756,1254,0,0,1806092592,4079385544,2273292953,0.9178635337423593,65459,0.0016960575738423276,0.0016960578374700455,0.016495420758986495
1757,1254,0,0,1806092592,4077200219,2271107628,0.9192510688977933,65473,0.0013875351247936642,0.0013875351554331397,0.014009065154960934
1758,1254,0,0,1806092592,4075606118,2269513527,0.9202640588052766,65490,0.00101298940069043,0.0010129899074844963,0.010246989262874527
1759,1254,0,0,1806092592,4073839986,2267747395,0.9213871989774844,65485,0.001123139814249491,0.0011231401722074403,0.011623157855346723
1760,1254,0,0,1806092592,4069791425,2263698834,0.9239651134605786,65419,0.002577914011629573,0.002577914483092419,0.022203964375603458
1761,1254,0,0,1806092592,4069238764,2263146173,0.9243173770290092,65520,0.0003522634716290214,0.0003522635684328148,0.004227909891679893
1762,1254,0,0,1806092592,4068513573,2262420982,0.924779740941652,65515,0.0004623634480924974,0.0004623639126408137,0.00539454427794825
1763,1254,0,0,1806092592,4067754093,2261661502,0.9252641255848673,65514,0.000484384451701118,0.0004843846432165918,0.005599656302895868
1764,1254,0,0,1806092592,4066822317,2260729726,0.9258586202075882,65509,0.0005944945118882062,0.0005944946227200486,0.006544357195652378
1765,1254,0,0,1806092592,4063407213,2257314622,0.9280396322401288,65437,0.002181011907029251,0.002181012032540098,0.018935964666459727
1766,1254,0,0,1806092592,4062339452,2256246861,0.9287222211598056,65505,0.0006825886112264284,0.0006825889196782686,0.007543158554104415
1767,1254,0,0,1806092592,4061409906,2255317315,0.9293167162710994,65509,0.0005944945118882062,0.0005944951112912323,0.006576089058353385
1768,1254,0,0,1806092592,4058243872,2252151281,0.9313434069534487,65444,0.002026690572445132,0.0020266906823502512,0.017912240867021263
1769,1254,0,0,1806092592,4056972363,2250879772,0.9321581469611928,65499,0.0008147398470877202,0.0008147400077450512,0.008625053578276733
1770,1254,0,0,1806092592,4054327744,2248235153,0.9338542046166971,65459,0.0016960575738423276,0.00169605765550408,0.015263375581155276
1771,1254,0,0,1806092592,4051994980,2245902389,0.9353519190614215,65468,0.0014977141398913162,0.0014977144447258157,0.014299785809961092
1772,1254,0,0,1806092592,4050829808,2244737217,0.9361005820811243,65502,0.0007486627160211863,0.000748663019699872,0.008034800123785175
1773,1254,0,0,1806092592,4049493981,2243401390,0.9369593750971354,65497,0.0008587929491977406,0.0008587930160122863,0.008819728026050574
1774,1254,0,0,1806092592,4048638191,2242545600,0.937509824759946,65511,0.0005504494793435254,0.0005504496628125637,0.006116351545599367
1775,1254,0,0,1806092592,4033068759,2226976168,0.9475610268158263,65081,0.010051201585822957,0.010051202055877081,0.0719458478838164
1776,1254,0,0,1806092592,4028685215,2222592624,0.9504036030437213,65407,0.002842576090103573,0.002842576227895658,0.025883567660770372
1777,1254,0,0,1806092592,4026887769,2220795178,0.9515708054971022,65483,0.0011672023345903715,0.0011672024533825223,0.012057670787295933
1778,1254,0,0,1806092592,4020178213,2214085622,0.9559361316421118,65338,0.004365325978252387,0.004365326145009712,0.035553596580859506
1779,1254,0,0,1806092592,4019299822,2213207231,0.9565086035333401,65510,0.0005724718275307164,0.0005724718912284135,0.006506091521343589
1780,1254,0,0,1806092592,4018016529,2211923938,0.9573453699153092,65498,0.000836766229995985,0.0008367663819680042,0.008959823962282041
1781,1254,0,0,1806092592,4015687690,2209595099,0.9588651212762791,65467,0.0015197509526750181,0.001519751360970924,0.014202125637962392
1782,1254,0,0,1806092592,4013765892,2207673301,0.9601204530189129,65479,0.0012553314127252556,0.0012553317426318054,0.012959061512868663
1783,1254,0,0,1806092592,4006792802,2200700211,0.9646845176225582,65329,0.004564064074153165,0.004564064603646182,0.03979908184863919
1784,1254,0,0,1806092592,4002058019,2195965428,0.9677918044418341,65395,0.003107286729684582,0.0031072868192748774,0.027991490874678573
1785,1254,0,0,1806092592,3995356464,2189263873,0.9722012923055985,65336,0.004409487633700345,0.004409487863766347,0.03477267168583028
1786,1254,0,0,1806092592,3994821975,2188729384,0.9725535562714285,65520,0.0003522634716290214,0.00035226396582856075,0.004227909891679893
1787,1254,0,0,1806092592,3991382046,2185289455,0.9748227598186148,65433,0.002269202938821913,0.0022692035471880835,0.02153225155476557
1788,1254,0,0,1806092592,3989814837,2183722246,0.9758577786759908,65489,0.0010350188106098368,0.001035018857374961,0.010875652838872837
1789,1254,0,0,1806092592,3988881850,2182789259,0.976474296340978,65508,0.0006165175324262582,0.0006165176649855834,0.006780208290052362
1790,1254,0,0,1806092592,3988115795,2182023204,0.9769807024100885,65513,0.0005064057914389884,0.0005064060691103011,0.005835285569952072
1791,1254,0,0,1806092592,3985885027,2179792436,0.9784563806492379,65469,0.0014756776637093812,0.001475678239151924,0.013749896601165068
1792,1254,0,0,1806092592,3984887197,2178794606,0.9791169453707553,65506,0.0006605645820851047,0.0006605647215154425,0.007357048462452745
1793,1254,0,0,1806092592,3983756840,2177664249,0.979865608690762,65502,0.0007486627160211863,0.0007486633200074448,0.007897217360283874
1794,1254,0,0,1806092592,3975748766,2169656175,0.9851807088387368,65295,0.005315099603580846,0.00531510014797559,0.04234970030821863
1795,1254,0,0,1806092592,3973762386,2167669795,0.9865021408894954,65476,0.0013214317544216249,0.0013214320507592137,0.012572900542461893
1796,1254,0,0,1806092592,3970752468,2164659877,0.9885067872573963,65445,0.0020046460149816775,0.002004646367898128,0.017446737056917797
1797,1254,0,0,1806092592,3966821887,2160729296,0.9911288085602656,65417,0.0026220209864989156,0.0026220213028706908,0.022950694234772376
1798,1254,0,0,1806092592,3965898723,2159806132,0.991745326659558,65508,0.0006165175324262582,0.0006165180992911698,0.006833763206500221
1799,1254,0,0,1806092592,3963591801,2157499210,0.9932871148733753,65466,0.0015417881020707706,0.0015417882138181712,0.01407436160926557
1800,1254,0,0,1806092592,3962274967,2156182376,0.9941679355378632,65496,0.000880820004703256,0.000880820664489018,0.009228146902237496
1801,1254,0,0,1806092592,3896177396,2090084805,1.039085665300508,63527,0.04491772955544825,0.044917729762643265,0.24079124838173124
1802,1254,0,0,1806092592,3887694080,2081601489,1.0449532468641536,65270,0.0058675811486044276,0.00586758156364684,0.049873302760837075
1803,1254,0,0,1806092592,3882961435,2076868844,1.0482370343498566,65387,0.0032837874765994056,0.003283787485704383,0.029684657483793026
1804,1254,0,0,1806092592,3873612736,2067520145,1.0547457595676093,65241,0.006508724912338639,0.006508725217749647,0.05107518841645863
1805,1254,0,0,1806092592,3868438887,2062346296,1.0583605448427562,65372,0.0036147845889704113,0.0036147852751470116,0.02953826974484183
1806,1254,0,0,1806092592,3866959848,2060867257,1.0593955639096428,65489,0.0010350188106098368,0.0010350190668877177,0.010822691781282319
1807,1254,0,0,1806092592,3863846660,2057754069,1.0615765761410856,65437,0.002181011907029251,0.0021810122314450025,0.01931787895893992
1808,1254,0,0,1806092592,3856593529,2050500938,1.0666707423887765,65305,0.00509416621250758,0.005094166247688764,0.037582448692676
1809,1254,0,0,1806092592,3855279426,2049186835,1.0675956176725627,65494,0.0009248751246666447,0.0009248752837873526,0.009835874582657065
1810,1254,0,0,1806092592,3853966165,2047873574,1.0685204930748498,65494,0.0009248751246666447,0.0009248754022853229,0.009188717786506708
1811,1254,0,0,1806092592,3851903792,2045811201,1.0699741348254115,65470,0.0014536415241189304,0.001453641750561103,0.014197391390056564
1812,1254,0,0,1806092592,3847689550,2041596959,1.0729490607201875,65401,0.002974925338641957,0.002974925894777519,0.02529162893617378
1813,1254,0,0,1806092592,3847159960,2041067369,1.073323344182949,65519,0.0003742827947452993,0.00037428346276221293,0.004452022505596219
1814,1254,0,0,1806092592,3845509316,2039416725,1.0744905468913082,65483,0.0011672023345903715,0.0011672027083596387,0.011951136556464455
1815,1254,0,0,1806092592,3844357911,2038265320,1.0753052873783666,65499,0.0008147398470877202,0.0008147404870566989,0.008645778774142993
1816,1254,0,0,1806092592,3843798084,2037705493,1.0757015903347842,65518,0.0003963024539395264,0.0003963029564188595,0.004668654543719633
1817,1254,0,0,1806092592,3838729938,2032637347,1.0792943063131624,65373,0.003592715752060134,0.0035927159783779436,0.028762592183347493
1818,1254,0,0,1806092592,3837272205,2031179614,1.0803293254985356,65489,0.0010350188106098368,0.0010350191853745392,0.010842636819799691
1819,1254,0,0,1806092592,3835722537,2029629946,1.0814304352226536,65486,0.001101109058724726,0.0011011097241176466,0.010780748629724949
1820,1254,0,0,1806092592,3829838294,2023745703,1.0856191287433035,65346,0.00418869287333474,0.004188693520647232,0.03271169361031463
1821,1254,0,0,1806092592,3827584060,2021491469,1.087227030782742,65463,0.0016079015700331673,0.0016079020394410936,0.01529358225823995
1822,1254,0,0,1806092592,3824283590,2018190999,1.0895844303054965,65429,0.0023573993620059253,0.002357399522752354,0.019807033370177893
1823,1254,0,0,1806092592,3820249425,2014156834,1.092471121643861,65405,0.0028866911572534176,0.002886691338366543,0.02488779005224197
1824,1254,0,0,1806092592,3819050814,2012958223,1.0933299151832792,65497,0.0008587929491977406,0.000858793539415438,0.008965760365191741
1825,1254,0,0,1806092592,3817545764,2011453173,1.0944089938652795,65487,0.0010790786396167112,0.0010790786820036279,0.010545128437051184
1826,1254,0,0,1806092592,3816624993,2010532402,1.0950695590283992,65506,0.0006605645820851047,0.0006605651631169288,0.007007918449616499
1827,1254,0,0,1806092592,3802758405,1996665814,1.1050542598167787,65084,0.009984700066621433,0.009984700788379675,0.07291427644774993
1828,1254,0,0,1806092592,3800686669,1994594078,1.1065519741238106,65468,0.0014977141398913162,0.0014977143070314942,0.014540987440315017
1829,1254,0,0,1806092592,3799773616,1993681025,1.1072125389164391,65506,0.0006605645820851047,0.0006605647926296275,0.007399084709739176
1830,1254,0,0,1806092592,3795180021,1989087430,1.110540455033,65385,0.003327916037484043,0.003327916116559747,0.027928905648929372
1831,1254,0,0,1806092592,3793085797,1986993206,1.112060206333485,65467,0.0015197509526750181,0.0015197513004872557,0.013952220966447909
1832,1254,0,0,1806092592,3792145904,1986053313,1.112742795368817,65505,0.0006825886112264284,0.0006825890353294205,0.007499598480674951
1833,1254,0,0,1806092592,3789357865,1983265274,1.114769486153353,65444,0.002026690572445132,0.0020266907845394974,0.01819529517480119
1834,1254,0,0,1806092592,3787905278,1981812687,1.1158265348044658,65488,0.001057048556915173,0.0010570486511101238,0.010823575524330194
1835,1254,0,0,1806092592,3784820791,1978728200,1.1180736899912134,65434,0.002247154675456557,0.002247155186749258,0.019161625617042672
1836,1254,0,0,1806092592,3782254386,1976161795,1.1199460759694837,65451,0.0018723857434470804,0.0018723859782711371,0.01738570612969058
1837,1254,0,0,1806092592,3778364541,1972271950,1.1227886521752808,65407,0.002842576090103573,0.002842576205793839,0.023905279724752218
1838,1254,0,0,1806092592,3777702462,1971609871,1.1232730369222388,65514,0.000484384451701118,0.0004843847469585062,0.005524940162877561
1839,1254,0,0,1806092592,3776950352,1970857761,1.1238234867834151,65511,0.0005504494793435254,0.0005504498611777719,0.006306543095994724
1840,1254,0,0,1806092592,3775988019,1969895428,1.1245280998397504,65504,0.0007046129765893727,0.000704613056334848,0.007646719641263677
1841,1254,0,0,1806092592,3775477029,1969384438,1.1249023828397675,65519,0.0003742827947452993,0.00037428300001805733,0.004463541174757649
1842,1254,0,0,1806092592,3773193196,1967100605,1.126576401603721,65460,0.0016740180678742555,0.0016740187639530041,0.015304968343409157
1843,1254,0,0,1806092592,3771992573,1965899982,1.1274572216613699,65496,0.000880820004703256,0.0008808200576465656,0.009448391436009687
1844,1254,0,0,1806092592,3770642696,1964550105,1.1284481824354131,65491,0.0009909603271466795,0.0009909607740446705,0.009928704072776715
1845,1254,0,0,1806092592,3769293746,1963201155,1.1294391431267101,65491,0.0009909603271466795,0.0009909606912955604,0.010109357065866886
1846,1254,0,0,1806092592,3766837348,1960744757,1.1312454033328585,65454,0.0018062601543034325,0.0018062602061508937,0.016770862046098206
1847,1254,0,0,1806092592,3764743046,1958650455,1.1327871919168935,65466,0.0015417881020707706,0.0015417885840326951,0.014110441442892894
1848,1254,0,0,1806092592,3761096876,1955004285,1.1354753763627095,65414,0.0026881839772797777,0.0026881844458175068,0.022966434347143995
1849,1254,0,0,1806092592,3760112453,1954019862,1.1362020140895979,65503,0.0007266376781842033,0.0007266377268867147,0.007823735717713961
1850,1254,0,0,1806092592,3757965702,1951873111,1.1377878779906254,65464,0.0015858634107395607,0.0015858639010291047,0.014498395613800485
1851,1254,0,0,1806092592,3757191338,1951098747,1.1383603500237065,65510,0.0005724718275307164,0.0005724720330800397,0.006308729272713119
1852,1254,0,0,1806092592,3749450772,1943358181,1.144095316974834,65276,0.005734966281026274,0.005734966951127799,0.04610897197325993
1853,1254,0,0,1806092592,3747760534,1941667943,1.1453506486284937,65479,0.0012553314127252556,0.001255331653659817,0.012258427607092403
1854,1254,0,0,1806092592,3747138356,1941045765,1.1458130124236838,65515,0.0004623634480924974,0.0004623637951897485,0.00539454427794825
1855,1254,0,0,1806092592,3743465723,1937373132,1.1485453067634808,65412,0.0027322943235718405,0.0027322943397977842,0.023921199900631004
1856,1254,0,0,1806092592,3742578863,1936486272,1.1492058720617422,65506,0.0006605645820851047,0.0006605652982626444,0.007251238948197275
1857,1254,0,0,1806092592,3741840152,1935747561,1.1497563216240572,65511,0.0005504494793435254,0.0005504495623154126,0.00626298302256526
1858,1254,0,0,1806092592,3740274682,1934182091,1.1509235241997864,65483,0.0011672023345903715,0.0011672025757290263,0.011302235204640295
1859,1254,0,0,1806092592,3739389283,1933296692,1.1515840893071854,65506,0.0006605645820851047,0.0006605651073969694,0.00737757119755935
1860,1254,0,0,1806092592,3737294799,1931202208,1.1531479153317648,65465,0.0015638255880888565,0.00156382602457948,0.015256149258764014
1861,1254,0,0,1806092592,3736057151,1929964560,1.1540727905316217,65494,0.0009248751246666447,0.000924875199857127,0.009415009634724107
1862,1254,0,0,1806092592,3734938091,1928845500,1.154909557479261,65498,0.000836766229995985,0.0008367669476410348,0.00911161831126206
1863,1254,0,0,1806092592,3731111950,1925019359,1.157774191638481,65406,0.0028646334550583873,0.0028646341592177688,0.02470712799341815
1864,1254,0,0,1806092592,3730641974,1924549383,1.1581264555378148,65520,0.0003522634716290214,0.00035226389933401905,0.004227909891679893
1865,1254,0,0,1806092592,3726031465,1919938874,1.1615867660990098,65379,0.003460309819433334,0.0034603105611951163,0.030466541209986858
1866,1254,0,0,1806092592,3725006107,1918913516,1.1623574542040096,65501,0.0007706880901105886,0.0007706881050011801,0.008369153451390589
1867,1254,0,0,1806092592,3723952016,1917859425,1.1631501682478138,65500,0.0007927138004626774,0.0007927140438027307,0.008549610330049808
1868,1254,0,0,1806092592,3722869240,1916776649,1.1639649082006862,65499,0.0008147398470877202,0.0008147399528741336,0.008655684340035467
1869,1254,0,0,1806092592,3720412433,1914319842,1.1658152524922052,65452,0.0018503435436362735,0.001850344291519723,0.016432607056734903
1870,1254,0,0,1806092592,3719302445,1913209854,1.1666520189474028,65498,0.000836766229995985,0.0008367664551953051,0.008998614757058912
1871,1254,0,0,1806092592,3717404882,1911312291,1.1680836252243303,65471,0.0014316057211096818,0.001431606276927207,0.013452146025934766
1872,1254,0,0,1806092592,3713584357,1907491766,1.1709703165694556,65405,0.0028866911572534176,0.0028866913451243855,0.023589845825232682
1873,1254,0,0,1806092592,3711546935,1905454344,1.1725121054175283,65466,0.0015417881020707706,0.0015417888480733272,0.014608191557292484
1874,1254,0,0,1806092592,3709569840,1903477249,1.1740098195866544,65468,0.0014977141398913162,0.0014977141691277717,0.013591898450772986
1875,1254,0,0,1806092592,3705590708,1899498117,1.1770288641745879,65399,0.0030190444530456694,0.0030190445879330645,0.025679867554174365
1876,1254,0,0,1806092592,3704721186,1898628595,1.1776894293396722,65506,0.0006605645820851047,0.0006605651650831311,0.00730501737214792
1877,1254,0,0,1806092592,3703620296,1897527705,1.1785261960387068,65498,0.000836766229995985,0.0008367666990364027,0.008701142723113838
1878,1254,0,0,1806092592,3702896446,1896803855,1.1790766459935966,65511,0.0005504494793435254,0.0005504499548879572,0.0061959914526561535
1879,1254,0,0,1806092592,3698352406,1892259815,1.182536955815415,65379,0.003460309819433334,0.0034603098218182323,0.02999383458207245
1880,1254,0,0,1806092592,3697110841,1891018250,1.183483859374693,65493,0.0009469031891450585,0.0009469035592779612,0.009841009213785537
1881,1254,0,0,1806092592,3696591457,1890498866,1.1838801620769352,65518,0.0003963024539395264,0.0003963027022452497,0.004699172121844633
1882,1254,0,0,1806092592,3692264448,1886171857,1.1871860140378452,65386,0.0033058515883184468,0.0033058519609078995,0.02800030156199715
1883,1254,0,0,1806092592,3691401027,1885308436,1.1878465786543302,65506,0.0006605645820851047,0.0006605646164840289,0.007220721370072275
1884,1254,0,0,1806092592,3690653071,1884560480,1.1884190507748222,65510,0.0005724718275307164,0.0005724721204933024,0.0064696175295594835
1885,1254,0,0,1806092592,3688640143,1882547552,1.1899608390617473,65466,0.0015417881020707706,0.0015417882869233283,0.014329744512316172
1886,1254,0,0,1806092592,3686772992,1880680401,1.191392444982501,65471,0.0014316057211096818,0.0014316059207539885,0.013908615818269174
1887,1254,0,0,1806092592,3674433322,1868340731,1.2008895613638444,65106,0.009497115901913423,0.009497116381344557,0.06968972644594337
1888,1254,0,0,1806092592,3673834641,1867742050,1.2013519248433475,65515,0.0004623634480924974,0.0004623634795030295,0.00532199045253682
1889,1254,0,0,1806092592,3672067673,1865975082,1.2027174252662185,65474,0.0013655003314663333,0.0013655004228730475,0.013907371662799406
1890,1254,0,0,1806092592,3668024575,1861931984,1.2058467735134606,65394,0.0031293481422027154,0.00312934824723905,0.028004460936123902
1891,1254,0,0,1806092592,3660012721,1853920130,1.2120680544424154,65254,0.00622128040345171,0.00622128092895534,0.04896311083514251
1892,1254,0,0,1806092592,3658824600,1852732009,1.212992930189639,65494,0.0009248751246666447,0.0009248757472250281,0.009807742826641725
1893,1254,0,0,1806092592,3654159976,1848067385,1.2166297841553622,65371,0.0036368537634717934,0.003636853965721908,0.02848748730426464
1894,1254,0,0,1806092592,3653003805,1846911214,1.2175326322655025,65495,0.0009028473965228007,0.0009028481101396004,0.009591715472752076
1895,1254,0,0,1806092592,3651059272,1844966681,1.219052383706451,65467,0.0015197509526750181,0.0015197514409482653,0.014052094796533196
1896,1254,0,0,1806092592,3649482762,1843390171,1.2202856826461606,65480,0.0012332986384842029,0.001233298939709444,0.011867091587074963
1897,1254,0,0,1806092592,3648779564,1842686973,1.2208361324821446,65511,0.0005504494793435254,0.0005504498359842637,0.0062094281061174
1898,1254,0,0,1806092592,3645967846,1839875255,1.2230391922824069,65436,0.002203059159570524,0.0022030598002628055,0.01891047497778235
1899,1254,0,0,1806092592,3641728631,1835636040,1.2263671086884784,65385,0.003327916037484043,0.003327916406072085,0.02780978284838806
1900,1254,0,0,1806092592,3640776305,1834683714,1.2271157715409977,65502,0.0007486627160211863,0.0007486628525180872,0.00809720405299707
1901,1254,0,0,1806092592,3639068606,1832976015,1.2284592380775372,65475,0.00134346587467908,0.0013434665365422678,0.012615875563826666
1902,1254,0,0,1806092592,3638453288,1832360697,1.228943622626769,65514,0.000484384451701118,0.000484384549229823,0.005524940162877561
1903,1254,0,0,1806092592,3632134417,1826041826,1.233927334978734,65310,0.004983712203274822,0.004983712351966883,0.040628000180448064
1904,1254,0,0,1806092592,3630713394,1824620803,1.2350504751573688,65485,0.001123139814249491,0.0011231401786321066,0.011330909584995972
1905,1254,0,0,1806092592,3630184405,1824091814,1.2354687979426586,65517,0.000418322449221962,0.0004183227852893195,0.004934802732935719
1906,1254,0,0,1806092592,3626510391,1820417800,1.2383775478897796,65404,0.002908749196698977,0.002908749947123999,0.024931545794828765
1907,1254,0,0,1806092592,3625260409,1819167818,1.2393685084511077,65491,0.0009909603271466795,0.0009909605613254717,0.009999849056450325
1908,1254,0,0,1806092592,3624510934,1818418343,1.2399630037197902,65509,0.0005944945118882062,0.0005944952686829184,0.0066806842880328485
1909,1254,0,0,1806092592,3622429919,1816337328,1.2416149829009555,65461,0.0016519788985902288,0.001651979181165117,0.015029155977086314
1910,1254,0,0,1806092592,3620711582,1814618991,1.242980483466507,65474,0.0013655003314663333,0.0013655005655528202,0.013673002938110268
1911,1254,0,0,1806092592,3618828737,1812736146,1.2444781980743294,65468,0.0014977141398913162,0.0014977146078221169,0.014129151570984665
1912,1254,0,0,1806092592,3615730799,1809638208,1.246945850747661,65424,0.0024676524736343256,0.0024676526733307612,0.022117919389308217
1913,1254,0,0,1806092592,3612334413,1806241822,1.249656090379247,65413,0.002710238981841788,0.0027102396315878997,0.02303911799786459
1914,1254,0,0,1806092592,3611728069,1805635478,1.2501404753222758,65514,0.000484384451701118,0.0004843849430269368,0.0054891046595572975
1915,1254,0,0,1806092592,3610846411,1804753820,1.2508450883402382,65504,0.0007046129765893727,0.0007046130179638893,0.007848824018977248
1916,1254,0,0,1806092592,3609579646,1803487055,1.2518580781720523,65490,0.00101298940069043,0.0010129898318145005,0.010593318472640055
1917,1254,0,0,1806092592,3606332400,1800239809,1.2544580460083914,65418,0.0025999673305059927,0.0025999678363397296,0.02219326037341348
1918,1254,0,0,1806092592,3605261090,1799168499,1.2553168391975156,65497,0.0008587929491977406,0.0008587931891242006,0.009207983005891925
1919,1254,0,0,1806092592,3604108058,1798015467,1.2562417146673752,65494,0.0009248751246666447,0.0009248754698563774,0.009365536253287446
1920,1254,0,0,1806092592,3602626538,1796533947,1.2574309494959053,65482,0.0011892340994270377,0.001189234828533119,0.011437891146903138
1921,1254,0,0,1806092592,3601392956,1795300365,1.2584219098517089,65491,0.0009909603271466795,0.0009909603558027466,0.010147578391296812
1922,1254,0,0,1806092592,3599146639,1793054048,1.2602281700180704,65454,0.0018062601543034325,0.0018062601663597173,0.016007488722164773
1923,1254,0,0,1806092592,3592990676,1786898085,1.265189792808357,65311,0.00496162241616682,0.004961622790286858,0.03751124198591086
1924,1254,0,0,1806092592,3592227230,1786134639,1.2658063109653561,65508,0.0006165175324262582,0.0006165181569986448,0.006860838974182371
1925,1254,0,0,1806092592,3590919025,1784826434,1.2668633602648676,65488,0.001057048556915173,0.0010570492995115137,0.01037624020426949
1926,1254,0,0,1806092592,3590074762,1783982171,1.2675459488824359,65505,0.0006825886112264284,0.0006825886175690097,0.007190339640459158
1927,1254,0,0,1806092592,3583922723,1777830132,1.2725296617946995,65310,0.004983712203274822,0.004983712912265434,0.04075438745463761
1928,1254,0,0,1806092592,3582946131,1776853540,1.2733223761967842,65500,0.0007927138004626774,0.0007927144020817573,0.008368467493119043
1929,1254,0,0,1806092592,3578364095,1772271504,1.2770475108173613,65367,0.003725133837594948,0.003725134620579167,0.02824673492412852
1930,1254,0,0,1806092592,3574199516,1768106925,1.2804416226968556,65382,0.0033941114097633825,0.0033941118794950046,0.028488174067995968
1931,1254,0,0,1806092592,3572904515,1766811924,1.281498671915827,65488,0.001057048556915173,0.0010570492189688342,0.01048291652836931
1932,1254,0,0,1806092592,3572014854,1765922263,1.2822253099655434,65503,0.0007266376781842033,0.0007266380497172906,0.007985416951410057
1933,1254,0,0,1806092592,3569778349,1763685758,1.2840536121934676,65453,0.001828301680591821,0.0018283022279263568,0.016421926300214044
1934,1254,0,0,1806092592,3568029087,1761936496,1.285485218666249,65471,0.0014316057211096818,0.0014316064727785786,0.014063629852665686
1935,1254,0,0,1806092592,3565044850,1758952259,1.287930819905764,65425,0.002445601177240512,0.0024456012395164903,0.02168718465098729
1936,1254,0,0,1806092592,3564427541,1758334950,1.288437226456736,65513,0.0005064057914389884,0.0005064065509700051,0.005724733926613502
1937,1254,0,0,1806092592,3562254305,1756161714,1.2902214462180552,65455,0.0017842189647608187,0.001784219761320473,0.01733599719465061
1938,1254,0,0,1806092592,3560110552,1754017961,1.291983625076611,65456,0.0017621781119536897,0.001762178858557091,0.016955657457693327
1939,1254,0,0,1806092592,3549003413,1742910822,1.3011483917823448,65121,0.009164766608617297,0.009164766705732932,0.06060771518595992
1940,1254,0,0,1806092592,3544375933,1738283342,1.3049838838953747,65362,0.0038354915272883166,0.0038354921130278577,0.02938504276624934
1941,1254,0,0,1806092592,3543314969,1737222378,1.305864703938397,65496,0.000880820004703256,0.0008808200430228074,0.009431554841652994
1942,1254,0,0,1806092592,3541963065,1735870474,1.306987844250603,65485,0.001123139814249491,0.0011231403122089034,0.010899794270250479
1943,1254,0,0,1806092592,3539261362,1733168771,1.3092349991732313,65434,0.002247154675456557,0.0022471549226269834,0.019230449713526457
1944,1254,0,0,1806092592,3537542368,1731449777,1.3106666051571274,65471,0.0014316057211096818,0.0014316059838968879,0.014002400763862896
1945,1254,0,0,1806092592,3534398408,1728305817,1.313288626641615,65417,0.0026220209864989156,0.002622021484485255,0.021460930694332192
1946,1254,0,0,1806092592,3529915192,1723822601,1.317035832042734,65366,0.003747204700206792,0.0037472054011189714,0.030357766034265547
1947,1254,0,0,1806092592,3529231302,1723138711,1.3176083042204887,65510,0.0005724718275307164,0.0005724721777554854,0.0064369376368276065
1948,1254,0,0,1806092592,3527890358,1721797767,1.3187314444403277,65485,0.001123139814249491,0.0011231402198389358,0.010948925945070312
1949,1254,0,0,1806092592,3527286089,1721193498,1.3192378505456688,65513,0.0005064057914389884,0.0005064061053398348,0.005724733926613502
1950,1254,0,0,1806092592,3521928369,1715835778,1.323735666371217,65332,0.004497815000237805,0.0044978158255513535,0.037315435391625
1951,1254,0,0,1806092592,3520828742,1714736151,1.3246605421685445,65494,0.0009248751246666447,0.0009248757973263724,0.009498081601026866
1952,1254,0,0,1806092592,3519232689,1713140098,1.326004008354154,65475,0.00134346587467908,0.001343466185609563,0.012477850905221126
1953,1254,0,0,1806092592,3515337762,1709245171,1.329287796619866,65387,0.0032837874765994056,0.0032837882657105206,0.02761223658013613
1954,1254,0,0,1806092592,3514659655,1708567064,1.3298602690388641,65510,0.0005724718275307164,0.0005724724189996953,0.006412376472361713
1955,1254,0,0,1806092592,3513929676,1707837085,1.330476786905809,65508,0.0006165175324262582,0.0006165178669439592,0.006916311874930047
1956,1254,0,0,1806092592,3511349782,1705257191,1.3326577996102351,65437,0.002181011907029251,0.002181012704427535,0.019093810168049275
1957,1254,0,0,1806092592,3509788572,1703695981,1.333979231714821,65476,0.0013214317544216249,0.0013214321045858556,0.013212468263012844
1958,1254,0,0,1806092592,3506669011,1700576420,1.3366233071083649,65416,0.0026440749796186494,0.00264407539354459,0.02199873520807693
1959,1254,0,0,1806092592,3503269726,1697177135,1.3395099986643437,65405,0.0028866911572534176,0.002886691555976382,0.0248664092521191
1960,1254,0,0,1806092592,3497132168,1691039577,1.3447367211129908,65299,0.005226722187078397,0.005226722448646927,0.039869017936627976
1961,1254,0,0,1806092592,3496667710,1690575119,1.3451330236594075,65518,0.0003963024539395264,0.0003963025464180577,0.004699172121844633
1962,1254,0,0,1806092592,3493468989,1687376398,1.3478653188270648,65412,0.0027322943235718405,0.002732295167658246,0.025125443705184908
1963,1254,0,0,1806092592,3492027139,1685934548,1.3490986175087976,65480,0.0012332986384842029,0.0012332986817300941,0.011896085339056929
1964,1254,0,0,1806092592,3491435456,1685342865,1.3496050238551582,65513,0.0005064057914389884,0.000506406346360696,0.005724733926613502
1965,1254,0,0,1806092592,3490972562,1684879971,1.3500013269573259,65518,0.0003963024539395264,0.0003963031021705901,0.004699172121844633
1966,1254,0,0,1806092592,3489172916,1683080325,1.3515431150892994,65466,0.0015417881020707706,0.0015417881319703343,0.014993527325097962
1967,1254,0,0,1806092592,3487709055,1681616464,1.3527984467110983,65479,0.0012553314127252556,0.0012553316217991765,0.011963221932385517
1968,1254,0,0,1806092592,3475649122,1669556531,1.3631822022907052,65066,0.010383755170756225,0.010383755579609277,0.07431720635728056
1969,1254,0,0,1806092592,3472821351,1666728760,1.365627803802301,65425,0.002445601177240512,0.00244560151159537,0.020756437774740313
1970,1254,0,0,1806092592,3471651466,1665558875,1.3666407940013023,65490,0.00101298940069043,0.00101299019900039,0.010572219941421287
1971,1254,0,0,1806092592,3470050358,1663957767,1.3680283291891087,65473,0.0013875351247936642,0.0013875351878070159,0.013087107544432788
1972,1254,0,0,1806092592,3467079730,1660987139,1.3706062434375639,65419,0.002577914011629573,0.0025779142484551576,0.02098973638666916
1973,1254,0,0,1806092592,3465001468,1658908877,1.3724125040302297,65454,0.0018062601543034325,0.0018062605926658227,0.01722922312661644
1974,1254,0,0,1806092592,3461407030,1655314439,1.3755418525479115,65394,0.0031293481422027154,0.0031293485176824825,0.025625714285405696
1975,1254,0,0,1806092592,3456860573,1650767982,1.3795097845393052,65356,0.0039679318989496466,0.003967931991391112,0.03138805733258169
1976,1254,0,0,1806092592,3456054533,1649961942,1.380214398343309,65504,0.0007046129765893727,0.0007046138040063089,0.007699144889725286
1977,1254,0,0,1806092592,3454644653,1648552062,1.3814476973413754,65480,0.0012332986384842029,0.0012332989980645534,0.011834411694343086
1978,1254,0,0,1806092592,3453839695,1647747104,1.3821523111396523,65504,0.0007046129765893727,0.0007046137982781879,0.0074259658831368185
1979,1254,0,0,1806092592,3447755179,1641662588,1.3874895064985608,65294,0.005337194803650028,0.005337195358908281,0.043320321994959464
1980,1254,0,0,1806092592,3445976644,1639884053,1.3890533324358358,65465,0.0015638255880888565,0.0015638259372735305,0.014220473888868716
1981,1254,0,0,1806092592,3445225964,1639133373,1.3897138975939392,65506,0.0006605645820851047,0.0006605651581035138,0.007158893236972544
1982,1254,0,0,1806092592,3442049542,1635956951,1.3925123606900378,65409,0.0027984623718733453,0.0027984630961000382,0.0240804320107012
1983,1254,0,0,1806092592,3440926219,1634833628,1.393503321466028,65491,0.0009909603271466795,0.0009909607759906467,0.009865066836956017
1984,1254,0,0,1806092592,3440202797,1634110206,1.3941418624761575,65507,0.0006385408891551363,0.0006385410101284077,0.007119259233048179
