position,stable_bits,released_bits,pending_underflow,low,high_inclusive,residual_width,residual_information_bits,selected_frequency,selected_information_bits,effective_interval_information_bits,table_entropy_bits
1,2,2,0,2002518016,4118282239,2115764224,1.0214682802906232,8071,3.021468280290624,3.021468280290624,3.421786471434915
2,5,3,0,1470000448,3855658911,2385658464,0.8482596275246514,9237,2.8267913472340265,2.8267913472340265,3.7747046238417297
3,6,1,1,1922285928,3958337091,2036051164,1.076873330611118,13983,2.2286137017398997,2.2286137030864692,1.3170437596448052
4,6,0,3,1246692768,4043529159,2796836392,0.6188512838170404,22506,1.5419779516173742,1.5419779532059223,3.07944193639602
5,11,5,1,1713016904,3497570591,1784553688,1.2670838407342693,5227,3.6482325560401074,3.6482325569172276,3.313358828499422
6,16,5,1,954142080,2166209567,1212067488,1.8251771156086214,1391,5.558093295457761,5.558093274874352,2.1694064364153895
7,22,6,0,1119564320,3278559519,2158995200,0.9922871101308068,3648,4.167109985835259,4.167109994522186,2.8619448282643867
8,22,0,0,1119564320,3260671115,2141106796,1.004290388488819,64993,0.012003277834232613,0.012003278358013143,0.07419323601575305
9,26,4,0,1763259552,3389998895,1626739344,1.4006640426642676,3112,4.396373655013808,4.396373654175445,2.031206420012229
10,29,3,0,758735224,3010792215,2252056992,0.931403808366742,11341,2.5307397639945943,2.530739765702476,3.1764878846911353
11,34,5,1,435566848,3664101695,3228534848,0.4117675467539499,1468,5.480363747156788,5.480363738387209,3.4462967084741707
12,34,0,1,435566848,2330193032,1894626185,1.1807339172722564,38459,0.7689663698319448,0.768966370518306,2.131004413784674
13,34,0,1,435566848,2255952919,1820386072,1.2384026927917695,62968,0.05766877548942421,0.057668775519511356,0.27145500785331894
14,36,2,0,871133696,4217359727,3346226032,0.36011224569675804,60234,0.12170955232248465,0.12170955290498801,0.4691486837717752
15,36,0,0,871133696,3183663040,2312529345,0.8931754730907961,45291,0.5330632268096265,0.5330632273940386,1.4016670368750876
16,41,5,0,1057839360,2515591007,1457751648,1.5589021922733686,1291,5.665726714692809,5.665726719182573,3.070057519968199
17,42,1,0,2115678720,3659868703,1544189984,1.4757968855624277,34711,0.9168946916349232,0.9168946932890608,2.5374964850400814
18,45,3,0,1018499008,4162674903,3144175896,0.44996521684324975,16680,1.9741683316679741,1.974168331280822,2.299609768272419
19,45,0,0,1018499008,2526442619,1507943612,1.5100646644953315,31431,1.060099447197423,1.06009944765208,2.8233159358106787
20,45,0,0,1018499008,2417332075,1398833068,1.6184233395782854,60794,0.10835867502818815,0.10835867508295381,0.5218213759019045
21,45,0,0,1018499008,2416969218,1398470211,1.6187976229113197,65519,0.0003742827947452993,0.0003742833330357577,0.004463541174757649
22,45,0,0,1018499008,2401050352,1382551345,1.6353140859506041,64790,0.016516462644879694,0.01651646303928194,0.114952021205628
23,45,0,0,1018499008,2400649526,1382150519,1.635732409310556,65517,0.000418322449221962,0.0004183233599549105,0.00492328406377429
24,45,0,0,1018499008,2400290996,1381791989,1.6361066931130708,65519,0.0003742827947452993,0.0003742838025131803,0.004463541174757649
25,45,0,0,1018499008,2399784968,1381285961,1.636635121270018,65512,0.0005284274673163702,0.0005284281569493484,0.0060578720056822695
26,45,0,0,1018499008,2399321279,1380822272,1.6371195062185215,65514,0.000484384451701118,0.00048438494850182887,0.005618655211859437
27,45,0,0,1018499008,2398899885,1380400878,1.637559849505358,65516,0.0004403427806028656,0.00044034328683659706,0.005158914338864347
28,45,0,0,1018499008,2398015228,1379516221,1.6384847253365642,65494,0.0009248751246666447,0.0009248758312057401,0.00989483726622136
29,45,0,0,1018499008,2379638798,1361139791,1.6578319047222259,64663,0.019347178487299267,0.019347179385663552,0.13823595819558143
30,45,0,0,1018499008,2379015717,1360516710,1.658492469994993,65506,0.0006605645820851047,0.0006605652727640302,0.007356409973988903
31,45,0,0,1018499008,2378351402,1359852395,1.6591970831839724,65504,0.0007046129765893727,0.0007046131889806301,0.0077918272920865375
32,45,0,0,1018499008,2377977907,1359478900,1.659593386046133,65518,0.0003963024539395264,0.0003963028621601756,0.004687653452683203
33,45,0,0,1018499008,2377480050,1358981043,1.6601218145299512,65512,0.0005284274673163702,0.0005284284838196767,0.006017359584538874
34,45,0,0,1018499008,2377044585,1358545578,1.660584178502031,65515,0.0004623634480924974,0.00046236397207909683,0.00539454427794825
35,45,0,0,1018499008,2376277583,1357778576,1.6613989192681728,65499,0.0008147398470877202,0.0008147407661426964,0.008741829307294032
36,45,0,0,1018499008,2375552451,1357053444,1.6621696073678862,65501,0.0007706880901105886,0.0007706880997138238,0.008512140657153975
37,45,0,0,1018499008,2375241846,1356742839,1.6624998519761043,65521,0.00033024448458043404,0.00033024460821839,0.0039922782726164955
38,45,0,0,1018499008,2374869205,1356370198,1.662896154908406,65518,0.0003963024539395264,0.00039630293230020396,0.004699172121844633
39,45,0,0,1018499008,2374455273,1355956266,1.6633364983967205,65516,0.0004403427806028656,0.0004403434883135245,0.005147395669702917
40,45,0,0,1018499008,2374082848,1355583841,1.6637328013705108,65518,0.0003963024539395264,0.0003963029737930905,0.004699172121844633
41,45,0,0,1018499008,2373214096,1354715089,1.664657676653615,65494,0.0009248751246666447,0.0009248752831017002,0.009637428072402934
42,45,0,0,1018499008,2372821341,1354322334,1.6650759991839301,65517,0.000418322449221962,0.00041832253031538774,0.004934802732935719
43,45,0,0,1018499008,2372470030,1353971023,1.6654502825967974,65519,0.0003742827947452993,0.0003742834128677552,0.004463541174757649
44,45,0,0,1018499008,2372118810,1353619803,1.6658245661482383,65519,0.0003742827947452993,0.00037428355144164657,0.004463541174757649
45,45,0,0,1018499008,2371788336,1353289329,1.6661768300625859,65520,0.0003522634716290214,0.00035226391434814035,0.004227909891679893
46,45,0,0,1018499008,2371292746,1352793739,1.6667052582189612,65512,0.0005284274673163702,0.0005284281563730011,0.006070914500986733
47,45,0,0,1018499008,2332196808,1313697801,1.7090137053159609,63642,0.04230844624068053,0.042308447097002315,0.2744140788084638
48,46,1,1,1926512384,3403540407,1477028024,1.539949947059121,18421,1.8309362389408894,1.830936241743159,2.921747758232732
49,46,0,2,1705541120,3662711431,1957170312,1.133877841971973,43420,0.5939278944974933,0.5939278949128505,1.8368475969525184
50,46,0,2,1705541120,3661994693,1956453574,1.1344062700477906,65512,0.0005284274673163702,0.0005284280758180079,0.0060578720056822695
51,46,0,2,1705541120,3344268017,1638726898,1.3900717038585562,54893,0.2556654331356798,0.255665433810765,0.8692474671926821
52,46,0,2,1705541120,3343692902,1638151783,1.3905781098916918,65513,0.0005064057914389884,0.0005064060331380929,0.005835285569952072
53,46,0,2,1705541120,3340418398,1634877279,1.3934648011912856,65405,0.0028866911572534176,0.0028866912995929275,0.027573117803150356
54,46,0,2,1705541120,3339320763,1633779644,1.3944337328767062,65492,0.0009689315899683129,0.0009689316854190664,0.010430403934910187
55,46,0,2,1705541120,3338099217,1632558098,1.3955128120031013,65487,0.0010790786396167112,0.001079079126397277,0.011040322528898699
56,46,0,2,1705541120,3336529832,1630988713,1.3969003478727515,65473,0.0013875351247936642,0.001387535869650138,0.013879561751173584
57,46,0,2,1705541120,3335360147,1629819028,1.3979353667731687,65489,0.0010350188106098368,0.0010350189004171156,0.01110611248010453
58,46,0,2,1705541120,3241056653,1535515534,1.4839240386420514,61744,0.08598867145874561,0.08598867186888162,0.4713688991219921
59,46,0,2,1705541120,3239158814,1533617695,1.4857082578716465,65455,0.0017842189647608187,0.0017842192295949098,0.016584164008660474
60,46,0,2,1705541120,3238409977,1532868858,1.4864128710692839,65504,0.0007046129765893727,0.0007046131976363504,0.007835143035208943
61,46,0,2,1705541120,3237661505,1532120386,1.4871174848725595,65504,0.0007046129765893727,0.0007046138032768528,0.00781525878856618
62,46,0,2,1705541120,3236960155,1531419036,1.4877780503461686,65506,0.0006605645820851047,0.0006605654736076607,0.007380085800775605
63,46,0,2,1705541120,3236212391,1530671272,1.488482664075672,65504,0.0007046129765893727,0.0007046137295043598,0.007816782614709214
64,46,0,2,1705541120,3234881088,1529339969,1.4897379956453527,65479,0.0012553314127252556,0.001255331569680707,0.012977219713759544
65,46,0,2,1705541120,3230633958,1525092839,1.4937500775755161,65354,0.004012081391444529,0.004012081930164684,0.032016671967362846
66,46,0,2,1705541120,3230284891,1524743772,1.494080322959956,65521,0.00033024448458043404,0.00033024538443845666,0.0039922782726164955
67,46,0,2,1705541120,3229749778,1524208659,1.494586729600801,65513,0.0005064057914389884,0.0005064066408466091,0.005854284478915642
68,46,0,2,1705541120,3229214853,1523673734,1.4950931360516826,65513,0.0005064057914389884,0.0005064064508812976,0.005781730653504212
69,46,0,2,1705541120,3228587118,1523045999,1.4956876312883125,65509,0.0005944945118882062,0.0005944952366298419,0.0067112018661578485
70,46,0,2,1705541120,3227215967,1521674848,1.4969870298086647,65477,0.0012993979706836883,0.00129939852035011,0.013570771545772423
71,46,0,2,1705541120,3226681931,1521140812,1.4974934364943486,65513,0.0005064057914389884,0.0005064066856858104,0.005854284478915642
72,46,0,2,1705541120,3226287347,1520746228,1.497867720204244,65519,0.0003742827947452993,0.00037428370989539355,0.004463541174757649
73,46,0,2,1705541120,3225800047,1520258928,1.4983300839710765,65515,0.0004623634480924974,0.00046236376683241954,0.00539454427794825
74,46,0,2,1705541120,3225173719,1519632600,1.4989245790733072,65509,0.0005944945118882062,0.0005944951022318937,0.006734239204480708
75,46,0,2,1705541120,3224431710,1518890591,1.4996291928995547,65504,0.0007046129765893727,0.0007046138262462252,0.007871861357300107
76,46,0,3,1263598592,4061503709,2797905118,0.6183001070678493,60361,0.11867091327564512,0.1186709141682955,0.64941219632702
77,46,0,4,379713536,3586443411,3206729876,0.4215443148311664,37556,0.8032442072849724,0.8032442077633165,2.3040783490251475
78,46,0,4,379713536,3217798652,2838085117,0.5977292881049294,58002,0.17618497296318883,0.17618497327376154,0.8231427455924665
79,46,0,4,379713536,3217062454,2837348919,0.5981035710947182,65519,0.0003742827947452993,0.0003742829897881442,0.004463541174757649
80,46,0,4,379713536,3156969675,2777256140,0.6289869062474338,64148,0.030883334637720847,0.030883335152718152,0.182077438808495
81,46,0,4,379713536,3156164501,2776450966,0.6294052288283041,65517,0.000418322449221962,0.0004183225808708249,0.004934802732935719
82,46,0,4,379713536,3154978273,2775264738,0.6300217464492555,65508,0.0006165175324262582,0.0006165176209489659,0.007020907104609511
83,46,0,4,379713536,3153834899,2774121364,0.6306162410447662,65509,0.0005944945118882062,0.0005944945955115878,0.006730200775121419
84,46,0,4,379713536,3152734325,2773020790,0.6311887133660754,65510,0.0005724718275307164,0.0005724723213088061,0.006488616438523054
85,46,0,4,379713536,3151507249,2771793714,0.6318272546509505,65507,0.0006385408891551363,0.0006385412848766962,0.007015612033399586
86,46,0,4,379713536,3149138772,2769425237,0.6330605537718377,65480,0.0012332986384842029,0.0012332991208847631,0.012795314362851468
87,46,0,4,379713536,3128685863,2748972328,0.6437547617012882,65052,0.010694207693088046,0.010694207929452292,0.08237550606038982
88,46,0,4,379713536,3127427483,2747713948,0.644415326458347,65506,0.0006605645820851047,0.0006605647570599558,0.007307531975364175
89,46,0,4,379713536,3126379313,2746665778,0.6449657761013512,65511,0.0005504494793435254,0.000550449643004308,0.0063140233357968645
90,46,0,4,379713536,3125583007,2745869472,0.6453840990334747,65517,0.000418322449221962,0.00041832293212105975,0.00492328406377429
91,46,0,4,379713536,3124535540,2744822005,0.645934548998131,65511,0.0005504494793435254,0.0005504499646565284,0.006295024426833294
92,46,0,4,379713536,3123656004,2743942469,0.6463969125199611,65515,0.0004623634480924974,0.0004623635218290512,0.00538302560878682
93,46,0,4,379713536,3122064972,2742351437,0.6472336792262183,65498,0.000836766229995985,0.00083676670625791,0.009060225709421076
94,46,0,4,379713536,3119345049,2739631514,0.6486652851909831,65471,0.0014316057211096818,0.0014316059647643473,0.013408794852364616
95,46,0,4,379713536,3118717997,2739004462,0.6489955297331242,65521,0.00033024448458043404,0.0003302445421425254,0.0039922782726164955
96,46,0,4,379713536,3117923913,2738210378,0.6494138522164832,65517,0.000418322449221962,0.0004183224833576407,0.004934802732935719
97,46,0,4,379713536,3116879368,2737165833,0.6499643020309591,65511,0.0005504494793435254,0.0005504498144764223,0.006201309377851417
98,46,0,4,379713536,3115918753,2736205218,0.6504707082285357,65513,0.0005064057914389884,0.0005064061975772316,0.005835285569952072
99,46,0,4,379713536,3112787414,2733073879,0.6521226874602135,65461,0.0016519788985902288,0.0016519792316796165,0.016733222901128803
100,46,0,4,379713536,3111953346,2732239811,0.6525630302639271,65516,0.0004403427806028656,0.00044034280371046665,0.005158914338864347
101,46,0,4,379713536,3111119532,2731405997,0.6530033733514671,65516,0.0004403427806028656,0.00044034308754106803,0.005128396760739348
102,46,0,4,379713536,3110285973,2730572438,0.6534437161537063,65516,0.0004403427806028656,0.00044034280224124726,0.005170433008025777
103,46,0,4,379713536,3109202677,2729489142,0.6540161880075956,65510,0.0005724718275307164,0.0005724718538877543,0.0065306526858094835
104,46,0,4,379713536,3107994864,2728281329,0.6546547292812264,65507,0.0006385408891551363,0.0006385412736304156,0.007201455612868626
105,46,0,4,379713536,3003336366,2623622831,0.7110868113307838,63022,0.05643208151405333,0.05643208204955845,0.34769093664556544
106,56,10,1,88021888,3300935039,3212913152,0.41876516205231695,627,6.707678367197961,6.707678350721534,2.1814682723169225
107,56,0,1,88021888,2836960886,2748938999,0.6437722532831494,56072,0.2250070910668245,0.2250070912308304,0.9786726072877644
108,61,5,1,731431744,2774344415,2042912672,1.07201961123544,1522,5.428247356496454,5.4282473579522925,3.414836909833183
109,61,0,1,731431744,2754955198,2023523455,1.0857775743891196,64914,0.013757962682316379,0.013757963153678906,0.09917350377253921
110,65,4,0,444350592,3574488431,3130137840,0.45642095636197766,12672,2.3706433799203905,2.3706433819728563,2.2597287898165517
111,65,0,0,2094531597,3521759058,1427227462,1.5894318657563637,29882,1.1330109096219227,1.1330109093943856,1.1471904674940983
112,66,1,2,1041699648,4081352663,3039653016,0.49874050019583294,17447,1.9093086331392342,1.90930863443947,1.844648338561447
113,66,0,2,1041699648,3764521154,2722821507,0.6575447355770336,58705,0.15880423520714756,0.15880423538119962,0.7691045041113183
114,66,0,2,1041699648,3255861734,2214162087,0.9558863080172557,53293,0.2983415720532814,0.2983415724402242,1.0688456146121195
115,66,0,2,1041699648,2938177314,1896477667,1.1793247635184514,56133,0.22343845497816156,0.22343845550119365,0.8168880051542217
116,66,0,2,1041699648,2889937746,1848238099,1.2164965223119069,63869,0.03717175810788961,0.03717175879345671,0.21537354791983146
117,66,0,2,1041699648,2639589699,1597890052,1.4264790036373753,56659,0.20998248127905375,0.2099824813254677,0.7982795891870731
118,66,0,2,1041699648,2447996986,1406297339,1.6107454846415479,57678,0.18426648083899674,0.1842664810041748,0.756493556337309
119,66,0,2,1041699648,2436902996,1395203349,1.622171737784619,65019,0.011426253074008096,0.011426253143069233,0.07073749143264968
120,69,3,0,2083399296,3689790649,1606391354,1.4188237365370249,37728,0.7966519970202374,0.7966519987524064,1.173349615271319
121,69,0,0,2083399296,3688442511,1605043216,1.4200350033891986,65481,0.001211266200721556,0.001211266852174751,0.012379257291159072
122,69,0,0,2083399296,3687854726,1604455431,1.4205634314132354,65512,0.0005284274673163702,0.0005284280240355164,0.0059961983609684265
123,69,0,1,2019314944,3619216713,1599901770,1.4246638160787768,32675,1.0041003844298422,1.0041003846655416,1.0447803173972816
124,69,0,2,1891146240,3257810375,1366664136,1.6519884084556118,27991,1.2273245912292587,1.227324592376834,2.5408063547111444
125,69,0,3,1634808832,3820395399,2185586568,0.9746266236435837,52403,0.3226382140078283,0.3226382151879739,0.7486670238832674
126,77,8,0,383387648,2377948831,1994561184,1.1065757666350358,1869,5.131949146254842,5.13194914299145,3.6336133407263818
127,81,4,1,43296192,2153752287,2110456096,1.0250923289152034,2167,4.918516561906326,4.918516562280167,2.4471986338166154
128,83,2,0,86592384,3712972707,3626380324,0.24411690742500625,56305,0.2190245781644199,0.21902457850980445,0.8765524956554208
129,83,0,0,86592384,3488149964,3401557581,0.3364516349958997,61473,0.09233472738427694,0.09233472757089427,0.3915311198955383
130,83,0,0,86592384,2236441549,2149849166,0.9984117025233381,41420,0.6619600668921258,0.6619600675274369,1.1724953854342184
131,83,0,0,86592384,2198027953,2111435570,1.0244229217301672,64365,0.026011218643095857,0.02601121920682839,0.1423839757878627
132,83,0,0,86592384,2183078824,2096486441,1.034673646411509,65072,0.010250724537867028,0.010250724681343394,0.06634169655788864
133,84,1,0,173184768,3965452857,3792268090,0.17958618851755048,59273,0.14491254159203842,0.14491254210604,0.6948862655043022
134,84,0,0,2004856736,3401785811,1396929076,1.6203883710076248,24141,1.440802181923487,1.4408021824900752,1.5060000245530991
135,85,1,2,839715960,2765097575,1925381616,1.1575027256886408,11291,2.537114354786753,2.5371143546810164,1.2171911081905211
136,93,8,0,1191276416,4261733631,3070457216,0.484193645420973,1633,5.326690924438305,5.32669091973233,1.074341245988375
137,93,0,0,1191276416,4251941676,3060665261,0.488801877268628,65327,0.004608231813591129,0.0046082318476548005,0.03804719308612566
138,93,0,0,1191276416,3946883914,2755607499,0.6402767367714333,59004,0.1514748594582288,0.1514748595028058,0.48228408466799594
139,93,0,0,1191276416,3802872139,2611595724,0.717715561580178,62111,0.07743882478914849,0.07743882480874649,0.3001816498087383
140,93,0,0,1191276416,3720701875,2529425460,0.7638374212282564,63474,0.046121859312000184,0.046121859648078106,0.25432719908393825
141,94,1,1,870289672,3657844975,2787555304,0.623646718195122,18056,1.8598092968081639,1.8598092969668651,1.1310707159482707
142,94,0,1,870289672,3651294628,2781004957,0.6270408297962575,65382,0.0033941114097633825,0.0033941116011348945,0.02898135981372207
143,94,0,1,870289672,2395395233,1525105562,1.493738042024649,35940,0.8666972116026959,0.8666972122283922,2.189416541105956
144,94,0,1,870289672,2394604010,1524314339,1.4944867047611794,65502,0.0007486627160211863,0.0007486627365284695,0.00802209375482198
145,96,2,0,1740579344,4282529805,2541950462,0.7567112309042763,54644,0.2622245261171167,0.2622245261430973,1.000096011015715
146,96,0,0,1740579344,4146813791,2406234448,0.8358699297305918,62037,0.07915869857961365,0.07915869882631596,0.38295586596476217
147,97,1,1,1317586252,3924585011,2606998760,0.7202572493475117,17751,1.8843873195288299,1.884387319616919,1.6074745881794061
148,102,5,0,1156126432,4131007343,2974880912,0.5298152292253633,4674,3.8095579812171745,3.8095579798778543,3.120881972975836
149,102,0,0,1156126432,3621969340,2465842909,0.8005662528527075,54322,0.27075102347164837,0.27075102362734377,1.0523342298151956
150,102,0,0,1156126432,3620765315,2464638884,0.8012708659124712,65504,0.0007046129765893727,0.0007046130597627466,0.007902378935425107
151,104,2,0,329538432,3754219143,3424680712,0.32667765624317013,22766,1.5254067891033165,1.525406790330701,2.685586972411372
152,107,3,0,924035824,3054428031,2130392208,1.011528089061322,5096,3.6848504377436995,3.68485043281815,2.410628048846546
153,107,0,0,924035824,2986422957,2062387134,1.0583319772850786,63444,0.046803887897901866,0.04680388822375572,0.2314468162496007
154,107,0,0,924035824,2936260525,2012224702,1.0938557283651988,63942,0.035523750511720215,0.03552375108011992,0.1701354343837129
155,107,0,0,924035824,2387363109,1463327286,1.5533946690306415,47659,0.4595389398031133,0.45953894066544526,1.0224190292198074
156,108,1,0,1848071648,3695540207,1847468560,1.2170973330458494,41370,0.6637026628775011,0.6637026640152068,1.6574439361961697
157,108,0,1,1548659648,3614319835,2065660188,1.0560442032381516,36638,0.8389468688943611,0.8389468701923009,1.2626407374168005
158,108,0,2,949835648,2590045987,1640210340,1.3887663085993474,26019,1.3327221050806382,1.3327221053611973,2.253485432977431
159,108,0,4,635910780,3806510247,3170599468,0.4378915082526227,31671,1.049125199808023,1.049125199653275,1.1236675824479738
160,113,5,0,1271821560,3532499231,2260677672,0.9258918390888127,23364,1.4880003305585492,1.48800033083619,2.899784310132105
161,113,0,2,1039906280,3026416071,1986509792,1.1124112411681324,14397,2.18651940156265,2.18651940207932,2.7838871993752288
162,113,0,2,1039906280,3010047734,1970141455,1.1243479279561726,64996,0.011936686274586253,0.01193668678804039,0.08193652370641312
163,116,3,0,2079812560,3536555641,1456743082,1.559900686598791,24229,1.4355527585755525,1.435552758642618,2.851576810838368
164,118,2,1,1415884040,3736679199,2320795160,0.8880279540911822,13051,2.3281272665467285,2.32812726749239,2.9286377275514286
165,120,2,1,495516360,2400710143,1905193784,1.172709399215229,13450,2.284681447668651,2.284681445124048,1.4166035525648322
166,122,2,0,991032720,2960357017,1969324298,1.1249464397556679,33871,0.9522370391766805,0.9522370405404381,1.4684806002393127
167,122,0,0,991032720,2952333799,1961301080,1.1308361248736212,65269,0.005889684811738314,0.005889685117953348,0.044561442452644984
168,123,1,0,1982065440,4212291255,2230225816,0.9454573519535465,37261,0.8146212270169099,0.8146212270799242,1.215050132846028
169,123,0,0,1982065440,3827473848,1845408409,1.2187070102511655,54228,0.27324965760784037,0.2732496582976197,0.7697971878637258
170,124,1,1,791327232,3987452051,3196124820,0.42632339429395927,28376,1.2076163850648114,1.2076163840427947,1.3424187202050166
171,124,0,1,791327232,3173204919,2381877688,0.8505478148631163,48840,0.4242244201252344,0.4242244205691556,1.340279585123473
172,124,0,1,791327232,2725984994,1934657763,1.1505687668746738,53231,0.30002095139756807,0.30002095201155954,1.276788767531922
173,124,0,1,791327232,2724007118,1932679887,1.1520444446684053,65469,0.0014756776637093812,0.001475677793729558,0.015072861766644803
174,128,4,0,852993264,3873513359,3020520096,0.5078501609280615,12803,2.3558057181936793,2.3558057162596575,1.113239913567076
175,128,0,0,852993264,3506180211,2653186948,0.6949208121545531,57566,0.18707065104222892,0.1870706512264911,0.775166867779917
176,130,2,0,1527068100,3506594299,1979526200,1.1174919837430117,12224,2.4225711719642513,2.4225711715884595,1.4325134544246503
177,130,0,0,1527068100,3285129972,1758061873,1.2886613006180454,58204,0.17116931642585664,0.17116931687503212,0.6837186586046361
178,130,0,1,906652552,2696529935,1789877384,1.2627863873254341,33361,0.9741250860619131,0.9741250867073915,1.5484676213837776
179,130,0,1,906652552,2649363213,1742710662,1.3013140838065809,63809,0.03852769583914051,0.0385276964811451,0.1875674793263909
180,135,5,0,1449499872,3414729503,1965229632,1.127949248495888,4619,3.826635169150963,3.8266351646893084,1.4589611204193904
181,135,0,2,1877337348,4008095351,2130758004,1.0112803944013287,17764,1.8833311440328873,1.8833311459054385,2.5022295208575978
182,135,0,3,1607191048,4151381649,2544190602,0.7554403895975916,39126,0.7441599948818645,0.7441599951962641,1.6267654521024542
183,135,0,3,1607191048,3946871210,2339680163,0.8763358208166743,60268,0.12089543085243606,0.12089543121908153,0.409555768924961
184,135,0,3,1607191048,3739664427,2132473380,1.010119413746466,59732,0.13378359226254694,0.13378359292979208,0.6625750019784301
185,135,0,3,1607191048,3439427429,1832236382,1.2290415044021508,56309,0.21892209037132165,0.21892209065568566,0.7852606056208807
186,135,0,3,1607191048,3362711476,1755520429,1.2907483610479886,62792,0.061706855848310406,0.061706856645838255,0.3029503303663438
187,135,0,4,1066898448,3376322859,2309424412,0.8951138187994481,43107,0.604365457742174,0.6043654577514582,1.5967946122372298
188,135,0,4,1066898448,3354686100,2287787653,0.9086939952002488,64922,0.0135801759306956,0.013580176400802758,0.08102648525133678
189,135,0,5,2037698038,3820912895,1783214858,1.2681666035129382,25541,1.359472608847745,1.3594726083126882,1.7802789855251373
190,142,7,0,1840486172,4084959851,2244473680,0.9362699675397934,20622,1.6681033629065467,1.6681033640268548,1.959071672491941
191,144,2,1,720037304,2183657711,1463620408,1.5531057088568367,5342,3.6168357393648902,3.616835741317044,2.0336538530321833
192,148,4,0,44492304,4181292463,4136800160,0.054131880280340994,23154,1.5010261707375894,1.5010261714235034,1.1355702500264062
193,148,0,0,44492304,3272390706,3227898403,0.4120519750172278,51137,0.35792009444423417,0.35792009473688763,1.166809143579541
194,148,0,0,44492304,2928451275,2883958972,0.5745965054686941,58553,0.16254453043721676,0.1625445304514679,0.5296951941740016
195,150,2,3,280136160,2958500383,2678364224,0.6812949835484226,1902,5.106698469139436,5.1066984780797275,2.8913299989348404
196,154,4,0,560272320,3268307141,2708034822,0.665400855696209,33131,0.9841058712040323,0.9841058721477838,1.3835531107784826
197,154,0,0,560272320,3264422935,2704150616,0.667471636810518,65442,0.002070780697928415,0.0020707811143108627,0.019271382539473962
198,154,0,0,560272320,3239789482,2679517163,0.6806740891003109,64939,0.013202451812827821,0.01320245228979137,0.08144028920807984
199,155,1,0,1120544640,4180712203,3060167564,0.48903649403267835,37423,0.8083624041583738,0.8083624049323676,1.1371081235090625
200,156,1,0,1336699484,4030689161,2693989678,0.6729028228774965,28847,1.1838663296618965,1.1838663288448177,1.0473106943409598
201,156,0,2,1387211012,3288164055,1900953044,1.1759242500214917,11561,2.5030214274005242,2.5030214271439957,3.2570552327772897
202,156,0,2,1387211012,3287264861,1900053850,1.1766068390222344,65505,0.0006825886112264284,0.0006825890007434435,0.007516082786422265
203,156,0,3,626938376,3652423901,3025485526,0.5054804632151075,52177,0.3288736239675767,0.32887362419287436,1.3837662358345897
204,156,0,3,626938376,3651085108,3024146733,0.5061190045249653,65507,0.0006385408891551363,0.0006385413098570181,0.007047343896100592
205,156,0,3,626938376,3631750429,3004812054,0.5153723904323293,65117,0.00925338560100616,0.00925338590736484,0.06803960826262181
206,156,0,3,626938376,3423225569,2796287194,0.6191346050136595,60988,0.10376221455481666,0.10376221458133124,0.5714709281941504
207,161,5,1,1376649744,3582071079,2205421336,0.9615928433875744,6461,3.342458240296622,3.342458238373913,2.2634591844821688
208,167,6,2,785677440,4197188479,3411511040,0.3322362609980658,792,6.3706433799203905,6.370643417610491,1.6298542721236569
209,167,0,2,785677440,3982667650,3196990211,0.42593281933771365,61415,0.09369655797123096,0.09369655833964781,0.3670046983964991
210,167,0,2,785677440,2867067535,2081390096,1.0450997643993496,42667,0.6191669450480896,0.6191669450616379,1.6414813266133468
211,167,0,2,785677440,2399694844,1614017405,1.4119910097947006,50820,0.36689124505928283,0.3668912453953509,1.429984895130897
212,167,0,2,785677440,2397650724,1611973285,1.4138193115258915,65453,0.001828301680591821,0.0018283017311888328,0.016659831888961685
213,167,0,5,1421334704,3439646463,2018311760,1.0894981074134833,10257,2.675678791845449,2.675678795887593,1.0879756476941775
214,167,0,7,1559437716,3240953555,1681515840,1.3528847767943155,13650,2.2633866693054228,2.2633866693808304,2.8192168433748916
215,167,0,7,1559437716,3240440397,1681002682,1.3533251196520233,65516,0.0004403427806028656,0.00044034285770996824,0.005115354265434883
216,167,0,8,971391784,4253215041,3281823258,0.3881496011514116,63973,0.03482448072876845,0.034824481499386155,0.2164425219823209
217,167,0,8,971391784,2990131727,2018739944,1.08919207272233,40313,0.7010424712462854,0.7010424715709187,1.7911890282486964
218,167,0,8,971391784,2984371467,2012979684,1.0933145340825305,65349,0.004122461033961742,0.004122461360202037,0.034394726758249866
219,167,0,8,971391784,2981576344,2010184561,1.0953191804225852,65445,0.0020046460149816775,0.0020046463400548455,0.01764182294375339
220,167,0,8,971391784,2927162473,1955770690,1.1349099187672032,63762,0.03959073790966898,0.03959073834461588,0.24259256964330717
221,167,0,8,971391784,2924178203,1952786420,1.1371129784872664,65436,0.002203059159570524,0.002203059720064541,0.018690419869542556
222,167,0,8,971391784,2923582259,1952190476,1.1375533219172134,65516,0.0004403427806028656,0.000440343429945939,0.005139915429900777
223,167,0,8,971391784,2739909064,1768517281,1.2801068296657796,59370,0.1425535073439694,0.14255350774856596,0.47720721452883436
224,167,0,8,971391784,2439534218,1468142435,1.5486552048763542,54405,0.2685483744212017,0.26854837521057695,0.8604150330177933
225,176,9,0,1942783568,3589470545,1646686978,1.3830808096542029,36753,0.8344256042845215,0.8344256047778468,1.0022504904450695
226,176,0,1,1738083488,3456280339,1718196852,1.3217518120199436,34191,0.9386710018926653,0.9386710023657407,1.5312348992548286
227,176,0,1,1738083488,3455624898,1717541411,1.3223022622692824,65511,0.0005504494793435254,0.0005504502493394377,0.006276025517869724
228,176,0,1,1738083488,3309989253,1571905766,1.4501324137858305,59979,0.12783015137940074,0.12783015151654695,0.49442787509117136
229,176,0,2,1328683328,4130991039,2802307712,0.616031764048703,58417,0.16589934986057264,0.16589935026287303,0.6380735901929062
230,176,0,2,1328683328,4129922043,2801238716,0.6165822137563843,65511,0.0005504494793435254,0.0005504497076826167,0.0061959914526561535
231,176,0,2,1328683328,4128596994,2799913667,0.6172648024546312,65505,0.0006825886112264284,0.0006825886982463866,0.007498321503747265
232,176,0,2,1328683328,3913100708,2584417381,0.7328080632602969,60492,0.1155432602694797,0.1155432608056637,0.4997896404815582
233,176,0,2,1328683328,3911128954,2582445627,0.733909172328346,65486,0.001101109058724726,0.0011011090680504484,0.010756187465259056
234,176,0,3,509883008,2956460217,2446577210,0.8118823334138732,31044,1.0779731605941028,1.0779731610855259,2.3410399714285473
235,176,0,3,509883008,2932082547,2422199540,0.8263294273437616,64883,0.01444709335741565,0.014447093929890341,0.08429458934082272
236,185,9,0,1206792320,3586414143,2379621824,0.8519148313002773,1006,6.025585410194473,6.025585403956516,0.7164118136210754
237,185,0,0,1206792320,3563429819,2356637500,0.8659172869473579,64903,0.014002455244735165,0.01400245564707857,0.0841280871386857
238,189,4,0,1713049680,3879821375,2166771696,0.9870999955357114,3766,4.121182715385772,4.121182708588354,1.7476736740149823
239,189,0,0,1713049680,3878829505,2165779826,0.9877605605390087,65506,0.0006605645820851047,0.0006605650032964171,0.007399084709739176
240,189,0,0,1713049680,3872980154,2159930475,0.9916622711189795,65359,0.003901710193354622,0.0039017105799739513,0.034009904299034506
241,189,0,0,1713049680,3872090290,2159040611,0.9922567656744974,65509,0.0005944945118882062,0.0005944945555173089,0.0065876077275148145
242,189,0,0,1713049680,3655547108,1942497429,1.1447344568641036,58963,0.15247769074253933,0.1524776911896039,0.6465474127187079
243,189,0,0,1713049680,3379804713,1666755034,1.3656050616071411,56233,0.22087060452203602,0.2208706047430382,0.5980914430854334
244,189,0,0,1713049680,3379118031,1666068352,1.3661995561934717,65509,0.0005944945118882062,0.0005944945863303086,0.0065876077275148145
245,191,2,0,1877909044,3725085043,1847176000,1.2173258123245425,18165,1.8511262546971528,1.8511262561310702,1.9197354980402246
246,191,0,0,1877909044,3642726518,1764817475,1.2831281645167856,62614,0.06580235191283346,0.06580235219224405,0.2658721423703325
247,191,0,0,1877909044,3641568571,1763659528,1.2840750684943742,65493,0.0009469031891450585,0.0009469039775877321,0.009424340332157343
248,191,0,0,1877909044,3625906189,1747997146,1.2969443166986885,64954,0.0128692479341041,0.01286924820431484,0.07618756479962867
249,191,0,0,1877909044,3618464611,1740555568,1.303099272544891,65257,0.006154955187593595,0.00615495584620258,0.04258268167922427
250,191,0,0,1877909044,3618013111,1740104068,1.3034735560903883,65519,0.0003742827947452993,0.00037428354549678733,0.004463541174757649
251,191,0,0,1877909044,3302417454,1424508411,1.5921830059439976,53650,0.2887094494687534,0.28870944985360975,0.7757002832784685
252,191,0,0,1877909044,3238991008,1361081965,1.6578931967777066,62618,0.06571019048180116,0.06571019083370926,0.2706411544857407
253,191,0,0,1877909044,3238658712,1360749669,1.6582454608837587,65520,0.0003522634716290214,0.00035226410605306805,0.004227909891679893
254,191,0,0,1877909044,3235627256,1357718213,1.66146305884007,65390,0.0032175971660184,0.0032175979563117264,0.025061014994597522
255,191,0,0,1877909044,3234860721,1356951678,1.6622777997234657,65499,0.0008147398470877202,0.0008147408833945601,0.008436982472940847
256,191,0,1,1608334440,4046814039,2438479600,0.8166652429866623,58885,0.15438744278960723,0.15438744326319864,0.4883743609867229
257,194,3,0,963592768,2868803787,1905211020,1.172696347430442,12801,2.3560311040777324,2.356031104443779,1.0830027869329137
258,194,0,0,963592768,2868367718,1904774951,1.1730265925239003,65521,0.00033024448458043404,0.00033024509345764365,0.0039922782726164955
259,194,0,0,963592768,2863746453,1900153686,1.1765310363715784,65377,0.0035044437801235195,0.0035044438476772577,0.026630377500210963
260,194,0,0,963592768,2598943846,1635351079,1.3930467576540622,56403,0.21651572076942321,0.21651572128248311,0.6757607426226442
261,194,0,0,963592768,2168621132,1205028365,1.8335800397550166,48291,0.44053328160133504,0.44053328210095394,1.6517738762814353
262,195,1,0,1927185536,4083865633,2156680098,0.9938349496990355,58646,0.16025490907587256,0.1602549099440198,0.5488784611692731
263,195,0,0,1927185536,3506291591,1579106056,1.4435390772050596,47985,0.44970412727580766,0.4497041275060237,1.2185587565831872
264,195,0,0,1927185536,3503231494,1576045959,1.4463375402457075,65409,0.0027984623718733453,0.0027984630406481014,0.022039251747573048
265,195,0,0,1927185536,3456793738,1529608203,1.489484980660574,63605,0.04314743997754335,0.0431474404148663,0.2838244762092492
266,195,0,0,1927185536,3392142024,1464956489,1.5517893305376376,62766,0.06230434978098313,0.0623043498770652,0.25720496272992704
267,195,0,0,1927185536,3391806722,1464621187,1.552119575090412,65521,0.00033024448458043404,0.00033024455277312685,0.0039922782726164955
268,195,0,0,1927185536,3349702438,1422516903,1.5942013506141173,63652,0.04208177490599754,0.04208177552370683,0.21253265640394806
269,195,0,3,385098752,3970563711,3585464960,0.2604869275076922,20648,1.66628557390603,1.6662855768935727,2.6336149070758785
270,195,0,3,385098752,3967937638,3582838887,0.2615439760771885,65488,0.001057048556915173,0.0010570485694984789,0.010699189314360803
271,195,0,3,385098752,3967117591,3582018840,0.26187422066555044,65521,0.00033024448458043404,0.0003302445883617306,0.0039922782726164955
272,195,0,3,385098752,3915739757,3530641006,0.2827170100460741,64596,0.020842789259413186,0.020842789380523103,0.14312455232535223
273,195,0,3,385098752,3786605441,3401506690,0.33647321944384956,63139,0.05375620912600011,0.053756209397775825,0.23207117174239686
274,195,0,3,385098752,2726904481,2341805730,0.8750257473695733,45119,0.5385525276923112,0.5385525279257217,1.7252654046218792
275,200,5,1,1198324688,3667912055,2469587368,0.7983771373497355,8639,2.923351391205723,2.9233513899801618,3.1664153900334777
276,200,0,1,1198324688,3317121820,2118797133,1.0194016844130012,56227,0.22102454672821684,0.2210245470632656,0.9698431521544987
277,200,0,1,1198324688,3316475214,2118150527,1.0198420274862272,65516,0.0004403427806028656,0.00044034307322603217,0.005139915429900777
278,200,0,1,1198324688,3229371703,2031047016,1.080423509548087,62841,0.060581481773217,0.0605814820618607,0.3054284509572962
279,200,0,1,1198324688,3228689894,2030365207,1.0809078940027348,65514,0.000484384451701118,0.00048438445465022136,0.005618655211859437
280,200,0,1,1198324688,3227853409,2029528722,1.0815023887355828,65509,0.0005944945118882062,0.0005944947328471671,0.006747281699785172
281,200,0,1,1198324688,3226955332,2028630645,1.082140930073276,65507,0.0006385408891551363,0.000638541337693017,0.007182456703905056
282,200,0,1,1198324688,3225686199,2027361512,1.0830437779458606,65495,0.0009028473965228007,0.0009028478725850455,0.009450049632372066
283,200,0,1,1198324688,3225036562,2026711875,1.0835061415968532,65515,0.0004623634480924974,0.0004623636509912717,0.00536402669982325
284,200,0,2,249165728,4292136769,4042971042,0.08723127574882739,65367,0.003725133837594948,0.003725134151975458,0.03339902387750145
285,200,0,2,249165728,3662088196,3412922469,0.3316395047558913,55323,0.24440822882528482,0.24440822900706222,0.8144174354427813
286,200,0,2,249165728,3655370254,3406204527,0.3344820811588676,65407,0.002842576090103573,0.0028425764029764685,0.025414682587334026
287,200,0,2,249165728,3651732035,3402566308,0.3360238692835438,65466,0.0015417881020707706,0.0015417881246760291,0.01554997716693587
288,200,0,2,249165728,3648824568,3399658841,0.33725716820735485,65480,0.0012332986384842029,0.0012332989238113485,0.012595813865480074
289,200,0,2,249165728,3645348964,3396183237,0.338732846139397,65469,0.0014756776637093812,0.0014756779320413116,0.01469161744664355
290,200,0,2,249165728,3640788659,3391622932,0.3406713606563123,65448,0.0019385143635805371,0.0019385145169151829,0.01835320033234335
291,200,0,2,249165728,3637114262,3387948535,0.3422351865928057,65465,0.0015638255880888565,0.0015638259364940932,0.015455585151328647
292,200,0,2,249165728,3625999623,3376833896,0.34697593004139193,65321,0.004740743145588853,0.004740743448588161,0.036217131128199784
293,200,0,2,249165728,3625226727,3376061000,0.3473061745508552,65521,0.00033024448458043404,0.00033024450946281817,0.0039922782726164955
294,200,0,2,249165728,3623681288,3374515561,0.3479667395263384,65506,0.0006605645820851047,0.0006605649754805046,0.00738908986672078
295,200,0,2,249165728,3620900772,3371735045,0.3491559739932235,65482,0.0011892340994270377,0.0011892344668875013,0.011763251018010184
296,200,0,2,249165728,3618019650,3368853923,0.3503892729510625,65480,0.0012332986384842029,0.0012332989578383898,0.012511011086409164
297,200,0,2,249165728,3614524135,3365358408,0.35188698711892386,65468,0.0014977141398913162,0.0014977141678619058,0.015180712192975857
298,200,0,2,249165728,3612983596,3363817869,0.35254755177734154,65506,0.0006605645820851047,0.0006605646584176577,0.007367928643150333
299,200,0,2,249165728,3609749945,3360584218,0.35393508707369037,65473,0.0013875351247936642,0.0013875352963468623,0.013324798822196775
300,200,0,2,249165728,3608314148,3359148421,0.3545516048295063,65508,0.0006165175324262582,0.0006165177558179874,0.006887318122948081
301,200,0,2,249165728,3606520169,3357354442,0.35532229300491736,65501,0.0007706880901105886,0.0007706881754090927,0.008435548402383256
302,200,0,2,249165728,3604368544,3355202817,0.35624716819149427,65494,0.0009248751246666447,0.0009248751865771406,0.009901810164232982
303,204,4,0,1376940048,3359876379,1982936332,1.1150087896685932,9683,2.7587616208765913,2.7587616214770994,1.798435542379962
304,207,3,0,647983640,2991585879,2343602240,0.8739194120359066,9682,2.7589106211391443,2.758910622367316,1.4921766549773554
305,219,12,1,278626304,2329280511,2050654208,1.0665629084438777,7,13.192645077942396,13.192643496407968,0.5952915299430201
306,223,4,0,1361070592,3780452047,2419381456,0.8280088937305088,9665,2.7614459829014018,2.7614459852866315,2.4109515129241723
307,223,0,0,1361070592,3655156321,2294085730,0.9047278401286931,62142,0.07671894603860713,0.0767189463981841,0.3784544892477218
308,223,0,1,574657536,3435613753,2860956218,0.5861497261427822,40865,0.6814218859367441,0.6814218860140897,1.454971479809295
309,223,0,1,574657536,3141468199,2566810664,0.7426702638839551,58798,0.15652053748336925,0.15652053774117333,0.5562967736509988
310,223,0,1,574657536,2554441858,1979784323,1.1173038738332686,50548,0.3746336093739561,0.3746336099493123,0.9206699270061681
311,223,0,1,574657536,2553898093,1979240558,1.1177001770126722,65518,0.0003963024539395264,0.00039630317940511346,0.004687653452683203
312,223,0,1,574657536,2226762873,1652105338,1.378341470294334,54704,0.2606412925666055,0.2606412932816612,1.0697052194661159
313,225,2,0,1149315072,4202594097,3053279026,0.49228770876767314,60559,0.11394623789692428,0.11394623847333994,0.4061569894681694
314,225,0,0,1149315072,3884342311,2735027240,0.6510919441413527,58705,0.15880423520714756,0.15880423537367802,0.7387675499712448
315,225,0,0,1149315072,3883632846,2734317775,0.6514662272191671,65519,0.0003742827947452993,0.0003742830778156716,0.004463541174757649
316,225,0,0,1149315072,3875955928,2726640857,0.6555224596758187,65352,0.004056232235047779,0.004056232456651607,0.03191294619474415
317,225,0,0,1149315072,3872045035,2722729964,0.6575932407221359,65442,0.002070780697928415,0.002070781046319118,0.018311592173225505
318,225,0,0,1149315072,3279522226,2130207155,1.0116534118259501,51274,0.3540601704418501,0.3540601711038114,1.0547631086474927
319,225,0,1,151146496,2417481999,2266335504,0.9222856952137413,34862,0.9106322825614178,0.9106322833877935,2.1521062646479057
320,225,0,1,151146496,2349252629,2198106134,0.9663860985351533,63563,0.04410040289149173,0.044100403321410624,0.22901508476307994
321,228,3,0,420334748,3601444031,3181109284,0.4331172108616741,23711,1.4667311113793444,1.4667311123265203,1.9949803961060202
322,229,1,0,840669496,4279913837,3439244342,0.32055552986718894,35427,0.887438318933674,0.8874383190055162,1.688187825778771
323,229,0,0,840669496,2932837985,2092168490,1.0376481042285377,39867,0.7170925741311894,0.7170925743613474,0.9772489154757392
324,230,1,0,1681338992,3330083707,1648744716,1.3812791101686486,25823,1.3436310042475772,1.34363100594011,1.9334158793705498
325,230,0,0,1681338992,3326737713,1645398722,1.3842099179501766,65403,0.0029308075734053776,0.0029308077815289523,0.022875981046902263
326,230,0,1,1215194336,3713621421,2498427086,0.78162703088217,49756,0.3974171119137177,0.3974171129319937,0.9806599165845518
327,230,0,1,1215194336,3522053487,2306859152,0.8967172247472099,60511,0.11509019371737488,0.11509019386503944,0.40088460838961254
328,230,0,2,282905024,4246411195,3963506172,0.11586992304226129,56300,0.21915269814504573,0.2191526982950514,0.6096222630108334
329,230,0,2,282905024,3202132309,2919227286,0.5570606050537563,48269,0.44119068200416756,0.4411906820114973,1.389875989827826
330,230,0,2,282905024,3201419607,2918514584,0.5574128685381794,65520,0.0003522634716290214,0.00035226348442166474,0.004227909891679893
331,230,0,2,282905024,3194962322,2912057299,0.5606084030561611,65391,0.003195534403982369,0.0031955345179800984,0.030225511228252448
332,236,6,0,1524460640,4009947039,2485486400,0.7891189368013087,3496,4.228510530499402,4.228510533745148,2.939417177922213
333,236,0,0,1524460640,3950745313,2426284674,0.823898315393027,63975,0.034779378185828935,0.03477937859172051,0.20101727997036967
334,236,0,1,901437632,3682912965,2781475334,0.6267968341211763,37565,0.8028985181852499,0.8028985187281478,1.9916840877725681
335,236,0,1,901437632,3551809795,2650372164,0.6964521895611213,62447,0.06965535508782564,0.06965535543994683,0.2782881393024052
336,236,0,1,901437632,2670185753,1768748122,1.279918529875708,43736,0.5834663398004166,0.5834663403145844,1.6006121086221534
337,236,0,1,901437632,2669780918,1768343287,1.2802487749171227,65521,0.00033024448458043404,0.0003302450414159993,0.0039922782726164955
338,236,0,1,901437632,2612037774,1710600143,1.3281445802999734,63396,0.04789580472647927,0.047895805382851646,0.24132096077562096
339,236,0,1,901437632,2609244893,1707807262,1.3305019800991467,65429,0.0023573993620059253,0.0023573997991730906,0.020507929729504992
340,238,2,0,1802875264,3285427917,1482552654,1.5345638019063976,28446,1.2040618215524483,1.2040618218072499,2.165996923597061
341,238,0,1,1458266880,3998622299,2540355420,0.7576167880715872,56148,0.22305298591853304,0.2230529861651915,0.9864330432008516
342,238,0,1,1458266880,3491295459,2033028580,1.0790166495057356,52448,0.3213998609005412,0.32139986143414856,0.9842198362135807
343,241,3,0,1538100224,3473100691,1935000468,1.150313230713202,15594,2.071296580806643,2.0712965812074646,3.1748953611754627
344,241,0,1,928716800,3011759447,2083042648,1.0439547687435606,35275,0.8936415376280111,0.8936415380303593,1.1712487789649488
345,241,0,1,928716800,2962016378,2033299579,1.078824353705361,63971,0.03486958468177935,0.03486958496179923,0.21001095130074063
346,241,0,1,928716800,2175732332,1247015533,1.7841677103228974,40193,0.7053433564752707,0.7053433566175376,1.3178052655911572
347,243,2,0,1857433600,3999942371,2142508772,1.0033460348871692,56299,0.2191783235065663,0.21917832456427147,0.8284603494490302
348,243,0,0,1857433600,3651477389,1794043790,1.2594320412388278,54877,0.25608600562028755,0.25608600635165735,0.6609913178372926
349,243,0,0,1857433600,3427112415,1569678816,1.4521777575768873,57340,0.192745715872114,0.19274571633806017,0.6597848594093689
350,246,3,0,853061416,2745605079,1892543664,1.1823205601437756,9877,2.7301428053451318,2.7301428025668883,1.9001415609004768
351,246,0,0,853061416,2745171910,1892110495,1.1826508047286914,65521,0.00033024448458043404,0.0003302445849164577,0.0039922782726164955
352,246,0,0,853061416,2448432535,1595371120,1.4287550789489494,55258,0.24610427404929253,0.24610427422025638,0.8159606979433435
353,246,0,0,853061416,2448067383,1595005968,1.4290853239120622,65521,0.00033024448458043404,0.00033024496311257997,0.0039922782726164955
354,246,0,0,853061416,2435509047,1582447632,1.4404893887323134,65020,0.011404064422281807,0.01140406482025407,0.074440159340644
355,246,0,0,853061416,2422373495,1569312080,1.4525148647737218,64992,0.012025475703847068,0.012025476041408766,0.08851101063992203
356,246,0,3,1935355952,4170744455,2235388504,0.9421215566251284,11669,2.489606688955979,2.4896066918514057,0.7902648320794158
357,246,0,4,1723228256,4267578993,2544350738,0.7553495865962176,37297,0.8132280290902434,0.8132280299710885,2.3862468426980254
358,246,0,5,1298972864,3266636193,1967663330,1.126163751398611,25341,1.3708141635892361,1.370814164802394,3.020416668781048
359,246,0,5,1298972864,3239914690,1940941827,1.145890267094721,64646,0.019726515050669375,0.019726515696108615,0.1373939493697151
360,254,8,1,161170928,2701075279,2539904352,0.7578729771633341,5360,3.6119827146548653,3.6119827100686157,3.0889065234533524
361,261,7,0,1549233280,3230927743,1681694464,1.352731530380364,678,6.594858536863656,6.594858553217027,2.1046353255494887
362,261,0,1,950982912,3562772247,2611789336,0.7176086106013884,50891,0.3648770801304002,0.36487708022102483,1.039380562410184
363,261,0,1,950982912,2327855313,1376872402,1.6412522782847674,34549,0.9236436671718838,0.9236436676833799,2.649575375913167
364,270,9,0,1518754816,4186445055,2667690240,0.6870559889216103,496,7.045803689613125,7.045803710636844,1.5068942564775183
365,270,0,1,890025984,3672994829,2782968846,0.6260223875320996,34184,0.9389663983188884,0.9389663986104894,2.580519158590364
366,270,0,1,890025984,3590528314,2700502331,0.6694193524282639,63594,0.043396964667035236,0.04339696489616418,0.27669233904707513
367,270,0,1,890025984,3421582092,2531556109,0.7626226857521949,61436,0.09320333290747473,0.09320333332393158,0.48488356037144614
368,270,0,1,890025984,2643372720,1753346737,1.2925358183221576,45390,0.5299131321747443,0.5299131325699598,1.4786480767897157
369,270,0,1,890025984,2642944656,1752918673,1.2928880824783668,65520,0.0003522634716290214,0.0003522641562101502,0.004227909891679893
370,270,0,1,890025984,2354179549,1464153566,1.552580269107768,54740,0.25969218574768127,0.25969218662940297,0.6719676839544317
371,270,0,1,890025984,2353777407,1463751424,1.552976571771115,65518,0.0003963024539395264,0.0003963026633465698,0.004687653452683203
372,270,0,1,890025984,2346987544,1456961561,1.5596843307157862,65232,0.006707758511452549,0.006707758944668611,0.05572733800585833
373,270,0,1,890025984,2346453988,1456428005,1.5602127589169612,65512,0.0005284274673163702,0.0005284282011755532,0.006002793263091376
374,270,0,1,890025984,2345142811,1455116828,1.5615121575469004,65477,0.0012993979706836883,0.0012993986299396456,0.012564031891460468
375,270,0,1,890025984,2342345192,1452319209,1.5642885641483808,65410,0.0027764060185773093,0.0027764066014807805,0.027233807708673573
376,270,0,1,890025984,2341658212,1451632229,1.564971153150875,65505,0.0006825886112264284,0.0006825890024946242,0.007441610976711019
377,270,0,1,890025984,2340617154,1450591171,1.5660061729073114,65489,0.0010350188106098368,0.0010350197564371962,0.010954318131124513
378,270,0,1,890025984,2340108065,1450082082,1.5665125796061368,65513,0.0005064057914389884,0.0005064066988259122,0.005760569429933765
379,270,0,1,890025984,2339068119,1449042136,1.5675475990730696,65489,0.0010350188106098368,0.0010350194669326112,0.010237135284871338
380,270,0,1,890025984,2338648017,1448622034,1.5679659215844168,65517,0.000418322449221962,0.00041832251134464187,0.00492328406377429
381,270,0,1,890025984,2338250141,1448224158,1.5683622241132014,65518,0.0003963024539395264,0.0003963025287870015,0.004699172121844633
382,270,0,1,890025984,2337719785,1447693802,1.5688906520522714,65512,0.0005284274673163702,0.0005284279390705128,0.006082433170148164
383,270,0,1,890025984,2337322164,1447296181,1.5692869545278114,65518,0.0003963024539395264,0.000396302475538155,0.004699172121844633
384,270,0,1,890025984,2336019208,1445993225,1.5705863532556918,65477,0.0012993979706836883,0.0012993987278790426,0.012604461674942856
385,270,0,1,890025984,2335688246,1445662263,1.5709165981553248,65521,0.00033024448458043404,0.0003302448996356095,0.0039922782726164955
386,270,0,1,890025984,2335357360,1445331377,1.5712468428067012,65521,0.00033024448458043404,0.00033024465137457856,0.0039922782726164955
387,270,0,1,890025984,2334960387,1444934404,1.571643146140346,65518,0.0003963024539395264,0.0003963033336469748,0.004687653452683203
388,270,0,1,890025984,2334563523,1444537540,1.5720394495060859,65518,0.0003963024539395264,0.0003963033657389064,0.004687653452683203
389,270,0,1,890025984,2334056559,1444030576,1.5725458557439502,65513,0.0005064057914389884,0.0005064062378640475,0.005835285569952072
390,270,0,1,890025984,2333704012,1443678029,1.5728981196879133,65520,0.0003522634716290214,0.00035226394396352064,0.004227909891679893
391,270,0,1,890025984,2333329522,1443303539,1.5732724032475183,65519,0.0003742827947452993,0.00037428355960513393,0.004463541174757649
392,270,0,1,890025984,2332977152,1442951169,1.5736246676909005,65520,0.0003522634716290214,0.0003522644433803131,0.004227909891679893
393,270,0,1,890025984,2332580833,1442554850,1.5740209707696238,65518,0.0003963024539395264,0.00039630307872564,0.004687653452683203
394,270,0,1,890025984,2332140600,1442114617,1.574461313746962,65516,0.0004403427806028656,0.00044034297733727435,0.005170433008025777
395,270,0,1,890025984,2278448588,1388422605,1.629200386930222,63096,0.054739072660798006,0.05473907318326006,0.3425415585135163
396,272,2,0,1780051968,4283517579,2503465612,0.7787205075434578,59084,0.14952012026495073,0.1495201206132367,0.6925075549233847
397,272,0,0,1780051968,4038274518,2258222551,0.9274594732764214,59116,0.1487389655705964,0.14873896573296377,0.7188437599774682
398,272,0,0,1780051968,4037757651,2257705684,0.9277897183211401,65521,0.00033024448458043404,0.0003302450447178861,0.0039922782726164955
399,272,0,0,1780051968,3943227249,2163175282,0.989496574460258,62792,0.061706855848310406,0.06170685613911702,0.2673155300546233
400,272,0,0,1780051968,3942633115,2162581148,0.9898928770236068,65518,0.0003963024539395264,0.00039630256334769116,0.004699172121844633
401,272,0,0,1780051968,3937221382,2157169415,0.9935076618739842,65372,0.0036147845889704113,0.0036147848503801277,0.032641742504562164
402,272,0,0,1780051968,3936628897,2156576930,0.9939039648126915,65518,0.0003963024539395264,0.0003963029387051322,0.004699172121844633
403,272,0,0,1780051968,3935904948,2155852981,0.9943883495625983,65514,0.000484384451701118,0.0004843847499080903,0.005575095138429974
404,272,0,0,1780051968,3935181242,2155129275,0.994872734329256,65514,0.000484384451701118,0.00048438476665802345,0.005618655211859437
405,272,0,0,1780051968,3934293356,2154241389,0.9954672289072697,65509,0.0005944945118882062,0.0005944945780141509,0.006667247634571601
406,272,0,0,1780051968,3933504449,2153452482,0.995995656536266,65512,0.0005284274673163702,0.0005284276289962947,0.006070914500986733
407,272,0,0,1780051968,3932682972,2152631005,0.9965461060628762,65511,0.0005504494793435254,0.0005504495266101751,0.0061959914526561535
408,272,0,0,1780051968,3932026041,2151974074,0.9969864489449165,65516,0.0004403427806028656,0.00044034288203924853,0.005158914338864347
409,272,0,0,1780051968,3931106618,2151054651,0.9976029668013098,65508,0.0006165175324262582,0.0006165178563920091,0.006915673386466204
410,272,0,0,1780051968,3930318878,2150266911,0.9981313944428294,65512,0.0005284274673163702,0.0005284276415209934,0.0060578720056822695
411,272,0,0,1780051968,3929367374,2149315407,0.9987699355954653,65507,0.0006385408891551363,0.0006385411526364728,0.007163457794941486
412,272,0,0,1780051968,3928285107,2148233140,0.999496573700771,65503,0.0007266376781842033,0.000726638105305671,0.007983893125267023
413,272,0,0,1780051968,3926777252,2146725285,1.0005095637253518,65490,0.00101298940069043,0.001012990024579527,0.010369016469722618
414,272,0,0,1780051968,3926285905,2146233938,1.000839808596794,65521,0.00033024448458043404,0.00033024487144124544,0.0039922782726164955
415,272,0,0,1780051968,3925761922,2145709955,1.0011920721390055,65520,0.0003522634716290214,0.0003522635422138958,0.004227909891679893
416,272,0,0,1780051968,3924812434,2144760467,1.0018306136119044,65507,0.0006385408891551363,0.0006385414728985229,0.007069390457350231
417,272,0,0,1780051968,3924059725,2144007758,1.00233701987856,65513,0.0005064057914389884,0.0005064062666535748,0.005791725496522608
418,272,0,0,1780051968,3922881986,2142830019,1.0031297339236893,65500,0.0007927138004626774,0.0007927140451298384,0.008757760398548406
419,272,0,0,1780051968,3922326137,2142274170,1.0035040168185319,65519,0.0003742827947452993,0.0003742828948427847,0.004463541174757649
420,272,0,0,1780051968,3921378170,2141326203,1.0041425578555412,65507,0.0006385408891551363,0.0006385410370084014,0.00695883881401166
421,272,0,0,1780051968,3920757363,2140705396,1.0045608804044583,65517,0.000418322449221962,0.00041832254891971556,0.00492328406377429
422,272,0,0,1780051968,3920071406,2140019439,1.0050232445174458,65515,0.0004623634480924974,0.0004623641129848377,0.00539454427794825
423,272,0,0,1780051968,3919320361,2139268394,1.0055296507001508,65513,0.0005064057914389884,0.0005064061827082746,0.005854284478915642
424,272,0,0,1780051968,3862424230,2082372263,1.0444191455914869,63793,0.03888949456917921,0.03888949489133487,0.25125180885221937
425,272,0,0,1780051968,3410495813,1630443846,1.397382391828554,51313,0.3529632456988466,0.3529632462370653,1.2553018688774336
426,275,3,0,704439624,2775931271,2071491648,1.0519771424541737,10408,2.6545947532822045,2.6545947506256202,1.97965149521184
427,275,0,0,704439624,2735914968,2031475345,1.0801192906064792,64270,0.02814214807601903,0.028142148152306996,0.16241841367880333
428,279,4,0,950846496,3937055727,2986209232,0.5243318930015839,6021,3.4442125979162266,3.444212602395105,1.6371392976394632
429,279,0,1,1738788152,3382989415,1644201264,1.3852602382334496,18042,1.860928346704841,1.8609283452318655,2.3010155110065647
430,287,8,0,431611136,2252435583,1820824448,1.2380553122265283,567,6.852795075057771,6.852795073993077,1.2340113879283972
431,287,0,0,431611136,2206731600,1775120465,1.274730212460721,63891,0.03667490007386849,0.0366749002341924,0.20518693486051512
432,288,1,0,863222272,3860200709,2996978438,0.5191384417092557,55323,0.24440822882528482,0.24440822924853714,1.093770500515751
433,289,1,0,214620980,2583540003,2368919024,0.8584182617750962,25901,1.3392798211028005,1.339279820065841,1.8733786631608196
434,289,0,0,214620980,2496679156,2282058177,0.9123115749833133,63133,0.053893312684221234,0.053893313208216845,0.23562934035638677
435,289,0,0,214620980,2406700543,2192079564,0.970346982521388,62952,0.058035407013859605,0.05803540753807387,0.3238839792354134
436,289,0,0,214620980,2361478198,2146857219,1.0004209009234089,64184,0.03007391808013023,0.030073918402022434,0.1746157448625192
437,289,0,0,214620980,2328719756,2114098777,1.0226043607033262,64536,0.022183459405970805,0.02218345977991689,0.16382797153489856
438,289,0,0,214620980,2284848077,2070227098,1.052858110082603,64176,0.030253749185491022,0.03025374937927606,0.19302466591024456
439,289,0,0,214620980,2284374239,2069753260,1.0531883550000458,65521,0.00033024448458043404,0.00033024491744208714,0.0039922782726164955
440,289,0,0,214620980,2283837346,2069216367,1.0535626379461576,65519,0.0003742827947452993,0.00037428294611283026,0.004452022505596219
441,289,0,0,214620980,2283142723,2068521744,1.0540470229603471,65514,0.000484384451701118,0.0004843850141880361,0.005524940162877561
442,289,0,0,214620980,2281564566,2066943587,1.055148132125062,65486,0.001101109058724726,0.0011011091647175994,0.010978097576213736
443,289,0,0,214620980,2280776089,2066155110,1.0556985820199003,65511,0.0005504494793435254,0.0005504498948357195,0.0063180617651561535
444,289,0,0,214620980,2280271656,2065650677,1.0560508459106508,65520,0.0003522634716290214,0.00035226389075010395,0.004227909891679893
445,289,0,0,214620980,2279641269,2065020290,1.0564911889992494,65516,0.0004403427806028656,0.00044034308860092477,0.005147395669702917
446,289,0,0,214620980,2278885035,2064264056,1.057019617154026,65512,0.0005284274673163702,0.0005284281547750273,0.005921768420804585
447,289,0,0,214620980,2276806155,2062185176,1.0584732592330717,65470,0.0014536415241189304,0.0014536420790469214,0.014738214315213587
448,289,0,0,214620980,2275988027,2061367048,1.059045731295889,65510,0.0005724718275307164,0.0005724720628151495,0.006488616438523054
449,289,0,0,214620980,2255951851,2041330872,1.0731371034247275,64899,0.014091371904962012,0.014091372128838557,0.10595052672082335
450,289,0,0,214620980,2237667835,2023046856,1.0861174113197194,64949,0.012980307343170974,0.01298030789499344,0.09492631318489668
451,289,0,0,214620980,2210286814,1995665835,1.1057769777176425,64649,0.019659566056146095,0.019659566397924218,0.12889656599436602
452,289,0,0,214620980,2209799590,1995178611,1.1061292418369817,65520,0.0003522634716290214,0.00035226411933883913,0.004227909891679893
453,289,0,0,214620980,2199966174,1985345195,1.113257273246436,65213,0.0071280307483452985,0.007128031409453208,0.05411749213975549
454,289,0,0,214620980,2195361491,1980740512,1.1166072544645083,65384,0.003349980824106516,0.0033499812180725185,0.029250035603230445
455,290,1,0,429241960,4289594477,3860352518,0.15391454910360736,63863,0.037307294547492854,0.037307294639098355,0.21451243625502453
456,290,0,0,429241960,4288652008,3859410049,0.15426681262141528,65520,0.0003522634716290214,0.00035226351780791814,0.004227909891679893
457,290,0,0,429241960,4287709769,3858467810,0.15461907617474324,65520,0.0003522634716290214,0.00035226355332913583,0.004227909891679893
458,290,0,0,429241960,4286708884,3857466925,0.1549933592353696,65519,0.0003742827947452993,0.00037428306062498934,0.004463541174757649
459,290,0,0,429241960,4285767119,3856525160,0.15534562293669651,65520,0.0003522634716290214,0.00035226370132657295,0.004227909891679893
460,290,0,0,429241960,4284825584,3855583625,0.15569788660930328,65520,0.0003522634716290214,0.0003522636726064486,0.004227909891679893
461,290,0,0,429241960,4283943110,3854701151,0.1560281314461811,65521,0.00033024448458043404,0.0003302448368795749,0.0039922782726164955
462,290,0,0,429241960,4282943202,3853701243,0.15640241453294834,65519,0.0003742827947452993,0.00037428308676756654,0.004463541174757649
463,290,0,0,429241960,4281531934,3852289975,0.1569308421706488,65512,0.0005284274673163702,0.0005284276376988668,0.00604635333652084
464,290,0,0,429241960,4280650214,3851408255,0.15726108695413288,65521,0.00033024448458043404,0.00033024478348689655,0.0039922782726164955
465,290,0,0,429241960,4279768696,3850526737,0.15759133166638506,65521,0.00033024448458043404,0.00033024471225185395,0.0039922782726164955
466,290,0,0,429241960,4278769871,3849527912,0.15796561469371184,65519,0.0003742827947452993,0.00037428302732506175,0.004463541174757649
467,290,0,0,429241960,4277830044,3848588085,0.15831787848382817,65520,0.0003522634716290214,0.00035226379011647996,0.004227909891679893
468,290,0,0,429241960,4275774676,3846532717,0.15908856665562254,65501,0.0007706880901105886,0.0007706881717952994,0.0081538041176129
469,290,0,0,429241960,4274894274,3845652315,0.15941881133893432,65521,0.00033024448458043404,0.00033024468331204214,0.0039922782726164955
470,290,0,0,429241960,4274014074,3844772115,0.15974905583768617,65521,0.00033024448458043404,0.0003302444987514719,0.0039922782726164955
471,290,0,0,429241960,4273075408,3843833449,0.16010131965944296,65520,0.0003522634716290214,0.00035226382175724066,0.004227909891679893
472,290,0,0,429241960,4272078319,3842836360,0.1604756027753922,65519,0.0003742827947452993,0.00037428311594938214,0.004463541174757649
473,290,0,0,429241960,4271022852,3841780893,0.1608719054060046,65518,0.0003963024539395264,0.0003963026306099317,0.004699172121844633
474,290,0,0,429241960,4268091805,3838849846,0.16197301476029224,65486,0.001101109058724726,0.0011011093542909324,0.01157783750753072
475,290,0,0,429241960,3558499717,3129257758,0.4568266472710967,53422,0.29485363219617555,0.2948536325108011,0.9901577246447645
476,290,0,0,429241960,2693627802,2264385843,0.923527336980829,47423,0.4667006892160054,0.46670068970973394,1.1120517593193648
477,290,0,0,429241960,2692591248,2263349289,0.9241879018318819,65506,0.0006605645820851047,0.0006605648510533955,0.007175466819845779
478,290,0,0,429241960,2274084371,1844842412,1.2191495606961453,53418,0.2949616587810923,0.2949616588642625,0.9890569295789312
479,291,1,0,858483920,3848020419,2989536500,0.5227253207829357,53100,0.3035757594211217,0.30357576008679205,0.9231941110366022
480,295,4,0,1448097248,4086567567,2638470320,0.702945391184489,3615,4.18022006816152,4.180220070401552,1.7571426334585383
481,295,0,0,1448097248,3977060742,2528963495,0.764100933829738,62816,0.06115554253382893,0.06115554264524864,0.2535269028009881
482,295,0,0,1448097248,3975980252,2527883005,0.7647174514908741,65508,0.0006165175324262582,0.000616517661136143,0.006959871948359511
483,295,0,0,1448097248,3965989991,2517892744,0.7704303168865074,65277,0.005712864988203938,0.005712865395633631,0.040932033377257
484,295,0,0,1448097248,3965375271,2517278024,0.7707825804107458,65520,0.0003522634716290214,0.000352263524239406,0.004227909891679893
485,295,0,0,1448097248,3964760701,2516663454,0.7711348439797838,65520,0.0003522634716290214,0.0003522635690379296,0.004227909891679893
486,295,0,0,1448097248,3964184682,2516087435,0.7714650887213637,65521,0.00033024448458043404,0.0003302447415796895,0.0039922782726164955
487,295,0,0,1448097248,3963532010,2515434763,0.7718393717418728,65519,0.0003742827947452993,0.0003742830205072025,0.004463541174757649
488,295,0,0,1448097248,3962572447,2514475200,0.7723898216737801,65511,0.0005504494793435254,0.000550449931906458,0.006276025517869724
489,295,0,0,1448097248,3961996929,2513899682,0.7727200663304146,65521,0.00033024448458043404,0.0003302446566345274,0.0039922782726164955
490,295,0,0,1448097248,3961421543,2513324296,0.7730503108295856,65521,0.00033024448458043404,0.0003302444991726587,0.0039922782726164955
491,295,0,0,1448097248,3960807938,2512710691,0.7734025745512874,65520,0.0003522634716290214,0.0003522637217021366,0.004227909891679893
492,295,0,0,1448097248,3960194483,2512097236,0.7737548381615831,65520,0.0003522634716290214,0.00035226361029644333,0.004227909891679893
493,295,0,0,1448097248,3959427851,2511330604,0.7741951813807582,65516,0.0004403427806028656,0.00044034321917255374,0.005158914338864347
494,295,0,0,1448097248,3958853053,2510755806,0.7745254258887293,65521,0.00033024448458043404,0.00033024450797288385,0.0039922782726164955
495,295,0,0,1448097248,3958278386,2510181139,0.7748556707190346,65521,0.00033024448458043404,0.0003302448303033572,0.0039922782726164955
496,295,0,0,1448097248,3957703851,2509606604,0.7751859152797103,65521,0.00033024448458043404,0.00033024456067586673,0.0039922782726164955
497,295,0,0,1448097248,3957052860,2508955613,0.7755601983719664,65519,0.0003742827947452993,0.0003742830922567804,0.004463541174757649
498,295,0,0,1448097248,3956402038,2508304791,0.775934481387619,65519,0.0003742827947452993,0.00037428301565499504,0.004463541174757649
499,295,0,0,1448097248,3955483469,2507386222,0.7764629090568675,65512,0.0005284274673163702,0.0005284276692465522,0.0060288782537003035
500,295,0,0,1448097248,3954756535,2506659288,0.7768812315799103,65517,0.000418322449221962,0.00041832252304438466,0.004911765394612859
501,295,0,0,1448097248,3954106309,2506009062,0.7772555144031195,65519,0.0003742827947452993,0.00037428282320679774,0.004452022505596219
502,295,0,0,1448097248,3953532729,2505435482,0.7775857589136201,65521,0.00033024448458043404,0.00033024451050032516,0.0039922782726164955
503,295,0,0,1448097248,3952959280,2504862033,0.7779160035865686,65521,0.00033024448458043404,0.00033024467295139116,0.0039922782726164955
504,295,0,0,1448097248,3952385962,2504288715,0.7782462484047734,65521,0.00033024448458043404,0.00033024481820364843,0.0039922782726164955
505,295,0,0,1448097248,3950933890,2502836643,0.7790830148055967,65498,0.000836766229995985,0.0008367664008227729,0.00867260669913528
506,295,0,0,1448097248,3950361036,2502263789,0.7794132593790231,65521,0.00033024448458043404,0.000330244573426821,0.0039922782726164955
507,295,0,0,1448097248,3949788313,2501691066,0.7797435040192937,65521,0.00033024448458043404,0.0003302446402710431,0.0039922782726164955
508,295,0,0,1448097248,3949215721,2501118474,0.780073748709146,65521,0.00033024448458043404,0.00033024468985077117,0.0039922782726164955
509,295,0,0,1448097248,3948643260,2500546013,0.7804039934312996,65521,0.00033024448458043404,0.00033024472215414984,0.0039922782726164955
510,295,0,0,1448097248,3948070930,2499973683,0.780734238168467,65521,0.00033024448458043404,0.00033024473716916343,0.0039922782726164955
511,295,0,0,1448097248,3947498731,2499401484,0.7810644829033535,65521,0.00033024448458043404,0.0003302447348841168,0.0039922782726164955
512,295,0,0,1448097248,3946926663,2498829416,0.7813947276186397,65521,0.00033024448458043404,0.0003302447152871546,0.0039922782726164955
513,295,0,0,1448097248,3946164080,2498066833,0.7818350708501534,65516,0.0004403427806028656,0.000440343231511914,0.005139915429900777
514,295,0,0,1448097248,3945592317,2497495070,0.7821653158413184,65521,0.00033024448458043404,0.0003302449911672426,0.0039922782726164955
515,295,0,0,1448097248,3945020685,2496923438,0.7824955607552724,65521,0.00033024448458043404,0.00033024491395483975,0.0039922782726164955
516,295,0,0,1448097248,3944449184,2496351937,0.7828258055746531,65521,0.00033024448458043404,0.0003302448193790945,0.0039922782726164955
517,295,0,0,1448097248,3943877814,2495780567,0.7831560502820807,65521,0.00033024448458043404,0.00033024470742783104,0.0039922782726164955
518,295,0,0,1448097248,3943192327,2495095080,0.783552352963877,65518,0.0003963024539395264,0.00039630268179776827,0.004687653452683203
519,295,0,0,1448097248,3942621245,2494523998,0.7838825974815684,65521,0.00033024448458043404,0.00033024451769126094,0.0039922782726164955
520,295,0,0,1448097248,3942050293,2493953046,0.7842128424101595,65521,0.00033024448458043404,0.0003302449285891992,0.0039922782726164955
521,295,0,0,1448097248,3941479472,2493382225,0.7845430871540096,65521,0.00033024448458043404,0.0003302447438493562,0.0039922782726164955
522,295,0,0,1448097248,3940908782,2492811535,0.7848733316956817,65521,0.00033024448458043404,0.0003302445416721547,0.0039922782726164955
523,295,0,0,1448097248,3940262148,2492164901,0.7852476145763632,65519,0.0003742827947452993,0.0003742828806834904,0.004463541174757649
524,295,0,0,1448097248,3939539627,2491442380,0.7856659370533023,65517,0.000418322449221962,0.0004183224769397973,0.004879723990344825
525,295,0,0,1448097248,3798878970,2350781723,0.8695065592835505,61836,0.0838406221258149,0.08384062223024734,0.4200626175179252
526,295,0,0,1448097248,3600553284,2152456037,0.99666337452393,60007,0.12715681512553506,0.12715681524037725,0.4646583737016768
527,295,0,0,1448097248,3599994938,2151897691,0.9970376574294342,65519,0.0003742827947452993,0.00037428290550479195,0.004452022505596219
528,295,0,0,1448097248,3546112123,2098014876,1.0336222386155534,63895,0.036584580630964876,0.03658458118612156,0.21686112715677763
529,295,0,0,1448097248,3463198021,2015100774,1.0917951571291553,62946,0.058172917859971335,0.05817291851360036,0.279865829526886
530,295,0,1,748710848,4114386669,3365675822,0.3517509213708081,54730,0.2599557639051494,0.2599557642416539,1.0908639246602523
531,295,0,1,748710848,4089735723,3341024876,0.3623564215425219,65056,0.010605500155267558,0.010605500171713474,0.07382454719342424
532,295,0,1,748710848,4088410243,3339699396,0.36292889343929247,65510,0.0005724718275307164,0.0005724718967683748,0.006542171354970913
533,295,0,1,748710848,4085097858,3336387011,0.364360499177689,65471,0.0014316057211096818,0.0014316057383966599,0.013545861074916643
534,295,0,1,748710848,4084232401,3335521554,0.364734782043481,65519,0.0003742827947452993,0.0003742828657921835,0.004452022505596219
535,295,0,1,748710848,4083418064,3334707217,0.36508704581063967,65520,0.0003522634716290214,0.00035226376716104764,0.004227909891679893
536,295,0,1,748710848,4082603926,3333893079,0.36543930949684267,65520,0.0003522634716290214,0.0003522636862009452,0.004227909891679893
537,295,0,1,748710848,4081789987,3333079140,0.3657915730810153,65520,0.0003522634716290214,0.00035226358417204853,0.004227909891679893
538,295,0,1,748710848,4080060789,3331349942,0.3665402359910992,65502,0.0007486627160211863,0.0007486629100869397,0.008002251377726623
539,295,0,1,748710848,4079298303,3330587456,0.3668704806962175,65521,0.00033024448458043404,0.00033024470511570925,0.0039922782726164955
540,295,0,1,748710848,4078535992,3329825145,0.3672007251930651,65521,0.00033024448458043404,0.00033024449685060405,0.0039922782726164955
541,295,0,1,748710848,4077570619,3328859772,0.3676190476897254,65517,0.000418322449221962,0.00041832249665699775,0.004934802732935719
542,295,0,1,748710848,4076707114,3327996267,0.3679933307990382,65519,0.0003742827947452993,0.0003742831093151268,0.004463541174757649
543,295,0,1,748710848,4075488365,3326777518,0.3685217584255369,65512,0.0005284274673163702,0.0005284276264984691,0.0060593958318253035
544,295,0,1,748710848,4074726926,3326016079,0.36885200293350806,65521,0.00033024448458043404,0.0003302445079708011,0.0039922782726164955
545,295,0,1,748710848,4073914910,3325204063,0.3692042665594677,65520,0.0003522634716290214,0.00035226362596101903,0.004227909891679893
546,295,0,1,748710848,4073153831,3324442984,0.36953451112615454,65521,0.00033024448458043404,0.00033024456668414714,0.0039922782726164955
547,295,0,1,748710848,4072342199,3323631352,0.369886774776667,65520,0.0003522634716290214,0.00035226365051406987,0.004227909891679893
548,295,0,1,748710848,4071480050,3322769203,0.3702610579946253,65519,0.0003742827947452993,0.00037428321795868793,0.004463541174757649
549,295,0,1,748710848,4068944978,3320234131,0.37136216717562576,65486,0.001101109058724726,0.0011011091809986224,0.011215908093592564
550,295,0,1,748710848,4068134373,3319423526,0.3717144310662768,65520,0.0003522634716290214,0.0003522638906531766,0.004227909891679893
551,295,0,1,748710848,4067374617,3318663770,0.3720446756591542,65521,0.00033024448458043404,0.0003302445928760714,0.0039922782726164955
552,295,0,1,748710848,4066615035,3317904188,0.3723749202061164,65521,0.00033024448458043404,0.00033024454696126143,0.0039922782726164955
553,295,0,1,748710848,4065855626,3317144779,0.37270516512474217,65521,0.00033024448458043404,0.0003302449186252232,0.0039922782726164955
554,295,0,1,748710848,4065096391,3316385544,0.3730354099629558,65521,0.00033024448458043404,0.00033024483821362686,0.0039922782726164955
555,295,0,1,748710848,4064337330,3315626483,0.37336565470339167,65521,0.00033024448458043404,0.0003302447404364453,0.0039922782726164955
556,295,0,1,748710848,4063578443,3314867596,0.3736958993286734,65521,0.00033024448458043404,0.0003302446252816628,0.0039922782726164955
557,295,0,1,748710848,4062819730,3314108883,0.37402614382141053,65521,0.00033024448458043404,0.00033024449273742404,0.0039922782726164955
558,295,0,1,748710848,4062061190,3313350343,0.37435638859961884,65521,0.00033024448458043404,0.00033024477821044627,0.0039922782726164955
559,295,0,1,748710848,4061302824,3312591977,0.37468663321067197,65521,0.00033024448458043404,0.0003302446110507071,0.0039922782726164955
560,295,0,1,748710848,4060544631,3311833784,0.3750168780727563,65521,0.00033024448458043404,0.0003302448620838169,0.0039922782726164955
561,295,0,1,748710848,4059786612,3311075765,0.3753471227330145,65521,0.00033024448458043404,0.00033024466026115574,0.0039922782726164955
562,295,0,1,748710848,4059028766,3310317919,0.3756773676098213,65521,0.00033024448458043404,0.00033024487680709177,0.0039922782726164955
563,295,0,1,748710848,4057664957,3308954110,0.3762718621404133,65509,0.0005944945118882062,0.0005944945305891858,0.0065876077275148145
564,295,0,1,748710848,4056907597,3308196750,0.3766021068466472,65521,0.00033024448458043404,0.00033024470623556313,0.0039922782726164955
565,295,0,1,748710848,4056150410,3307439563,0.3769323517038359,65521,0.00033024448458043404,0.00033024485718754023,0.0039922782726164955
566,295,0,1,748710848,4055393397,3306682550,0.3772625962584719,65521,0.00033024448458043404,0.00033024455463586517,0.0039922782726164955
567,295,0,1,748710848,4054586101,3305875254,0.37761485992891153,65520,0.0003522634716290214,0.0003522636704397626,0.004227909891679893
568,295,0,1,748710848,4053173678,3304462831,0.3782313777718862,65508,0.0006165175324262582,0.0006165178429743306,0.006982909286682371
569,295,0,1,748710848,4052417346,3303706499,0.37856162246627534,65521,0.00033024448458043404,0.00033024469438962386,0.0039922782726164955
570,295,0,1,748710848,4051661187,3302950340,0.37889186720904533,65521,0.00033024448458043404,0.00033024474277131656,0.0039922782726164955
571,295,0,1,748710848,4050905201,3302194354,0.3792221119829229,65521,0.00033024448458043404,0.0003302447738758588,0.0039922782726164955
572,295,0,1,748710848,4050099001,3301388154,0.37957437554480933,65520,0.0003522634716290214,0.0003522635618875775,0.004227909891679893
573,295,0,1,748710848,4049292998,3300582151,0.37992663903073876,65520,0.0003522634716290214,0.0003522634859287643,0.004227909891679893
574,295,0,1,748710848,4048033925,3299323078,0.38047708887273757,65511,0.0005504494793435254,0.0005504498419982683,0.00607310101373693
575,306,11,0,540220416,2705400831,2165180416,0.9881599019282881,42,10.60768257722124,10.607682813055552,0.39207100237348624
576,311,5,0,352685024,2878376447,2525691424,0.76596875718867,2389,4.777808861543668,4.77780885526038,3.2846336756649714
577,312,1,0,705370048,2630007341,1924637294,1.1580605565443882,24970,1.3920917991844255,1.3920917993557194,3.0720122037324713
578,312,0,0,705370048,2617672934,1912302887,1.1673360981316847,65116,0.009275541199678036,0.009275541587298614,0.0602656979423958
579,312,0,0,705370048,2588435148,1883065101,1.1895642685967402,64534,0.022228169874429916,0.022228170465052134,0.16219913318015308
580,312,0,0,705370048,2533267225,1827897178,1.2324622271284866,63616,0.04289795843771383,0.04289795853174731,0.28101997423387504
581,313,1,1,673996544,4180738735,3506742192,0.29251577530177286,31432,1.0600535475413133,1.0600535481732876,2.489542015857859
582,313,0,1,673996544,4167468592,3493472049,0.2979855485892031,65288,0.0054697731107892274,0.005469773287430216,0.042391324830376
583,318,5,0,1934692528,3806804623,1872112096,1.1979803246065437,2195,4.899994775577279,4.899994776017341,2.7188414442129902
584,318,0,0,1934692528,3463525035,1528832508,1.490216785825023,53519,0.29223646090838057,0.2922364612184792,0.730516627663471
585,318,0,1,1721901408,4177420659,2455519252,0.8066190122787056,52630,0.3164022256198638,0.3164022264536825,1.0622965105327553
586,318,0,1,1721901408,4154302748,2432401341,0.8202658560069729,64919,0.013646843395108799,0.013646843728265724,0.09801869160276082
587,318,0,2,1296319168,3917415703,2621096536,0.712476656352095,35310,0.8922107993530373,0.8922108003451242,1.9375718203631112
588,318,0,2,1296319168,3884220052,2587900885,0.7308647819511727,64706,0.018388125096722503,0.018388125599077824,0.11783623772732123
589,318,0,2,1296319168,3883627728,2587308561,0.7311950267113332,65521,0.00033024448458043404,0.00033024476015804934,0.0039922782726164955
590,318,0,2,1296319168,3882996060,2586676893,0.7315472906686686,65520,0.0003522634716290214,0.00035226395733724725,0.004227909891679893
591,318,0,2,1296319168,3882404016,2586084849,0.7318775355123783,65521,0.00033024448458043404,0.00033024484370988255,0.0039922782726164955
592,318,0,2,1296319168,3881772647,2585453480,0.732229799334803,65520,0.0003522634716290214,0.0003522638224253182,0.004227909891679893
593,318,0,2,1296319168,3881141432,2584822265,0.7325820632370288,65520,0.0003522634716290214,0.0003522639022259777,0.004227909891679893
594,318,0,2,1296319168,3880470930,2584151763,0.7329563463773567,65519,0.0003742827947452993,0.0003742831403259327,0.004463541174757649
595,318,0,2,1296319168,3879840033,2583520866,0.7333086101692317,65520,0.0003522634716290214,0.0003522637918763917,0.004227909891679893
596,318,0,2,1296319168,3879091026,2582771859,0.7337269328426004,65517,0.000418322449221962,0.0004183226733680712,0.004934802732935719
597,318,0,2,1296319168,3878066366,2581747199,0.7342994050915728,65510,0.0005724718275307164,0.0005724722489712436,0.0064986112815414495
598,318,0,2,1296319168,3877278479,2580959312,0.7347397480295577,65516,0.0004403427806028656,0.000440342937985586,0.005158914338864347
599,318,0,2,1296319168,3876057627,2579738460,0.7354223367943824,65505,0.0006825886112264284,0.0006825887648265034,0.007605717536497449
600,318,0,2,1296319168,3867122070,2570802903,0.7404281394067098,65309,0.005005802328615196,0.005005802612324467,0.04236322841301415
601,318,0,3,445154688,2457203369,2012048682,1.0939819340957868,25646,1.3535537938452664,1.3535537946890783,2.1806588651498826
602,318,0,7,1546777840,3543107391,1996329552,1.1052972470864937,4064,4.0113153132278345,4.011315312990707,1.9139502239456379
603,318,0,8,946072032,3233796975,2287724944,0.9087335404802204,37551,0.8034362925823508,0.8034362933937254,1.107092009121966
604,318,0,8,946072032,3232295934,2286223903,0.9096804441545068,65493,0.0009469031891450585,0.0009469036742865984,0.00995875982864969
605,318,0,8,946072032,3040602813,2094530782,1.0360200592729356,60041,0.12633961479397166,0.12633961511842967,0.5518652164808973
606,327,9,0,1892144064,3386465981,1494321918,1.5231561682526262,23378,1.4871361086092776,1.4871361089796893,2.0705761231811755
607,327,0,0,1892144064,3383729795,1491585732,1.5258002440518794,65416,0.0026440749796186494,0.0026440757992545554,0.021148209068478252
608,327,0,0,1892144064,3329720808,1437576745,1.5790081696607423,63163,0.05320792514952981,0.05320792560886206,0.2835252237840367
609,329,2,0,2140099652,3408771659,1268672008,1.7593280111091225,14459,2.180319843052869,2.18031984144838,2.0242769142967343
610,329,0,2,2117947664,3867404855,1749457192,1.2957397827477237,22593,1.536411769473486,1.5364117716386028,2.5248580918102608
611,329,0,2,2117947664,3737161910,1619214247,1.4073532569547105,60657,0.11161347415597507,0.11161347420698489,0.4519885512271165
612,329,0,2,2117947664,3687203853,1569256190,1.452566246307537,63514,0.04521298912672082,0.04521298935282668,0.23143284977219203
613,335,6,0,275617424,2252129311,1976511888,1.1196905135442634,5159,3.667124268847326,3.6671242672367272,2.0008615117465562
614,336,1,0,551234848,3946374147,3395139300,0.33917637764200137,56287,0.2194858633526613,0.21948586409774043,0.7893118838291526
615,336,0,0,551234848,3945545255,3394310408,0.33952864135562066,65520,0.0003522634716290214,0.0003522637136158351,0.004227909891679893
616,336,0,0,551234848,3944768359,3393533512,0.3398588858410818,65521,0.00033024448458043404,0.00033024448546269944,0.0039922782726164955
617,336,0,0,551234848,3943991640,3392756793,0.34018913067411916,65521,0.00033024448458043404,0.000330244833036826,0.0039922782726164955
618,336,0,0,551234848,3943215099,3391980252,0.340519375412331,65521,0.00033024448458043404,0.0003302447382142002,0.0039922782726164955
619,336,0,0,551234848,3942438736,3391203889,0.3408496200383482,65521,0.00033024448458043404,0.000330244626015896,0.0039922782726164955
620,336,0,0,551234848,3941403822,3390168975,0.3412899631184523,65516,0.0004403427806028656,0.00044034308010524757,0.005139915429900777
621,336,0,0,551234848,3940576144,3389341297,0.3416422266018273,65520,0.0003522634716290214,0.00035226348337196595,0.004227909891679893
622,336,0,0,551234848,3939800385,3388565538,0.3419724712317276,65521,0.00033024448458043404,0.00033024462990045926,0.0039922782726164955
623,336,0,0,551234848,3939024803,3387789956,0.3423027160989207,65521,0.00033024448458043404,0.00033024486719429174,0.0039922782726164955
624,336,0,0,551234848,3938249399,3387014552,0.34263296076031224,65521,0.00033024448458043404,0.0003302446613919038,0.0039922782726164955
625,336,0,0,551234848,3936647265,3385412418,0.34331554938917463,65505,0.0006825886112264284,0.0006825886288613042,0.007243545028356738
626,336,0,0,551234848,3935872405,3384637558,0.3436457941253934,65521,0.00033024448458043404,0.000330244736221373,0.0039922782726164955
627,336,0,0,551234848,3935097722,3383862875,0.34397603901148344,65521,0.00033024448458043404,0.00033024488608794086,0.0039922782726164955
628,336,0,0,551234848,3933961781,3382726934,0.3444604237633584,65514,0.000484384451701118,0.0004843847518753342,0.005599656302895868
629,341,5,1,634567232,2441551231,1806984000,1.249063414145951,547,6.9046029772074435,6.904602990382593,1.917889655878176
630,341,0,1,634567232,2429805393,1795238162,1.2584718967597794,65110,0.00940848193734116,0.009408482613828584,0.06662740562828155
631,344,3,0,1720370268,3454028607,1733658340,1.3088275379699148,15822,2.050355643414284,2.0503556412101354,2.207120855047013
632,348,4,0,1090925392,3399365967,2308440576,0.8957285510808859,5454,3.5869010150847367,3.5869010131109693,1.8431611673285677
633,348,0,0,1090925392,3356427901,2265502510,0.9228160567680206,64317,0.027087505383656587,0.027087505687136512,0.16497871328433844
634,348,0,0,1090925392,3355667386,2264741995,0.9233004417623043,65514,0.000484384451701118,0.00048438499428359093,0.0054891046595572975
635,350,2,0,1709591604,3718195483,2008603880,1.0964540700994156,14531,2.173153630115875,2.173153628337109,1.3095387559426592
636,353,3,0,88748704,3465027439,3376278736,0.3472131322396521,13770,2.2507590609776735,2.250759062140239,0.9910658985435767
637,353,0,0,88748704,3459308949,3370560246,0.3496587335536816,65425,0.002445601177240512,0.0024456013140297826,0.021435492523538935
638,353,0,0,88748704,3018702417,2929953714,0.5517692721887784,56969,0.20211053823185446,0.2021105386350962,0.5665009244057579
639,354,1,0,177497408,4179806311,4002308904,0.10181462517929418,44761,0.5500453527035978,0.5500453529905139,0.9424141641633347
640,354,0,0,177497408,4021634007,3844136600,0.1599875433461193,62946,0.058172917859971335,0.05817291816682471,0.27700598779230373
641,355,1,0,354994816,3895992713,3540997898,0.278491158694365,30184,1.1185036151898904,1.1185036153482455,1.7234185170319323
642,355,0,0,354994816,3885942883,3530948068,0.2825915434350108,65350,0.004100384429842091,0.004100384740645617,0.03160094574301062
643,355,0,0,354994816,3884434299,3529439484,0.28320806106174246,65508,0.0006165175324262582,0.0006165176267325006,0.006811716645250584
644,355,0,0,354994816,3865046508,3510051693,0.2911548685649308,65176,0.007946807147361503,0.007946807503189199,0.052180312586530934
645,355,0,0,354994816,3864243120,3509248305,0.29148511342949135,65521,0.00033024448458043404,0.00033024486455951105,0.0039922782726164955
646,355,0,0,354994816,3863439916,3508445101,0.29181535824517013,65521,0.00033024448458043404,0.00033024481568021233,0.0039922782726164955
647,355,0,0,354994816,3862636896,3507642081,0.29214560299462633,65521,0.00033024448458043404,0.00033024474945679615,0.0039922782726164955
648,355,0,0,354994816,3861834060,3506839245,0.29247584766050494,65521,0.00033024448458043404,0.0003302446658775674,0.0039922782726164955
649,355,0,0,354994816,3861031408,3506036593,0.29280609222543674,65521,0.00033024448458043404,0.00033024456493051046,0.0039922782726164955
650,355,0,0,354994816,3860228939,3505234124,0.29313633708362374,65521,0.00033024448458043404,0.0003302448581867575,0.0039922782726164955
651,355,0,0,354994816,3859426654,3504431839,0.29346658180627827,65521,0.00033024448458043404,0.0003302447226567223,0.0039922782726164955
652,355,0,0,354994816,3858624553,3503629738,0.2937968263760027,65521,0.00033024448458043404,0.0003302445697231326,0.0039922782726164955
653,355,0,0,354994816,3857822635,3502827820,0.2941270711872406,65521,0.00033024448458043404,0.0003302448112400478,0.0039922782726164955
654,355,0,0,354994816,3857020901,3502026086,0.2944573158108952,65521,0.00033024448458043404,0.0003302446236521873,0.0039922782726164955
655,370,15,1,656998400,4159045631,3502047232,0.29444860452877464,1,16.0,15.99999128871788,0.0039922782726164955
656,370,0,1,656998400,2717208497,2060210098,1.0598556766213143,38554,0.765407072092542,0.765407072092542,1.728064018638223
657,373,3,0,911432556,3338441531,2427008976,0.8234677018812064,19301,1.7636120238552955,1.7636120252598908,2.246983261295394
658,373,0,0,911432556,2306955309,1395522754,1.6218414982737954,37683,0.7983737958173855,0.7983737963925898,2.207033166234659
659,373,0,0,911432556,2305805433,1394372878,1.623030733080821,65482,0.0011892340994270377,0.001189234807026493,0.011737493735714121
660,374,1,0,1822865112,3706681251,1883816140,1.188988980879472,44270,0.5659582470147719,0.565958247798651,1.417332595946618
661,376,2,0,2056383480,4290080755,2233697276,0.9432134695957863,19427,1.7542244894339387,1.7542244887163145,2.1146499965983865
662,381,5,0,351480096,3745652895,3394172800,0.33958713052709655,3112,4.396373655013808,4.396373660931308,2.82802728394878
663,381,0,0,351480096,3095572679,2744092584,0.6463179880364152,52984,0.3067308571067938,0.30673085750931794,0.7159459882175725
664,383,2,0,2060167920,3658487959,1598320040,1.42609083043153,9543,2.7797728427393307,2.779772842395114,2.7157856380747134
665,383,0,0,2060167920,3658073355,1597905436,1.4264651138746594,65519,0.0003742827947452993,0.00037428344312940567,0.004452022505596219
666,383,0,0,2060167920,3483814472,1423646553,1.5930561313997522,58389,0.16659101744474872,0.1665910175250942,0.724182030868764
667,387,4,0,759091136,4193777471,3434686336,0.3224687914126818,9882,2.729412659552489,2.72941266001293,0.6171865702878768
668,388,1,0,2064353376,4033994211,1969640836,1.1247145677850874,18791,1.8022457757973036,1.802245776372404,0.953849647894433
669,388,0,0,2064353376,3746073690,1681720315,1.3527093534489083,55956,0.22799478493894929,0.2279947856638232,0.6082665661937815
670,388,0,0,2064353376,3745611791,1681258416,1.353105656520789,65518,0.0003963024539395264,0.00039630307188044005,0.004668654543719633
671,388,0,0,2064353376,3739531800,1675178425,1.3583323793068942,65299,0.005226722187078397,0.00522672278610486,0.04563126409997274
672,388,0,1,1981223104,3606761687,1625538584,1.4017293455777065,31797,1.0433969646670351,1.0433969662708138,1.8727364612612987
673,393,5,1,1381764288,4036757727,2654993440,0.6939388496137475,3345,4.2922095044711766,4.292209504036041,2.3089359686341355
674,393,0,1,1381764288,3808229620,2426465333,0.8237908976018211,59895,0.1298520477584335,0.12985204798807315,0.5704858864230661
675,393,0,1,1381764288,3790494682,2408730395,0.8343742217455201,65057,0.01058332412303531,0.010583324143698999,0.07911167086377628
676,393,0,1,1381764288,3787664600,2405900313,0.8360702794432271,65459,0.0016960575738423276,0.001696057697704669,0.015898766205372762
677,393,0,1,1381764288,3786967088,2405202801,0.8364886022629889,65517,0.000418322449221962,0.00041832281976369865,0.00492328406377429
678,393,0,1,1381764288,3786269778,2404505491,0.8369069252152066,65517,0.000418322449221962,0.00041832295221893765,0.004934802732935719
679,393,0,1,1381764288,3784582045,2402817758,0.8379199147744139,65490,0.00101298940069043,0.0010129895592053669,0.010183324519003056
680,393,0,1,1381764288,3772849536,2391085249,0.8449815788596098,65216,0.007061663834186175,0.007061664085195143,0.053227568443454026
681,393,0,1,1381764288,3700937472,2319173185,0.8890365882930844,63565,0.04405500942849355,0.04405500943347692,0.24019555872991008
682,393,0,1,1381764288,3698424940,2316660653,0.8906004138908372,65465,0.0015638255880888565,0.001563825597752852,0.015542137830056552
683,393,0,1,1381764288,3697859349,2316095062,0.8909526773750898,65520,0.0003522634716290214,0.00035226348425120084,0.004227909891679893
684,393,0,1,1381764288,3697081851,2315317564,0.8914370619937877,65514,0.000484384451701118,0.00048438461869766334,0.005618655211859437
685,393,0,1,1381764288,3693301654,2311537367,0.8937944614628748,65429,0.0023573993620059253,0.002357399469087428,0.020073748369816603
686,393,0,1,1381764288,3692137702,2310373415,0.8945210993807997,65503,0.0007266376781842033,0.0007266379179241075,0.008032771123891749
687,393,0,1,1381764288,3689881477,2308117190,0.8959306702367158,65472,0.0014095702546713536,0.0014095708559184372,0.013011074199384971
688,393,0,1,1381764288,3688824904,2307060617,0.8965912353190646,65506,0.0006605645820851047,0.0006605650823486428,0.007395046280379887
689,393,0,1,1381764288,3685656638,2303892351,0.898573837352739,65446,0.0019826017943566226,0.0019826020336721015,0.01886634910559779
690,393,0,1,1381764288,3682809114,2301044827,0.900358056819119,65455,0.0017842189647608187,0.0017842194663800484,0.017006878889414188
691,393,0,1,1381764288,3677296662,2295532375,0.9038183667961412,65379,0.003460309819433334,0.003460309977023181,0.032528778041902046
692,393,0,1,1381764288,3668644982,2286880695,0.9092660427134263,65289,0.00544767588017561,0.005447675917284294,0.045808753798074454
693,396,3,0,1232089856,3983214027,2751124172,0.642625888843888,19710,1.7333598440691518,1.733359846130464,2.202212109815984
694,402,6,0,1438363712,3321701695,1883337984,1.1893552166484227,701,6.546729365989377,6.546729327804533,2.685016660500948
695,402,0,0,1438363712,3222183881,1783820170,1.267676964010036,62073,0.07832174711835145,0.07832174736161343,0.41346583233913314
696,402,0,0,1438363712,3221639502,1783275791,1.268117307022024,65516,0.0004403427806028656,0.00044034301198954347,0.005086360513452917
697,402,0,1,729243776,4277128865,3547885090,0.2756878620714325,65193,0.0075705548813454395,0.007570555049407542,0.05252421430383787
698,402,0,1,729243776,3717899540,2988655765,0.5231504098298281,55206,0.2474625472906681,0.24746254775839518,0.8449870890605604
699,402,0,1,729243776,3704264162,2975020387,0.5297475911652505,65237,0.006597180899790373,0.0065971813354234994,0.04877993113171115
700,402,0,1,729243776,2259334674,1530090899,1.4890297835264619,33706,0.9592821922553506,0.9592821923612118,1.407782553238121
701,404,2,1,769491456,3969944035,3200452580,0.4243712131657098,34270,0.9353414285934633,0.935341429639245,2.2921205839089676
702,404,0,1,769491456,3838235956,3068744501,0.4849986118042118,62839,0.06062739822900983,0.06062739863850445,0.25286276610006175
703,406,2,0,1538982912,3751385867,2212402956,0.9570329712556465,23624,1.4720343588660458,1.472034359451434,2.6024035220015422
704,406,0,1,930482176,2465957883,1535475708,1.4839614576824687,22742,1.5269284856925485,1.526928486426821,2.957962705354238
705,406,0,1,930482176,2463732080,1533249905,1.4860542844243625,65441,0.002092826265968833,0.0020928267418944177,0.017535436951908533
706,411,5,2,1399685824,4060413439,2660727616,0.690826319667039,1777,5.204772033971322,5.204772035242676,3.305847899241178
707,411,0,2,1399685824,4056231692,2656545869,0.6930955228291324,65433,0.002269202938821913,0.0022692031620965515,0.01887614592726731
708,411,0,2,1399685824,4055502049,2655816226,0.6934918257638785,65518,0.0003963024539395264,0.0003963029347450899,0.004687653452683203
709,411,0,2,1399685824,3387130817,1987444994,1.1117322141609378,49043,0.41824038789934936,0.41824038839705724,1.583290174929165
710,411,0,2,1399685824,3384674410,1984988587,1.1135164336207382,65455,0.0017842189647608187,0.0017842194598020108,0.016757134805957898
711,411,0,2,1399685824,3383977773,1984291950,1.1140228401325238,65513,0.0005064057914389884,0.0005064065117849139,0.005724733926613502
712,411,0,2,1399685824,3382918046,1983232223,1.1147935287823145,65501,0.0007706880901105886,0.0007706886497923077,0.008497180177549695
713,411,0,2,1399685824,3380345799,1980659976,1.1166659149751936,65451,0.0018723857434470804,0.0018723861928787373,0.01783709893073355
714,411,0,2,1399685824,3379771572,1980085749,1.1170842374369556,65517,0.000418322449221962,0.0004183224617625276,0.00492328406377429
715,411,0,2,1399685824,3379288152,1979602329,1.1174365013660292,65520,0.0003522634716290214,0.0003522639290738829,0.004227909891679893
716,411,0,2,1399685824,3378835056,1979149233,1.1177667465682681,65521,0.00033024448458043404,0.0003302452022377501,0.0039922782726164955
717,411,0,2,1399685824,3378351865,1978666042,1.1181190102362422,65520,0.0003522634716290214,0.0003522636679730025,0.004227909891679893
718,411,0,2,1399685824,3377415911,1977730088,1.1188015992263836,65505,0.0006825886112264284,0.0006825889901421348,0.007334214943960834
719,411,0,2,1399685824,3333416727,1933730904,1.1512601011865016,64078,0.03245850134173418,0.0324585019601183,0.1846158630569491
720,411,0,2,1399685824,3330997202,1931311379,1.1530663619822157,65454,0.0018062601543034325,0.001806260795711832,0.015923416227591913
721,411,0,2,1399685824,3330348873,1930663050,1.1535507468786683,65514,0.000484384451701118,0.00048438489645478424,0.005588137633734438
722,411,0,2,1399685824,3329465085,1929779262,1.1542113119041382,65506,0.0006605645820851047,0.0006605650254681914,0.00728198003382506
723,411,0,2,1399685824,3327698319,1928012496,1.1555327438966891,65476,0.0013214317544216249,0.0013214319925525207,0.012951673246406784
724,411,0,2,1399685824,3327227612,1927541789,1.1558850079852157,65520,0.0003522634716290214,0.000352264088526847,0.004227909891679893
725,411,0,2,1399685824,3325992309,1926306486,1.1568098838215022,65494,0.0009248751246666447,0.0009248758362865874,0.009575120870803155
726,411,0,2,1399685824,3324728405,1925042582,1.1577567873954067,65493,0.0009469031891450585,0.0009469035739030304,0.00987369655700361
727,411,0,2,1399685824,3323994059,1924308236,1.1583072372740695,65511,0.0005504494793435254,0.0005504498786626572,0.006145878346651145
728,411,0,2,1399685824,3323318718,1923632895,1.1588136437332324,65513,0.0005064057914389884,0.0005064064591652226,0.005846804239113502
729,411,0,2,1399685824,3322731671,1923045848,1.1592539871353367,65516,0.0004403427806028656,0.0004403434021023884,0.005170433008025777
730,411,0,2,1399685824,3321968743,1922282920,1.1598264596197474,65510,0.0005724718275307164,0.0005724724844112649,0.006431619711632343
731,411,0,2,1399685824,3321470103,1921784280,1.160200743117823,65519,0.0003742827947452993,0.0003742834980739337,0.004463541174757649
732,411,0,2,1399685824,3315693255,1916007432,1.164543988859922,65339,0.0043432456574473925,0.004343245742101257,0.03497252477593309
733,411,0,3,651888000,2350964657,1699076658,1.337896201307057,29058,1.1733522116772195,1.1733522124471358,2.170370986188701
734,411,0,3,651888000,2349927622,1698039623,1.3387770220823576,65496,0.000880820004703256,0.0008808207752971822,0.009088775400632635
735,415,4,0,1303776000,3506853895,2203077896,0.9631266395422955,42514,0.624349616738616,0.6243496174599389,1.6613455797850811
736,418,3,1,984090832,2283562559,1299471728,1.7247218999049672,2416,4.7615952606749214,4.7615952603626726,2.9599454640609437
737,426,8,0,597332480,3851087871,3253755392,0.4005413486028786,1282,5.675819453381259,5.675819448697911,0.8339750082925226
738,426,0,0,597332480,3845576902,3248244423,0.402986949887687,65425,0.002445601177240512,0.002445601284807163,0.02063268171169815
739,426,0,0,597332480,3833086704,3235754225,0.40854511545212446,65284,0.005558165417950964,0.00555816556443945,0.04270171524966183
740,426,0,0,597332480,3827112487,3229780008,0.4112112449261751,65415,0.002666129309875501,0.00266612947404958,0.024639350578910743
741,426,0,2,1197439920,3839180755,2641740836,0.7011582059078627,13401,2.289946959975588,2.2899469609816876,2.6425893914814473
742,426,0,2,1197439920,3835633495,2638193576,0.7030967205867888,65448,0.0019385143635805371,0.001938514678926909,0.017086699547843573
743,426,0,2,1197439920,3834989404,2637549485,0.7034489844804064,65520,0.0003522634716290214,0.0003522638936178708,0.004227909891679893
744,426,0,2,1197439920,3834345471,2636905552,0.7038012479631242,65520,0.0003522634716290214,0.00035226348271558377,0.004227909891679893
745,426,0,2,1197439920,3832454379,2635014460,0.7048362671443975,65489,0.0010350188106098368,0.0010350191812747366,0.010822423626260114
746,429,3,0,164387830,2189138473,2024750644,1.0849029006415094,25179,1.380066633807016,1.3800666334971108,1.5844527782738076
747,429,0,0,164387830,2187037596,2022649767,1.086400615121839,65468,0.0014977141398913162,0.0014977144803313654,0.014858122332740772
748,429,0,0,164387830,2186574648,2022186819,1.0867308597547236,65521,0.00033024448458043404,0.0003302446328820902,0.0039922782726164955
749,429,0,0,164387830,2186019237,2021631408,1.0871271627809271,65518,0.0003963024539395264,0.00039630302620609364,0.004699172121844633
750,429,0,0,164387830,2185340588,2020952759,1.0876115477760493,65514,0.000484384451701118,0.0004843849951198058,0.005599656302895868
751,429,0,0,164387830,2184014584,2019626755,1.0885584512868185,65493,0.0009469031891450585,0.0009469035107691604,0.00982665004352479
752,429,0,0,164387830,2183459876,2019072047,1.088954754415628,65518,0.0003963024539395264,0.00039630312880847146,0.004687653452683203
753,429,0,0,164387830,2170335414,2005947585,1.0983632368973986,65110,0.00940848193734116,0.009408482481773865,0.0691317429531381
754,429,0,0,164387830,2168866214,2004478385,1.09942028553251,65488,0.001057048556915173,0.0010570486351091418,0.010421242883655467
755,429,0,0,164387830,2168346253,2003958424,1.0997945686738468,65519,0.0003742827947452993,0.00037428314133767707,0.004452022505596219
756,429,0,0,164387830,2167795849,2003408020,1.100190871401523,65518,0.0003963024539395264,0.00039630272767670965,0.004687653452683203
757,429,0,0,164387830,2167337305,2002949476,1.1005211160980473,65521,0.00033024448458043404,0.0003302446965247158,0.0039922782726164955
758,429,0,0,164387830,2166848303,2002460474,1.1008733800474033,65520,0.0003522634716290214,0.0003522639493566847,0.004227909891679893
759,429,0,0,164387830,2166359421,2001971592,1.101225643553871,65520,0.0003522634716290214,0.0003522635064645384,0.004227909891679893
760,429,0,0,164387830,2161899462,1997511633,1.104443240946825,65390,0.0032175971660184,0.003217597392954643,0.027668988859422775
761,430,1,0,328775660,2458203037,2129427378,1.0121816169640887,34932,0.907738375156078,0.9077383760172653,2.0592778981919326
762,431,1,0,657551320,2157534311,1499982992,1.5177010036234932,23082,1.5055193849822288,1.5055193866594045,2.757410183226294
763,432,1,0,1315102640,4274877427,2959774788,0.5371597419827125,64658,0.01945873771137021,0.019458738359219508,0.10657672327705166
764,436,4,2,2086914560,3829828799,1742914240,1.3011455625344261,603,6.763985808099915,6.763985820551714,1.6212792848462536
765,436,0,2,2086914560,3828897982,1741983423,1.3019162509343012,65501,0.0007706880901105886,0.0007706883998734168,0.00829196457770343
766,436,0,2,2086914560,3827622115,1740707556,1.302973299686073,65488,0.001057048556915173,0.0010570487517717632,0.01081825759913493
767,436,0,2,2086914560,3467666231,1380751672,1.6371932715943345,51984,0.33421997167051665,0.33421997190826364,1.0451460385030886
768,436,0,2,2086914560,3457616509,1370701950,1.6477322452126835,65059,0.010538973081164898,0.010538973618347236,0.0676661626191187
769,439,3,1,1062260496,2869756567,1807496072,1.248654634058525,21605,1.6009223895229039,1.6009223888458401,1.248136303483517
770,443,4,0,216690928,3144163807,2927472880,0.552991340298604,13268,2.3043367032119777,2.304336706240079,1.674651093618871
771,443,0,0,216690928,3143449091,2926758164,0.5533436042342821,65520,0.0003522634716290214,0.00035226393567903887,0.004227909891679893
772,443,0,0,216690928,3113170434,2896479507,0.5683466882382895,64858,0.01500308377630588,0.015003084004007395,0.09566148285704001
773,443,0,0,216690928,2158520205,1941829278,1.1452307787322056,43936,0.5768840898528994,0.5768840904939171,1.0177167085832912
774,444,1,0,433381856,3817657007,3384275152,0.34380027723424433,57109,0.19856949776614627,0.19856949850203884,0.7177646912240803
775,444,0,0,433381856,3814197130,3380815275,0.34527595531395505,65469,0.0014756776637093812,0.0014756780797084664,0.014342755430504638
776,444,0,0,433381856,3812649515,3379267660,0.3459365201461253,65506,0.0006605645820851047,0.0006605648321716046,0.00737757119755935
777,444,0,0,433381856,3811824498,3378442643,0.34628878382334705,65520,0.0003522634716290214,0.00035226367722034904,0.004227909891679893
778,444,0,0,433381856,3810948131,3377566276,0.3466630670272757,65519,0.0003742827947452993,0.00037428320392964676,0.004452022505596219
779,444,0,0,433381856,3810175067,3376793212,0.34699331169546,65521,0.00033024448458043404,0.00033024466818536353,0.0039922782726164955
780,444,0,0,433381856,3809350654,3375968799,0.3473455754212402,65520,0.0003522634716290214,0.00035226372578093417,0.004227909891679893
781,444,0,0,433381856,3808577956,3375196101,0.34767581993284224,65521,0.00033024448458043404,0.00033024451160207553,0.0039922782726164955
782,444,0,0,433381856,3807496426,3374114571,0.34813818358944815,65515,0.0004623634480924974,0.00046236365660307056,0.00536402669982325
783,444,0,0,433381856,3797250930,3363869075,0.3525255903980806,65337,0.004387406636999922,0.004387406808634199,0.03829624931380717
784,444,0,0,433381856,3794889815,3361507960,0.35353858016019757,65490,0.00101298940069043,0.001012989762117642,0.010166955197660957
785,444,0,0,433381856,3794017841,3360635986,0.3539128633004438,65519,0.0003742827947452993,0.0003742831402439037,0.004463541174757649
786,444,0,0,433381856,3793248652,3359866797,0.3542431079849493,65521,0.00033024448458043404,0.0003302446845075142,0.0039922782726164955
787,444,0,0,433381856,3792377104,3358995249,0.3546173910036927,65519,0.0003742827947452993,0.00037428301874357906,0.004463541174757649
788,444,0,0,433381856,3791454528,3358072673,0.3550136936297399,65518,0.0003963024539395264,0.00039630262604715933,0.004699172121844633
789,444,0,0,433381856,3789609883,3356228028,0.3558064076826746,65500,0.0007927138004626774,0.00079271405293495,0.008549610330049808
790,444,0,0,433381856,3778240824,3344858969,0.36070176295377365,65314,0.004895355084133475,0.004895355271097312,0.03663351685225547
791,444,0,2,301423696,4173612419,3872188724,0.14949787714509455,18967,1.788796113941017,1.7887961141913207,2.2860702678927813
792,444,0,2,301423696,4171898956,3870475261,0.15013641825135693,65507,0.0006385408891551363,0.0006385411062628512,0.006911747653013425
793,444,0,2,301423696,2853589190,2552165495,0.7509252624146896,43214,0.6007888437447017,0.6007888441633331,1.4882093378745693
794,448,4,0,1205694784,4090588883,2884894100,0.5741287852743433,18520,1.8232035218524012,1.8232035228596544,3.196809541811084
795,449,1,0,1203984408,3860766915,2656782508,0.6929670165943271,30177,1.1188382307639033,1.1188382313199852,1.0363850079554875
796,451,2,0,520970336,3992430291,3471459956,0.3071046162613129,21408,1.6141375993585392,1.614137599666983,2.3918539720468157
797,451,0,0,520970336,3786217009,3265246674,0.3954551613128352,61643,0.0883505447788583,0.08835054505152541,0.32968362341205343
798,451,0,0,520970336,3784273884,3263303549,0.3963139543950227,65497,0.0008587929491977406,0.0008587930821856048,0.009139861767996568
799,451,0,0,520970336,3750214746,3229244411,0.4114505080369675,64852,0.015136553366183417,0.015136553641944949,0.11023726941282287
800,451,0,0,520970336,3642303899,3121333564,0.46048460566974825,63346,0.049034097569997714,0.049034097632780625,0.29999690830115155
801,451,0,0,520970336,3638398421,3117428086,0.4622908662050911,65454,0.0018062601543034325,0.0018062605353431015,0.015675307316011335
802,451,0,0,520970336,2605788422,2084818087,1.0427256407287402,43828,0.5804347744858881,0.5804347745236474,1.329706800923277
803,461,10,1,929691648,2819057663,1889366016,1.1847449322086874,29,11.142019004872427,11.14201929147995,1.2630351546696927
804,463,2,0,1859383296,3467316341,1607933046,1.4174398117697962,27887,1.2326948785517169,1.232694879561107,2.3234440221697157
805,463,0,0,1859383296,3466923779,1607540484,1.4177920754399338,65520,0.0003522634716290214,0.00035226367013840675,0.004227909891679893
806,463,0,0,1859383296,3372437604,1513054309,1.505183373978717,61684,0.0873912982415128,0.08739129853878276,0.3691851183084264
807,463,0,0,1859383296,3371952769,1512569474,1.5056457375151666,65515,0.0004623634480924974,0.00046236353644920925,0.005375545368984679
808,463,0,0,1859383296,3371606569,1512223274,1.505975982306758,65521,0.00033024448458043404,0.0003302447915922996,0.0039922782726164955
809,463,0,0,1859383296,3371260448,1511877153,1.5063062273263803,65521,0.00033024448458043404,0.0003302450196227457,0.0039922782726164955
810,463,0,0,1859383296,3370891337,1511508042,1.5066584911482472,65520,0.0003522634716290214,0.0003522638218668246,0.004227909891679893
811,463,0,0,1859383296,3370499252,1511115957,1.5070327746108738,65519,0.0003742827947452993,0.00037428346262507073,0.004452022505596219
812,463,0,0,1859383296,3369991980,1510608685,1.5075171594522203,65514,0.000484384451701118,0.0004843848413482411,0.005599656302895868
813,463,0,0,1859383296,3369646229,1510262934,1.5078474040426393,65521,0.00033024448458043404,0.0003302445904176798,0.0039922782726164955
814,463,0,0,1859383296,3365175540,1505792245,1.512124411717064,65342,0.004277006722584219,0.00427700767442417,0.03437236065341753
815,463,0,0,1859383296,3364463266,1505079971,1.5128070007563892,65505,0.0006825886112264284,0.0006825890393242211,0.007190339640459158
816,463,0,0,1859383296,3364118780,1504735485,1.5131372457519987,65521,0.00033024448458043404,0.00033024499560932967,0.0039922782726164955
817,463,0,0,1859383296,3363774373,1504391078,1.513467490600604,65521,0.00033024448458043404,0.00033024484860599905,0.0039922782726164955
818,463,0,0,1859383296,3363384134,1504000839,1.5138417741971253,65519,0.0003742827947452993,0.0003742835965205857,0.004463541174757649
819,463,0,0,1859383296,3362971047,1503587752,1.514238077449427,65518,0.0003963024539395264,0.00039630325230421,0.004687653452683203
820,463,0,0,1859383296,3362489245,1503105950,1.5147004413819936,65515,0.0004623634480924974,0.00046236393256658513,0.005375545368984679
821,463,0,0,1859383296,3362099340,1502716045,1.5150747243661549,65519,0.0003742827947452993,0.0003742829841611473,0.004463541174757649
822,463,0,0,1859383296,3352308389,1492925094,1.5245053644835167,65109,0.009430639917987874,0.009430640117360514,0.061423672559670996
823,463,0,2,995082240,4037427395,3042345156,0.49746330899280977,33388,0.9729579444349675,0.9729579445092937,2.0451102835795893
824,469,6,0,1575088976,3801140847,2226051872,0.9481599349128267,2997,4.450696631486426,4.450696625920016,3.2184065915728604
825,469,0,0,1575088976,3715102800,2140013825,1.0050270292029637,63003,0.05686709370980137,0.05686709429013837,0.2698513542244968
826,469,0,0,1575088976,3714612989,2139524014,1.0053572741641474,65521,0.00033024448458043404,0.00033024496118191346,0.0039922782726164955
827,469,0,0,1575088976,3702011422,2126922447,1.0138797160852953,65150,0.0085224416571408,0.008522441921150118,0.0727787524294084
828,472,3,1,1794936800,4020520191,2225583392,0.9484635868228182,4286,3.9345838653234524,3.9345838707375216,1.508718137957408
829,472,0,1,1794936800,4019467440,2224530641,0.9491461754774271,65505,0.0006825886112264284,0.0006825886546101328,0.007190339640459158
830,474,2,1,1681734044,3445988871,1764254828,1.2835881879868971,12994,2.334442010153585,2.334442012509468,1.829372899918946
831,482,8,0,297925888,3692048895,3394123008,0.3396082947996959,985,6.056020085656262,6.056020106812799,1.7272457960343142
832,482,0,0,297925888,3680603259,3382677372,0.3444815615545025,65315,0.004873266649851392,0.004873266754809218,0.0347175461324198
833,484,2,0,596333168,3814873055,3218539888,0.41624079745096765,15589,2.071759235154606,2.071759235896465,2.8750304958861954
834,484,0,0,596333168,3811091506,3214758339,0.4179368551883904,65459,0.0016960575738423276,0.0016960577374208045,0.014962902786096709
835,484,0,0,596333168,3810257599,3213924432,0.4183111382392326,65519,0.0003742827947452993,0.0003742830508412691,0.004452022505596219
836,490,6,3,1555316736,3789998591,2234681856,0.9425776915365027,89,9.524266569033601,9.524266553297272,1.388504525602613
837,490,0,3,1555316736,3279645756,1724329021,1.3166120631903446,50569,0.3740343709413633,0.3740343716538404,0.8419648375493979
838,490,0,3,1555316736,3278935354,1723618619,1.3172065579819972,65509,0.0005944945118882062,0.0005944947916553928,0.006692202957194278
839,490,0,3,1555316736,3278172644,1722855909,1.3178450991600386,65507,0.0006385408891551363,0.0006385411780414367,0.006874480119584336
840,490,0,3,1555316736,3277778313,1722461578,1.3181753441274786,65521,0.00033024448458043404,0.0003302449674373948,0.0039922782726164955
841,490,0,3,1555316736,3277357790,1722041055,1.3185276077279653,65520,0.0003522634716290214,0.0003522636004870786,0.004227909891679893
842,490,0,3,1555316736,3276963646,1721646911,1.3188578522810666,65521,0.00033024448458043404,0.0003302445531031553,0.0039922782726164955
843,490,0,3,1555316736,3276517051,1721200316,1.319232135746418,65519,0.0003742827947452993,0.00037428346535205425,0.004463541174757649
844,490,0,3,1555316736,3276070572,1720753837,1.319606419083236,65519,0.0003742827947452993,0.00037428333681453876,0.004452022505596219
845,490,0,3,1555316736,3271423150,1716106415,1.3235081295208673,65359,0.003901710193354622,0.0039017104376333554,0.030511173222916736
846,490,0,3,1555316736,3270951807,1715635072,1.3239044322234506,65518,0.0003963024539395264,0.0003963027025839449,0.004699172121844633
847,490,0,3,1555316736,3270480593,1715163858,1.3243007353115317,65518,0.0003963024539395264,0.0003963030880810938,0.004668654543719633
848,490,0,3,1555316736,3270009509,1714692774,1.3246970379141416,65518,0.0003963024539395264,0.00039630260260733617,0.004699172121844633
849,490,0,3,1555316736,3269590882,1714274147,1.3250493020880434,65520,0.0003522634716290214,0.00035226417390266964,0.004227909891679893
850,490,0,3,1555316736,3269198515,1713881780,1.3253795472341992,65521,0.00033024448458043404,0.0003302451461567816,0.0039922782726164955
851,490,0,3,1555316736,3268753935,1713437200,1.3257538300883027,65519,0.0003742827947452993,0.0003742828541017697,0.004463541174757649
852,490,0,3,1555316736,3265982567,1710665832,1.3280891802257067,65430,0.002335349750730934,0.002335350137404965,0.02018967907503416
853,490,0,5,1825371232,3634287587,1808916356,1.2475214464978706,17325,1.9194322680880616,1.9194322662721632,2.339013849474657
854,490,0,5,1825371232,3633238715,1807867484,1.2483582133837494,65498,0.000836766229995985,0.000836766885879359,0.008858759820171348
855,490,0,7,859033984,3492380995,2633347012,0.7057494994856697,23865,1.4573912840604337,1.4573912861019198,2.5305120496616165
856,498,8,0,331692236,2365207029,2033514794,1.0786716594414791,25304,1.3729221594826064,1.37292215995581,1.3508833484912384
857,499,1,0,663384472,3806371233,3142986762,0.4505109503763336,50646,0.3718392903786182,0.37183929093485535,1.1134718067063067
858,499,0,0,663384472,3719279192,3055894721,0.49105230424593316,63720,0.04054135358732785,0.040541353869597986,0.26151779276209647
859,499,0,0,663384472,3709720195,3046335724,0.4955722020020694,65331,0.004519897686857845,0.004519897756136584,0.03805248562982905
860,499,0,0,663384472,2333951176,1670566705,1.3623095560069025,35939,0.8667373539263503,0.8667373540048352,1.9717040086232298
861,500,1,0,1326768944,4129943981,2803175038,0.6155853129632831,54984,0.2532757559741688,0.25327575695637905,0.6510796540723225
862,500,0,1,506054240,3157641563,2651587324,0.695790884871581,30996,1.0802055711608436,1.0802055719082995,2.5763774996263926
863,502,2,0,1012108480,3347541271,2335432792,0.8789572174859686,28861,1.183166332054331,1.183166332614386,1.7921761993160779
864,502,0,0,1012108480,3321847804,2309739325,0.8949171063856944,64815,0.015959888801747778,0.01595988889972485,0.10043550928607747
865,502,0,0,1012108480,3133857240,2121748761,1.0173933110232127,60202,0.12247620419393253,0.12247620463751807,0.5889227072180149
866,502,0,0,1012108480,3104363326,2092254847,1.037588556326412,64625,0.020195245022978328,0.020195245303198935,0.1170130983836637
867,502,0,0,1012108480,3103118240,2091009761,1.038447349455243,65497,0.0008587929491977406,0.000858793128833952,0.009102258108226211
868,502,0,0,1012108480,3102639645,2090531166,1.038777594524305,65521,0.00033024448458043404,0.0003302450690610101,0.0039922782726164955
869,502,0,0,1012108480,3102129261,2090020782,1.039129858282088,65520,0.0003522634716290214,0.00035226375778425105,0.004227909891679893
870,502,0,0,1012108480,3101650893,2089542414,1.0394601029090857,65521,0.00033024448458043404,0.0003302446269954077,0.0039922782726164955
871,502,0,0,1012108480,3100949447,2088840968,1.039944487697479,65514,0.000484384451701118,0.00048438478839320074,0.005524940162877561
872,502,0,0,1012108480,3098750197,2086641718,1.0414642388738962,65467,0.0015197509526750181,0.0015197511764165363,0.013927659801982016
873,502,0,0,1012108480,3097572130,2085463651,1.0422789793052054,65499,0.0008147398470877202,0.0008147404313101108,0.008259929203111072
874,502,0,0,1012108480,3097062983,2084954504,1.0426312431925808,65520,0.0003522634716290214,0.00035226388737655273,0.004227909891679893
875,502,0,0,1012108480,3096522147,2084413668,1.0430055260034656,65519,0.0003742827947452993,0.00037428281088274206,0.004463541174757649
876,502,0,0,1012108480,3095758811,2083650332,1.0435339541053565,65512,0.0005284274673163702,0.0005284281018928772,0.005921768420804585
877,502,0,0,1012108480,3095281901,2083173422,1.0438641987883948,65521,0.00033024448458043404,0.0003302446830366446,0.0039922782726164955
878,502,0,0,1012108480,3094805100,2082696621,1.0441944435795634,65521,0.00033024448458043404,0.0003302447911693505,0.0039922782726164955
879,502,0,0,1012108480,3094264849,2082156370,1.0445687268709989,65519,0.0003742827947452993,0.00037428329143488013,0.004463541174757649
880,502,0,0,1012108480,3088927289,2076818810,1.0482717908408077,65368,0.0037030633126258566,0.0037030639698108826,0.02880112913437759
881,503,1,0,2024216960,3749089513,1724872554,1.3161573768792643,27215,1.2678855843875438,1.2678855860384568,1.7559662330700836
882,503,0,2,1654416896,3385606119,1731189224,1.3108837219409395,16444,1.9947263434360625,1.9947263450616743,3.511763802400486
883,503,0,2,1654416896,3384707980,1730291085,1.311632384706428,65502,0.0007486627160211863,0.0007486627654866116,0.007842716296369295
884,503,0,2,1654416896,3383572687,1729155792,1.3125792884734686,65493,0.0009469031891450585,0.000946903767040685,0.00986524448036837
885,503,0,2,1654416896,3365367158,1710950263,1.327849324448362,64846,0.015270035305018385,0.015270035974894925,0.11152762873466052
886,503,0,2,1654416896,3364818910,1710402015,1.3283116882234296,65515,0.0004623634480924974,0.0004623637750683452,0.005289310559804943
887,503,0,2,1654416896,3296805792,1642388897,1.3868513664363107,62930,0.05853967754058621,0.05853967821287951,0.335446919034392
888,503,0,2,1654416896,3241922496,1587505601,1.4358854640371739,63346,0.049034097569997714,0.049034097600865446,0.2731327697887357
889,503,0,2,1654416896,3241534921,1587118026,1.4362377278636629,65520,0.0003522634716290214,0.0003522638264863324,0.004227909891679893
890,503,0,3,1161350144,4015237115,2853886972,0.5897189479078868,58922,0.15348121958949093,0.15348122004422382,0.7158545422367973
891,508,5,0,350433280,2917259351,2566826072,0.7426616037288518,14736,2.1529426539086645,2.1529426558209654,3.151989810185387
892,508,0,0,350433280,2914713518,2564280239,0.7440932095942543,65471,0.0014316057211096818,0.0014316058654026628,0.012885055019015896
893,509,1,0,700866560,4235360005,3534493446,0.2811436792986086,45166,0.5370504692541007,0.5370504697043548,0.897893698167715
894,510,1,0,197829626,3044581059,2846751434,0.5933306173139599,26392,1.3121869374350692,1.3121869380153497,1.993489725658936
895,510,0,0,197829626,3042496035,2844666410,0.5943876663663907,65488,0.001057048556915173,0.001057049052434139,0.010135654591258992
896,510,0,0,197829626,3041844942,2844015317,0.5947179111195489,65521,0.00033024448458043404,0.00033024475315631915,0.0039922782726164955
897,511,1,1,1453827528,4125646603,2671819076,0.6848248279453699,15392,2.090106916229958,2.0901069168258206,2.6878890055144247
898,511,0,1,1453827528,4119245913,2665418386,0.6882851379705173,65379,0.003460309819433334,0.0034603100251493477,0.030736973306265115
899,511,0,1,1453827528,4118513833,2664686306,0.688681440952621,65518,0.0003963024539395264,0.0003963029821010564,0.004668654543719633
900,511,0,1,1453827528,4117375356,2663547829,0.6892979585850831,65508,0.0006165175324262582,0.000616517632463797,0.0068477964788779076
901,511,0,1,1453827528,4116562505,2662734978,0.6897383017505803,65516,0.0004403427806028656,0.00044034316549797876,0.005158914338864347
902,511,0,1,1453827528,4115912423,2662084896,0.6900905653404941,65520,0.0003522634716290214,0.00035226358991415085,0.004227909891679893
903,511,0,1,1453827528,4115303120,2661475593,0.6904208098909805,65521,0.00033024448458043404,0.0003302445504858373,0.0039922782726164955
904,511,0,1,1453827528,4114693956,2660866429,0.6907510546900149,65521,0.00033024448458043404,0.0003302447990350824,0.0039922782726164955
905,511,0,1,1453827528,4114003728,2660176201,0.6911253379226494,65519,0.0003742827947452993,0.0003742832326332269,0.004463541174757649
906,511,0,1,1453827528,4112907769,2659080242,0.6917198325305449,65509,0.0005944945118882062,0.0005944946078964921,0.006691564468730435
907,511,0,1,1453827528,4111974559,2658147032,0.6922262383633431,65513,0.0005064057914389884,0.0005064058327974063,0.005686139489769922
908,511,0,1,1453827528,4111366157,2657538630,0.6925564830797981,65521,0.00033024448458043404,0.00033024471645282794,0.0039922782726164955
909,511,0,1,1453827528,4110757894,2656930367,0.692886727933228,65521,0.00033024448458043404,0.0003302448534306628,0.0039922782726164955
910,511,0,1,1453827528,4110028146,2656200619,0.6932830305390141,65518,0.0003963024539395264,0.00039630260578664916,0.004687653452683203
911,511,0,1,1453827528,4109379659,2655552132,0.6936352942935535,65520,0.0003522634716290214,0.00035226375454047026,0.004227909891679893
912,511,0,1,1453827528,4108771851,2654944324,0.6939655389697386,65521,0.00033024448458043404,0.00033024467618310684,0.0039922782726164955
913,511,0,1,1453827528,4108083159,2654255632,0.6943398223069295,65519,0.0003742827947452993,0.00037428333719087884,0.004452022505596219
914,511,0,1,1453827528,4107111141,2653283614,0.6948682500769117,65512,0.0005284274673163702,0.0005284277699837962,0.005880722950591376
915,511,0,1,1453827528,4106503852,2652676325,0.6951984948743046,65521,0.00033024448458043404,0.000330244797391829,0.0039922782726164955
916,511,0,1,1453827528,4105896702,2652069175,0.6955287396703653,65521,0.00033024448458043404,0.00033024479606066074,0.0039922782726164955
917,511,0,1,1453827528,4105249224,2651421697,0.6958810032367104,65520,0.0003522634716290214,0.00035226356634543296,0.004227909891679893
918,511,0,1,1453827528,4104601904,2650774377,0.6962332668442706,65520,0.0003522634716290214,0.0003522636075597286,0.004227909891679893
919,511,0,1,1453827528,4103914294,2650086767,0.6966075500090909,65519,0.0003742827947452993,0.0003742831648221623,0.004463541174757649
920,511,0,1,1453827528,4087739448,2633911921,0.7054400438745638,65136,0.008832493859989687,0.008832493865472501,0.05770566070501184
921,511,0,2,760171408,4257692631,3497521224,0.2963143338941485,43512,0.5908742895346858,0.5908742900195841,1.571295910037607
922,511,0,2,760171408,4256838743,3496667336,0.2966665977711145,65520,0.0003522634716290214,0.0003522638769678407,0.004227909891679893
923,511,0,2,760171408,4158559000,3398387593,0.33779674181118935,63694,0.04113014401198691,0.041130144040074354,0.23146171061622922
924,516,5,0,307174496,3250065319,2942890824,0.5454131241551998,7094,3.2076163850648114,3.207616382344008,3.4026877588232898
925,516,0,0,307174496,3203453980,2896279485,0.5684463197775891,64498,0.023033195338184924,0.023033195622390652,0.14572836543958548
926,516,0,0,307174496,2486322522,2179148027,0.9788829456290848,49309,0.4104366255646704,0.41043662585149693,0.8196830791228502
927,517,1,0,614348992,3597310561,2982961570,0.5259017547058704,44855,0.547018808702995,0.5470188090767839,1.5944979404137687
928,518,1,0,258793380,2771661761,2512868382,0.7733120377114666,27604,1.2474102823590092,1.2474102830055982,1.1507754499188754
929,518,0,0,258793380,2771086611,2512293232,0.7736422822369704,65521,0.00033024448458043404,0.00033024452550092,0.0039922782726164955
930,518,0,0,258793380,2281056026,2022262647,1.0866767625627602,52753,0.31303447995672173,0.3130344803257911,1.1738397197531212
931,518,0,0,258793380,2209775711,1950982332,1.1384464329829456,63226,0.05176967031558693,0.05176967042018442,0.2862790579651074
932,520,2,0,1035173520,3810536383,2775362864,0.629970737480992,23307,1.4915243029704348,1.4915243044980468,2.533484191929079
933,520,0,0,1035173520,3798128220,2762954701,0.6364352368413968,65243,0.006464498952343484,0.006464499360405746,0.04729550618698114
934,520,0,0,1035173520,3792352390,2757178871,0.6394542813011732,65399,0.0030190444530456694,0.003019044459776364,0.02381834677659742
935,520,0,0,1035173520,3649478558,2614305039,0.7162196603596378,62140,0.07676537899079694,0.07676537905846416,0.3668477832030559
936,520,0,0,1035173520,3391741972,2356568453,0.8659595570138414,59075,0.14973989625142847,0.14973989665420398,0.5366684716271564
937,520,0,0,1035173520,3391022804,2355849285,0.8663999000279397,65516,0.0004403427806028656,0.000440343014098362,0.005158914338864347
938,520,0,0,1035173520,3390483592,2355310073,0.8667301450579501,65521,0.00033024448458043404,0.00033024503001095244,0.0039922782726164955
939,520,0,0,1035173520,3389908565,2354735046,0.8670824086072102,65520,0.0003522634716290214,0.00035226354926091216,0.004227909891679893
940,520,0,0,1035173520,3389369608,2354196089,0.8674126536552933,65521,0.00033024448458043404,0.0003302450480825744,0.0039922782726164955
941,520,0,0,1035173520,3388830775,2353657256,0.8677428983096611,65521,0.00033024448458043404,0.0003302446543656618,0.0039922782726164955
942,520,0,0,1035173520,3388184323,2353010804,0.868139201209523,65518,0.0003963024539395264,0.0003963028998638094,0.004687653452683203
943,520,0,0,1035173520,3387573953,2352400434,0.8685134842349633,65519,0.0003742827947452993,0.00037428302543887545,0.004452022505596219
944,520,0,0,1035173520,3386999636,2351826117,0.8688657480058204,65520,0.0003522634716290214,0.00035226377085886476,0.004227909891679893
945,520,0,0,1035173520,3386461345,2351287826,0.8691959929325037,65521,0.00033024448458043404,0.0003302449266840057,0.0039922782726164955
946,520,0,0,1035173520,3385564399,2350390880,0.8697464429495128,65511,0.0005504494793435254,0.0005504500170086356,0.0061573970158125746
947,520,0,0,1035173520,3384990573,2349817054,0.8700987064834997,65520,0.0003522634716290214,0.0003522635339843662,0.004227909891679893
948,520,0,0,1035173520,3384273465,2349099946,0.87053904972149,65516,0.0004403427806028656,0.0004403432379902584,0.005158914338864347
949,520,0,0,1035173520,3383592421,2348418902,0.8709573721764272,65517,0.000418322449221962,0.00041832245493997414,0.00492328406377429
950,520,0,0,1035173520,3382911574,2347738055,0.8713756949055806,65517,0.000418322449221962,0.00041832272915077356,0.004879723990344825
951,520,0,0,1035173520,3382266748,2347093229,0.8717719976572695,65518,0.0003963024539395264,0.0003963027516905843,0.004699172121844633
952,520,0,0,1035173520,3368908200,2333734681,0.880006593607412,65163,0.008234595692520642,0.008234595950141371,0.0540034321107229
953,523,3,0,474795848,3332994095,2858198248,0.5875411590806401,10033,2.7075345650507314,2.707534565473231,1.8400271274317908
954,523,0,0,474795848,3129497497,2654701650,0.6940974138925888,60870,0.10655625463482252,0.1065562548119476,0.5422877436934797
955,523,0,0,474795848,3128849376,2654053529,0.6944496776251263,65520,0.0003522634716290214,0.0003522637325376492,0.004227909891679893
956,523,0,0,474795848,3041900936,2567105089,0.7425047896111714,63389,0.04805511166809672,0.04805511198604439,0.30948145641407393
957,523,0,0,474795848,2855251525,2380455678,0.8514093785876184,60771,0.10890458851210831,0.10890458897644548,0.5095343800689693
958,527,4,0,1430086976,3586793775,2156706800,0.9938170877061765,3711,4.1424077143024745,4.14240770911856,3.5532112017852997
959,527,0,0,1430086976,3563955113,2133868138,1.0091761181790382,64842,0.015359030125902133,0.015359030472862375,0.0895829816064253
960,527,0,0,1430086976,3559885082,2129798107,1.011930468536729,65411,0.0027543500024802443,0.0027543503576902546,0.02203189163629787
961,528,1,0,961684500,2572617301,1610932802,1.414750830891247,24785,1.402820361642311,1.402820362354516,1.3256822303353102
962,528,0,0,961684500,2571830712,1610146213,1.415455444510961,65504,0.0007046129765893727,0.0007046136197160959,0.007569903878990173
963,529,1,0,1923369000,3587763301,1664394302,1.3676498915297337,33872,0.9521944459924107,0.9521944470187717,2.041034769524834
964,529,0,0,1923369000,3555890515,1632521516,1.3955451399560026,64281,0.02789524769424819,0.027895248426269115,0.13914521413379205
965,529,0,1,1699254352,3412584883,1713330532,1.32584364615213,34390,0.9302985045858468,0.9302985061961275,2.095205331952952
966,529,0,1,1699254352,3411905155,1712650804,1.3264161187557129,65510,0.0005724718275307164,0.0005724726035814814,0.006263474722486623
967,529,0,1,1699254352,3411513160,1712258809,1.3267463635264782,65521,0.00033024448458043404,0.0003302447707676635,0.0039922782726164955
968,529,0,2,1251025056,4235355043,2984329988,0.525240077669352,57112,0.19849371336356422,0.19849371414287204,0.8610015198890897
969,529,0,2,1251025056,3839499626,2588474571,0.7305450006842804,56843,0.20530492282078802,0.20530492301492959,0.8286547234152504
970,536,7,0,872314784,3972670335,3100355552,0.4702134712584005,2453,4.739668481442398,4.739668470574121,1.728532828468763
971,536,0,0,872314784,3971393027,3099078244,0.470807966176487,65509,0.0005944945118882062,0.0005944949180850585,0.006617134528566593
972,536,0,0,872314784,3969265058,3096950275,0.4717989268974563,65491,0.0009909603271466795,0.0009909607209700555,0.010088195842296439
973,536,0,0,872314784,3968556222,3096241439,0.4721291715382492,65521,0.00033024448458043404,0.00033024464079075785,0.0039922782726164955
974,536,0,0,872314784,3967847548,3095532765,0.47245941629078203,65521,0.00033024448458043404,0.00033024475253343047,0.0039922782726164955
975,536,0,0,872314784,3967139036,3094824253,0.47278966113782417,65521,0.00033024448458043404,0.000330244847042369,0.0039922782726164955
976,536,0,0,872314784,3966383463,3094068680,0.4731419249230733,65520,0.0003522634716290214,0.00035226378525088896,0.004227909891679893
977,536,0,0,872314784,3965580863,3093266080,0.4735162079031383,65519,0.0003742827947452993,0.00037428298006354256,0.004463541174757649
978,536,0,0,872314784,3964731272,3092416489,0.4739125104021795,65518,0.0003963024539395264,0.0003963024990431858,0.004687653452683203
979,536,0,0,872314784,3962560691,3090245908,0.47492550007301304,65490,0.00101298940069043,0.0010129896708327955,0.010400252579932868
980,536,0,0,872314784,3961711929,3089397146,0.47532180281260494,65518,0.0003963024539395264,0.0003963027395901613,0.004699172121844633
981,536,0,0,872314784,3961004822,3088690039,0.4756520473482304,65521,0.00033024448458043404,0.0003302445356255846,0.0039922782726164955
982,536,0,0,872314784,3960203617,3087888834,0.47602633042968634,65519,0.0003742827947452993,0.0003742830814552277,0.004463541174757649
983,536,0,0,872314784,3959119915,3086805132,0.4765327365854759,65513,0.0005064057914389884,0.0005064061557911665,0.005724733926613502
984,536,0,0,872314784,3957801089,3085486306,0.4771492543821694,65508,0.0006165175324262582,0.0006165177966925933,0.0067494672044245765
985,536,0,0,872314784,3957094877,3084780094,0.47747949897409114,65521,0.00033024448458043404,0.0003302445919239553,0.0039922782726164955
986,536,0,0,872314784,3956341756,3084026973,0.4778317628479627,65520,0.0003522634716290214,0.000352263873869531,0.004227909891679893
987,536,0,0,872314784,3955588819,3083274036,0.4781840266598998,65520,0.0003522634716290214,0.0003522638119376224,0.004227909891679893
988,536,0,0,872314784,3954506737,3082191954,0.4786904326164958,65513,0.0005064057914389884,0.0005064059565962671,0.005865803148077072
989,536,0,0,872314784,3952249272,3079934489,0.47974748126238254,65488,0.001057048556915173,0.0010570486458871158,0.010856733090374809
990,536,0,0,872314784,3933309855,3060995072,0.48864642379074397,65133,0.008898942287834102,0.008898942528360704,0.05784084422487988
991,537,1,1,1521375056,3927163235,2405788180,0.8361375214200422,12877,2.3474910975918197,2.3474910976292995,1.2230198857194206
992,537,0,1,1521375056,3926575884,2405200829,0.8364897851136774,65520,0.0003522634716290214,0.0003522636936339085,0.004227909891679893
993,537,0,1,1521375056,3812143874,2290768819,0.9068152746740914,62418,0.0703254893438307,0.07032548956041579,0.3530676626053271
994,540,3,2,79654608,3223309759,3143655152,0.4502041783491677,5621,3.5433889004250814,3.543388903675075,3.3899835886303493
995,540,0,2,79654608,2902449326,2822794719,0.6055229299605003,58847,0.15531875141355914,0.15531875161133105,0.617478643870533
996,543,3,0,159309216,3762317915,3603008700,0.2534450106432331,41825,0.6479220801869227,0.6479220806827356,0.9477941131313097
997,545,2,0,1538626456,3437770935,1899144480,1.1772974813632935,8636,2.9238524719774945,2.9238524707200577,2.66109730799921
998,545,0,0,1538626456,3437336255,1898709800,1.1776277260945953,65521,0.00033024448458043404,0.0003302447313023467,0.0039922782726164955
999,545,0,0,1538626456,3436727842,1898101387,1.178090090105968,65515,0.0004623634480924974,0.0004623640113738659,0.005350984204518786
1000,545,0,0,1538626456,3430761519,1892135064,1.182632071496979,65330,0.004541980711492849,0.004541981391009171,0.035289259100229675
1001,545,0,0,1538626456,3398425226,1859798771,1.2075006148877456,64416,0.024868543078660287,0.024868543390769035,0.13330598137979202
1002,545,0,0,1538626456,3397999551,1859373096,1.2078308600262737,65521,0.00033024448458043404,0.00033024513852719634,0.0039922782726164955
1003,549,4,0,175964128,2428910575,2252946448,0.9308341245500458,4963,3.7230032607028796,3.723003264523773,0.5309587942872767
1004,550,1,0,351928256,3397407469,3045479214,0.49597788823849953,44295,0.5651437632575272,0.5651437636884523,1.4992677863313146
1005,550,0,0,351928256,3218078485,2866150230,0.5835329152009265,61677,0.08755502689638851,0.08755502696242642,0.33908944435345617
1006,550,0,0,351928256,3217203805,2865275550,0.583973258164999,65516,0.0004403427806028656,0.0004403429640718412,0.005086360513452917
1007,550,0,0,351928256,2690064106,2338135851,0.8772883898524206,53479,0.29331513161855993,0.2933151316874219,0.7209315779427822
1008,551,1,0,703856512,2941311523,2237455012,0.9407884712869006,31357,1.0635000805176862,1.0635000814344813,2.0830722410710396
1009,551,0,0,703856512,2938750958,2234894447,0.9424404507956012,65461,0.0016519788985902288,0.0016519795087010958,0.014522197798829711
1010,551,0,0,703856512,2935545390,2231688879,0.944511231754241,65442,0.002070780697928415,0.0020707809586387443,0.018237366169009523
1011,551,0,0,703856512,2934796226,2230939715,0.9449956167641069,65514,0.000484384451701118,0.0004843850098656433,0.005557620055609438
1012,551,0,0,703856512,2934285604,2230429093,0.9453258615217521,65521,0.00033024448458043404,0.000330244757646789,0.0039922782726164955
1013,551,0,0,703856512,2933707032,2229850521,0.9457001443166071,65519,0.0003742827947452993,0.0003742827948539236,0.004452022505596219
1014,551,0,0,703856512,2933094585,2229238074,0.9460964469405333,65518,0.0003963024539395264,0.0003963026239281514,0.004668654543719633
1015,551,0,0,703856512,2932584352,2228727841,0.9464266920056836,65521,0.00033024448458043404,0.00033024506514744924,0.0039922782726164955
1016,551,0,0,703856512,2932074236,2228217725,0.9467569369305053,65521,0.00033024448458043404,0.00033024492482286943,0.0039922782726164955
1017,551,0,0,703856512,2931530237,2227673726,0.9471092007466595,65520,0.0003522634716290214,0.0003522638161535601,0.004227909891679893
1018,551,0,0,703856512,2931020362,2227163851,0.9474394458451485,65521,0.00033024448458043404,0.00033024509848945634,0.0039922782726164955
1019,551,0,0,703856512,2930340685,2226484174,0.9478797889703401,65516,0.0004403427806028656,0.00044034312519281986,0.005128396760739348
1020,551,0,0,703856512,2929627242,2225770731,0.9483421527427787,65515,0.0004623634480924974,0.00046236377243845037,0.005289310559804943
1021,551,0,0,703856512,2929117803,2225261292,0.9486723975571714,65521,0.00033024448458043404,0.00033024481439214003,0.0039922782726164955
1022,551,0,0,703856512,2928574526,2224718015,0.9490246612346205,65520,0.0003522634716290214,0.0003522636774468866,0.004227909891679893
1023,551,0,0,703856512,2927827702,2223971191,0.9495090462934286,65514,0.000484384451701118,0.0004843850588102491,0.005575095138429974
1024,551,0,0,703856512,2927250805,2223394294,0.949883329202482,65519,0.0003742827947452993,0.0003742829090520654,0.004452022505596219
1025,551,0,0,703856512,2926674057,2222817546,0.950257612531324,65519,0.0003742827947452993,0.00037428332884362734,0.004463541174757649
1026,551,0,0,703856512,2925656531,2221800020,0.950918177683679,65506,0.0006605645820851047,0.0006605651523547359,0.0072397202790358455
1027,551,0,0,703856512,2925080197,2221223686,0.9512924607230602,65519,0.0003742827947452993,0.0003742830393799598,0.004452022505596219
1028,551,0,0,703856512,2924300653,2220444142,0.9517988670181943,65513,0.0005064057914389884,0.0005064062951364266,0.005760569429933765
1029,551,0,0,703856512,2923792433,2219935922,0.9521291119370154,65521,0.00033024448458043404,0.0003302449188197157,0.0039922782726164955
1030,551,0,0,703856512,2910547881,2206691370,0.9607622790179597,65145,0.008633166937588794,0.008633167080942732,0.0560080277078018
1031,551,0,0,703856512,2237321146,1533464635,1.485852250682651,45542,0.525089970901264,0.5250899716646938,1.3310980482844914
1032,556,5,0,846471904,2174026975,1327555072,1.6938754353019867,1773,5.208023179101311,5.208023184619336,3.3593949935770624
1033,557,1,0,1692943808,4266054089,2573110282,0.739133854552243,63512,0.04525841903999868,0.04525841925025428,0.20145818084831468
1034,557,0,0,1692943808,4264679899,2571736092,0.739904543121451,65501,0.0007706880901105886,0.0007706885692076004,0.008184434879371635
1035,557,0,0,1692943808,3811871324,2118927517,1.0193129083051566,53997,0.27940836512540196,0.27940836518370565,0.8494624801125533
1036,557,0,0,1692943808,3811095349,2118151542,1.0198413361590042,65512,0.0005284274673163702,0.0005284278538497822,0.0059656807828434265
1037,557,0,0,1692943808,3741186264,2048242457,1.0682606441486087,63373,0.04841930789057361,0.04841930798960238,0.22477328945157962
1038,557,0,0,1692943808,3704744450,2011800643,1.0941597959423923,64370,0.025899151602926954,0.02589915179378297,0.17168808134092825
1039,557,0,0,1692943808,3704283985,2011340178,1.094490040696158,65521,0.00033024448458043404,0.0003302447537686341,0.0039922782726164955
1040,557,0,0,1692943808,3669726351,1976782544,1.119492969912585,64410,0.025002928532708267,0.02500292921642431,0.14682827352372604
1041,557,0,1,1238403968,4003233091,2764829124,0.6354568263405938,45831,0.5159638558096433,0.5159638564280101,1.7571300339852882
1042,557,0,1,1238403968,3577514544,2339110577,0.8766870820494503,55445,0.24123025565325532,0.2412302557088565,0.635964590413422
1043,560,3,0,658648576,3451190255,2792541680,0.6210683322413857,19560,1.744381250160404,1.7443812501919362,3.2705437265408377
1044,560,0,0,658648576,3445991736,2787343161,0.6237565166627093,65414,0.0026881839772797777,0.002688184421323679,0.021951455984950023
1045,560,0,0,658648576,3445311232,2786662657,0.6241087802889211,65520,0.0003522634716290214,0.00035226362621014625,0.004227909891679893
1046,561,1,0,1317297152,4063394679,2746097528,0.6452642821225432,32291,1.0211555008767401,1.021155501833624,2.654152560913473
1047,561,0,1,487110656,3887216517,3400105862,0.33706748076699,40572,0.6918031983854666,0.691803198644444,1.1688208962186402
1048,561,0,1,487110656,3885711953,3398601298,0.3377060218913073,65507,0.0006385408891551363,0.000638541124320228,0.007058862565262022
1049,561,0,1,487110656,3883896904,3396786249,0.3384767100192292,65501,0.0007706880901105886,0.0007706881279193608,0.008391988328953793
1050,561,0,1,487110656,3881927331,3394816676,0.33931347662964484,65498,0.000836766229995985,0.0008367666104171629,0.00890522865497385
1051,561,0,1,487110656,3881046717,3393936062,0.33968775965537645,65519,0.0003742827947452993,0.00037428302573222526,0.004463541174757649
1052,561,0,1,487110656,3880269906,3393159251,0.3400180044303873,65521,0.00033024448458043404,0.00033024477500852935,0.0039922782726164955
1053,561,0,1,487110656,3879493273,3392382618,0.34034824911952555,65521,0.00033024448458043404,0.0003302446891388069,0.0039922782726164955
1054,561,0,1,487110656,3878199181,3391088526,0.34089869890957303,65511,0.0005504494793435254,0.0005504497900472229,0.0062514643534038305
1055,561,0,1,487110656,3877164302,3390053647,0.341339042077351,65516,0.0004403427806028656,0.00044034316777951467,0.005158914338864347
1056,561,0,1,487110656,3876181467,3389070812,0.34175736488556296,65517,0.000418322449221962,0.0004183228082099142,0.004879723990344825
1057,561,0,1,487110656,3875405770,3388295115,0.34208760947677064,65521,0.00033024448458043404,0.00033024459120926746,0.0039922782726164955
1058,561,0,1,487110656,3874630250,3387519595,0.34241785429923866,65521,0.00033024448458043404,0.0003302448224696669,0.0039922782726164955
1059,561,0,1,487110656,3873596461,3386485806,0.3428581971058726,65516,0.0004403427806028656,0.0004403428066308006,0.005139915429900777
1060,561,0,1,487110656,3872769682,3385659027,0.343210460679245,65520,0.0003522634716290214,0.0003522635733733843,0.004227909891679893
1061,561,0,1,487110656,3871891444,3384780789,0.34358474348770685,65519,0.0003742827947452993,0.0003742828084617652,0.004452022505596219
1062,561,0,1,487110656,3870445309,3383334654,0.3442012612886458,65508,0.0006165175324262582,0.000616517800937826,0.006841840065218801
1063,561,0,1,487110656,3869619299,3382508644,0.3445535250003964,65520,0.0003522634716290214,0.0003522637117527479,0.004227909891679893
1064,561,0,1,487110656,3868845104,3381734449,0.34488376957520117,65521,0.00033024448458043404,0.00033024457480364846,0.0039922782726164955
1065,561,0,1,487110656,3867967884,3380857229,0.34525805239785967,65519,0.0003742827947452993,0.0003742828226591901,0.004463541174757649
1066,561,0,1,487110656,3867142479,3380031824,0.34561031604153314,65520,0.0003522634716290214,0.00035226364367356476,0.004227909891679893
1067,561,0,1,487110656,3866214125,3379103470,0.34600661872291383,65518,0.0003963024539395264,0.00039630268138008686,0.004687653452683203
1068,561,0,1,487110656,3842032003,3354921348,0.3563682014006311,65067,0.010361582546734381,0.010361582677717729,0.0655210039283826
1069,561,0,1,487110656,2632927277,2145816622,1.0011203550242698,41917,0.6447521535751758,0.6447521536236389,1.4692909689331346
1070,561,0,1,487110656,2632436138,2145325483,1.001450599880041,65521,0.00033024448458043404,0.0003302448557719424,0.0039922782726164955
1071,561,0,1,487110656,2622484677,2135374022,1.0081583584045255,65232,0.006707758511452549,0.006707758524483187,0.05126303549634141
1072,563,2,0,974221312,2148585789,1174364478,1.8707669104824909,18021,1.862608550752374,1.8626085520779645,3.5531589797435936
1073,564,1,0,1948442624,4055224111,2106781488,1.0276064581170026,58785,0.15683954678927187,0.15683954763451308,0.5430958601844635
1074,564,0,0,1948442624,3822158837,1873716214,1.1967446816279832,58286,0.16913822340684068,0.1691382235109814,0.5113592315043158
1075,564,0,0,1948442624,3820071720,1871629097,1.1983525833872655,65463,0.0016079015700331673,0.00160790175928105,0.015061476147583056
1076,564,0,0,1948442624,3819443426,1871000803,1.1988369682560638,65514,0.000484384451701118,0.00048438486879800725,0.005546101386448008
1077,564,0,0,1948442624,3794919657,1846477034,1.2178718272234512,64677,0.01903485854526546,0.019034858967389243,0.12394413504396846
1078,564,0,0,1948442624,3793031931,1844589308,1.2193475054821796,65469,0.0014756776637093812,0.001475678258726933,0.013511510598812016
1079,565,1,1,986912672,3941475491,2954562820,0.5397024721519088,26243,1.3203549676543054,1.3203549666697303,1.3968741099427884
1080,565,0,1,986912672,3639869880,2652957209,0.6950457402780259,58846,0.15534326765566228,0.15534326812611593,0.5799190633942211
1081,567,2,0,411076886,2983234189,2572157304,0.7396682705480728,31770,1.044622530399145,1.0446225302700487,1.003927116018259
1082,567,0,0,411076886,2535492939,2124416054,1.0155808091267957,54128,0.27591253820601175,0.27591253857872194,1.0066451223095372
1083,567,0,0,411076886,2528523495,2117446610,1.0203215525881646,65321,0.004740743145588853,0.004740743461368514,0.03861356622151351
1084,572,5,1,179144704,3123718847,2944574144,0.5445881451546946,1424,5.524266569033602,5.524266592566528,0.5323974949453076
1085,572,0,1,179144704,2211582010,2032437307,1.0794362947098222,45235,0.5348481489887865,0.5348481495551294,1.578392708465276
1086,572,0,1,179144704,2208263669,2029118966,1.081793694114431,65429,0.0023573993620059253,0.00235739940460962,0.019818552039339323
1087,572,0,1,179144704,2207458659,2028313956,1.0823661664004476,65510,0.0005724718275307164,0.0005724722860149875,0.0064674552149526065
1088,572,0,1,179144704,2206932515,2027787812,1.0827404495852733,65519,0.0003742827947452993,0.00037428318482506134,0.004463541174757649
1089,572,0,1,179144704,2206406508,2027261805,1.083114732401171,65519,0.0003742827947452993,0.0003742828158983666,0.004452022505596219
1090,572,0,1,179144704,2205849703,2026705000,1.0835110355067137,65518,0.0003963024539395264,0.0003963031055423217,0.004699172121844633
1091,572,0,1,179144704,2204272524,2025127821,1.0846341758421296,65485,0.001123139814249491,0.001123140335415927,0.011140718034600615
1092,572,0,1,179144704,2203716306,2024571603,1.0850304783185756,65518,0.0003963024539395264,0.00039630247644721676,0.004687653452683203
1093,572,0,1,179144704,2203222025,2024077322,1.0853827423771598,65520,0.0003522634716290214,0.00035226405858271493,0.004227909891679893
1094,572,0,1,179144704,2202727865,2023583162,1.0857350062035174,65520,0.0003522634716290214,0.00035226382635880486,0.004227909891679893
1095,572,0,1,179144704,2202141193,2022996490,1.086153329263361,65517,0.000418322449221962,0.0004183230598415431,0.004904285154810719
1096,572,0,1,179144704,2201678165,2022533462,1.0864835743537355,65521,0.00033024448458043404,0.00033024509037652355,0.0039922782726164955
1097,572,0,1,179144704,2200999213,2021854510,1.0869679594816652,65514,0.000484384451701118,0.0004843851279276771,0.005575095138429974
1098,572,0,1,179144704,2200197085,2021052382,1.0875404317813526,65510,0.0005724718275307164,0.0005724722996873503,0.006420101042470913
1099,572,0,1,179144704,2199672825,2020528122,1.0879147147162733,65519,0.0003742827947452993,0.00037428293492115924,0.004463541174757649
1100,572,0,1,179144704,2199179532,2020034829,1.0882669781889476,65520,0.0003522634716290214,0.00035226347267519555,0.004227909891679893
1101,572,0,1,179144704,2197915777,2018771074,1.089169825800191,65495,0.0009028473965228007,0.000902847611244263,0.009672740315038867
1102,572,0,1,179144704,2195667084,2016522381,1.0907777279820614,65463,0.0016079015700331673,0.0016079021818708034,0.014735408104431833
1103,572,0,1,179144704,2194867072,2015722369,1.091350199859022,65510,0.0005724718275307164,0.0005724718769593358,0.006506091521343589
1104,572,0,1,179144704,2180626357,2001481654,1.1015787542725626,65073,0.010228553958268622,0.010228554413539603,0.06416626996804524
1105,574,2,1,1845446360,3682743971,1837297612,1.2250618077627742,15040,2.123483053435,2.1234830534902116,2.0195349551498363
1106,574,0,1,1845446360,3682323446,1836877087,1.2253920529930191,65521,0.00033024448458043404,0.0003302452302467535,0.0039922782726164955
1107,574,0,1,1845446360,3672961920,1827515561,1.232763455468337,65202,0.007371402223826068,0.007371402475317008,0.0558628745712289
1108,577,3,1,556250960,3701085783,3144834824,0.44966290151777244,14097,2.2168994468777283,2.2168994460494345,2.852593832452191
1109,577,0,1,556250960,2705272607,2149021648,0.998967130300187,44784,0.5493042284270852,0.549304228782416,0.9463559245297114
1110,577,0,3,2115634696,3241037875,1125403180,1.9322052009428567,8580,2.9332380676130922,2.933238070642668,2.62217740215693
1111,577,0,4,2083785744,3743109755,1659324012,1.372051520802735,48314,0.43984631950688025,0.439846319859881,0.8350616897696481
1112,577,0,4,2083785744,3742654008,1658868265,1.3724478232988204,65518,0.0003963024539395264,0.0003963024960862517,0.004668654543719633
1113,577,0,4,2083785744,3742198386,1658412643,1.3728441259468553,65518,0.0003963024539395264,0.0003963026480320671,0.004699172121844633
1114,577,0,4,2083785744,3669470756,1585685013,1.437540929394796,62662,0.06469680311894742,0.06469680344794244,0.2690767840199861
1115,577,0,4,2083785744,3669083625,1585297882,1.4378931936580521,65520,0.0003522634716290214,0.0003522642632541143,0.004227909891679893
1116,577,0,4,2083785744,3644700381,1560914638,1.460255503445783,64528,0.022362309594123858,0.022362309787731537,0.14689181603311885
1117,585,8,0,206279856,4272813087,4066533232,0.07884774226187474,10671,2.6185922402169934,2.618592238816092,1.9782561435396562
1118,585,0,0,206279856,3833992850,3627712995,0.24358682384876218,58464,0.16473908137251142,0.16473908158688974,0.8082748599442686
1119,585,0,0,206279856,3829343071,3623063216,0.2454371675440825,65452,0.0018503435436362735,0.0018503436953178458,0.017522649679337456
1120,586,1,0,412559712,3847327129,3434767418,0.3224347343818046,31065,1.0769975661709696,1.0769975668377214,1.913871182502683
1121,586,0,0,2052900145,3456974533,1404074389,1.6130277731929326,26790,1.2905930392702587,1.2905930388111293,1.661124193851587
1122,586,0,1,1958316642,3309986763,1351670122,1.6679040442633273,31545,1.054876269659702,1.0548762710703936,1.7588627285659928
1123,586,0,1,1958316642,3283009460,1324692819,1.6969892919108958,64228,0.029085247484182935,0.029085247647571363,0.18592714151467318
1124,586,0,1,1958316642,3282625409,1324308768,1.6974076144062487,65517,0.000418322449221962,0.0004183224953504218,0.00492328406377429
1125,586,0,1,1958316642,3282322298,1324005657,1.697737859738389,65521,0.00033024448458043404,0.00033024533214063976,0.0039922782726164955
1126,586,0,1,1958316642,3281999054,1323682413,1.698090123680199,65520,0.0003522634716290214,0.0003522639418125353,0.004227909891679893
1127,586,0,1,1958316642,3281655691,1323339050,1.6984644070829056,65519,0.0003742827947452993,0.0003742834027056122,0.004452022505596219
1128,586,0,1,1958316642,3281332610,1323015969,1.6988166707478136,65520,0.0003522634716290214,0.0003522636649086574,0.004227909891679893
1129,586,0,1,1958316642,3280969232,1322652591,1.699212974086631,65518,0.0003963024539395264,0.0003963033388163224,0.004687653452683203
1130,586,0,1,1958316642,3280666500,1322349859,1.699543219494931,65521,0.00033024448458043404,0.0003302454082985536,0.0039922782726164955
1131,586,0,1,1958316642,3280162063,1321845422,1.700093669586419,65511,0.0005504494793435254,0.0005504500914880428,0.0062094281061174
1132,586,0,1,1958316642,3279758667,1321442026,1.700534013230218,65516,0.0004403427806028656,0.00044034364380083973,0.005115354265434883
1133,586,0,1,1958316642,3279456212,1321139571,1.7008642587227278,65521,0.00033024448458043404,0.0003302454925083611,0.0039922782726164955
1134,586,0,1,1958316642,3279153827,1320837186,1.7011945033705551,65521,0.00033024448458043404,0.00033024464782917566,0.0039922782726164955
1135,586,0,1,1958316642,3278791048,1320474407,1.7015908060778315,65518,0.0003963024539395264,0.00039630270727376805,0.004699172121844633
1136,586,0,1,1958316642,3278488815,1320172174,1.7019210509923397,65521,0.00033024448458043404,0.00033024491451012067,0.0039922782726164955
1137,586,0,1,1958316642,3278146363,1319829722,1.7022953339090776,65519,0.0003742827947452993,0.0003742829167373173,0.004463541174757649
1138,586,0,1,1958316642,3277723443,1319406802,1.7027576983742314,65515,0.0004623634480924974,0.00046236446515249545,0.00539454427794825
1139,586,0,1,1958316642,3277361057,1319044416,1.7031540009359816,65518,0.0003963024539395264,0.000396302561751626,0.004687653452683203
1140,586,0,1,1958316642,3276797500,1318480859,1.7037705189343022,65508,0.0006165175324262582,0.0006165179983203945,0.006872357643343801
1141,586,0,1,1958316642,3276314657,1317998016,1.7042989473742338,65512,0.0005284274673163702,0.0005284284399326788,0.005960362857648164
1142,586,0,1,1958316642,3260326369,1302009728,1.7219069183359004,64741,0.017607970629464235,0.01760797096166348,0.09910507836584656
1143,586,0,3,1390815624,3860215663,2469400040,0.7984865756432242,31074,1.0765796561479954,1.076579657307325,1.7567585658852285
1144,593,7,1,1913812480,3243767679,1329955200,1.6912694971492357,1103,5.892782924408618,5.8927829215060115,2.875123571155019
1145,593,0,1,1913812480,3243138580,1329326101,1.691952086105971,65505,0.0006825886112264284,0.000682588956736378,0.007371482477389924
1146,593,0,1,1913812480,3241049337,1327236858,1.694221289722254,65433,0.002269202938821913,0.0022692036162840702,0.02203904335310383
1147,593,0,2,1680141312,4094871527,2414730216,0.8307851320170982,59617,0.13656384146528125,0.13656384229484228,0.5643754793342189
1148,593,0,2,1680141312,3706626710,2026485399,1.083667365332257,54999,0.2528822328706435,0.25288223331515874,0.7235923203726253
1149,593,0,2,1680141312,3681611043,2001469732,1.1015873478369684,64727,0.017919981792858593,0.0179199825047124,0.10938656592713898
1150,593,0,2,1680141312,3624470694,1944329383,1.1433745037329324,63665,0.04178715540354719,0.04178715589596549,0.22029183018895535
1151,593,0,2,1680141312,3623966336,1943825025,1.1437487865999003,65519,0.0003742827947452993,0.0003742828669646214,0.004463541174757649
1152,593,0,2,1680141312,3560641347,1880500036,1.19153081201679,63401,0.04778202482304017,0.04778202541689128,0.310893248195798
1153,598,5,0,655801872,2529644863,1873842992,1.1966470703658736,8163,3.0051162580291653,3.005116258349085,2.820357566150832
1154,598,0,0,655801872,2484725927,1828924056,1.2316519759609612,63965,0.03500490500212202,0.03500490559508639,0.19968296976397004
1155,599,1,0,1311603744,3317682491,2006078748,1.0982689064050213,35942,0.8666169303060562,0.8666169304440594,0.997894455342368
1156,599,0,1,475723840,3748519363,3272795524,0.39212367675856186,53459,0.29385476956118456,0.29385477035354174,1.2556674500049614
1157,599,0,1,475723840,3747670401,3271946562,0.3924979598878515,65519,0.0003742827947452993,0.00037428312929030903,0.004463541174757649
1158,605,6,0,1090394464,3536366239,2445971776,0.8122393892701716,1531,5.419741432500212,5.419741429382319,0.20984235084479444
1159,605,0,0,1090394464,3528491177,2438096714,0.816891790342428,65325,0.0046524009052545294,0.004652401072256506,0.03666370465876111
1160,605,0,0,1090394464,3527858736,2437464273,0.8172660732206047,65519,0.0003742827947452993,0.0003742828781776007,0.004463541174757649
1161,610,5,0,841126688,2214580671,1373453984,1.6448385706324409,1154,5.827572491354518,5.827572497411835,2.9329174595125846
1162,612,2,0,1030131604,2727165443,1697033840,1.3396318125336215,20244,1.694793240991278,1.6947932419011802,1.973952603541572
1163,612,0,0,1030131604,2725767130,1695635527,1.3408210468071182,65482,0.0011892340994270377,0.001189234273497947,0.011982688394934275
1164,612,0,0,1030131604,2724473462,1694341859,1.3419221565115471,65486,0.001101109058724726,0.0011011097044271783,0.01106096508173394
1165,612,0,0,1030131604,2723982243,1693850640,1.3423404793904652,65517,0.000418322449221962,0.00041832287891834424,0.004911765394612859
1166,612,0,0,1030131604,2723594551,1693462948,1.3426707241780846,65521,0.00033024448458043404,0.0003302447876193016,0.0039922782726164955
1167,612,0,0,1030131604,2723181107,1693049504,1.3430229884144644,65520,0.0003522634716290214,0.00035226423638073565,0.004227909891679893
1168,612,0,0,1030131604,2722586927,1692455324,1.3435293947507425,65513,0.0005064057914389884,0.0005064063362764542,0.005760569429933765
1169,612,0,0,1030131604,2722070430,1691938827,1.3439697380636488,65516,0.0004403427806028656,0.0004403433129079518,0.005170433008025777
1170,612,0,0,1030131604,2721554091,1691422488,1.344410081054626,65516,0.0004403427806028656,0.0004403429909765013,0.005115354265434883
1171,612,0,0,1030131604,2721166955,1691035352,1.3447403256378294,65521,0.00033024448458043404,0.00033024458320431486,0.0039922782726164955
1172,612,0,0,1030131604,2720754104,1690622501,1.3450925895978045,65520,0.0003522634716290214,0.000352263959972709,0.004227909891679893
1173,612,0,0,1030131604,2720212370,1690080767,1.3455549531358102,65515,0.0004623634480924974,0.00046236353800609294,0.00536402669982325
1174,612,0,0,1030131604,2719696598,1689564995,1.3459952961568291,65516,0.0004403427806028656,0.000440343021018754,0.005147395669702917
1175,612,0,0,1030131604,2719000518,1688868915,1.3465897912424367,65509,0.0005944945118882062,0.0005944950856074299,0.0067112018661578485
1176,612,0,0,1030131604,2718510886,1688379283,1.347008113865943,65517,0.000418322449221962,0.000418322623506377,0.004904285154810719
1177,612,0,0,1030131604,2717789532,1687657929,1.347624631865603,65508,0.0006165175324262582,0.0006165179996617617,0.006734730232323081
1178,612,0,0,1030131604,2717300251,1687168648,1.3480429545622776,65517,0.000418322449221962,0.00041832269667286815,0.004934802732935719
1179,612,0,0,1030131604,2716862600,1686730997,1.3484172377344628,65519,0.0003742827947452993,0.0003742831721845852,0.004452022505596219
1180,612,0,0,1030131604,2716450800,1686319197,1.3487695015826802,65520,0.0003522634716290214,0.0003522638482204806,0.004227909891679893
1181,612,0,0,1030131604,2716064832,1685933229,1.3490997462094967,65521,0.00033024448458043404,0.000330244626813892,0.0039922782726164955
1182,612,0,0,1030131604,2715498875,1685367272,1.3495841310127403,65514,0.000484384451701118,0.0004843848032439857,0.0056111749720572975
1183,612,0,0,1030131604,2714418775,1684287172,1.3505090062442662,65494,0.0009248751246666447,0.0009248752315275978,0.00976197856905798
1184,612,0,0,1030131604,2698047758,1667916155,1.3646003786975953,64899,0.014091371904962012,0.014091372453327937,0.08334850180508145
1185,612,0,0,1030131604,2275520536,1245388933,1.7860507819661144,48934,0.42145040299132014,0.4214504032685188,1.1845037086853023
1186,612,0,0,1030131604,2275235489,1245103886,1.7863810265602602,65521,0.00033024448458043404,0.00033024459414507894,0.0039922782726164955
1187,612,0,0,1030131604,2273297613,1243166010,1.788628182035474,65434,0.002247154675456557,0.0022471554752131733,0.020931342250232503
1188,613,1,0,2060263208,3388904467,1328641260,1.6926955239305705,35021,0.9040673409496932,0.9040673418950997,2.6890915364348236
1189,613,0,0,2060263208,3388539544,1328276337,1.693091827230539,65518,0.0003963024539395264,0.0003963032999677899,0.004687653452683203
1190,613,0,0,2060263208,3341193756,1280930549,1.7454548899512936,63200,0.05236306204817238,0.052363062720754756,0.2441713409452834
1191,613,0,0,2060263208,3337304211,1277041004,1.7498422973100354,65337,0.004387406636999922,0.004387407358742592,0.03442513130217387
1192,613,0,0,2060263208,3336544253,1276281046,1.7507010904029485,65497,0.0008587929491977406,0.0008587930929112934,0.009090944418732724
1193,613,0,0,2060263208,3336232660,1275969453,1.751053354946169,65520,0.0003522634716290214,0.00035226454322201693,0.004227909891679893
1194,613,0,1,1973042768,4198435047,2225392280,0.9485874771134597,57150,0.1975341220107971,0.19753412216729,0.753329329854105
1195,618,5,0,450194768,4061567439,3611372672,0.250099840569586,6647,3.3015123614423083,3.3015123634561263,0.9794861653771761
1196,618,0,0,450194768,4058040707,3607845940,0.25150941117415115,65472,0.0014095702546713536,0.001409570604563898,0.01357107797970581
1197,618,0,0,450194768,4035855008,3585660241,0.2604083538048343,65133,0.008898942287834102,0.008898942630682364,0.06576347500121536
1198,618,0,0,450194768,2571466025,2121271258,1.0177180284225784,38771,0.757309674207591,0.7573096746177462,1.0760269402369944
1199,618,0,0,450194768,2524143964,2073949197,1.0502665913678264,64074,0.0325485628337972,0.03254856294524869,0.20027588780665223
1200,619,1,0,900389536,4089099083,3188709548,0.42967445411306926,50381,0.37940786239739316,0.3794078627452412,1.360367318088219
1201,619,0,0,900389536,4087298816,3186909281,0.4304891942698639,65499,0.0008147398470877202,0.000814740156795261,0.008637872566078411
1202,619,0,0,900389536,4086374876,3185985341,0.43090751710257535,65517,0.000418322449221962,0.00041832283270977553,0.004904285154810719
1203,619,0,0,900389536,2350456227,1450066692,1.5665278912873042,29828,1.135620373813761,1.1356203741847293,1.7535416350773585
1204,620,1,0,1800779072,3431440311,1630661240,1.3971900439968117,36849,0.8306621521374371,0.8306621527095092,2.2892095163975945
1205,620,0,0,1800779072,3430917790,1630138719,1.397652408123033,65515,0.0004623634480924974,0.00046236412622131275,0.00539454427794825
1206,620,0,0,1800779072,3430395437,1629616366,1.3981147717482116,65515,0.0004623634480924974,0.000462363625176356,0.00539454427794825
1207,620,0,0,1800779072,3430022447,1629243376,1.3984450165996307,65521,0.00033024448458043404,0.00033024485142197496,0.0039922782726164955
1208,620,0,0,1800779072,3429574961,1628795890,1.3988413198878469,65518,0.0003963024539395264,0.0003963032882163159,0.004687653452683203
1209,620,0,0,1800779072,3429152452,1628373381,1.3992156029488356,65519,0.0003742827947452993,0.00037428306098610917,0.004463541174757649
1210,620,0,0,1800779072,3428754899,1627975828,1.3995678672224905,65520,0.0003522634716290214,0.00035226427365641787,0.004227909891679893
1211,620,0,0,1800779072,3427860625,1627081554,1.4003605811725386,65500,0.0007927138004626774,0.0007927139500460379,0.008201357910653049
1212,620,0,0,1800779072,3427413733,1626634662,1.400756884250903,65518,0.0003963024539395264,0.00039630307836723835,0.004687653452683203
1213,620,0,0,1800779072,3427041425,1626262354,1.4010871295092002,65521,0.00033024448458043404,0.00033024525829548847,0.0039922782726164955
1214,620,0,0,1800779072,3426644388,1625865317,1.4014393932403593,65520,0.0003522634716290214,0.00035226373115855776,0.004227909891679893
1215,620,0,0,1800779072,3426173022,1625393951,1.401857715705198,65517,0.000418322449221962,0.0004183224648377476,0.004904285154810719
1216,620,0,0,1800779072,3425751395,1624972324,1.4022319991760135,65519,0.0003742827947452993,0.0003742834708169157,0.004463541174757649
1217,620,0,0,1800779072,3425329878,1624550807,1.4026062820873477,65519,0.0003742827947452993,0.00037428291133541943,0.004463541174757649
1218,620,0,0,1800779072,3424933259,1624154188,1.4029585456927833,65520,0.0003522634716290214,0.0003522636054340565,0.004227909891679893
1219,620,0,0,1800779072,3424536736,1623757665,1.403310810036416,65520,0.0003522634716290214,0.0003522643436348958,0.004227909891679893
1220,620,0,0,1800779072,3424090757,1623311686,1.403707113056857,65518,0.0003963024539395264,0.00039630302043802137,0.004699172121844633
1221,620,0,0,1800779072,3423669670,1622890599,1.4040813966515024,65519,0.0003742827947452993,0.00037428359464673576,0.004452022505596219
1222,620,0,0,1800779072,3423050586,1622271515,1.4046318464571854,65511,0.0005504494793435254,0.0005504498056819042,0.006145878346651145
1223,620,0,0,1800779072,3422654523,1621875452,1.4049841104788996,65520,0.0003522634716290214,0.0003522640217171714,0.004227909891679893
1224,620,0,0,1800779072,3422209061,1621429990,1.405380413469068,65518,0.0003963024539395264,0.00039630299016757783,0.004687653452683203
1225,620,0,0,1800779072,3421590534,1620811463,1.4059308634335856,65511,0.0005504494793435254,0.0005504499645179274,0.006264506848708294
1226,620,0,0,1800779072,3408012874,1607233803,1.418067334055113,64987,0.012136470175384823,0.012136470621527083,0.07408111970031048
1227,622,2,0,1368944144,3268313095,1899368952,1.1771269701107236,19362,1.7590596367919018,1.7590596360556092,1.8822316735608016
1228,622,0,1,590404640,2190330841,1599926202,1.4246417849411372,27602,1.2475148141158123,1.2475148148304127,2.8383100661319633
1229,624,2,0,1180809280,3809252491,2628443212,0.7084385804594788,53833,0.2837967944890294,0.28379679551834336,0.7113890704666691
1230,624,0,0,1180809280,3808530567,2627721288,0.708834883193628,65518,0.0003963024539395264,0.00039630273415069067,0.004687653452683203
1231,624,0,0,1180809280,3804440790,2623631511,0.7110820383229814,65434,0.002247154675456557,0.002247155129353189,0.022351093905869496
1232,624,0,1,214134912,3612093213,3397958302,0.33797899739593973,42439,0.6268969583552252,0.6268969590729558,1.407015069168774
1233,624,0,1,214134912,3600842038,3386707127,0.34276391403659545,65319,0.004784916294425402,0.004784916640657266,0.037498473494086026
1234,624,0,1,214134912,3202050245,2987915334,0.5235078777222348,57819,0.18074396333944112,0.18074396368563747,0.7085938823841845
1235,628,4,0,564966632,3282612775,2717646144,0.6602895263803426,7451,3.136781652417559,3.1367816486581073,0.8171585721572919
1236,628,0,0,564966632,3281949287,2716982656,0.6606417899432344,65520,0.0003522634716290214,0.00035226356289321843,0.004227909891679893
1237,630,2,1,1047194536,2235874447,1188679912,1.853286867885629,3584,4.192645077942396,4.192645077942396,2.795612088057078
1238,630,0,1,1047194536,2235602379,1188407844,1.853617113292099,65521,0.00033024448458043404,0.00033024540647090084,0.0039922782726164955
1239,630,0,5,514119216,3109119167,2594999952,0.726912634116271,8944,2.87329552715681,2.8732955208241706,0.7975577769718861
1240,630,0,5,514119216,3108485622,2594366407,0.7272648976378626,65520,0.0003522634716290214,0.00035226352159000595,0.004227909891679893
1241,630,0,5,514119216,3103537260,2589418045,0.7300192480752514,65411,0.0027543500024802443,0.0027543504373883122,0.024355600429177494
1242,630,0,6,1338204806,3279241043,1941036238,1.1458200934465168,24563,1.4158008455402293,1.4158008453712672,1.9418202297343423
1243,630,0,6,1338204806,3277789767,1939584962,1.1468991726340327,65487,0.0010790786396167112,0.0010790791875138965,0.0108150312089514
1244,630,0,6,1338204806,3266158649,1927953844,1.1555766327391126,65143,0.008677459429330238,0.0086774601050826,0.06632006704522353
1245,630,0,6,1338204806,3265246683,1927041878,1.156259221745735,65505,0.0006825886112264284,0.0006825890066205069,0.007485565208297265
1246,630,0,6,1338204806,3264688000,1926483195,1.1566775448052233,65517,0.000418322449221962,0.0004183230594882629,0.00492328406377429
1247,630,0,6,1338204806,3264247062,1926042257,1.157007790030928,65521,0.00033024448458043404,0.0003302452257061385,0.0039922782726164955
1248,630,0,6,1338204806,3263776836,1925572031,1.1573600541316118,65520,0.0003522634716290214,0.0003522641006816926,0.004227909891679893
1249,630,0,6,1338204806,3263336107,1925131302,1.157690299019606,65521,0.00033024448458043404,0.00033024488799409556,0.0039922782726164955
1250,630,0,6,1338204806,3262572352,1924367547,1.15826277123411,65510,0.0005724718275307164,0.000572472214505679,0.006393025274788764
1251,630,0,6,1338204806,3261779537,1923574732,1.1588572657468106,65509,0.0005944945118882062,0.0005944945127007697,0.006655728965410172
1252,630,0,6,1338204806,3261280562,1923075757,1.1592315491729366,65519,0.0003742827947452993,0.0003742834261255316,0.004452022505596219
1253,630,0,6,1338204806,3260811061,1922606256,1.1595838127066713,65520,0.0003522634716290214,0.00035226353373363683,0.004227909891679893
1254,630,0,6,1338204806,3260341674,1922136869,1.1599360767089735,65520,0.0003522634716290214,0.00035226400230431226,0.004227909891679893
1255,630,0,6,1338204806,3259843072,1921638267,1.1603103601211728,65519,0.0003742827947452993,0.00037428341219790514,0.004463541174757649
1256,630,0,6,1338204806,3259373922,1921169117,1.1606626236171849,65520,0.0003522634716290214,0.00035226349601272976,0.004227909891679893
1257,630,0,6,1338204806,3258347906,1920143101,1.161433312458012,65501,0.0007706880901105886,0.0007706888408276811,0.008317516519242545
1258,630,0,6,1338204806,3257908420,1919703615,1.1617635570341136,65521,0.00033024448458043404,0.0003302445761008526,0.0039922782726164955
1259,630,0,6,1338204806,3257439742,1919234937,1.1621158207760693,65520,0.0003522634716290214,0.0003522637419559403,0.004227909891679893
1260,630,0,6,1338204806,3257000463,1918795658,1.1624460660005127,65521,0.00033024448458043404,0.0003302452244438597,0.0039922782726164955
1261,630,0,6,1338204806,3256502728,1918297923,1.1628203491943125,65519,0.0003742827947452993,0.0003742831938006678,0.004463541174757649
1262,630,0,7,528925964,4222855425,3693929462,0.21749082863611235,63099,0.05467047905370609,0.0546704794417972,0.23678431052264148
1263,630,0,7,528925964,2705118019,2176192056,0.9808412612950228,38609,0.763350432493601,0.7633504326589123,1.5278656891949352
1264,630,0,7,528925964,2704619928,2175693965,0.9811715058902557,65521,0.00033024448458043404,0.00033024459523144935,0.0039922782726164955
1265,630,0,7,528925964,2695623146,2166697183,0.9871496091540806,65265,0.005978102850952038,0.005978103263826488,0.04648420626222141
1266,641,11,0,426685456,2730388159,2303702704,0.8986925989988066,4355,3.911542996513773,3.9115429898447247,3.582447416879197
1267,641,0,0,426685456,2729825731,2303140276,0.8990448628350229,65520,0.0003522634716290214,0.0003522638362154317,0.004227909891679893
1268,641,0,0,426685456,2521532389,2094846934,1.0358023128894125,59609,0.1367574495766736,0.13675745005439177,0.45573514127546394
1269,641,0,0,426685456,2516194262,2089508807,1.0394833065740698,65369,0.0036809931252891866,0.003680993684654886,0.03235710362892845
1270,644,3,1,1752671088,3576910223,1824239136,1.2353522839959545,3576,4.195868978816682,4.1958689774218865,1.173445521881802
1271,644,0,2,1357858528,4234397715,2876539188,0.5783130213684515,51670,0.3429607366877773,0.34296073737249483,1.0067739119303443
1272,647,3,0,952030506,2887163251,1935132746,1.1502146104310889,22044,1.5719015881674943,1.571901589062637,2.1174025288631952
1273,647,0,0,952030506,2358586418,1406555913,1.610480242629162,47635,0.4602656315510389,0.46026563219807576,0.9590694224212065
1274,647,0,0,952030506,2357534763,1405504258,1.6115593216187278,65487,0.0010790786396167112,0.0010790789895650387,0.010891942300812498
1275,647,0,3,690385688,2803274479,2112888792,1.0234303103321025,12315,2.4118709926136765,2.4118709887133756,1.3269747351880696
1276,651,4,0,1380771376,3226260575,1845489200,1.218643851211052,28621,1.1952135406348463,1.1952135408789495,2.5922211844058483
1277,651,0,0,1380771376,3222571624,1841800249,1.2215305424583782,65405,0.0028866911572534176,0.0028866912473260965,0.02269406493691042
1278,651,0,0,1380771376,3222065758,1841294383,1.2219268452673298,65518,0.0003963024539395264,0.0003963028089491399,0.004668654543719633
1279,651,0,1,614059104,4289567695,3675508592,0.2247032518773402,65410,0.0027764060185773093,0.002776406610010125,0.024812856056706453
1280,651,0,1,614059104,4287156091,3673096988,0.22565015512814313,65493,0.0009469031891450585,0.0009469032508035833,0.010133170773021543
1281,651,0,1,614059104,4286147244,3672088141,0.22604645788906907,65518,0.0003963024539395264,0.00039630276092603677,0.004699172121844633
1282,651,0,1,614059104,4285306769,3671247666,0.2263767026583814,65521,0.00033024448458043404,0.00033024476931313516,0.0039922782726164955
1283,651,0,1,614059104,4284410468,3670351365,0.2267289662480465,65520,0.0003522634716290214,0.0003522635896643828,0.004227909891679893
1284,651,0,1,614059104,4283570391,3669511288,0.22705921082739522,65521,0.00033024448458043404,0.0003302445793482686,0.0039922782726164955
1285,651,0,1,614059104,4282618521,3668559418,0.2274334939847229,65519,0.0003742827947452993,0.0003742831573291659,0.004452022505596219
1286,651,0,1,614059104,4281778854,3667719751,0.22776373862080845,65521,0.00033024448458043404,0.000330244636083847,0.0039922782726164955
1287,651,0,1,614059104,4280883414,3666824311,0.22811600233151808,65520,0.0003522634716290214,0.0003522637107123413,0.004227909891679893
1288,651,0,1,614059104,4280044144,3665985041,0.2284462470205959,65521,0.00033024448458043404,0.00033024468907648597,0.0039922782726164955
1289,651,0,1,614059104,4279205066,3665145963,0.22877649174658643,65521,0.00033024448458043404,0.0003302447259895292,0.0039922782726164955
1290,651,0,1,614059104,4277974700,3663915597,0.22926087652868077,65514,0.000484384451701118,0.000484384782095713,0.005599656302895868
1291,651,0,1,614059104,4277136096,3663076993,0.22959112112016555,65521,0.00033024448458043404,0.0003302445914859467,0.0039922782726164955
1292,651,0,1,614059104,4276297684,3662238581,0.22992136568852217,65521,0.00033024448458043404,0.00033024456835591755,0.0039922782726164955
1293,651,0,1,614059104,4275459464,3661400361,0.23025161021642404,65521,0.00033024448458043404,0.00033024452789971433,0.0039922782726164955
1294,651,0,1,614059104,4274621435,3660562332,0.2305818550806471,65521,0.00033024448458043404,0.0003302448642237151,0.0039922782726164955
1295,651,0,1,614059104,4273783598,3659724495,0.23091209986990435,65521,0.00033024448458043404,0.00033024478925967123,0.0039922782726164955
1296,651,0,1,614059104,4272945953,3658886850,0.23124234456684079,65521,0.00033024448458043404,0.0003302446969335666,0.0039922782726164955
1297,651,0,1,614059104,4271717688,3657658585,0.231726729405775,65514,0.000484384451701118,0.0004843848389342896,0.005599656302895868
1298,651,0,1,614059104,4236389045,3622329942,0.24572918503546148,64903,0.014002455244735165,0.014002455629685913,0.08322090097552984
1299,653,2,0,1228118208,3703988681,2475870474,0.79471130456567,22397,1.548982119193371,1.54898211953021,1.9590368386962718
1300,653,0,0,1228118208,3703421999,2475303792,0.7950415491786877,65521,0.00033024448458043404,0.0003302446130183817,0.0039922782726164955
1301,653,0,0,1228118208,3691146704,2463028497,0.8022138262390861,65211,0.0071722770539639595,0.00717227706039904,0.05299384364864993
1302,654,1,4,323801216,3412208031,3088406816,0.4757843439359135,2568,4.6735705128776965,4.673570517696825,3.7495908899870503
1303,659,5,0,171767600,2527940755,2356173156,0.8662015787796129,24999,1.3904172345190107,1.3904172348436994,0.9630909581128848
1304,659,0,0,171767600,2526215042,2354447443,0.8672586274831318,65488,0.001057048556915173,0.0010570487035211707,0.010741523934542896
1305,660,1,0,343535200,3307647147,2964111948,0.5350472099170496,41253,0.667788581631603,0.6677885824339171,0.9773024053705578
1306,660,0,0,343535200,3306968715,2963433516,0.5353774547012371,65521,0.00033024448458043404,0.00033024478418556364,0.0039922782726164955
1307,660,0,2,831244968,2839665731,2008420764,1.0965856005572547,11104,2.561208147421739,2.561208145856019,2.1382543929263345
1308,660,0,2,831244968,2838623764,2007378797,1.0973342637485182,65502,0.0007486627160211863,0.0007486631912623729,0.00804109266378555
1309,668,8,0,571576768,3604208639,3032631872,0.502076764660071,1547,5.4047425185509645,5.404742500911555,0.299392549515107
1310,668,0,0,571576768,3603468250,3031891483,0.5024290283027071,65520,0.0003522634716290214,0.0003522636426339592,0.004227909891679893
1311,668,0,0,571576768,3190524778,2618948011,0.7136597251251295,56610,0.2112306967910361,0.2112306968224225,0.898170777636647
1312,670,2,0,1954434744,3469792843,1515358100,1.502988383308221,9480,2.7893286562143786,2.789328658183093,1.1312669671155797
1313,670,0,0,1954434744,3441190273,1486755530,1.5304797041730112,64299,0.027491320008672833,0.027491320864789795,0.13983615438618394
1314,670,0,0,1954434744,3440781923,1486347180,1.5308760070129175,65518,0.0003963024539395264,0.00039630283990530504,0.004699172121844633
1315,674,4,0,810862144,3856857807,3045995664,0.49573325787538636,8394,2.9648572521140903,2.964857250862469,1.991343402912119
1316,674,0,0,810862144,3824462497,3013600354,0.5111590381460545,64839,0.015425779844418168,0.015425780270668505,0.09070898218532872
1317,674,0,0,810862144,3822209286,3011347143,0.5122381169227381,65487,0.0010790786396167112,0.0010790787766844173,0.011017795775428036
1318,674,0,0,810862144,3816511546,3005649403,0.5149704115605722,65412,0.0027322943235718405,0.0027322946378357284,0.02280391465033875
1319,674,0,0,810862144,3815686019,3004823876,0.5153667143677652,65518,0.0003963024539395264,0.00039630280719157775,0.004699172121844633
1320,674,0,0,810862144,3814952419,3004090276,0.5157189780415266,65520,0.0003522634716290214,0.00035226367376284755,0.004227909891679893
1321,674,0,0,810862144,3814218998,3003356855,0.5160712417641271,65520,0.0003522634716290214,0.0003522637225988344,0.004227909891679893
1322,674,0,0,810862144,3813302446,3002440303,0.5165115846530384,65516,0.0004403427806028656,0.0004403428889106131,0.005139915429900777
1323,674,0,0,810862144,3812615241,3001753098,0.5168418295947603,65521,0.00033024448458043404,0.0003302449417228903,0.0039922782726164955
1324,674,0,0,810862144,3811882391,3001020248,0.5171940931253083,65520,0.0003522634716290214,0.00035226353054721143,0.004227909891679893
1325,674,0,0,810862144,3811149720,3000287577,0.5175463566166592,65520,0.0003522634716290214,0.00035226349135140706,0.004227909891679893
1326,674,0,0,810862144,3810463008,2999600865,0.517876601423982,65521,0.00033024448458043404,0.00033024480732344295,0.0039922782726164955
1327,674,0,0,810862144,3809639143,2998777000,0.5182729038857765,65518,0.0003963024539395264,0.00039630246179424316,0.004687653452683203
1328,674,0,0,810862144,3808907019,2998044876,0.5186251676985769,65520,0.0003522634716290214,0.00035226381280083625,0.004227909891679893
1329,674,0,0,810862144,3808129327,2997267184,0.518999450934146,65519,0.0003742827947452993,0.000374283235569128,0.004463541174757649
1330,674,0,0,810862144,3807443306,2996581163,0.5193296958925337,65521,0.00033024448458043404,0.0003302449583872452,0.0039922782726164955
1331,674,0,0,810862144,3806711718,2995849575,0.519681959750379,65520,0.0003522634716290214,0.00035226385784480226,0.004227909891679893
1332,674,0,0,810862144,3805980309,2995118166,0.5200342234206303,65520,0.0003522634716290214,0.0003522636702523164,0.004227909891679893
1333,674,0,0,810862144,3805157675,2994295532,0.5204305259836453,65518,0.0003963024539395264,0.0003963025630123605,0.004668654543719633
1334,674,0,0,810862144,3804426645,2993564502,0.5207827898491963,65520,0.0003522634716290214,0.00035226386555204585,0.004227909891679893
1335,674,0,0,810862144,3803558759,2992696616,0.5212011126761986,65517,0.000418322449221962,0.0004183228270028184,0.00492328406377429
1336,674,0,0,810862144,3802828120,2991965977,0.5215533762335305,65520,0.0003522634716290214,0.000352263557330712,0.004227909891679893
1337,674,0,0,810862144,3801778083,2990915940,0.5220597820791468,65513,0.0005064057914389884,0.0005064058456175335,0.005854284478915642
1338,674,0,0,810862144,3789775353,2978913210,0.52786105442582,65273,0.005801272191043642,0.005801272346674318,0.041079333225691066
1339,674,0,0,810862144,2383318862,1572456719,1.4496268377443968,34594,0.9217657826136115,0.9217657833185758,1.4379019582875334
1340,678,4,2,1052842752,3205757183,2152914432,0.9963561655622222,1402,5.546729365989377,5.546729327817827,3.277836509025124
1341,678,0,2,1052842752,3200960956,2148118205,0.9995737629905896,65390,0.0032175971660184,0.0032175974283655635,0.02663530943389896
1342,678,0,2,1052842752,3200436513,2147593762,0.9999260265151939,65520,0.0003522634716290214,0.0003522635246032439,0.004227909891679893
1343,678,0,2,1052842752,3197913247,2145070496,1.0016220845087922,65459,0.0016960575738423276,0.001696057993599011,0.01601866268505045
1344,678,0,2,1052842752,3197422279,2144579528,1.0019523292131218,65521,0.00033024448458043404,0.0003302447043302095,0.0039922782726164955
1345,678,0,2,1052842752,3196669634,2143826883,1.0024587351439642,65513,0.0005064057914389884,0.0005064059308435327,0.005781730653504212
1346,678,0,2,1052842752,3195099448,2142256697,1.0035157838993314,65488,0.001057048556915173,0.0010570487553647953,0.01040675778239449
1347,678,0,2,1052842752,3194609124,2141766373,1.003846028622462,65521,0.00033024448458043404,0.0003302447231301369,0.0039922782726164955
1348,682,4,0,1790649088,3686002519,1895353432,1.1801802490421842,14499,2.176334219851119,2.1763342204197236,1.1436077941347809
1349,682,0,0,1790649088,3528557693,1737908606,1.3052949310291453,60092,0.12511468156986988,0.12511468198696304,0.5521899304093656
1350,682,0,0,1790649088,3323650164,1533001077,1.4862884354606152,57809,0.18099350411580772,0.18099350443146764,0.5273891451562162
1351,688,6,0,475573504,3385880255,2910306752,0.5614759219985395,1944,5.075187496394219,5.075187486537926,1.1072764341634695
1352,688,0,0,475573504,3385036507,2909463004,0.5618942447552548,65517,0.000418322449221962,0.0004183227567151202,0.00492328406377429
1353,688,0,0,475573504,3384326188,2908752685,0.5622465086652291,65520,0.0003522634716290214,0.0003522639099743954,0.004227909891679893
1354,688,0,0,475573504,3383660427,2908086924,0.56257675332105,65521,0.00033024448458043404,0.00033024465581794725,0.0039922782726164955
1355,688,0,0,475573504,3196580128,2721006625,0.6585066768046808,61320,0.09592992345386013,0.09592992348363241,0.4979600981746503
1356,688,0,0,475573504,3195043915,2719470412,0.6593214167330643,65499,0.0008147398470877202,0.0008147399283845272,0.008367478818723772
1357,688,0,0,475573504,3192222198,2716648695,0.6608191313372416,65468,0.0014977141398913162,0.0014977146041771602,0.014920060889415138
1358,689,1,0,951147008,3749540563,2798393556,0.6180482738033248,33754,0.9572291423398698,0.9572291424660812,1.043828144261433
1359,689,0,0,951147008,3685832018,2734685011,0.6512724772513714,64044,0.033224203290527804,0.03322420344804704,0.16075052942147366
1360,689,0,0,951147008,3684288082,2733141075,0.6520872174551791,65499,0.0008147398470877202,0.0008147402038085423,0.008436982472940847
1361,689,0,0,951147008,3683620811,2732473804,0.6524394810481056,65520,0.0003522634716290214,0.0003522635929254663,0.004227909891679893
1362,689,0,0,951147008,3682995397,2731848390,0.6527697257328846,65521,0.00033024448458043404,0.0003302446847782657,0.0039922782726164955
1363,689,0,0,951147008,3682370126,2731223119,0.6530999704947789,65521,0.00033024448458043404,0.00033024476189438357,0.0039922782726164955
1364,689,0,0,951147008,3681411597,2730264590,0.6536063764862305,65513,0.0005064057914389884,0.0005064059914547336,0.005724733926613502
1365,689,0,0,951147008,3680745028,2729598021,0.6539586402203241,65520,0.0003522634716290214,0.00035226373409120987,0.004227909891679893
1366,689,0,0,951147008,3680078622,2728931615,0.6543109038152117,65520,0.0003522634716290214,0.00035226359488996667,0.004227909891679893
1367,689,0,0,951147008,3679454019,2728307012,0.6546411483642061,65521,0.00033024448458043404,0.0003302445489925386,0.0039922782726164955
1368,689,0,0,951147008,3678829559,2727682552,0.6549713928922039,65521,0.00033024448458043404,0.0003302445279996841,0.0039922782726164955
1369,689,0,0,951147008,3678121999,2726974992,0.6553456760806995,65519,0.0003742827947452993,0.000374283188494417,0.004452022505596219
1370,689,0,0,951147008,3677497843,2726350836,0.6556759210718397,65521,0.00033024448458043404,0.00033024499113904604,0.0039922782726164955
1371,689,0,0,951147008,3676873830,2725726823,0.6560061659879182,65521,0.00033024448458043404,0.00033024491608079986,0.0039922782726164955
1372,689,0,0,951147008,3676249960,2725102953,0.6563364108115799,65521,0.00033024448458043404,0.00033024482366065313,0.0039922782726164955
1373,689,0,0,951147008,3675626233,2724479226,0.6566666555254486,65521,0.00033024448458043404,0.0003302447138664301,0.0039922782726164955
1374,689,0,0,951147008,3675002649,2723855642,0.6569969001121336,65521,0.00033024448458043404,0.0003302445866864356,0.0039922782726164955
1375,689,0,0,951147008,3674379207,2723232200,0.6573271450840146,65521,0.00033024448458043404,0.0003302449718817247,0.0039922782726164955
1376,689,0,0,951147008,3673672802,2722525795,0.6577014279651152,65519,0.0003742827947452993,0.00037428288110148586,0.004463541174757649
1377,689,0,0,951147008,3673008122,2721861115,0.6580536918877193,65520,0.0003522634716290214,0.0003522639226029832,0.004227909891679893
1378,689,0,0,951147008,3672343605,2721196598,0.658405955426268,65520,0.0003522634716290214,0.00035226353854731965,0.004227909891679893
1379,689,0,0,951147008,3671180984,2720033977,0.6590224731619294,65508,0.0006165175324262582,0.0006165177356627066,0.006914788048787013
1380,689,0,0,951147008,3659310718,2708163711,0.6653321922157147,65250,0.006309718768028473,0.006309719053783833,0.04380301265377176
1381,689,0,0,951147008,3415875164,2464728157,0.8012186102320449,59645,0.13588641761045583,0.13588641801633103,0.5833944135432372
1382,689,0,0,951147008,3415311032,2464164025,0.8015488550060468,65521,0.00033024448458043404,0.0003302447740013017,0.0039922782726164955
1383,689,0,0,951147008,3414258227,2463111220,0.8021653728582514,65508,0.0006165175324262582,0.0006165178522059049,0.006915673386466204
1384,695,6,0,304177344,3051123647,2746946304,0.6448184364409073,1142,5.842653064637157,5.842653063582655,3.4181694054625353
1385,695,0,0,304177344,3044333404,2740156061,0.6483890842077997,65374,0.003570647252730634,0.0035706477668918076,0.02801588562467356
1386,695,0,0,304177344,3041950150,2737772807,0.6496444159314372,65479,0.0012553314127252556,0.0012553317236373856,0.012139474861403233
1387,695,0,0,304177344,3041281748,2737104405,0.6499966796327641,65520,0.0003522634716290214,0.0003522637013292965,0.004227909891679893
1388,695,0,0,304177344,3040655274,2736477931,0.6503269243907717,65521,0.00033024448458043404,0.000330244758007257,0.0039922782726164955
1389,696,1,0,608354688,3916129173,3307774486,0.3767862667100559,39609,0.7264593421631416,0.7264593423192851,1.2231760232909887
1390,696,0,0,608354688,3915321610,3306966923,0.3771385305610693,65520,0.0003522634716290214,0.0003522638510127883,0.004227909891679893
1391,696,0,0,608354688,3699553321,3091198634,0.4744807842538954,61260,0.09734225351367998,0.09734225369282687,0.41783991616811855
1392,696,0,0,608354688,3678893759,3070539072,0.4841551848065251,65098,0.009674400168781343,0.00967440055262848,0.06901922482171974
1393,696,0,0,608354688,3678144115,3069789428,0.4845074485939129,65520,0.0003522634716290214,0.00035226378738713494,0.004227909891679893
1394,700,4,1,265583968,3041584959,2776000992,0.6296390625524566,1852,5.145131616739763,5.145131613958543,1.1284413708878744
1395,705,5,0,411735280,3119962815,2708227536,0.6652981917136103,3996,4.035659132207582,4.035659129161156,1.2310304448927685
1396,706,1,0,823470560,3886095057,3062624498,0.4878786540629534,37056,0.8225804620107634,0.8225804623493413,2.1282142659072503
1397,706,0,1,2055133870,4028810675,1973676806,1.1217613814247827,21117,1.6338827285829811,1.6338827273618304,1.9365402742716527
1398,706,0,1,2055133870,4006404431,1951270562,1.1382333109717955,64792,0.016471928834905978,0.016471929547011065,0.09816953205001967
1399,706,0,1,2055133870,4005838724,1950704855,1.1386516337965134,65517,0.000418322449221962,0.0004183228247203559,0.00492328406377429
1400,706,0,1,2055133870,4005362477,1950228608,1.1390038977841321,65520,0.0003522634716290214,0.00035226398761669986,0.004227909891679893
1401,706,0,1,2055133870,4004916105,1949782236,1.139334142339525,65521,0.00033024448458043404,0.000330244555393649,0.0039922782726164955
1402,706,0,1,2055133870,4004410332,1949276463,1.1397084256008654,65519,0.0003742827947452993,0.00037428326133953063,0.004463541174757649
1403,706,0,1,2055133870,4003964178,1948830309,1.1400386701035075,65521,0.00033024448458043404,0.00033024450264260364,0.0039922782726164955
1404,706,0,1,2055133870,4003488389,1948354520,1.1403909338345528,65520,0.0003522634716290214,0.00035226373104609005,0.004227909891679893
1405,706,0,1,2055133870,4003042446,1947908577,1.140721178349061,65521,0.00033024448458043404,0.0003302445145061658,0.0039922782726164955
1406,706,0,1,2055133870,4002596605,1947462736,1.1410514229141349,65521,0.00033024448458043404,0.00033024456507501807,0.0039922782726164955
1407,706,0,1,2055133870,4002121150,1946987281,1.14140368655654,65520,0.0003522634716290214,0.0003522636424037368,0.004227909891679893
1408,706,0,1,2055133870,4001675519,1946541650,1.141733931764918,65521,0.00033024448458043404,0.00033024520837884294,0.0039922782726164955
1409,706,0,1,2055133870,4001229990,1946096121,1.1420641769711217,65521,0.00033024448458043404,0.00033024520620305816,0.0039922782726164955
1410,706,0,1,2055133870,4000754868,1945620999,1.1424164410928377,65520,0.0003522634716290214,0.000352264121716362,0.004227909891679893
1411,706,0,1,2055133870,4000309550,1945175681,1.1427466860919289,65521,0.00033024448458043404,0.0003302449990904892,0.0039922782726164955
1412,706,0,1,2055133870,3999834653,1944700784,1.1430989500038535,65520,0.0003522634716290214,0.0003522639119270402,0.004227909891679893
1413,706,0,1,2055133870,3999389546,1944255677,1.1434291947215875,65521,0.00033024448458043404,0.00033024471773272963,0.0039922782726164955
1414,706,0,1,2055133870,3998825873,1943692004,1.1438475173504905,65517,0.000418322449221962,0.00041832262890507515,0.00492328406377429
1415,706,0,1,2055133870,3998321680,1943187811,1.1442218004667453,65519,0.0003742827947452993,0.0003742831162536264,0.004463541174757649
1416,706,0,1,2055133870,3983496333,1928362464,1.1552708932702878,65036,0.011049092398374,0.011049092803543112,0.06822891495150679
1417,708,2,0,1753784926,3294980133,1541195208,1.478597540632542,26189,1.3233266475350254,1.3233266473622511,1.4815436878679626
1418,712,4,0,1817201088,3274488447,1457287360,1.559361757993738,3873,4.080764213971653,4.080764217361197,3.0237329122327004
1419,716,4,0,1304718000,3703407295,2398689296,0.8404008496370317,6742,3.2810390880157896,3.2810390916432937,0.971661818379778
1420,716,0,0,1304718000,3622665281,2317947282,0.8897993910852477,63330,0.04939854104432551,0.04939854144821822,0.2541689764631014
1421,717,1,2,951167312,2573617231,1622449920,1.4044731986261247,5734,3.514673810759476,3.5146738075408743,2.106890250494829
1422,717,0,2,951167312,2439436344,1488269033,1.5290118013610474,60116,0.12453860208362269,0.12453860273492347,0.429185265287381
1423,717,0,2,951167312,2354935473,1403768162,1.6133424576298374,61815,0.08433065611098206,0.08433065626878923,0.3709677353007109
1424,717,0,2,951167312,2347481381,1396314070,1.621023665591217,65188,0.0076812071268103615,0.007681207961380002,0.05860754272903187
1425,717,0,2,951167312,2347161790,1395994479,1.6213539101503223,65521,0.00033024448458043404,0.0003302445591058284,0.0039922782726164955
1426,720,3,0,1902334624,3997306195,2094971572,1.0357164788017066,49175,0.4143625679467451,0.4143625686513847,0.9573324887332445
1427,720,0,0,1902334624,3996762760,2094428137,1.03609076201095,65519,0.0003742827947452993,0.00037428320924294686,0.004463541174757649
1428,720,0,0,1902334624,3812298660,1909964037,1.1691016722187975,59764,0.13301090962192283,0.13301091020784617,0.5597245195990951
1429,720,0,1,1657185600,3367573315,1710387716,1.3283237492374127,29344,1.1592220764049457,1.1592220770186175,1.9687765300464333
1430,720,0,1,1657185600,3366973050,1709787451,1.3288301556670987,65513,0.0005064057914389884,0.0005064064296862362,0.005835285569952072
1431,720,0,1,1657185600,3366320817,1709135218,1.3293806058627418,65511,0.0005504494793435254,0.00055045019564282,0.0062514643534038305
1432,720,0,1,1657185600,3268914505,1611728906,1.414038044120396,61801,0.08465743792982106,0.08465743825765214,0.4028357979402939
1433,720,0,2,1166887552,4203389137,3036501586,0.5002370232892019,61735,0.08619897856183185,0.0861989791688072,0.35805073257346715
1434,720,0,2,1166887552,4202416136,3035528585,0.5006993871740839,65515,0.0004623634480924974,0.00046236388488287767,0.00538302560878682
1435,720,0,2,1166887552,4200100211,3033212660,0.5018004964617866,65486,0.001101109058724726,0.001101109287701276,0.011305202728099567
1436,720,0,2,1166887552,4196628974,3029741423,0.5034524756403442,65461,0.0016519788985902288,0.0016519791785596714,0.015645113338093763
1437,720,0,2,1166887552,4194409925,3027522374,0.5045095242478688,65488,0.001057048556915173,0.0010570486075228112,0.010549332866961504
1438,720,0,2,1166887552,4193716980,3026829429,0.5048397687899779,65521,0.00033024448458043404,0.0003302445421088817,0.0039922782726164955
1439,720,0,2,1166887552,4193024193,3026136642,0.5051700136193489,65521,0.00033024448458043404,0.00033024482937222833,0.0039922782726164955
1440,720,0,2,1166887552,4192239214,3025351663,0.5055442968567192,65519,0.0003742827947452993,0.0003742832373708821,0.004463541174757649
1441,720,0,2,1166887552,4191500602,3024613051,0.5058965606880683,65520,0.0003522634716290214,0.0003522638313474375,0.004227909891679893
1442,720,0,2,1166887552,4190808323,3023920772,0.5062268051783185,65521,0.00033024448458043404,0.00033024449025147656,0.0039922782726164955
1443,720,0,2,1166887552,4190116202,3023228651,0.5065570498833551,65521,0.00033024448458043404,0.0003302447050365665,0.0039922782726164955
1444,720,0,2,1166887552,4189331978,3022444427,0.5069313328018978,65519,0.0003742827947452993,0.000374282918541795,0.004463541174757649
1445,720,0,2,1166887552,4188640195,3021752644,0.5072615774633817,65521,0.00033024448458043404,0.00033024466148466424,0.0039922782726164955
1446,720,0,2,1166887552,4187856354,3020968803,0.5076358603224591,65519,0.0003742827947452993,0.00037428285907493785,0.004463541174757649
1447,720,0,2,1166887552,4187164909,3020277358,0.50796610486152,65521,0.00033024448458043404,0.0003302445390631675,0.0039922782726164955
1448,720,0,2,1166887552,4186473622,3019586071,0.5082963495244357,65521,0.00033024448458043404,0.00033024466291644303,0.0039922782726164955
1449,720,0,2,1166887552,4185736418,3018848867,0.5086486131725927,65520,0.0003522634716290214,0.00035226364815641305,0.004227909891679893
1450,720,0,2,1166887552,4185045458,3018157907,0.508978857814391,65521,0.00033024448458043404,0.00033024464179782527,0.0039922782726164955
1451,720,0,2,1166887552,4181499343,3014611792,0.510674915635061,65459,0.0016960575738423276,0.0016960578206693163,0.016257357976434537
1452,720,0,2,1166887552,4180487357,3013599806,0.5111593004890516,65514,0.000484384451701118,0.00048438485399176487,0.005586613807591404
1453,720,0,2,1166887552,4179659647,3012772096,0.5115556029872117,65518,0.0003963024539395264,0.00039630249816039934,0.004699172121844633
1454,720,0,2,1166887552,4178924106,3012036555,0.5119078669078831,65520,0.0003522634716290214,0.00035226392066956366,0.004227909891679893
1455,720,0,2,1166887552,4177958945,3011071394,0.5123702305288127,65515,0.0004623634480924974,0.00046236362093061555,0.00538302560878682
1456,720,0,2,1166887552,4155491691,2988604140,0.5231753306573204,65047,0.010805099786155577,0.010805100128508239,0.06728934940091463
1457,720,0,2,1166887552,3975453099,2808565548,0.6128136722156015,61588,0.08963834139687761,0.08963834155827946,0.44073751471506806
1458,720,0,2,1166887552,3974810269,2807922718,0.6131439168856723,65521,0.00033024448458043404,0.0003302446700719729,0.0039922782726164955
1459,720,0,2,1166887552,3973267830,2806380279,0.6139366311917414,65500,0.0007927138004626774,0.0007927143060678115,0.008611438463149539
1460,720,0,3,186291456,2319938667,2133647212,1.0093254926129873,24913,1.3953888604326106,1.3953888614212482,3.124413017502201
1461,720,0,4,678650306,2486728791,1808078486,1.2481898416537014,27768,1.2388643501713539,1.2388643490407127,1.000159837411184
1462,720,0,4,678650306,2485101034,1806450729,1.2494892402590203,65477,0.0012993979706836883,0.0012993986053169248,0.012326073934710753
1463,720,0,4,678650306,2484632441,1805982136,1.2498635236444002,65519,0.0003742827947452993,0.0003742833853811521,0.004452022505596219
1464,720,0,4,678650306,2477522709,1798872404,1.2555542877427754,65278,0.0056907640339560394,0.005690764098374433,0.045102032671697934
1465,720,0,4,678650306,2477083531,1798433226,1.2559065513483638,65520,0.0003522634716290214,0.00035226360558946064,0.004227909891679893
1466,725,5,1,567117576,3858610415,3291492840,0.38390508655529487,29986,1.1279985345574932,1.1279985352069328,2.4488455273971974
1467,725,0,1,567117576,3812153034,3245035459,0.4044129031532826,64611,0.020507816298032545,0.020507816597986523,0.10994015584824596
1468,725,0,1,2059459551,3226535444,1167075894,1.879748764628058,23570,1.4753358618624701,1.4753358614747738,1.5107844712188307
1469,730,5,0,541626224,3998689663,3457063440,0.3131000675121811,12133,2.4333513057713203,2.433351302884123,1.636586604158256
1470,731,1,2,1055963768,2338014391,1282050624,1.744193915607962,3038,4.431093845497917,4.4310938480957835,2.6910157425581427
1471,731,0,2,1055963768,2336625450,1280661683,1.7457577419364334,65465,0.0015638255880888565,0.001563826328469727,0.014062681839102321
1472,731,0,6,1957403184,3952809151,1995405968,1.1059648514774878,6382,3.360207106720688,3.3602071095410557,0.8564933087170166
1473,731,0,6,1957403184,3907716434,1950313251,1.1389412839008415,64055,0.03297643171559302,0.03297643242335221,0.19140894810624598
1474,731,0,6,1957403184,3902776370,1945373187,1.1426002075683783,65370,0.003658923275574609,0.0036589236675371494,0.030338429034733577
1475,731,0,6,1957403184,3899867334,1942464151,1.1447591726841075,65438,0.0021589649914087418,0.0021589651157307888,0.018973169488731557
1476,731,0,6,1957403184,3899333820,1941930637,1.1451554753510074,65518,0.0003963024539395264,0.00039630266689806305,0.004699172121844633
1477,731,0,6,1957403184,3898770821,1941367638,1.1455737980311085,65517,0.000418322449221962,0.0004183226801017039,0.004934802732935719
1478,731,0,6,1957403184,3898296854,1940893671,1.1459260617194182,65520,0.0003522634716290214,0.00035226368830819306,0.004227909891679893
1479,731,0,6,1957403184,3897793387,1940390204,1.1463003447513316,65519,0.0003742827947452993,0.00037428303191307813,0.004463541174757649
1480,731,0,6,1957403184,3897349266,1939946083,1.146630589925799,65521,0.00033024448458043404,0.0003302451744706608,0.0039922782726164955
1481,731,0,6,1957403184,3896905247,1939502064,1.1469608348409963,65521,0.00033024448458043404,0.0003302449151964517,0.0039922782726164955
1482,731,0,6,1957403184,3896431735,1939028552,1.1473130988735534,65520,0.0003522634716290214,0.00035226403255781075,0.004227909891679893
1483,731,0,6,1957403184,3895987926,1938584743,1.147643343793554,65521,0.00033024448458043404,0.00033024491999932715,0.0039922782726164955
1484,731,0,6,1957403184,3895544219,1938141036,1.147973588400884,65521,0.00033024448458043404,0.00033024460732843455,0.0039922782726164955
1485,731,0,6,1957403184,3894775303,1937372120,1.14854606036522,65510,0.0005724718275307164,0.0005724719643376674,0.006458098860398054
1486,731,0,6,1957403184,3894331873,1936928690,1.148876305380334,65521,0.00033024448458043404,0.00033024501511273046,0.0039922782726164955
1487,731,0,6,1957403184,3893829434,1936426251,1.1492505887954891,65519,0.0003742827947452993,0.00037428341515623604,0.004463541174757649
1488,731,0,6,1957403184,3893356673,1935953490,1.1496028527774484,65520,0.0003522634716290214,0.0003522639819607907,0.004227909891679893
1489,731,0,6,1957403184,3892824947,1935421764,1.1499991555989553,65518,0.0003963024539395264,0.00039630282150665726,0.004699172121844633
1490,731,0,6,1957403184,3892381964,1934978781,1.1503294001680437,65521,0.00033024448458043404,0.0003302445690869466,0.0039922782726164955
1491,731,0,6,1957403184,3891909557,1934506374,1.1506816636926551,65520,0.0003522634716290214,0.00035226352461205547,0.004227909891679893
1492,731,0,6,1957403184,3891466783,1934063600,1.1510119086467938,65521,0.00033024448458043404,0.00033024495413917006,0.0039922782726164955
1493,731,0,6,1957403184,3890758507,1933355324,1.151540336678142,65512,0.0005284274673163702,0.000528428031348574,0.00603483466735941
1494,731,0,6,1957403184,3881878808,1924475625,1.1581817476185954,65235,0.006641410927413218,0.006641410940453556,0.04544494845230672
1495,738,7,0,1872029966,3339759773,1467729808,1.549060736780529,24991,1.3908789892869897,1.3908789891619322,1.200335473839945
1496,738,0,0,1872029966,3339423836,1467393871,1.5493909815668303,65521,0.00033024448458043404,0.0003302447862998285,0.0039922782726164955
1497,738,0,0,1872029966,3338192350,1466162385,1.550602247821466,65481,0.001211266200721556,0.0012112662546388286,0.012258059911562392
1498,740,2,0,1067450552,2597954411,1530503860,1.4886404626020635,17103,1.9380382131457823,1.9380382147805946,2.9104473930143313
1499,740,0,0,1067450552,2597253801,1529803250,1.4893010280642365,65506,0.0006605645820851047,0.0006605654621738824,0.0072092027009108455
1500,740,0,0,1067450552,2596786942,1529336391,1.4897413709373062,65516,0.0004403427806028656,0.0004403428730720432,0.005147395669702917
1501,740,0,0,1067450552,2595970188,1528519637,1.4905120592644607,65501,0.0007706880901105886,0.0007706883271534778,0.00790774802722137
1502,740,0,0,1067450552,2595387104,1527936553,1.4910625087740463,65511,0.0005504494793435254,0.0005504495095848364,0.006231826955976417
1503,740,0,0,1067450552,2595037387,1527586836,1.4913927533309241,65521,0.00033024448458043404,0.00033024455687957814,0.0039922782726164955
1504,746,6,2,958636032,2724908287,1766272256,1.2819394065905279,296,7.79054663437105,7.7905466532596,2.501815059606378
1505,746,0,2,958636032,2720838659,1762202628,1.2852673230021772,65385,0.003327916037484043,0.0033279164116502506,0.026490079135914415
1506,746,0,2,958636032,2635492724,1676856693,1.35688774699371,62362,0.07162042327096452,0.07162042399153438,0.3360404796320311
1507,746,0,2,958636032,2584805268,1626169237,1.4011697381239543,63555,0.04428199102759124,0.04428199113024388,0.2328415755456698
1508,749,3,0,1917272064,3395355087,1478083024,1.5389198379985274,29784,1.1377500991484872,1.1377500998745735,1.8270924298100713
1509,749,0,1,1687060480,3522259691,1835199212,1.2267104690133266,40685,0.6877906297523163,0.6877906310147984,1.272534359790027
1510,749,0,1,1687060480,3518899340,1831838861,1.229354544686295,65416,0.0026440749796186494,0.0026440756729694485,0.022821889703460847
1511,752,3,0,866486092,3280054539,2413568448,0.831479404298598,21587,1.602124858139285,1.6021248596123012,1.900011233168484
1512,752,0,0,866486092,3279170663,2412684572,0.8320078322657736,65512,0.0005284274673163702,0.0005284279671756564,0.005984679691806997
1513,752,0,0,866486092,3277256301,2410770210,0.8331530034485475,65484,0.001145170906201281,0.0011451711827740875,0.011447813126932842
1514,752,0,0,866486092,3275858454,2409372363,0.8339897699801639,65498,0.000836766229995985,0.0008367665316176341,0.00867260669913528
1515,752,0,0,866486092,3275233464,2408747373,0.8343640529071443,65519,0.0003742827947452993,0.0003742829269789259,0.004463541174757649
1516,752,0,0,866486092,3274608636,2408122545,0.8347383359072715,65519,0.0003742827947452993,0.00037428300012668165,0.004452022505596219
1517,752,0,0,866486092,3273983970,2407497879,0.8351126189553995,65519,0.0003742827947452993,0.0003742830481303069,0.004452022505596219
1518,752,0,0,866486092,3273285995,2406799904,0.835530941678094,65517,0.000418322449221962,0.0004183227226930359,0.004904285154810719
1519,752,0,0,866486092,3272735122,2406249031,0.835861186294121,65521,0.00033024448458043404,0.0003302446160274082,0.0039922782726164955
1520,752,0,0,866486092,3272184375,2405698284,0.8361914309610476,65521,0.00033024448458043404,0.00033024466692612873,0.0039922782726164955
1521,752,0,0,866486092,3271523630,2405037539,0.8365877335541896,65518,0.0003963024539395264,0.00039630259314133386,0.004687653452683203
1522,752,0,0,866486092,3270973160,2404487069,0.8369179783943146,65521,0.00033024448458043404,0.0003302448401261899,0.0039922782726164955
1523,752,0,0,866486092,3270386127,2403900036,0.8372702418804501,65520,0.0003522634716290214,0.00035226348613447454,0.004227909891679893
1524,752,0,0,866486092,3269395750,2402909659,0.837864736814673,65509,0.0005944945118882062,0.0005944949342241634,0.006669165618871418
1525,752,0,0,866486092,3268772436,2402286345,0.8382390199952177,65519,0.0003742827947452993,0.0003742831805452946,0.004463541174757649
1526,752,0,0,866486092,3268075972,2401589881,0.8386573426657975,65517,0.000418322449221962,0.00041832267057980127,0.00492328406377429
1527,752,0,0,866486092,3267489646,2401003555,0.8390096063450052,65520,0.0003522634716290214,0.00035226367920551655,0.004227909891679893
1528,752,0,0,866486092,3266353917,2399867826,0.8396921951904979,65505,0.0006825886112264284,0.0006825888454934642,0.007498321503747265
1529,752,0,0,866486092,3265768011,2399281920,0.8400444591245559,65520,0.0003522634716290214,0.0003522639340567479,0.004227909891679893
1530,752,0,0,866486092,3265072418,2398586327,0.840462781815777,65517,0.000418322449221962,0.0004183226912225799,0.00492328406377429
1531,752,0,0,866486092,3264303828,2397817737,0.8409251452764757,65515,0.0004623634480924974,0.0004623634606976952,0.00539454427794825
1532,752,0,0,866486092,3263718423,2397232332,0.8412774089160422,65520,0.0003522634716290214,0.0003522636395676916,0.004227909891679893
1533,752,0,0,866486092,3262108953,2395622862,0.8422463405364446,65492,0.0009689315899683129,0.0009689316204028784,0.010126996310110282
1534,752,0,0,866486092,3250704010,2384217919,0.8491310409634849,65224,0.00688470032082244,0.006884700427040229,0.04700440081434151
1535,754,2,0,995318108,4193290091,3197971984,0.4254898459451226,21976,1.576358804924144,1.5763588049816364,1.1064470169065386
1536,754,0,0,995318108,4192558133,3197240026,0.4258200905655336,65521,0.00033024448458043404,0.00033024462041246125,0.0039922782726164955
1537,754,0,0,995318108,4190557906,3195239799,0.42672293820736584,65495,0.0009028473965228007,0.0009028476418322567,0.009728522757353572
1538,755,1,2,1920674376,3402841271,1482166896,1.5349392378606836,3800,4.1082162967816895,4.108216299653318,2.7255999461875917
1539,755,0,2,1920674376,3395332735,1474658360,1.5422663877584952,65204,0.007327149810869545,0.007327149897810505,0.05851629933226936
1540,755,0,2,1920674376,3394972710,1474298335,1.5426186521953085,65520,0.0003522634716290214,0.0003522644368140883,0.004227909891679893
1541,755,0,2,1920674376,3394590277,1473915902,1.542992935847252,65519,0.0003742827947452993,0.00037428365194270836,0.004463541174757649
1542,755,0,2,1920674376,3394185453,1473511078,1.5433892391890254,65518,0.0003963024539395264,0.00039630334177469847,0.004687653452683203
1543,755,0,2,1920674376,3393848193,1473173818,1.5437194837511612,65521,0.00033024448458043404,0.00033024456213504114,0.0039922782726164955
1544,763,8,0,878894016,3584987711,2706093696,0.6664353538484491,1881,5.122715866476805,5.122715870097287,1.9842694406218193
1545,763,0,0,878894016,3581477915,2702583900,0.668307739807716,65451,0.0018723857434470804,0.0018723859592690727,0.017498917166278556
1546,763,0,0,878894016,3579251054,2700357039,0.669496974167167,65482,0.0011892340994270377,0.0011892343594487888,0.011681324675776093
1547,763,0,0,878894016,3293129238,2414235223,0.8310808988673237,58592,0.1615839242026629,0.1615839247001587,0.532270468160217
1548,763,0,0,878894016,2167424282,1288530267,1.7369207201565615,34978,0.9058398204011558,0.9058398212892377,1.6483115287101453
1549,763,0,0,878894016,2151380570,1272486555,1.7549967330426703,64720,0.01807601268266008,0.018076012886105886,0.11671536431304833
1550,764,1,0,1757788032,4013143075,2255355044,0.9292925817577178,58078,0.1742958475535691,0.17429584871505005,0.6608129637475854
1551,764,0,0,1757788032,3316672808,1558884777,1.4621328490196994,45298,0.5328402667304486,0.5328402672619815,0.9163355427563803
1552,764,0,0,1757788032,3316292220,1558504189,1.462485113320973,65520,0.0003522634716290214,0.00035226430127157087,0.004227909891679893
1553,764,0,0,1757788032,3315887944,1558099913,1.4628593969736485,65519,0.0003742827947452993,0.0003742836526766436,0.004452022505596219
1554,764,0,0,1757788032,3315531323,1557743292,1.463189641672482,65521,0.00033024448458043404,0.000330244698833313,0.0039922782726164955
1555,764,0,0,1757788032,3315079706,1557291675,1.4636079648166813,65517,0.000418322449221962,0.00041832314420116843,0.00492328406377429
1556,764,0,0,1757788032,3314723270,1556935239,1.4639382095072868,65521,0.00033024448458043404,0.0003302446906023069,0.0039922782726164955
1557,764,0,0,1757788032,3314366915,1556578884,1.4642684547370983,65521,0.00033024448458043404,0.00033024522981483275,0.0039922782726164955
1558,764,0,0,1757788032,3313986890,1556198859,1.4646207190045182,65520,0.0003522634716290214,0.0003522642674187846,0.004227909891679893
1559,764,0,0,1757788032,3313630704,1555842673,1.4649509638118552,65521,0.00033024448458043404,0.00033024480733561876,0.0039922782726164955
1560,764,0,0,1757788032,3313274599,1555486568,1.4652812091057363,65521,0.00033024448458043404,0.00033024529388216975,0.0039922782726164955
1561,764,0,0,1757788032,3312894841,1555106810,1.4656334730756484,65520,0.0003522634716290214,0.0003522639699131259,0.004227909891679893
1562,764,0,0,1757788032,3312538905,1554750874,1.4659637178369813,65521,0.00033024448458043404,0.00033024476133301474,0.0039922782726164955
1563,764,0,0,1757788032,3312088156,1554300125,1.4663820405674564,65517,0.000418322449221962,0.00041832273047369173,0.004904285154810719
1564,764,0,0,1757788032,3311732404,1553944373,1.4667122859189767,65521,0.00033024448458043404,0.00033024535152084055,0.0039922782726164955
1565,764,0,0,1757788032,3311353023,1553564992,1.4670645494366283,65520,0.0003522634716290214,0.0003522635176526742,0.004227909891679893
1566,764,0,0,1757788032,3310973734,1553185703,1.4674168135323384,65520,0.0003522634716290214,0.00035226409570811973,0.004227909891679893
1567,764,0,0,1757788032,3310570838,1552782807,1.4677910968276002,65519,0.0003742827947452993,0.00037428329526380786,0.004463541174757649
1568,764,0,0,1757788032,3302325470,1544537439,1.4754723042453364,65188,0.0076812071268103615,0.007681207417735765,0.0510121203718191
1569,765,1,0,1012136446,2247888949,1235752504,1.7972573162063163,26217,1.3217850124173391,1.3217850119609784,1.1356015706635094
1570,765,0,0,1012136446,2247606107,1235469662,1.7975875615061128,65521,0.00033024448458043404,0.00033024529979624784,0.0039922782726164955
1571,765,0,0,1012136446,2246795480,1234659035,1.7985344656867035,65493,0.0009469031891450585,0.0009469041805913663,0.010077635179922188
1572,771,6,0,1778018496,3955551871,2177533376,0.9799523142065141,1806,5.181417822519141,5.1814178485198115,3.4487991394809354
1573,772,1,0,1820641626,3312711843,1492070218,1.5253317144576926,22453,1.5453794006081019,1.5453794002511767,1.2793436342760502
1574,774,2,0,1734327788,3255175727,1520847940,1.497771231724883,16700,1.972439517751223,1.97243951726719,2.161882654069154
1575,775,1,0,812284974,2213666891,1401381918,1.61579695961181,30194,1.1180257275307826,1.1180257278869286,1.0038143985700254
1576,775,0,0,812284974,2201521124,1389236151,1.6283552875739673,64968,0.0125583270638801,0.012558327962155872,0.08176171893348526
1577,775,0,0,812284974,2197005936,1384720963,1.6330518598866703,65323,0.004696571349226168,0.004696572312701922,0.03474148103188161
1578,775,0,0,812284974,2196350931,1384065958,1.6337344494176413,65505,0.0006825886112264284,0.0006825895309736203,0.007283854988740478
1579,776,1,0,1624569948,4074478201,2449908254,0.8099194228991884,58002,0.17618497296318883,0.17618497348154732,0.5510630741457216
1580,776,0,0,1624569948,4073095043,2448525096,0.8107341630815377,65499,0.0008147398470877202,0.0008147401823482045,0.008259929203111072
1581,776,0,1,1101656248,3311740071,2210083824,0.9585460568605093,29577,1.1478118933893118,1.1478118937789705,2.0967836773041406
1582,776,0,1,1101656248,3302196404,2200540157,0.9647894467302045,65253,0.006243389486350209,0.0062433898696960975,0.04722343198203213
1583,776,0,2,55828848,3798184233,3742355386,0.1987005780083777,55727,0.2339111307994588,0.23391113127817473,0.6932079471370407
1584,776,0,2,55828848,2974347545,2918518698,0.5574108348861131,51109,0.35871025664431416,0.35871025687773345,1.1225044966840723
1585,779,3,0,111657696,3933485005,3821827310,0.1683845546777576,42910,0.610973719364252,0.610973719791645,1.137860702774015
1586,779,0,0,111657696,3932551941,3820894246,0.1687368184106326,65520,0.0003522634716290214,0.0003522637328748922,0.004227909891679893
1587,779,0,0,111657696,3931619105,3819961410,0.1690890820675932,65520,0.0003522634716290214,0.0003522636569615788,0.004227909891679893
1588,779,0,0,111657696,3930744785,3819087090,0.1694193266350048,65521,0.00033024448458043404,0.00033024456741117105,0.0039922782726164955
1589,779,0,0,111657696,3929870665,3818212970,0.16974957124625334,65521,0.00033024448458043404,0.00033024461124776295,0.0039922782726164955
1590,779,0,0,111657696,3928996745,3817339050,0.1700798158840584,65521,0.00033024448458043404,0.0003302446378040002,0.0039922782726164955
1591,779,0,0,111657696,3928006529,3816348834,0.1704540988629617,65519,0.0003742827947452993,0.0003742829789034411,0.004463541174757649
1592,779,0,0,111657696,3927133036,3815475341,0.17078434337487636,65521,0.00033024448458043404,0.0003302445119168842,0.0039922782726164955
1593,779,0,0,111657696,3926259742,3814602047,0.17111458823727332,65521,0.00033024448458043404,0.0003302448623970236,0.0039922782726164955
1594,779,0,0,111657696,3925212030,3813554335,0.1715108907881131,65518,0.0003963024539395264,0.0003963025508367965,0.004699172121844633
1595,779,0,0,111657696,3924280986,3812623291,0.17186315443425215,65520,0.0003522634716290214,0.00035226364614000447,0.004227909891679893
1596,779,0,0,111657696,3923408345,3811750650,0.17219339921458854,65521,0.00033024448458043404,0.0003302447803362462,0.0039922782726164955
1597,779,0,0,111657696,3922535904,3810878209,0.17252364389340968,65521,0.00033024448458043404,0.00033024467882317437,0.0039922782726164955
1598,779,0,0,111657696,3921663663,3810005968,0.17285388845333927,65521,0.00033024448458043404,0.0003302445599297781,0.0039922782726164955
1599,779,0,0,111657696,3920791621,3809133926,0.1731841332557309,65521,0.00033024448458043404,0.0003302448023906388,0.0039922782726164955
1600,779,0,0,111657696,3919803533,3808145838,0.17355841638822156,65519,0.0003742827947452993,0.00037428313248895925,0.004463541174757649
1601,779,0,0,111657696,3918815702,3807158007,0.1739326992591188,65519,0.0003742827947452993,0.0003742828708970466,0.004463541174757649
1602,779,0,0,111657696,3852822484,3741164789,0.19915963159864702,64400,0.025226932110658323,0.025226932339530314,0.13074461510769556
1603,780,1,0,413681344,3279380689,2865699346,0.5837598883981556,25100,1.3846002562745032,1.3846002567995095,1.1038369415218185
1604,781,1,0,827362688,3350329007,2522966320,0.7675261986346413,28849,1.1837663092069972,1.1837663102364846,2.68281325991433
1605,781,0,0,827362688,3336315949,2508953262,0.7755615502402939,65172,0.008035351354643047,0.008035351605652198,0.06240220052060717
1606,781,0,0,827362688,3335090874,2507728187,0.7762661633118313,65504,0.0007046129765893727,0.0007046130715362827,0.007755108969995371
1607,781,0,2,319717852,3404327599,3084609748,0.47755916887201977,20153,1.7012930043789614,1.7012930055601911,2.7651985338299157
1608,781,0,2,319717852,3157835575,2838117724,0.5977127129547739,60299,0.12015354381447188,0.12015354408275271,0.42751150770596064
1609,781,0,2,319717852,3157142675,2837424824,0.5980649765103188,65520,0.0003522634716290214,0.0003522635555435645,0.004227909891679893
1610,781,0,2,319717852,2445708276,2125990425,1.0145120467158044,49104,0.4164470695335152,0.4164470702054872,1.0377452506770732
1611,781,0,2,319717852,2445221675,2125503824,1.0148422914775495,65521,0.00033024448458043404,0.0003302447617433074,0.0039922782726164955
1612,784,3,0,639435704,2240763611,1601327908,1.4233783835648417,24687,1.4085360917094103,1.4085360920872934,3.0240603309785086
1613,785,1,1,410259168,3295757447,2885498280,0.5738266749720999,29523,1.15044829115202,1.1504482914072596,1.919443251673441
1614,788,3,0,1237194800,4076550467,2839355668,0.5970835684129376,16122,2.023256893265678,2.0232568934408355,2.3700652966277262
1615,788,0,0,1237194800,3959702593,2722507794,0.657710966915797,62839,0.06062739822900983,0.06062739850286129,0.2559932178143016
1616,788,0,0,1237194800,3905365431,2668170632,0.686796214847817,64228,0.029085247484182935,0.02908524793202081,0.16146458452341986
1617,788,0,0,1237194800,3400767853,2163573054,0.9892313111960895,53142,0.30243509574999616,0.3024350963482706,0.7094623246503015
1618,788,0,0,1237194800,3400008542,2162813743,0.9897377172466051,65513,0.0005064057914389884,0.0005064060505176555,0.005760569429933765
1619,788,0,0,1237194800,3399513513,2162318714,0.9900679618777772,65521,0.00033024448458043404,0.0003302446311713893,0.0039922782726164955
1620,788,0,0,1237194800,3399018597,2161823798,0.9903982067112871,65521,0.00033024448458043404,0.0003302448335099202,0.0039922782726164955
1621,788,0,0,1237194800,3398490807,2161296008,0.990750470841629,65520,0.0003522634716290214,0.0003522641303425727,0.004227909891679893
1622,788,0,0,1237194800,3397963146,2160768347,0.9911027348753088,65520,0.0003522634716290214,0.00035226403367736133,0.004227909891679893
1623,788,0,0,1237194800,3397468585,2160273786,0.9914329796094599,65521,0.00033024448458043404,0.0003302447341503642,0.0039922782726164955
1624,788,0,0,1237194800,3396974137,2159779338,0.9917632244746102,65521,0.00033024448458043404,0.0003302448651519602,0.0039922782726164955
1625,788,0,0,1237194800,3395425222,2158230423,0.9927982439436676,65489,0.0010350188106098368,0.0010350194690554426,0.010424974012538689
1626,788,0,0,1237194800,3394931242,2157736443,0.9931284886010232,65521,0.00033024448458043404,0.0003302446573556236,0.0039922782726164955
1627,788,0,0,1237194800,3394305677,2157110878,0.9935468114117434,65517,0.000418322449221962,0.00041832281072132785,0.004904285154810719
1628,788,0,0,1237194800,3393746123,2156551324,0.9939210946762351,65519,0.0003742827947452993,0.0003742832644907579,0.004463541174757649
1629,788,0,0,1237194800,3393252527,2156057728,0.9942513395446753,65521,0.00033024448458043404,0.00033024486844311304,0.0039922782726164955
1630,788,0,0,1237194800,3392759044,2155564245,0.9945815843965811,65521,0.00033024448458043404,0.00033024485190500204,0.0039922782726164955
1631,788,0,0,1237194800,3392002544,2154807745,0.9950879902530474,65513,0.0005064057914389884,0.0005064058564646188,0.005816286660988502
1632,788,0,0,1237194800,3376976495,2139781696,1.0051835279683061,65079,0.010095537635024018,0.010095537715258982,0.06362950811000702
1633,788,0,0,1237194800,3319185149,2081990350,1.0446837642349145,63766,0.039500235742843684,0.039500236266609076,0.2314605732408153
1634,788,0,0,1237194800,3318708619,2081513820,1.0450140088763362,65521,0.00033024448458043404,0.00033024464142037525,0.0039922782726164955
1635,788,0,0,1237194800,3318009868,2080815069,1.045498393767037,65514,0.000484384451701118,0.0004843848907039845,0.005630173881020868
1636,793,5,0,734307520,2802930303,2068622784,1.0539765541111308,2036,5.008478153924305,5.008478160344093,3.588622840421496
1637,793,0,0,734307520,2731467870,1997160351,1.1046969753223586,63272,0.05072042092340494,0.050720421211225504,0.2719687657371628
1638,794,1,0,1468615040,3402571797,1933956758,1.1510916085497591,31731,1.0463946320564106,1.0463946332274014,1.958910052611775
1639,794,0,0,1468615040,3323042782,1854427743,1.2116730910854443,62841,0.060581481773217,0.060581482535686765,0.3788644091205332
1640,794,0,0,1468615040,3322590040,1853975001,1.212025355219918,65520,0.0003522634716290214,0.0003522641344735989,0.004227909891679893
1641,794,0,0,1468615040,3319534783,1850919744,1.2144048047995177,65428,0.002379449310284077,0.0023794495795988486,0.01986301959272549
1642,794,0,0,1468615040,3319111141,1850496102,1.2147350493549034,65521,0.00033024448458043404,0.00033024455538627944,0.0039922782726164955
1643,794,0,1,789746432,3808605381,3018858950,0.508643794557802,53457,0.2939087444589008,0.29390874520289784,1.1025425851194477
1644,794,0,1,789746432,3800728414,3010981983,0.5124130706692895,65365,0.003769275900471719,0.0037692761114864705,0.028340051146962263
1645,794,0,1,789746432,3668869309,2879122878,0.5770177830595209,62666,0.0646047122826536,0.06460471239023291,0.3178504320861937
1646,794,0,1,789746432,3664168592,2874422161,0.5793751827383282,65429,0.0023573993620059253,0.002357399678807714,0.021999858492345804
1647,794,0,1,789746432,3650571929,2860825498,0.5862156458528069,65226,0.006840462833938516,0.0068404631144793945,0.04541286975983131
1648,794,0,1,789746432,3649873485,2860127054,0.5865679094631027,65520,0.0003522634716290214,0.0003522636102942004,0.004227909891679893
1649,794,0,1,789746432,3647124034,2857377603,0.5879554447137352,65473,0.0013875351247936642,0.0013875352506339089,0.01333361282639853
1650,794,0,1,789746432,3161200673,2371454242,0.856875114609398,54391,0.2689196698858131,0.26891966989566224,0.824496227771548
1651,794,0,1,789746432,2413209788,1623463357,1.4035723239219102,44865,0.5466972092721294,0.5466972093125104,1.1133170865008404
1652,794,0,1,789746432,2406719501,1616973070,1.409351494475498,65274,0.005779169882435751,0.005779170553588146,0.040736488255429734
1653,794,0,1,789746432,2406324732,1616578301,1.4097037581114087,65520,0.0003522634716290214,0.0003522636359107281,0.004227909891679893
1654,794,0,1,789746432,2405930059,1616183628,1.4100560220858078,65520,0.0003522634716290214,0.0003522639744014214,0.004227909891679893
1655,794,0,1,789746432,2405560143,1615813712,1.4103862673954026,65521,0.00033024448458043404,0.0003302453095928065,0.0039922782726164955
1656,794,0,1,789746432,2405190312,1615443881,1.4107165124078413,65521,0.00033024448458043404,0.00033024501243885903,0.0039922782726164955
1657,794,0,1,789746432,2404820566,1615074135,1.4110467571056127,65521,0.00033024448458043404,0.00033024469777033293,0.0039922782726164955
1658,794,0,1,789746432,2404426260,1614679829,1.4113990212842218,65520,0.0003522634716290214,0.0003522641786091717,0.004227909891679893
1659,794,0,1,789746432,2404032051,1614285620,1.4117512848071243,65520,0.0003522634716290214,0.00035226352290357137,0.004227909891679893
1660,794,0,1,789746432,2403637938,1613891507,1.4121035485467566,65520,0.0003522634716290214,0.00035226373963144703,0.004227909891679893
1661,794,0,1,789746432,2403268547,1613522116,1.4124337935220979,65521,0.00033024448458043404,0.0003302449753438195,0.0039922782726164955
1662,794,0,1,789746432,2402899241,1613152810,1.4127640380923232,65521,0.00033024448458043404,0.00033024457022538464,0.0039922782726164955
1663,794,0,1,789746432,2402480790,1612734359,1.4131383209821564,65519,0.0003742827947452993,0.0003742828898310053,0.004452022505596219
1664,794,0,1,789746432,2402111664,1612365233,1.4134685658237771,65521,0.00033024448458043404,0.00033024484162253256,0.0039922782726164955
1665,794,0,1,789746432,2401644211,1611897780,1.4138868890976255,65517,0.000418322449221962,0.0004183232738487512,0.004904285154810719
1666,794,0,1,789746432,2400955533,1611209102,1.4145034074985752,65508,0.0006165175324262582,0.0006165184009491388,0.006843119561054774
1667,794,0,1,789746432,2400562171,1610815740,1.4148556713309937,65520,0.0003522634716290214,0.00035226383241748305,0.004227909891679893
1668,794,0,1,789746432,2400193484,1610447053,1.4151859162958047,65521,0.00033024448458043404,0.0003302449648123868,0.0039922782726164955
1669,794,0,1,789746432,2399357985,1609611554,1.4159345798688214,65502,0.0007486627160211863,0.0007486635730151109,0.00801057508566055
1670,794,0,1,789746432,2398965013,1609218582,1.416286843725235,65520,0.0003522634716290214,0.00035226385641428325,0.004227909891679893
1671,794,0,1,789746432,2398547582,1608801151,1.4166611270963507,65519,0.0003742827947452993,0.00037428337111515607,0.004463541174757649
1672,794,0,1,789746432,2392385944,1602639513,1.422197194191689,65285,0.005536066833433702,0.005536067095337129,0.03935153598382756
1673,799,5,0,1037128784,3704803647,2667674864,0.6870643043334042,6818,3.2648671158600537,3.264867110141715,0.5684874305403983
1674,803,4,3,1168264448,3940145279,2771880832,0.6317819111858753,532,6.94471756449881,6.944717606852474,2.716060191182386
1675,803,0,3,1168264448,3938538048,2770273601,0.6326186775684448,65498,0.000836766229995985,0.0008367663825673924,0.009106938874530639
1676,809,6,0,278900656,2560859423,2281958768,0.9123744217575798,6748,3.2797557417124343,3.2797557441891354,3.6303627972884116
1677,809,0,0,278900656,2560197844,2281297189,0.9127927444456496,65517,0.000418322449221962,0.0004183226880707758,0.00492328406377429
1678,809,0,0,278900656,2558039634,2279138979,0.9141582450170596,65474,0.0013655003314663333,0.0013655005714105417,0.013921748895805327
1679,809,0,0,278900656,2523227956,2244327301,0.936364059596162,64535,0.022205814466997955,0.02220581457910078,0.1564988666387499
1680,809,0,0,278900656,2522680024,2243779369,0.9367163234085858,65520,0.0003522634716290214,0.00035226381242482236,0.004227909891679893
1681,810,1,1,1316938552,3657404215,2340465664,0.8758515459885601,17090,1.9391352234364982,1.9391352225799752,2.982528809520589
1682,810,0,1,1316938552,3656332834,2339394283,0.8765121110909853,65506,0.0006605645820851047,0.0006605651024223335,0.0070597470791616684
1683,812,2,0,988076788,2959227793,1971151006,1.1236088433703486,27610,1.2470967325245683,1.247096732279364,1.0854207444488653
1684,814,2,3,536173312,3755655775,3219482464,0.4158183541426901,3345,4.2922095044711766,4.2922095107723415,1.8123961526665282
1685,814,0,3,536173312,3753003003,3216829692,0.4170075883292732,65482,0.0011892340994270377,0.0011892341865835214,0.011855596729234915
1686,814,0,3,536173312,3622437100,3086263789,0.4767857688692594,62876,0.05977818026688628,0.05977818053998793,0.24772122626048831
1687,814,0,3,536173312,3545534805,3009361494,0.5131897278515609,63903,0.036403958706643876,0.03640395898229876,0.18552259286184108
1688,814,0,3,536173312,3491166457,2954993146,0.5394923618861505,64352,0.026302633694648112,0.02630263403459233,0.1626708574830469
1689,814,0,3,536173312,3034814442,2498641131,0.7815034377484338,55415,0.24201107564753932,0.24201107586228157,0.7901160966898501
1690,814,0,3,536173312,3033594402,2497421091,0.782208050947574,65504,0.0007046129765893727,0.0007046131991404529,0.007519481231418137
1691,814,0,3,536173312,3032946572,2496773261,0.7825823339921278,65519,0.0003742827947452993,0.0003742830445543553,0.004463541174757649
1692,814,0,3,536173312,3032298910,2496125599,0.7829566170637534,65519,0.0003742827947452993,0.00037428307162344366,0.004463541174757649
1693,814,0,3,536173312,3031689504,2495516193,0.7833088807297308,65520,0.0003522634716290214,0.0003522636659806255,0.004227909891679893
1694,814,0,3,536173312,3031118325,2494945014,0.7836391256029742,65521,0.00033024448458043404,0.000330244873240221,0.0039922782726164955
1695,814,0,3,536173312,3030433067,2494259756,0.7840354285691262,65518,0.0003963024539395264,0.0003963029661522612,0.004687653452683203
1696,814,0,3,536173312,3029862176,2493688865,0.7843656731970334,65521,0.00033024448458043404,0.0003302446279085933,0.0039922782726164955
1697,814,0,3,536173312,3029291415,2493118104,0.784695918210705,65521,0.00033024448458043404,0.00033024501367197995,0.0039922782726164955
1698,814,0,3,536173312,3028682743,2492509432,0.7850481820226136,65520,0.0003522634716290214,0.00035226381190734264,0.004227909891679893
1699,814,0,3,536173312,3028112252,2491938941,0.7853784270080446,65521,0.00033024448458043404,0.0003302449854327577,0.0039922782726164955
1700,814,0,3,536173312,3027503868,2491330557,0.7857306907515458,65520,0.0003522634716290214,0.0003522637434997281,0.004227909891679893
1701,814,0,3,536173312,3026933647,2490760336,0.7860609356347368,65521,0.00033024448458043404,0.00033024488319105994,0.0039922782726164955
1702,814,0,3,536173312,3026363557,2490190246,0.7863911802360093,65521,0.00033024448458043404,0.00033024460127113053,0.0039922782726164955
1703,814,0,3,536173312,3025793597,2489620286,0.7867214251173387,65521,0.00033024448458043404,0.00033024488133104514,0.0039922782726164955
1704,814,0,3,536173312,3025223768,2489050457,0.7870516696819934,65521,0.00033024448458043404,0.00033024456465623436,0.0039922782726164955
1705,814,0,3,536173312,3024160330,2487987019,0.7876681877450551,65508,0.0006165175324262582,0.0006165180630601527,0.006841243446302362
1706,814,0,3,536173312,2988018917,2451845606,0.8087790113859938,64584,0.021110823638426424,0.021110823640940312,0.11504818458083864
1707,814,0,3,536173312,2799947813,2263774502,0.9239168897206405,60509,0.1151378782336869,0.11513787833464527,0.5204907336741859
1708,814,0,3,536173312,2799429676,2263256365,0.9242471342918073,65521,0.00033024448458043404,0.0003302445711666066,0.0039922782726164955
1709,814,0,3,536173312,2798359104,2262185793,0.9249297234798703,65505,0.0006825886112264284,0.0006825891880627188,0.0075995167925312825
1710,820,6,0,1529164336,3848236151,2319071816,0.8890996485900686,8398,2.964169927164983,2.9641699251101996,3.552089283496333
1711,820,0,1,910845024,3936225943,3025380920,0.5055303451812065,42748,0.6164306965357201,0.6164306965911369,1.3429225443923096
1712,820,0,1,910845024,3935441160,3024596137,0.5059046284348305,65519,0.0003742827947452993,0.0003742832536246394,0.004463541174757649
1713,820,0,1,910845024,3934702733,3023857710,0.50625689200605,65520,0.0003522634716290214,0.00035226357121983555,0.004227909891679893
1714,820,0,1,910845024,3934010626,3023165603,0.5065871369180819,65521,0.00033024448458043404,0.00033024491203074177,0.0039922782726164955
1715,820,0,1,910845024,2386631063,1475786040,1.5411635719095145,31992,1.0345764341898707,1.0345764349914317,1.5349183864056561
1716,820,0,1,910845024,2386270763,1475425740,1.5415158360400234,65520,0.0003522634716290214,0.00035226413050903134,0.004227909891679893
1717,822,2,0,1821690048,3788489111,1966799064,1.1267975723212196,43681,0.5852817358382345,0.5852817362811965,1.3836127250796884
1718,822,0,0,1821690048,3725736168,1904046121,1.1735787210800126,63445,0.04678114841629324,0.046781148758793516,0.29591372277068717
1719,822,0,2,844309248,3561154351,2716845104,0.6607148307524291,23378,1.4871361086092776,1.4871361096724167,3.2679142655911164
1720,822,0,2,844309248,3560200868,2715891621,0.6612212367424206,65513,0.0005064057914389884,0.0005064059899923366,0.005810724405486178
1721,822,0,2,844309248,2908869254,2064560007,1.0568127945651895,49819,0.3955915573125911,0.3955915578227693,1.0020545402809788
1722,822,0,2,844309248,2269175719,1424866472,1.5918204191641117,45230,0.5350076244812265,0.5350076245989225,1.375613239700194
1723,822,0,5,176145432,3112323527,2936178096,0.5487076674703992,16881,1.9568872512212867,1.9568872483062874,0.8335745469204595
1724,822,0,5,176145432,3052736172,2876590741,0.5782871657877955,64206,0.029579498090875643,0.029579498317396476,0.15431276684644116
1725,822,0,5,176145432,3051989986,2875844555,0.5786614486062653,65519,0.0003742827947452993,0.00037428281846722,0.004463541174757649
1726,822,0,5,176145432,3051243993,2875098562,0.5790357317058437,65519,0.0003742827947452993,0.0003742830995817135,0.004452022505596219
1727,822,0,5,176145432,3050542064,2874396633,0.5793879954987666,65520,0.0003522634716290214,0.00035226379292144434,0.004227909891679893
1728,822,0,5,176145432,3049796447,2873651016,0.5797622783927245,65519,0.0003742827947452993,0.0003742828939572881,0.004463541174757649
1729,822,0,5,176145432,3049138720,2872993289,0.5800925231181466,65521,0.00033024448458043404,0.00033024472542239294,0.0039922782726164955
1730,822,0,5,176145432,3048393467,2872248036,0.5804668060255196,65519,0.0003742827947452993,0.0003742829073722333,0.004463541174757649
1731,822,0,5,176145432,3047736061,2871590630,0.5807970508096574,65521,0.00033024448458043404,0.0003302447841392635,0.0039922782726164955
1732,822,0,5,176145432,3047078806,2870933375,0.5811272953266737,65521,0.00033024448458043404,0.0003302445170153434,0.0039922782726164955
1733,822,0,5,176145432,3046290280,2870144849,0.5815235980811657,65518,0.0003963024539395264,0.00039630275449291065,0.004699172121844633
1734,822,0,5,176145432,3045633355,2869487924,0.5818538430572318,65521,0.00033024448458043404,0.00033024497606635756,0.0039922782726164955
1735,822,0,5,176145432,3044976581,2868831150,0.5821840877106581,65521,0.00033024448458043404,0.00033024465342668276,0.0039922782726164955
1736,822,0,5,176145432,3044188632,2868043201,0.5825803906632316,65518,0.0003963024539395264,0.0003963029525732109,0.004699172121844633
1737,822,0,5,176145432,3042831983,2866686552,0.583262979348433,65505,0.0006825886112264284,0.0006825886851998669,0.007456347948812514
1738,822,0,5,176145432,3041957139,2865811708,0.5837033224773442,65516,0.0004403427806028656,0.00044034312891361405,0.005147395669702917
1739,822,0,5,176145432,3041257477,2865112046,0.5840555864215347,65520,0.0003522634716290214,0.0003522639441882959,0.004227909891679893
1740,822,0,5,176145432,3040077087,2863931656,0.5846500810394808,65509,0.0005944945118882062,0.0005944946179473793,0.0066480043953009715
1741,822,0,5,176145432,3039377884,2863232453,0.5850023449825024,65520,0.0003522634716290214,0.00035226394302244454,0.004227909891679893
1742,822,0,5,176145432,3017751601,2841606170,0.5959405266755198,65041,0.010938181550061115,0.010938181693015499,0.06808859184229278
1743,822,0,6,1122986208,3785257613,2662271406,0.6899894913188014,30700,1.094048964855096,1.0940489646432825,1.1495472637007913
1744,822,0,6,1122986208,3784648267,2661662060,0.6903197360379885,65521,0.00033024448458043404,0.0003302447191867774,0.0039922782726164955
1745,822,0,6,1122986208,3783470468,2660484261,0.6909582772210818,65507,0.0006385408891551363,0.0006385411830932333,0.007214498108173091
1746,832,10,1,873416416,2540116287,1666699872,1.3656528090320172,1283,5.674694544910317,5.674694531810935,2.963080934705781
1747,832,0,1,873416416,2485285279,1611868864,1.4139127699844352,63380,0.048259960730404,0.048259960952417115,0.25100587238780436
1748,832,0,1,873416416,2482358454,1608942039,1.4165347910856454,65417,0.0026220209864989156,0.0026220211012100043,0.021100085335905884
1749,832,0,1,873416416,2481965645,1608549230,1.416887055351033,65520,0.0003522634716290214,0.00035226426538731626,0.004227909891679893
1750,832,0,1,873416416,2481597477,1608181062,1.4172173001038821,65521,0.00033024448458043404,0.00033024475285000146,0.0039922782726164955
1751,832,0,1,873416416,2481229393,1607812978,1.417547545096344,65521,0.00033024448458043404,0.00033024499246236407,0.0039922782726164955
1752,832,0,3,1055536528,2376604543,1321068016,1.7009423994745632,13462,2.283394858664635,2.283394854378218,2.1948976375885665
1753,832,0,5,827811268,3040503435,2212692168,0.9568443901259442,27442,1.2559019900719615,1.2559019906513833,1.02325831593068
1754,832,0,5,827811268,3037768631,2209957364,0.9586286095821528,65455,0.0017842189647608187,0.0017842194562055636,0.017023251583772856
1755,832,0,5,827811268,3029506919,2201695652,0.9640320920509531,65291,0.005403482434287977,0.0054034824688030695,0.04182601679635672
1756,838,6,0,1655622536,4232173533,2576550998,0.737205997794657,38347,0.7731739046367551,0.7731739057437022,1.191748520978907
1757,839,1,2,1971988576,3662850167,1690861592,1.3448885753891844,5376,3.6076825772212398,3.6076825775945283,2.655312890197362
1758,842,3,1,2047780636,3470936235,1423155600,1.593553739190785,13790,2.248665163598657,2.248665163801601,1.2060851813075837
1759,842,0,1,2047780636,3470588784,1422808149,1.59390600357737,65520,0.0003522634716290214,0.0003522643865850716,0.004227909891679893
1760,842,0,1,2047780636,3470241418,1422460783,1.5942582677886215,65520,0.0003522634716290214,0.0003522642112504466,0.004227909891679893
1761,842,0,1,2047780636,3469894137,1422113502,1.5946105318033972,65520,0.0003522634716290214,0.00035226401477797667,0.004227909891679893
1762,842,0,1,2047780636,3469568641,1421788006,1.5949407763394774,65521,0.00033024448458043404,0.0003302445360773712,0.0039922782726164955
1763,842,0,1,2047780636,3469199830,1421419195,1.5953150591589065,65519,0.0003742827947452993,0.00037428281943186175,0.004463541174757649
1764,842,0,1,2047780636,3468874492,1421093857,1.5956453046231687,65521,0.00033024448458043404,0.0003302454642606478,0.0039922782726164955
1765,842,0,1,2047780636,3468527545,1420746910,1.5959975683563457,65520,0.0003522634716290214,0.0003522637331764082,0.004227909891679893
1766,842,0,1,2047780636,3468159004,1420378369,1.5963718512364267,65519,0.0003742827947452993,0.0003742828800802889,0.004463541174757649
1767,842,0,1,2047780636,3467833905,1420053270,1.59670209591523,65521,0.00033024448458043404,0.0003302446788060321,0.0039922782726164955
1768,842,0,1,2047780636,3467465544,1419684909,1.5970763787240259,65519,0.0003742827947452993,0.00037428280879388644,0.004452022505596219
1769,842,0,1,2047780636,3467140603,1419359968,1.5974066241351679,65521,0.00033024448458043404,0.00033024541114256596,0.0039922782726164955
1770,842,0,1,2047780636,3466815737,1419035102,1.5977368689091627,65521,0.00033024448458043404,0.00033024477399473315,0.0039922782726164955
1771,842,0,1,2047780636,3466425987,1418645352,1.5981331717380662,65518,0.0003963024539395264,0.0003963028289034786,0.004687653452683203
1772,842,0,1,2047780636,3466101284,1418320649,1.5984634170844991,65521,0.00033024448458043404,0.0003302453464315132,0.0039922782726164955
1773,842,0,1,2047780636,3465733372,1417952737,1.5988377003418748,65519,0.0003742827947452993,0.00037428325737602413,0.004452022505596219
1774,842,0,1,2047780636,3456754331,1408973696,1.60800246765546,65121,0.009164766608617297,0.009164767313587053,0.05943297824849906
1775,844,2,1,919982548,3060704115,2140721568,1.0045499815782506,24893,1.3965475120958104,1.3965475139227905,1.0138655699179098
1776,844,0,1,919982548,3060214142,2140231595,1.0048802265463408,65521,0.00033024448458043404,0.0003302449680905628,0.0039922782726164955
1777,844,0,1,919982548,3059430365,2139447818,1.0054086545403962,65512,0.0005284274673163702,0.0005284279940548804,0.006070914500986733
1778,847,3,2,773973936,2580700015,1806726080,1.2492693520310283,3459,4.243860701627072,4.243860697490632,2.529742444842178
1779,847,0,2,773973936,2452727260,1678753325,1.3552568889038312,60894,0.10598753676369939,0.10598753687280091,0.4117448006596293
1780,850,3,0,1547947872,3897782427,2349834556,0.8700879609854475,45867,0.5148310715800998,0.5148310720816184,1.4931299530624178
1781,850,0,0,1547947872,3896706758,2348758887,0.8707485256322407,65506,0.0006605645820851047,0.000660564646793028,0.007098588365220595
1782,850,0,0,1547947872,3896097491,2348149620,0.8711228086241682,65519,0.0003742827947452993,0.00037428299192858835,0.004452022505596219
1783,850,0,0,1547947872,3895165913,2347218042,0.8716952805050475,65510,0.0005724718275307164,0.0005724718808765983,0.006263474722486623
1784,850,0,0,1547947872,3894628677,2346680806,0.8720255252510327,65521,0.00033024448458043404,0.0003302447459862104,0.0039922782726164955
1785,852,2,2,714582720,2295269327,1580686608,1.4420957833152883,2759,4.5700702586467274,4.570070258064256,0.9820023203498214
1786,852,0,2,714582720,2293870403,1579287684,1.4433731486750858,65478,0.0012773645234549914,0.0012773653597983959,0.011981578896717545
1787,852,0,2,714582720,2289243583,1574660864,1.447605998359169,65344,0.004232849122198513,0.004232849684083271,0.035275197842602815
1788,852,0,2,714582720,2279464423,1564881704,1.4565935441293547,65129,0.008987544952699829,0.00898754577018325,0.058756448327879594
1789,855,3,0,1429165440,4123963557,2694798118,0.6724699491286081,56428,0.2158764039750591,0.2158764049992545,0.7138657461647834
1790,855,0,1,710847232,4023093599,3312246368,0.37483716017144175,40276,0.7023672108574865,0.7023672110428352,1.4983810330424683
1791,855,0,1,710847232,4005050508,3294203277,0.3827175631197015,65179,0.007880402557995065,0.007880402948257743,0.05203124506631039
1792,855,0,1,710847232,2957968774,2247121543,0.9345689864531543,44705,0.5518514227825321,0.5518514233334542,1.3857504559951477
1793,855,0,1,710847232,2956940123,2246092892,0.9352295512865929,65506,0.0006605645820851047,0.0006605648334394606,0.007282970810898281
1794,855,0,1,710847232,2955877670,2245030439,0.935912140291574,65505,0.0006825886112264284,0.0006825890049784547,0.007418573638388159
1795,855,0,1,710847232,2955295310,2244448079,0.9362864233560124,65519,0.0003742827947452993,0.00037428306443869683,0.004463541174757649
1796,855,0,1,710847232,2954747349,2243900118,0.9366386868554244,65520,0.0003522634716290214,0.0003522634994123953,0.004227909891679893
1797,855,0,1,710847232,2954165282,2243318051,0.9370129700515797,65519,0.0003742827947452993,0.00037428319615771973,0.004452022505596219
1798,855,0,1,710847232,2953514905,2242667674,0.9374312931300324,65517,0.000418322449221962,0.0004183230784500366,0.00492328406377429
1799,855,0,1,710847232,2952898937,2242051706,0.9378275961801172,65518,0.0003963024539395264,0.00039630305008490685,0.004687653452683203
1800,855,0,1,710847232,2952248928,2241401697,0.9382459187021155,65517,0.000418322449221962,0.00041832252199880345,0.004911765394612859
1801,855,0,1,710847232,2951633308,2240786077,0.9386422215664467,65518,0.0003963024539395264,0.00039630286433285574,0.004699172121844633
1802,855,0,1,710847232,2951086241,2240239010,0.9389944850938932,65520,0.0003522634716290214,0.000352263527443775,0.004227909891679893
1803,855,0,1,710847232,2950573490,2239726259,0.9393247302113075,65521,0.00033024448458043404,0.00033024511741626856,0.0039922782726164955
1804,855,0,1,710847232,2950026681,2239179450,0.9396769942185408,65520,0.0003522634716290214,0.00035226400723174453,0.004227909891679893
1805,855,0,1,710847232,2949445839,2238598608,0.9400512771181333,65519,0.0003742827947452993,0.0003742828995926161,0.004463541174757649
1806,855,0,1,710847232,2948933464,2238086233,0.9403815218867742,65521,0.00033024448458043404,0.00033024476864362595,0.0039922782726164955
1807,855,0,1,710847232,2947977250,2237130019,0.9409980396768169,65508,0.0006165175324262582,0.0006165177900423216,0.006792717736287013
1808,855,0,1,710847232,2947431075,2236583844,0.9413503035864039,65520,0.0003522634716290214,0.0003522639095849238,0.004227909891679893
1809,855,0,1,710847232,2946816778,2235969547,0.9417466066212157,65518,0.0003963024539395264,0.00039630303481189987,0.004699172121844633
1810,855,0,1,710847232,2946236768,2235389537,0.9421208899384972,65519,0.0003742827947452993,0.00037428331728202476,0.004452022505596219
1811,855,0,1,710847232,2945520471,2234673240,0.9425832539768138,65515,0.0004623634480924974,0.00046236403831546744,0.005350984204518786
1812,855,0,1,710847232,2944736207,2233888976,0.9430896601721273,65513,0.0005064057914389884,0.0005064061953143379,0.005793249322665642
1813,855,0,1,710847232,2944122651,2233275420,0.9434859626699108,65518,0.0003963024539395264,0.0003963024977842137,0.004699172121844633
1814,855,0,1,710847232,2929776200,2218928969,0.9527836604128552,65115,0.00929769713860068,0.009297697742942333,0.0592007185012378
1815,858,3,0,105906576,3087998675,2982092100,0.5263223309941907,22019,1.5735386705219574,1.5735386705813381,0.9735966995046843
1816,858,0,0,105906576,3087316128,2981409553,0.5266525756167866,65521,0.00033024448458043404,0.0003302446225962564,0.0039922782726164955
1817,858,0,0,105906576,3086087825,2980181250,0.5272470701839076,65509,0.0005944945118882062,0.0005944945671188128,0.006724244361462312
1818,859,1,0,211813152,4035900095,3824086944,0.1675318213740269,42047,0.6402847507554029,0.6402847511901191,2.048401651214919
1819,859,0,0,211813152,3896908165,3685095014,0.2209453287396741,63154,0.053413507223042826,0.05341350736564788,0.22798600868766317
1820,859,0,0,211813152,3896008483,3684195332,0.22129759244629454,65520,0.0003522634716290214,0.00035226370662136777,0.004227909891679893
1821,859,0,0,211813152,3895109021,3683295870,0.22164985601546405,65520,0.0003522634716290214,0.00035226356916802045,0.004227909891679893
1822,859,0,0,211813152,3894265981,3682452830,0.22198010068769491,65521,0.00033024448458043404,0.0003302446722304552,0.0039922782726164955
1823,859,0,0,211813152,3379061971,3167248820,0.43941693564818607,56367,0.21743683495291719,0.2174368349604932,0.6307501780710917
1824,859,0,0,211813152,3378288716,3166475565,0.43976919952693194,65520,0.0003522634716290214,0.0003522638787463368,0.004227909891679893
1825,859,0,0,211813152,3374036856,3162223705,0.4417077142193726,65448,0.0019385143635805371,0.0019385146924412518,0.017349293121557398
1826,859,0,0,211813152,3307835517,3096022366,0.4722312523089549,64164,0.030523537880225618,0.030523538089582483,0.15646658511898892
1827,859,0,2,978936068,3201367651,2222431584,0.9505081386316547,11761,2.4782768873421497,2.4782768863227,2.197191700895019
1828,859,0,2,978936068,2871577197,1892641130,1.1822462632613053,55811,0.23173812417667994,0.23173812462964724,0.8288012438773864
1829,859,0,2,978936068,2760766894,1781830827,1.2692867769619625,61699,0.08704051368091775,0.0870405137006604,0.33050257782448045
1830,859,0,2,978936068,2343694065,1364757998,1.6540019941639734,50196,0.3847152166348087,0.3847152172020099,1.1502015802496657
1831,859,0,2,978936068,2340028943,1361092876,1.6578816315796487,65360,0.0038796369669542195,0.0038796374156747585,0.03345793054591105
1832,859,0,2,978936068,2339675876,1360739809,1.6582559146982732,65519,0.0003742827947452993,0.0003742831186249373,0.004463541174757649
1833,859,0,2,978936068,2339343664,1360407597,1.658608178310491,65520,0.0003522634716290214,0.0003522636122160848,0.004227909891679893
1834,859,0,2,978936068,2338990775,1360054708,1.6589824611757251,65519,0.0003742827947452993,0.0003742828652351233,0.004463541174757649
1835,859,0,2,978936068,2338658730,1359722663,1.659334725064923,65520,0.0003522634716290214,0.0003522638891989465,0.004227909891679893
1836,859,0,2,978936068,2338347514,1359411447,1.6596649697410903,65521,0.00033024448458043404,0.000330244676167086,0.0039922782726164955
1837,859,0,2,978936068,2338015626,1359079559,1.6600172336794685,65520,0.0003522634716290214,0.00035226393837810413,0.004227909891679893
1838,859,0,2,978936068,2337683819,1358747752,1.6603694976469932,65520,0.0003522634716290214,0.0003522639675251893,0.004227909891679893
1839,859,0,2,978936068,2337372826,1358436759,1.6606997424713654,65521,0.00033024448458043404,0.0003302448243716562,0.0039922782726164955
1840,859,0,2,978936068,2337041176,1358105109,1.6610520063685819,65520,0.0003522634716290214,0.0003522638972174789,0.004227909891679893
1841,859,0,2,978936068,2336730330,1357794263,1.6613822512880105,65521,0.00033024448458043404,0.0003302449194265836,0.0039922782726164955
1842,859,0,2,978936068,2336067344,1357131277,1.6620868648174039,65504,0.0007046129765893727,0.0007046135293947898,0.007569841186638494
1843,859,0,2,978936068,2335756721,1356820654,1.662417109622794,65521,0.00033024448458043404,0.00033024480538813036,0.0039922782726164955
1844,859,0,2,978936068,2335363355,1356427288,1.662835432749585,65517,0.000418322449221962,0.0004183231267925459,0.00492328406377429
1845,859,0,2,978936068,2334970103,1356034036,1.6632537559228417,65517,0.000418322449221962,0.00041832317325586084,0.00492328406377429
1846,859,0,2,978936068,2334618348,1355682281,1.6636280393195015,65519,0.0003742827947452993,0.0003742833966612607,0.004452022505596219
1847,859,0,2,978936068,2334101196,1355165129,1.6641784890660176,65511,0.0005504494793435254,0.0005504497465143097,0.0062203082868149875
1848,859,0,2,978936068,2328311305,1349375238,1.6703555533063827,65256,0.006177063254083787,0.006177064240366177,0.042815719974208494
1849,862,3,0,1957872136,3867949681,1910077546,1.1690159355230634,46384,0.4986603819386031,0.4986603822166801,0.925835882871347
1850,862,0,0,1957872136,3867512498,1909640363,1.1693461807211847,65521,0.00033024448458043404,0.0003302451981226476,0.0039922782726164955
1851,862,0,0,1957872136,3866842305,1908970170,1.1698525869750362,65513,0.0005064057914389884,0.0005064062538509123,0.005854284478915642
1852,862,0,2,1389037600,3592788927,2203751328,0.9626857070872568,18914,1.7928331186167115,1.792833120112219,3.4307617383772633
1853,862,0,3,630591552,3123531437,2492939886,0.7847990514776768,37068,0.8221133436512061,0.8221133443904206,0.994893334442106
1854,862,0,3,630591552,2192026433,1561434882,1.45977474148048,41048,0.674975689808584,0.6749756900028039,1.7911828213301124
1855,862,0,3,630591552,2191526095,1560934544,1.4602371051915348,65515,0.0004623634480924974,0.00046236371105602545,0.00536402669982325
1856,862,0,3,630591552,2191168825,1560577274,1.460567350078989,65521,0.00033024448458043404,0.00033024488745291296,0.0039922782726164955
1857,862,0,3,630591552,2190787824,1560196273,1.460919614187695,65520,0.0003522634716290214,0.0003522641087066335,0.004227909891679893
1858,862,0,3,630591552,2190430723,1559839172,1.4612498590539005,65521,0.00033024448458043404,0.00033024486620612884,0.0039922782726164955
1859,862,0,3,630591552,2190073704,1559482153,1.4615801036740521,65521,0.00033024448458043404,0.0003302446201513222,0.0039922782726164955
1860,862,0,3,630591552,2188979096,1558387545,1.4625930937930498,65490,0.00101298940069043,0.0010129901189974415,0.01086581184224989
1861,862,0,3,630591552,2188598630,1558007079,1.462945357533929,65520,0.0003522634716290214,0.0003522637408798068,0.004227909891679893
1862,862,0,3,630591552,2186149979,1555558428,1.4652145613614636,65433,0.002269202938821913,0.0022692038275338475,0.01970284044612082
1863,866,4,1,374882560,3884573283,3509690724,0.2913032410138712,36966,0.8260886789641628,0.8260886796524081,1.0147581746217544
1864,866,0,1,374882560,3814096705,3439214146,0.32056819654811264,64220,0.02926495538686784,0.02926495553424019,0.20581675665607554
1865,866,0,1,374882560,3598516081,3223633522,0.4139594052637179,61428,0.09339120828746274,0.09339120871560563,0.45703600307476944
1866,866,0,1,374882560,3448982299,3074099740,0.4824831715937066,62496,0.06852376611320832,0.06852376632998769,0.3360438105040616
1867,866,0,1,374882560,2951533145,2576650586,0.7371502362990476,54931,0.254667064587064,0.25466706470534106,0.7347495325490168
1868,866,0,1,374882560,2950943396,2576060837,0.7374804810542983,65521,0.00033024448458043404,0.00033024475525119887,0.0039922782726164955
1869,866,0,1,374882560,2933254989,2558372430,0.7474208490327428,65086,0.00994036742343168,0.009940367978445849,0.07728938290681944
1870,866,0,1,374882560,2932513273,2557630714,0.7478391716851434,65517,0.000418322449221962,0.0004183226524011721,0.00492328406377429
1871,866,0,1,374882560,2931927877,2557045318,0.7481694166134893,65521,0.00033024448458043404,0.0003302449283434401,0.0039922782726164955
1872,866,0,1,374882560,2930874406,2555991847,0.7487639115721123,65509,0.0005944945118882062,0.000594494958624625,0.0065876077275148145
1873,866,0,1,374882560,2930094379,2555211820,0.7492042544606825,65516,0.0004403427806028656,0.0004403428885691838,0.005139915429900777
1874,866,0,1,374882560,2929041664,2554159105,0.7497987490682405,65509,0.0005944945118882062,0.0005944946075567889,0.0065876077275148145
1875,866,0,1,374882560,2927521702,2552639143,0.7506575422290425,65497,0.0008587929491977406,0.0008587931608031518,0.008877713011106219
1876,866,0,1,374882560,2926898499,2552015940,0.7510098057482857,65520,0.0003522634716290214,0.00035226351924468535,0.004227909891679893
1877,866,0,1,374882560,2926119685,2551237126,0.751450148835243,65516,0.0004403427806028656,0.0004403430869551427,0.005158914338864347
1878,866,0,1,374882560,2925380038,2550497479,0.7518684712878994,65517,0.000418322449221962,0.0004183224526571913,0.004904285154810719
1879,866,0,1,374882560,2924757357,2549874798,0.7522207352978292,65520,0.0003522634716290214,0.0003522640099311302,0.004227909891679893
1880,866,0,1,374882560,2923940288,2549057729,0.7526830992919464,65515,0.0004623634480924974,0.000462363994115161,0.005350984204518786
1881,866,0,1,374882560,2922812317,2547929758,0.7533216404689362,65507,0.0006385408891551363,0.0006385411769923308,0.007015612033399586
1882,866,0,1,374882560,2922190263,2547307704,0.7536739044142848,65520,0.0003522634716290214,0.00035226394534773885,0.004227909891679893
1883,866,0,1,374882560,2920868722,2545986163,0.7544225675543288,65502,0.0007486627160211863,0.0007486631400437638,0.008113932689051445
1884,866,0,1,374882560,2920169446,2545286887,0.7548188700169334,65518,0.0003963024539395264,0.0003963024626057338,0.004687653452683203
1885,866,0,1,374882560,2918227546,2543344987,0.7559199791972695,65486,0.001101109058724726,0.0011011091803337244,0.01132976389256546
1886,866,0,1,374882560,2917257336,2542374777,0.7564704291778241,65511,0.0005504494793435254,0.0005504499805551125,0.0061959914526561535
1887,866,0,1,374882560,2915550419,2540667860,0.7574393609612216,65492,0.0009689315899683129,0.0009689317833959762,0.009886254389901223
1888,866,0,1,374882560,2914038485,2539155926,0.7582981544313299,65497,0.0008587929491977406,0.0008587934701093863,0.008934596848116705
1889,866,0,1,374882560,2913108618,2538226059,0.7588265820850104,65512,0.0005284274673163702,0.0005284276536795665,0.0060288782537003035
1890,866,0,1,374882560,2902961290,2528078731,0.7646057524929546,65274,0.005779169882435751,0.005779170407946096,0.040493819462889845
1891,866,0,1,374882560,2402946694,2028064135,1.0825438695189327,52574,0.3179381164590008,0.3179381170259787,0.7642404878277805
1892,866,0,1,374882560,2402451561,2027569002,1.082896133100526,65520,0.0003522634716290214,0.00035226358159105837,0.004227909891679893
1893,866,0,1,374882560,2401554351,2026671792,1.0835346745708208,65507,0.0006385408891551363,0.0006385414702957084,0.007088389366313801
1894,869,3,0,547383896,2343234791,1795850896,1.2579795735132748,14518,2.17444489912917,2.174444898942454,2.7260428444256743
1895,870,1,0,1094767792,3229258905,2134491114,1.00875498943185,38947,0.7507754154449855,0.7507754159185752,1.3973750489342744
1896,870,0,0,1094767792,3227076731,2132308940,1.0102306676182167,65469,0.0014756776637093812,0.0014756781863679588,0.013199331006981506
1897,870,0,0,1094767792,3226556147,2131788356,1.0105829316060024,65520,0.0003522634716290214,0.0003522639877857219,0.004227909891679893
1898,870,0,0,1094767792,3226035690,2131267899,1.0109351956586998,65520,0.0003522634716290214,0.00035226405269498127,0.004227909891679893
1899,870,0,0,1094767792,3225515360,2130747569,1.0112874597553407,65520,0.0003522634716290214,0.0003522640966423068,0.004227909891679893
1900,870,0,0,1094767792,3224539981,2129772190,1.0119480244518897,65506,0.0006605645820851047,0.00066056469654836,0.007437082527666315
1901,870,0,0,1094767792,3224020017,2129252226,1.0123002879820753,65520,0.0003522634716290214,0.0003522635301876992,0.004227909891679893
1902,870,0,0,1094767792,3222298057,2127530266,1.013467490343384,65483,0.0011672023345903715,0.0011672023613066107,0.011451527357137876
1903,870,0,1,42051936,4288477165,4246425230,0.016398298440982728,65403,0.0029308075734053776,0.0029308080975981826,0.024144646230815883
1904,870,0,1,42051936,4212342679,4170290744,0.04249917713879725,64361,0.026100878543433213,0.026100878697814498,0.1536707417305508
1905,870,0,1,42051936,4203052175,4161000240,0.04571677441866484,65390,0.0032175971660184,0.003217597279870025,0.026038181562410577
1906,870,0,1,42051936,4176322116,4134270181,0.055014471799989195,65115,0.00929769713860068,0.009297697381322186,0.0715803249622185
1907,872,2,0,302541336,4054522739,3751981404,0.19499446859314418,29738,1.1399799968365014,1.1399799967931543,0.9996939722831986
1908,872,0,0,302541336,3984963147,3682421812,0.22199225283337398,64321,0.026997784147856658,0.026997784240229857,0.18482420542054387
1909,872,0,0,302541336,3983670793,3681129458,0.22249865868501928,65513,0.0005064057914389884,0.0005064058516473772,0.005804767991827072
1910,872,0,0,302541336,3981086992,3678545657,0.22351164824889125,65490,0.00101298940069043,0.0010129895638721909,0.01010816861402093
1911,872,0,0,302541336,3980076649,3677535314,0.22390795080472614,65518,0.0003963024539395264,0.000396302555833432,0.004699172121844633
1912,872,0,0,302541336,3979234927,3676693592,0.22423819566819958,65521,0.00033024448458043404,0.0003302448634741019,0.0039922782726164955
1913,872,0,0,302541336,3977888481,3675347146,0.2247666233682004,65512,0.0005284274673163702,0.0005284276999994967,0.005960362857648164
1914,872,0,0,302541336,3976822935,3674281600,0.22518494597848004,65517,0.000418322449221962,0.0004183226102805599,0.00492328406377429
1915,872,0,0,302541336,3975140982,3672599647,0.22584551070326953,65506,0.0006605645820851047,0.000660564724791645,0.007158893236972544
1916,872,0,0,302541336,3974244351,3671703016,0.2261977742640191,65520,0.0003522634716290214,0.00035226356074639855,0.004227909891679893
1917,872,0,0,302541336,3973235887,3670694552,0.22659407697233291,65518,0.0003963024539395264,0.0003963027083154881,0.004687653452683203
1918,872,0,0,302541336,3972339721,3669798386,0.22694634057679508,65520,0.0003522634716290214,0.00035226360446286085,0.004227909891679893
1919,872,0,0,302541336,3971331780,3668790445,0.22734264333331922,65518,0.0003963024539395264,0.00039630275652171736,0.004687653452683203
1920,872,0,0,302541336,3970100191,3667558856,0.22782702794656373,65514,0.000484384451701118,0.0004843846132469653,0.005557620055609438
1921,872,0,0,302541336,3969204790,3666663455,0.22817929176785157,65520,0.0003522634716290214,0.0003522638212881445,0.004227909891679893
1922,872,0,0,302541336,3967917966,3665376631,0.22868569778870906,65513,0.0005064057914389884,0.0005064060208572915,0.005791725496522608
1923,872,0,0,302541336,3967023098,3664481763,0.22903796151956612,65520,0.0003522634716290214,0.00035226373085768255,0.004227909891679893
1924,872,0,0,302541336,3965233800,3662692465,0.22974257460020553,65504,0.0007046129765893727,0.0007046130806392596,0.007710973100453744
1925,872,0,0,302541336,3964283699,3661742364,0.23011685767889745,65519,0.0003742827947452993,0.00037428307869011356,0.004463541174757649
1926,872,0,0,302541336,3962216370,3659675035,0.2309315975613302,65499,0.0008147398470877202,0.0008147398824331406,0.008711157240783144
1927,872,0,0,302541336,3960987841,3658446506,0.23141598216811943,65514,0.000484384451701118,0.00048438460678973307,0.005557620055609438
1928,872,0,0,302541336,3958922372,3656381037,0.23223072235033015,65499,0.0008147398470877202,0.000814740182208937,0.00869791694525519
1929,872,0,0,302541336,3957415989,3654874654,0.23282521703260528,65509,0.0005944945118882062,0.0005944946822764225,0.006661046890605435
1930,872,0,0,302541336,3946819886,3644278551,0.23701391003852024,65346,0.00418869287333474,0.004188693005914754,0.031093648336500888
1931,874,2,0,563535560,2835204067,2271668508,0.9188948203068783,10213,2.681880910024505,2.681880910268359,0.6791965971576271
1932,876,2,0,574560872,3029526851,2454965980,0.8069441136633273,17706,1.8880492938468367,1.8880492933564472,2.5463939378943894
1933,876,0,0,574560872,3028290677,2453729806,0.807670751538204,65503,0.0007266376781842033,0.0007266378748765693,0.008014410703392021
1934,880,4,1,437637280,2946480159,2508842880,0.7756250233506101,2094,4.967954273069192,4.967954271812406,2.922619472742165
1935,880,0,1,437637280,2943685579,2506048300,0.7772329254884554,65463,0.0016079015700331673,0.00160790213784769,0.015624370077136077
1936,880,0,1,437637280,2942308965,2504671686,0.7780256396079999,65500,0.0007927138004626774,0.0007927141195417842,0.008665216887100185
1937,880,0,1,437637280,2352104423,1914467144,1.1657042450813506,50093,0.3876786052708153,0.38767860547335253,1.3944703133102248
1938,880,0,1,437637280,2351607811,1913970532,1.1660785281358486,65519,0.0003742827947452993,0.0003742830544981282,0.004463541174757649
1939,882,2,0,875274560,3623569891,2748295332,0.644110101421763,47052,0.47803157276225444,0.4780315732859145,1.6328182320350644
1940,882,0,0,875274560,3622605370,2747330811,0.6446165076588741,65513,0.0005064057914389884,0.0005064062371101769,0.005854284478915642
1941,882,0,0,875274560,2903828909,2028554350,1.082195189575021,48390,0.4375786812358388,0.43757868191614774,0.8377418959186924
1942,882,0,0,875274560,2746586231,1871311672,1.1985972826773228,60456,0.11640209254460263,0.11640209310230198,0.5802825120941527
1943,882,0,0,875274560,2746100813,1870826254,1.1989715661265876,65519,0.0003742827947452993,0.0003742834492660398,0.004463541174757649
1944,882,0,0,875274560,2721350960,1846076401,1.218184884978612,64669,0.019213318804443612,0.019213318852022956,0.10748024453351997
1945,882,0,0,875274560,2699491901,1824217342,1.235369519830293,64760,0.01718463481007174,0.01718463485168056,0.1078981108294864
1946,882,0,0,875274560,2574427684,1699153125,1.3378312742310499,61043,0.10246175430091892,0.10246175440075576,0.4004290335645848
1947,882,0,0,875274560,2573183187,1697908628,1.3388883228578727,65488,0.001057048556915173,0.0010570486268236573,0.01039523911323306
1948,882,0,0,875274560,2572716842,1697442283,1.3392846257088635,65518,0.0003963024539395264,0.00039630285099204567,0.004687653452683203
1949,882,0,0,875274560,2572095220,1696820661,1.3398130532358579,65512,0.0005284274673163702,0.0005284275269946758,0.005960362857648164
1950,882,0,0,875274560,2571318477,1696043918,1.3404736179401837,65506,0.0006605645820851047,0.0006605647043258355,0.007257376999811762
1951,882,0,0,875274560,2570904403,1695629844,1.3408258820736165,65520,0.0003522634716290214,0.0003522641334328719,0.004227909891679893
1952,882,0,0,875274560,2570438684,1695164125,1.3412221848287338,65518,0.0003963024539395264,0.00039630275511598804,0.004687653452683203
1953,882,0,0,875274560,2570050691,1694776132,1.341552429928651,65521,0.00033024448458043404,0.00033024509991755037,0.0039922782726164955
1954,882,0,0,875274560,2569636927,1694362368,1.3419046936522285,65520,0.0003522634716290214,0.00035226372357707934,0.004227909891679893
1955,882,0,0,875274560,2569197410,1693922851,1.3422789767829926,65519,0.0003742827947452993,0.0003742831307631461,0.004463541174757649
1956,882,0,0,875274560,2568809701,1693535142,1.342609221972868,65521,0.00033024448458043404,0.00033024518987770336,0.0039922782726164955
1957,882,0,0,875274560,2568396240,1693121681,1.3429614856762448,65520,0.0003522634716290214,0.0003522637033747032,0.004227909891679893
1958,882,0,0,875274560,2568008715,1692734156,1.343291730332293,65521,0.00033024448458043404,0.000330244656049608,0.0039922782726164955
1959,882,0,0,875274560,2567621278,1692346719,1.3436219755829306,65521,0.00033024448458043404,0.0003302452506383474,0.0039922782726164955
1960,882,0,0,875274560,2567182284,1691907725,1.3439962585931546,65519,0.0003742827947452993,0.0003742830102240987,0.004463541174757649
1961,882,0,0,875274560,2566123809,1690849250,1.344899106001069,65495,0.0009028473965228007,0.0009028474079147452,0.009561197894627076
1962,882,0,0,875274560,2560473540,1685198981,1.3497281973642679,65317,0.004829090795818638,0.004829091363197575,0.03525364184348869
1963,882,0,0,875274560,2464019966,1588745407,1.434759191551656,61785,0.08503099352322466,0.08503099418738795,0.35147108747171507
1964,882,0,0,875274560,2463656331,1588381772,1.4350894360674893,65521,0.00033024448458043404,0.0003302445158330084,0.0039922782726164955
1965,882,0,0,875274560,2463050411,1587775852,1.435639885946408,65511,0.0005504494793435254,0.0005504498789195098,0.006295024426833294
1966,885,3,0,926395352,2392064415,1465669064,1.5510877544267174,7562,3.1154478660127656,3.1154478684803077,3.4209852385839903
1967,885,0,0,926395352,2385824765,1459429414,1.5572427101202813,65257,0.006154955187593595,0.0061549556935654014,0.0431774675674178
1968,886,1,1,1558097760,3921475515,2363377756,0.861796901741787,26532,1.304554189462618,1.304554191621505,2.117769511121621
1969,886,0,2,968711872,4158276521,3189564650,0.4292876248912627,44223,0.5674907224263299,0.5674907231494741,0.934070930441796
1970,886,0,2,968711872,4157059798,3188347927,0.42983807466250923,65511,0.0005504494793435254,0.0005504497712497133,0.006241469510385434
1971,886,0,2,968711872,4154870533,3186158662,0.4308290350886317,65491,0.0009909603271466795,0.0009909604261209134,0.010337768059128019
1972,886,0,2,968711872,4153898194,3185186323,0.43126937811433663,65516,0.0004403427806028656,0.00044034302570519545,0.005086360513452917
1973,886,0,2,968711872,4062526271,3093814400,0.4732604948735606,63656,0.04199111634305641,0.04199111675922284,0.24658965105518094
1974,889,3,0,1447032408,3733214715,2286182308,0.9097066924349342,24214,1.4364461973099394,1.4364461975613734,1.0803119823738836
1975,889,0,0,1447032408,3731540265,2284507858,0.9107637410344012,65488,0.001057048556915173,0.0010570485994683028,0.011022277442240032
1976,889,0,0,1447032408,3729135006,2282102599,0.9122834920991849,65467,0.0015197509526750181,0.0015197510647840427,0.014181666345827529
1977,889,0,0,1447032408,3657296967,2210264560,0.9584280811226691,63473,0.04614458840431302,0.04614458902348349,0.2255031185117918
1978,889,0,0,1447032408,3647954875,2200922468,0.9645388217756583,65259,0.006110740070948834,0.0061107406529891965,0.043302888782926235
1979,889,0,0,1447032408,3624748737,2177716330,0.9798311056207929,64845,0.015292283495577754,0.015292283845134981,0.11862298218095021
1980,889,0,0,1447032408,3623585711,2176553304,0.9806017937148077,65501,0.0007706880901105886,0.0007706880940146072,0.008349557923510581
1981,889,0,0,1447032408,3622921479,2175889072,0.9810421369230831,65516,0.0004403427806028656,0.0004403432082746948,0.005139915429900777
1982,889,0,0,1447032408,3620995795,2173963388,0.9823195020586404,65478,0.0012773645234549914,0.0012773651355577366,0.013013951142235382
1983,889,0,0,1447032408,3614626761,2167594354,0.9865523516046224,65344,0.004232849122198513,0.004232849545982113,0.03737271043422256
1984,889,0,0,1447032408,3613006092,2165973685,0.9876314306531953,65487,0.0010790786396167112,0.0010790790485738294,0.011063626121766696
