position,stable_bits,released_bits,pending_underflow,low,high_inclusive,residual_width,residual_information_bits,selected_frequency,selected_information_bits,effective_interval_information_bits,table_entropy_bits
1,1,1,0,0,3749576703,3749576704,0.19591940947441344,28607,1.1959194094744132,1.1959194094744132,3.0730381108176084
2,4,3,0,1481102544,3977463791,2496361248,0.7828204245591515,5454,3.5869010150847367,3.5869010150847367,3.828482113560396
3,7,3,1,1933012736,4007625455,2074612720,1.0498051006783164,3404,4.266984678314038,4.266984676119167,2.771776558831566
4,7,0,1,1933012736,3231291801,1298279066,1.7260466210273542,41012,0.6762415202936912,0.6762415203490358,1.6129425908174269
5,7,0,3,1289600000,3954146619,2664546620,0.6887570707110946,33626,0.9627104479905498,0.9627104496837431,2.269058107232357
6,12,5,0,1559123496,3417508151,1858384656,1.2085979985086297,11427,2.5198409267155037,2.5198409277975333,2.3989445215457876
7,12,0,0,1559123496,3416912660,1857789165,1.20906036219845,65515,0.0004623634480924974,0.00046236368982123483,0.005406062947109679
8,15,3,0,1836010880,3473595791,1637584912,1.3910774308474565,7221,3.182017072804347,3.182017068649006,2.3435894427494603
9,15,0,2,901592576,2929283315,2027690740,1.0828095143287975,20287,1.6917320823703244,1.691732083481343,2.9779300953216445
10,18,3,0,1803185152,3460399069,1657213918,1.3738873041555095,26781,1.2910777886865532,1.2910777898267118,2.5636228002767694
11,20,2,1,102339888,3539966367,3437626480,0.3212343506819799,16993,1.9473470473249441,1.9473470465264704,2.342924255588221
12,24,4,0,1175728976,4157215327,2981486352,0.5266154132922338,7105,3.205381065869857,3.2053810626102526,3.2468246115403407
13,24,0,1,203974304,3719831667,3515857364,0.2887706035255917,38641,0.7621551899318129,0.7621551902333562,1.8217819420072696
14,24,0,1,203974304,3717739405,3513765102,0.28962939675819044,65497,0.0008587929491977406,0.0008587932326018315,0.009276498401944066
15,24,0,1,203974304,3716774320,3512800017,0.29002569945480516,65518,0.0003963024539395264,0.00039630269661255937,0.004699172121844633
16,26,2,2,1758609568,4245699423,2487089856,0.7881885144284482,5800,3.4981628150977033,3.4981628149736443,1.374690352216224
17,34,8,0,498316672,2742526655,2244209984,0.9364394751016611,924,6.148250958583943,6.148250960673212,2.8651214906979408
18,35,1,0,996633344,3946953095,2950319752,0.5417758255643434,43078,0.6053363496088511,0.6053363504626843,1.695916006543401
19,35,0,0,996633344,3030695497,2034062154,1.0782833823062496,45183,0.5365075564164479,0.5365075567419042,1.8440344519412155
20,35,0,3,2058702504,4250185967,2191483464,0.9707393530718669,8826,2.892455968024014,2.8924559707656163,2.2997878888752967
21,39,4,1,1149507528,3508589183,2359081656,0.8644217898918853,17637,1.8936824367205847,1.8936824368200214,2.2356355293534493
22,39,0,1,1149507528,3408158308,2258650781,0.9271859188710643,62746,0.06276412894252935,0.06276412897917595,0.3824608185891717
23,39,0,2,151531408,2385161123,2233629716,0.9432571057465076,32405,1.016071186394157,1.0160711868754457,1.6108856810914711
24,42,3,0,303062816,3777363137,3474300322,0.30592467857071526,50969,0.36266757227285773,0.36266757282420653,1.3153676356693633
25,43,1,0,606125632,3148976723,2542851092,0.7562001649621877,23983,1.4502754857011533,1.4502754863914722,2.706315995627598
26,43,0,1,1249021450,3387490307,2138468858,1.0060689482622465,27557,1.2498687832321191,1.2498687833000606,1.6114168593193732
27,49,6,0,2049634048,3568907583,1519273536,1.499265504282178,1455,5.4931965622043535,5.493196556019929,2.820780141098822
28,49,0,3,1364686848,3830909927,2466223080,0.8003438426827323,13298,2.3010783376601873,2.3010783384005546,3.55127184922403
29,54,5,0,782797936,2971902079,2189104144,0.9723065553786867,14543,2.171962714419807,2.1719627126959558,2.704450703191408
30,54,0,0,782797936,2909972771,2127174836,1.013708530362507,63682,0.04140197450661518,0.041401974983820665,0.268801797276098
31,54,0,0,782797936,2849925263,2067127328,1.0550198894146057,63686,0.041311358650741606,0.04131135905209819,0.21914568579811117
32,55,1,0,1565595872,3581057631,2015461760,1.0915367352790888,31949,1.0365168447593058,1.0365168458644831,1.3764077688773233
33,55,0,0,1565595872,3517582394,1951986523,1.1377040538036098,63472,0.0461673178547194,0.046167318524520405,0.21483385425106552
34,55,0,1,983708096,2238071503,1254363408,1.775691766801085,21057,1.6379877108400127,1.6379877129974751,2.942469425416056
35,61,6,0,753771616,2891334271,2137562656,1.0066804372780496,3490,4.230988678902985,4.2309886704769655,2.8039095963099654
36,61,0,0,753771616,2749060584,1995288969,1.1060494452035456,61174,0.09936900742063118,0.09936900792549573,0.5127538433154321
37,61,0,0,753771616,2748329887,1994558272,1.106577872928419,65512,0.0005284274673163702,0.0005284277248739229,0.00604635333652084
38,61,0,0,753771616,2723525733,1969754118,1.124631594952163,64721,0.018053721522348933,0.018053722023744608,0.1208267746910089
39,61,0,0,753771616,2722593995,1968822380,1.1253141836071094,65505,0.0006825886112264284,0.000682588654944889,0.007615073891052001
40,61,0,0,753771616,2720761442,1966989827,1.1266576497977034,65475,0.00134346587467908,0.0013434661905958529,0.01379570193163791
41,61,0,0,753771616,2720101136,1966329521,1.1271420346728362,65514,0.000484384451701118,0.0004843848751321866,0.0056416925501822975
42,61,0,0,753771616,2719351040,1965579425,1.1276924847505896,65511,0.0005504494793435254,0.0005504500777514753,0.006295024426833294
43,61,0,0,753771616,2718691208,1964919593,1.1281768692314387,65514,0.000484384451701118,0.0004843844808523146,0.005630173881020868
44,61,0,0,753771616,2717701792,1963930177,1.128903507138368,65503,0.0007266376781842033,0.0007266379069271332,0.007952737058678178
45,61,0,0,753771616,2715604088,1961832473,1.130445295430679,65466,0.0015417881020707706,0.001541788292312122,0.015617429988825876
46,61,0,0,753771616,2705905087,1952133472,1.1375954492556275,65212,0.007150153731529768,0.007150153824946555,0.05402565853740089
47,61,0,0,753771616,2705219981,1951448366,1.1381018554640008,65513,0.0005064057914389884,0.000506406208375127,0.005835285569952072
48,61,0,0,753771616,2704177795,1950406180,1.1388725436544043,65501,0.0007706880901105886,0.0007706881904048127,0.008471628236010581
49,61,0,0,753771616,2703284969,1949513354,1.1395331089065088,65506,0.0006605645820851047,0.0006605652521033633,0.007379447312311762
50,61,0,0,753771616,2702571035,1948799420,1.1400615370304443,65512,0.0005284274673163702,0.0005284281239344369,0.00603483466735941
51,61,0,0,753771616,2701887099,1948115484,1.1405679433081914,65513,0.0005064057914389884,0.0005064062777474104,0.005865803148077072
52,61,0,0,753771616,2701173677,1947402062,1.1410963713698372,65512,0.0005284274673163702,0.0005284280616448629,0.006070914500986733
53,61,0,0,753771616,2700549662,1946778047,1.1415587348601974,65515,0.0004623634480924974,0.0004623634903609991,0.00532199045253682
54,61,0,0,753771616,2700074374,1946302759,1.141910998621558,65520,0.0003522634716290214,0.0003522637613604685,0.004227909891679893
55,61,0,0,753771616,2699153729,1945382114,1.1425935872915254,65505,0.0006825886112264284,0.0006825886699674161,0.007592036552729142
56,61,0,0,753771616,2698560045,1944788430,1.1430339304382429,65516,0.0004403427806028656,0.00044034314671648385,0.005139915429900777
57,61,0,0,753771616,2698025892,1944254277,1.1434302335632403,65518,0.0003963024539395264,0.0003963031250003133,0.004687653452683203
58,61,0,0,753771616,2696957881,1943186266,1.144222947532775,65500,0.0007927138004626774,0.0007927139695322939,0.008558703673120904
59,61,0,0,753771616,2696275915,1942504300,1.144729353773645,65513,0.0005064057914389884,0.0005064062408703972,0.005810724405486178
60,61,0,0,753771616,2695801670,1942030055,1.1450816178292769,65520,0.0003522634716290214,0.0003522640556313182,0.004227909891679893
61,61,0,0,753771616,2683681761,1929910146,1.154113466881988,65127,0.009031848325780604,0.009031849052713984,0.06216951790580118
62,61,0,0,753771616,2315433372,1561661757,1.4595651344936904,53031,0.30545166696645276,0.30545166761170056,1.2399964807355472
63,61,0,0,753771616,2313836824,1560065209,1.461040812609074,65469,0.0014756776637093812,0.001475678115382256,0.015171500582665164
64,61,0,0,753771616,2313241706,1559470091,1.461591262413414,65511,0.0005504494793435254,0.0005504498043405983,0.006233989270583294
65,61,0,0,753771616,2312741997,1558970382,1.4620536266679807,65515,0.0004623634480924974,0.0004623642545689613,0.00539454427794825
66,61,0,0,753771616,2312266236,1558494621,1.4624939703703284,65516,0.0004403427806028656,0.0004403437023456288,0.005115354265434883
67,61,0,0,753771616,2311647936,1557876321,1.4630664428853706,65510,0.0005724718275307164,0.0005724725150425686,0.0065001351076844835
68,61,0,0,753771616,2311196281,1557424666,1.4634847655039387,65517,0.000418322449221962,0.0004183226185702276,0.00492328406377429
69,61,0,0,753771616,2310768521,1556996906,1.4638810684579902,65518,0.0003963024539395264,0.00039630295405055645,0.004687653452683203
70,61,0,0,753771616,2310293363,1556521748,1.4643214114729126,65516,0.0004403427806028656,0.00044034301492301546,0.005115354265434883
71,61,0,0,753771616,2309557093,1555785478,1.4650040003180607,65505,0.0006825886112264284,0.0006825888451479715,0.007243545028356738
72,61,0,0,753771616,2308678735,1554907120,1.465818740267114,65499,0.0008147398470877202,0.0008147399490509281,0.008825239971690485
73,61,0,0,753771616,2308299119,1554527504,1.4661710037423674,65520,0.0003522634716290214,0.0003522634752542632,0.004227909891679893
74,61,0,0,753771616,2307872155,1554100540,1.4665673064460627,65518,0.0003963024539395264,0.00039630270369615973,0.004699172121844633
75,61,0,0,753771616,2307184457,1553412842,1.4672058481921262,65507,0.0006385408891551363,0.0006385417460613749,0.006985094455274586
76,61,0,0,753771616,2303700086,1549928471,1.4704455091689042,65389,0.003239660265459703,0.003239660976779009,0.027725124741684853
77,61,0,0,753771616,2303250735,1549479120,1.4708638319901688,65517,0.000418322449221962,0.00041832282126622093,0.004904285154810719
78,61,0,0,753771616,2302044933,1548273318,1.471986971871985,65485,0.001123139814249491,0.0011231398818147642,0.011898806835544945
79,61,0,1,1035481446,2242849245,1207367800,1.830781915317612,25553,1.3587949425538952,1.3587949434456283,1.2823551789529433
80,68,7,0,1493234112,3240615999,1747381888,1.2974522042073104,1482,5.466670267694166,5.466670288889697,3.6253154979094107
81,71,3,1,1406666176,4223124959,2816458784,0.608764786651399,6602,3.311312576777464,3.3113125824440885,3.432928332015596
82,71,0,1,1406666176,4154965418,2748299243,0.6441080483759265,63950,0.03534326134363831,0.03534326172452813,0.23003696080657016
83,71,0,2,665848704,3197004795,2531156092,0.7628506673243116,30179,1.1187426183945337,1.118742618948384,1.5989631221014728
84,71,0,6,748373520,3728785087,2980411568,0.527135578375379,4823,3.7642849052381044,3.764284911051067,3.5669636363104824
85,80,9,0,470891920,2991071479,2520179560,0.7691206182041022,6927,3.2419850415047287,3.2419850398287258,3.496722570841417
86,81,1,0,941783840,2765007003,1823223164,1.2361559867807586,23706,1.4670353683011732,1.467035368576656,1.942279511971146
87,81,0,0,941783840,2641346313,1699562474,1.337483751316615,61091,0.10132776433042692,0.1013277645358554,0.47891035548554023
88,85,4,0,1065808448,4085270383,3019461936,0.5083556598490837,7277,3.1708719046314573,3.1708719085324693,3.5174521474254323
89,85,0,0,1065808448,4083888183,3018079736,0.509016224439339,65506,0.0006605645820851047,0.0006605645902543785,0.007356409973988903
90,88,3,0,426577848,2167721015,1741143168,1.3026123104735845,4726,3.7935960860261533,3.793596086034245,3.951970820107314
91,89,1,0,853155696,2783195467,1930039772,1.1540165688437192,36323,0.8514042574036472,0.8514042583701348,1.377531171856636
92,91,2,3,294928000,3169254815,2874326816,0.5794230379357757,3050,4.425406472662389,4.425406469092059,3.905150991254959
93,91,0,3,294928000,3168202205,2873274206,0.5799514654442817,65512,0.0005284274673163702,0.0005284275085049346,0.006112950748273164
94,96,5,2,152312480,3281627967,3129315488,0.45680003200865826,4461,3.8768485672264252,3.876848566564376,3.949912343164814
95,96,0,2,152312480,2853696365,2701383886,0.668948474299043,56574,0.21214844175893657,0.21214844229038674,1.0198082571538682
96,100,4,1,1382954960,3319298487,1936343528,1.1493122212026279,5872,3.480363747156787,3.4803637469035826,3.947248282204851
97,100,0,2,618426272,3421361529,2802935258,0.6157087245263284,47433,0.4663965028606386,0.4663965033237004,1.4668697784067244
98,100,0,2,618426272,2194649659,1576223388,1.4461751328429742,36854,0.8304664077249841,0.8304664083166464,2.160363929622745
99,103,3,1,326221440,3908127515,3581906076,0.26191963824474485,37232,0.8157445045946514,0.8157445054017706,2.207548702262529
100,105,2,0,1182248850,3347264465,2165015616,0.9882697150365622,19806,1.7263500760563077,1.726350076791817,1.0818850242249771
101,105,0,1,217014052,3809494339,3592480288,0.2576669054014573,54373,0.2693971902229299,0.26939719036489723,0.8631967301511114
102,105,0,1,217014052,3310222023,3093207972,0.4735433096488926,56428,0.2158764039750591,0.2158764042474337,0.8633935342334362
103,105,0,1,217014052,2615175322,2398161271,0.840718465973584,50810,0.36717515631492487,0.3671751563246918,1.2475544681269801
104,109,4,1,1768201152,3829706479,2061505328,1.0589489561099796,3521,4.218230488136869,4.2182304901363965,1.3490407663136064
105,112,3,0,1926051980,3996239183,2070187204,1.05288591158833,16453,1.9939369549999169,1.993936955478349,2.563690266617448
106,113,1,1,268045848,2772638787,2504592940,0.7780709981474985,19822,1.7251850855491642,1.7251850865591676,2.3637650897929245
107,118,5,0,2088206928,4068767599,1980560672,1.1167382489354054,3239,4.338667247204813,4.338667250787909,1.5031909444587779
108,118,0,0,2088206928,3341953570,1253746643,1.776401308094517,41486,0.6596630584050835,0.6596630591591113,2.0003808046376723
109,118,0,2,1910376768,3935012303,2024635536,1.0849849208457734,26458,1.308583610199589,1.3085836127512551,1.6824114931566871
110,118,0,2,1910376768,3270338939,1359962172,1.659080623234452,44021,0.5740957019667795,0.5740957023886788,1.742470928940343
111,123,5,0,861583856,3487213943,2625630088,0.709983469615107,15816,2.050902844270792,2.0509028463806565,3.241770285484794
112,125,2,0,624806288,3888734999,3263928712,0.3960375984982072,20367,1.6860541292907951,1.6860541288831,1.7644675519459965
113,125,0,0,624806288,2958104934,2333298647,0.8802761713228797,46850,0.4842385725660885,0.4842385728246724,1.121457367907456
114,127,2,0,1015141956,2885312719,1870170764,1.199477138399157,13132,2.319200965427019,2.3192009670762777,1.0523354465574282
115,127,0,0,1015141956,2863282509,1848140554,1.2165726658572567,64764,0.01709552730620542,0.017095527458098447,0.09557294851335855
116,127,0,0,1015141956,2862662100,1847520145,1.217057050690677,65514,0.000484384451701118,0.0004843848334199821,0.005524940162877561
117,127,0,0,1015141956,2345866151,1330724196,1.6904355546996293,47204,0.4733785037521462,0.47337850400895526,0.8724634762755051
118,128,1,0,2030283912,3388095295,1357811384,1.6613640598530175,33435,0.9709285031317291,0.9709285051533871,1.330054931185273
119,128,0,1,1913084176,3573635121,1660550946,1.370985160352248,40074,0.7096211003961452,0.709621100499231,1.5168276135863412
120,128,0,1,1913084176,3497823835,1584739660,1.4384012911860893,62544,0.06741613071070932,0.06741613083383997,0.3829807903401693
121,128,0,1,1913084176,3497436935,1584352760,1.4387535552668531,65520,0.0003522634716290214,0.00035226408076369,0.004227909891679893
122,128,0,1,1913084176,3497074305,1583990130,1.4390838001444592,65521,0.00033024448458043404,0.0003302448776066899,0.0039922782726164955
123,128,0,2,1678684704,4205875987,2527191284,0.7651122795015226,52280,0.3260284793172044,0.32602847935706486,1.3150225082007199
124,128,0,3,1209885760,3354851701,2144965942,1.0016924053741327,27812,1.2365801258079119,1.2365801258726097,2.793032921913929
125,128,0,3,1209885760,3274107820,2064222061,1.0570489673693473,63069,0.05535656192800617,0.055356561995213424,0.23409560835595128
126,137,9,0,775179264,2926082495,2150903232,0.9977045258804189,1067,5.940655539175575,5.9406555585110725,2.8054433920529664
127,137,0,0,775179264,2244341742,1469162479,1.5476531894080736,44764,0.5499486627259538,0.5499486635276523,1.7600239178951242
128,138,1,1,953233408,3958721615,3005488208,0.5150477863412632,33517,0.9673945966762172,0.9673945969331909,1.7391849782628805
129,142,4,0,2081732560,3502662223,1420929664,1.595812003051499,3873,4.080764213971653,4.080764216710235,3.8636098179344507
130,142,0,1,2015981472,3908227189,1892245718,1.182547703677617,43637,0.5867356992174222,0.586735700626121,0.9509952413626218
131,144,2,1,1745520444,3545024867,1799504424,1.2550474969464211,15581,2.072499790854352,2.072499793268803,2.4381869921537445
132,144,0,1,1745520444,3502189983,1756669540,1.2898043250961102,63976,0.03475682744310839,0.03475682814968681,0.1856087320578171
133,144,0,1,1745520444,3490127890,1744607447,1.2997446929466392,65086,0.00994036742343168,0.009940367850531972,0.07507111093984611
134,147,3,0,790450008,2549964991,1759514984,1.2874693459071516,16524,1.9877246551438796,1.9877246529605115,2.611689709676139
135,147,0,0,790450008,2532997012,1742547005,1.3014495728665239,64904,0.013980226935924123,0.013980226959371234,0.10380972795219061
136,149,2,1,209717184,2861826079,2652108896,0.6955071320663393,12468,2.394057560374632,2.394057559199815,2.873472576081758
137,151,2,0,419434368,3071867005,2652432638,0.6953310335381211,32772,0.9998239005135575,0.9998239014717808,1.9829910689846804
138,151,0,0,419434368,3071098019,2651663652,0.6957493563723318,65517,0.000418322449221962,0.0004183228342130989,0.00492328406377429
139,151,0,2,682008240,2733228035,2051219796,1.0661650556540714,12674,2.3704156998061503,2.3704156992817396,1.967532454254512
140,155,4,0,1882855792,4193107187,2310251396,0.8945972952259211,18453,1.8284322386752334,1.8284322395718495,2.2517928352493413
141,160,5,0,179067296,2843527135,2664459840,0.6888040577345116,2362,4.794206750602843,4.79420676250859,1.2215496653784386
142,160,0,0,179067296,2842876632,2663809337,0.6891563212653757,65520,0.0003522634716290214,0.00035226353086554956,0.004227909891679893
143,162,2,1,1793702104,3365583735,1571881632,1.4501545641399787,4834,3.7609982422344173,3.7609982428746016,0.4096274196474
144,162,0,3,732357472,2815119819,2082762348,1.044148914855036,21709,1.5939943490469368,1.5939943507150591,2.8665441186112637
145,162,0,5,1686638872,3675966751,1989327880,1.1103660659881278,15649,2.066217151224628,2.0662171511330905,1.5158428747804515
146,173,11,0,1087175296,3245518399,2158343104,0.9927229229424483,1111,5.882356898610908,5.882356856954321,2.0488917706539573
147,173,0,0,1087175296,3244727990,2157552695,0.9932513505090235,65512,0.0005284274673163702,0.0005284275665722877,0.00604635333652084
148,173,0,0,1087175296,3231131352,2143956057,1.0023718097133276,65123,0.009120459153655768,0.009120459204307043,0.06482772809757921
149,178,5,0,206522976,2542053215,2335530240,0.8788970210145344,2231,4.876525201755859,4.876525211301205,2.092381922626064
150,178,0,0,206522976,2536850159,2330327184,0.8821146187754643,65390,0.0032175971660184,0.003217597760930498,0.029403252790988765
151,178,0,3,2055940152,3243576383,1187636232,1.8545541336582367,4175,3.9724395177512233,3.972439514882772,1.1534439427812473
152,178,0,4,1964396656,3283054157,1318657502,1.703577247330312,36383,0.8490231135612264,0.849023113672075,1.8444589544210312
153,189,11,0,342093056,2796547455,2454454400,0.8072447821229645,953,6.103667596090058,6.103667534792655,1.8206850528393557
154,189,0,0,342093056,2793251678,2451158623,0.8091832969739627,65448,0.0019385143635805371,0.0019385148509956825,0.016696356756699136
155,189,0,0,342093056,2699709995,2357616940,0.8653178143184768,63035,0.05613451714875754,0.05613451734451409,0.32273221116933726
156,189,0,1,827910698,2879241769,2051331072,1.0660867934515679,28511,1.200768978938981,1.2007689791330918,1.4841958180898482
157,192,3,1,984661312,2799358119,1814696808,1.2429186171499715,7247,3.176831821015259,3.1768318236984046,0.894399220147753
158,194,2,0,1969322624,4143436613,2174113990,0.9822195623658772,39258,0.7393009439169371,0.7393009452159047,2.3479108289537627
159,196,2,0,402062984,2664818827,2262755844,0.924566222767119,17052,1.9423466600360635,1.9423466604012416,1.5254800871165044
160,196,0,0,402062984,2453686747,2051623764,1.0658809587229392,59421,0.14131473586118123,0.1413147359558193,0.5244627113471838
161,196,0,0,402062984,2430364302,2028301319,1.0823751548482043,64791,0.01649419556805643,0.016494196125265346,0.11223557485433681
162,199,3,2,719091712,2524557183,1805465472,1.2502763157857224,1823,5.167901153960866,5.16790116093752,0.19996904621554884
163,199,0,2,719091712,2516540360,1797448649,1.2566965908658716,65245,0.006420274348057973,0.006420275080148756,0.049911514743237656
164,206,7,0,540957376,3568008351,3027050976,0.5047341754392711,3449,4.248037586539146,4.2480375845734,1.514123394412784
165,206,0,0,540957376,2829582692,2288625317,0.908165855051994,49549,0.40343167927691137,0.4034316796127222,0.881724006075633
166,206,0,2,1067324572,4097266695,3029942124,0.5033569094823918,21691,1.5951910546794248,1.5951910544303955,1.4112329244196433
167,206,0,2,1067324572,3682138363,2614813792,0.7159389341202171,56557,0.21258202434690476,0.21258202463782727,0.7500362584479005
168,206,0,2,1067324572,3478773710,2411449139,0.8327467641479274,60439,0.11680783001690115,0.11680783002770972,0.5285280995646413
169,206,0,2,1067324572,3478221773,2410897202,0.8330770086886368,65521,0.00033024448458043404,0.00033024454070834343,0.0039922782726164955
170,211,5,0,1956727768,3545647935,1588920168,1.4346005047280457,5399,3.601523498550743,3.6015234960394116,3.300088830280222
171,215,4,0,1606378960,3602227167,1995848208,1.1056451437218016,5145,3.671044638218669,3.6710446389937545,1.6449294750647356
172,215,0,1,1065274272,2611861725,1546587454,1.4735587310250864,25392,1.367913587164818,1.3679135873032844,2.723842264765231
173,217,2,0,2130548544,3579011139,1448462596,1.5681247159874374,30689,1.0945659840480986,1.0945659849623515,2.3742762834827795
174,217,0,0,2130548544,3514805452,1384256909,1.6335354234554096,62631,0.06541070648434161,0.06541070746797127,0.3546258326212637
175,217,0,1,2113613440,3575346151,1461732712,1.5549676174362084,34602,0.9214321922217237,0.9214321939807986,2.032415334549418
176,217,0,1,2113613440,3252380305,1138766866,1.9151747244216573,51056,0.360207106720688,0.36020710698544867,1.0318677710151887
177,217,0,3,2012002816,3417876679,1405873864,1.6111799854190316,20227,1.6960052603205558,1.696005260997376,3.177490734321472
178,217,0,3,2012002816,3417490544,1405487729,1.6115762880892426,65518,0.0003963024539395264,0.000396302670210515,0.004687653452683203
179,217,0,3,2012002816,3412772415,1400769600,1.6164274666707144,65316,0.004851178553749898,0.004851178581472032,0.04319652762171885
180,222,5,0,1508873812,3402101475,1893227664,1.1817992378909459,22144,1.5653717723632754,1.5653717712202313,2.0237629071668546
181,226,4,0,425023632,2335353199,1910329568,1.1688255940859982,4133,3.9870263516254596,3.9870263561950545,3.237729329605973
182,228,2,0,415551980,3108598979,2693047000,0.6734077375350047,23097,1.5045821439690226,1.5045821434490063,2.3392957303773825
183,230,2,1,287827664,3584443303,3296615640,0.38166145633352855,10028,2.708253719166061,2.7082537187985207,1.1177848171378006
184,230,0,1,287827664,3581626370,3293798707,0.3828947552744211,65480,0.0012332986384842029,0.0012332989408947637,0.012316189148274242
185,230,0,1,287827664,3573635128,3285807465,0.38639919933123323,65377,0.0035044437801235195,0.003504444056812607,0.0313042660362724
186,230,0,1,287827664,2862385361,2574557698,0.7383225435086977,51350,0.35192334390708024,0.35192334417746446,1.080462402863311
187,230,0,1,287827664,2400358794,2112531131,1.0236745444019277,53775,0.2853520008022144,0.2853520008932277,1.1702162727157193
188,233,3,0,831522484,2305033575,1473511092,1.543389225481814,11428,2.519714679063628,2.5197146810798867,3.1070014775020174
189,234,1,0,1663044968,4133766201,2470721234,0.7977149022483516,54944,0.2543256759978659,0.25432567676653733,1.1093788119614814
190,234,0,0,1663044968,3973012487,2309967520,0.8947745796816555,61272,0.09705967687172498,0.09705967743330339,0.3511308254400951
191,237,3,0,419457856,4275513247,3856055392,0.15552137007093592,13675,2.2607467874327187,2.260746790389282,3.5869363683179447
192,237,0,0,419457856,4272747826,3853289971,0.15655638903712088,65489,0.0010350188106098368,0.0010350189661857806,0.010438175989825785
193,237,0,0,419457856,4236881937,3817424082,0.1700476799179249,64926,0.013491290770117365,0.01349129088080266,0.09987495704624264
194,237,0,0,419457856,3286894611,2867436756,0.5828854794104323,49227,0.4128377991593334,0.41283779949250693,1.1340346357690565
195,237,0,0,419457856,3286238306,2866780451,0.58321572430307,65521,0.00033024448458043404,0.00033024489263820493,0.0039922782726164955
196,237,0,0,419457856,2718271427,2298813572,0.9017576741536999,52552,0.3185419497897258,0.31854194985063017,0.7489355083114364
197,242,5,0,557063936,3675278815,3118214880,0.46192679667313996,2778,4.560169116018607,4.56016912251944,0.4781598064225247
198,242,0,0,557063936,2392707399,1835643464,1.2263612739009204,38580,0.7644344770635342,0.7644344772277821,1.4442827436460084
199,247,5,0,462308032,3091186079,2628878048,0.7081999282215037,2933,4.4818386442430445,4.481838654320581,2.359613069738352
200,248,1,0,924616064,3557986821,2633370758,0.7057364901550258,32824,0.9975365611074649,0.9975365619335217,2.091084134067096
201,249,1,0,1849232128,3825304927,1976072800,1.1200110481476813,24589,1.4142745566990147,1.4142745579926554,2.2356043732756907
202,249,0,0,1849232128,3738134113,1888901986,1.1850993029324357,62645,0.06508825476722856,0.06508825478475666,0.33071094401121515
203,254,5,0,2115907872,3615592767,1499684896,1.5179877431149187,1626,5.332888457924972,5.332888440182483,1.1434379613059094
204,254,0,0,2115907872,3447148240,1331240369,1.6898760579681813,58175,0.17188831481992672,0.17188831485326392,0.7183615510083196
205,254,0,1,2084332096,3433122995,1348790900,1.6709804381391677,33200,0.9811043788783506,0.9811043801709834,1.089230539046184
206,254,0,2,2021180544,3663619949,1642439406,1.3868069993783685,39902,0.7158265602743918,0.7158265612392005,1.2482959395666384
207,254,0,2,2021180544,3261731546,1240551003,1.7916660957793162,49500,0.4048590952583033,0.4048590964009499,0.9684702330256277
208,254,0,3,1894877440,3992774571,2097897132,1.0337032072748649,55414,0.24203711026015748,0.24203711149554993,0.723777872827137
209,254,0,3,1894877440,3986660399,2091782960,1.0379139783560625,65345,0.0042107708288315554,0.004210771081195403,0.03776571199846318
210,254,0,4,1642271232,3367187837,1724916606,1.3161205319597649,27021,1.2782065531761186,1.2782065536037044,2.617221196216212
211,259,5,3,1056631136,2536875727,1480244592,1.536811563058155,3515,4.220691026040102,4.22069103109839,2.3354953423373064
212,265,6,0,899340608,3758279807,2858939200,0.5871672069790357,15822,2.050355643414284,2.0503556439208808,2.2956547065842865
213,265,0,0,899340608,3294513592,2395172985,0.8425172914763479,54905,0.2553500842120273,0.2553500844973127,1.0398267518930324
214,265,0,0,899340608,3226937376,2327596769,0.8838059974544628,63687,0.041288705576056725,0.04128870597811426,0.20850152604353753
215,265,0,2,1367003564,3441298023,2074294460,1.0500264370952053,14601,2.1662204400003415,2.1662204396407425,2.5692850988178284
216,265,0,3,586523480,4260723889,3674200410,0.22521682532722664,58042,0.17519038808295212,0.1751903882320194,0.5177002451226224
217,276,11,0,300866048,4118589951,3817723904,0.1699343745272337,266,7.94471756449881,7.944717549200007,1.5753657391850753
218,276,0,0,300866048,3626752748,3325886701,0.36890812311601806,57093,0.19897374849389632,0.19897374858878508,0.9303249562315157
219,277,1,1,462990676,2645603819,2182613144,0.9765907026713947,10752,2.6076825772212398,2.607682579555376,1.18136361317647
220,277,0,1,462990676,2642906192,2179915517,0.9783749218220485,65455,0.0017842189647608187,0.001784219150653166,0.016606837361731526
221,277,0,1,462990676,2642340723,2179350048,0.978749204744016,65519,0.0003742827947452993,0.00037428292196826793,0.004463541174757649
222,281,4,0,545109064,2437408495,1892299432,1.1825067513737828,7113,3.2037575517968357,3.2037575466297676,1.9019731461308131
223,282,1,0,1090218128,3385312619,2295094492,0.904093593536544,39743,0.7215868419302593,0.7215868421627615,1.6621920444303762
224,284,2,0,65905216,4291882423,4225977208,0.023362159619740197,30168,1.119268564858336,1.1192685660831965,2.2417270671768796
225,284,0,0,65905216,4158724419,4092819204,0.06955220736700696,63471,0.0461900476632306,0.04619004774726637,0.20456538790394185
226,287,3,0,948777760,2243271727,1294493968,1.7302589033379085,2591,4.660706699819905,4.660706695970903,1.788452863333481
227,287,0,0,948777760,2224190898,1275413139,1.7516824973289822,64570,0.02142359336528821,0.02142359399107094,0.14565500178840757
228,287,0,0,948777760,2223879517,1275101758,1.7520347617500107,65520,0.0003522634716290214,0.00035226442102919455,0.004227909891679893
229,288,1,0,1897555520,4121045339,2223489820,0.9498213465274361,57140,0.19778658417626574,0.19778658477742736,0.563786927590746
230,288,0,1,1647627392,4269225571,2621598180,0.7122005695866029,38635,0.7623792224972336,0.7623792230591666,1.255297671573513
231,292,4,1,103185712,2409244847,2306059136,0.8972176364412157,3603,4.18501706357321,4.185017066854611,1.5070091963980907
232,292,0,1,103185712,2350270312,2247084601,0.9345927041191864,63860,0.03737506754254406,0.037375067677972135,0.17427863551474837
233,295,3,0,412742848,4095800087,3683057240,0.2217433270485749,26854,1.2871506216121915,1.2871506229293876,2.6021533492399915
234,295,0,0,412742848,3512791728,3100048881,0.47035618218509256,55162,0.24861285508209496,0.24861285513651785,0.9176938575359069
235,295,0,0,412742848,2258647502,1845904655,1.2183191094499257,39023,0.7479629271076168,0.7479629272648338,1.3407101575344835
236,296,1,0,825485696,3606679503,2781193808,0.6269428633578826,49371,0.40862375356821834,0.40862375390795563,1.3470593722891215
237,297,1,0,200599752,2216048609,2015448858,1.091545970736373,23746,1.4646031076881678,1.4646031073784924,1.7894523252860484
238,298,1,0,401199504,3235485965,2834286462,0.5996615668611653,46081,0.5081155955239088,0.5081155961247916,1.9546689963849218
239,298,0,0,401199504,2986767986,2585568483,0.7321656285542488,59785,0.13250406144803123,0.13250406169308396,0.6491659393374432
240,298,0,0,401199504,2943409530,2542210027,0.7565639211805077,64437,0.024398292543136746,0.02439829262625741,0.13813814431568383
241,298,0,0,401199504,2937746037,2536546534,0.7597815184620025,65390,0.0032175971660184,0.003217597281496344,0.030239760197224685
242,298,0,0,401199504,2936894535,2535695032,0.7602659030120158,65514,0.000484384451701118,0.00048438455001108066,0.005599656302895868
243,298,0,0,401199504,2934534345,2533334842,0.7616093690160639,65475,0.00134346587467908,0.001343466004050549,0.012644869315808632
244,298,0,0,401199504,2933915855,2532716352,0.7619616325152307,65520,0.0003522634716290214,0.00035226349916454977,0.004227909891679893
245,298,0,0,401199504,2930824160,2529624657,0.763723810760851,65456,0.0017621781119536897,0.0017621782456223821,0.01528764682997423
246,298,0,0,401199504,2930245174,2529045671,0.764054055738459,65521,0.00033024448458043404,0.00033024497760531554,0.0039922782726164955
247,298,0,0,401199504,2899720346,2498520843,0.7815728927318872,64745,0.0175188369753952,0.017518836993430823,0.11876286314554807
248,298,0,0,401199504,2898843484,2497643981,0.7820792989520591,65513,0.0005064057914389884,0.0005064062201694774,0.005835285569952072
249,298,0,0,401199504,2760348027,2359148524,0.86438089738418,61902,0.08230159803089679,0.08230159843212144,0.44195519746116646
250,298,0,0,401199504,2759808060,2358608557,0.8647111423303144,65521,0.00033024448458043404,0.00033024494613453784,0.0039922782726164955
251,299,1,0,802399008,3473180577,2670781570,0.6853851560997981,37105,0.8206740134113486,0.820674013769483,2.6213553395354676
252,299,0,0,802399008,3472569283,2670170276,0.6857154009144324,65521,0.00033024448458043404,0.00033024481463421435,0.0039922782726164955
253,299,0,0,802399008,3277326119,2474927112,0.7952611083788916,60744,0.10954570716815969,0.1095457074644606,0.6414893307961338
254,299,0,0,802399008,3261351781,2458952774,0.8046031188350362,65113,0.009342010037240063,0.00934201045614554,0.0746608585640372
255,299,0,0,802399008,2779436659,1977037652,1.1193067990556607,52692,0.3147036801523024,0.314703680220625,1.3292118045303942
256,300,1,0,1604798016,3462916561,1858118546,1.2088045989376468,30797,1.0894977986186767,1.089497799881983,2.2762105399555717
257,300,0,0,1604798016,3462151039,1857353024,1.2093990940308856,65509,0.0005944945118882062,0.0005944950932401754,0.0066791604618898145
258,300,0,1,1062112384,3829323521,2767211138,0.6342144203439801,48820,0.42481532533148375,0.4248153263130945,0.9345616764487925
259,300,0,1,1062112384,3757331104,2695218721,0.6722447914411127,63831,0.03803037068693337,0.03803037109713239,0.18233055952328078
260,300,0,1,1062112384,3016697041,1954584658,1.1357850732659251,47527,0.46354028175409556,0.46354028182481366,0.9563699106224762
261,300,0,1,1062112384,2607056228,1544943845,1.4750927454325335,51801,0.33930767155193686,0.33930767216660673,1.0583289622925425
262,304,4,0,520685832,2433006463,1912320632,1.1673227108670972,10140,2.692229968109297,2.692229965434565,1.2815476620998374
263,304,0,0,520685832,2432568767,1911882936,1.1676529557613051,65521,0.00033024448458043404,0.0003302448942092045,0.0039922782726164955
264,306,2,0,1906772848,3671857155,1765084308,1.2829100515662013,15126,2.115257096420304,2.1152570958048957,1.6492549240158147
265,306,0,0,1906772848,3636386329,1729613482,1.3121974722580383,64219,0.029287420448740293,0.02928742069183696,0.17406234434939905
266,308,2,0,1724159480,4233070247,2508910768,0.7755859852918228,23766,1.4633885133742242,1.4633885130337838,2.091073087972331
267,308,0,0,1724159480,3677737916,1953578437,1.1365279645135686,51030,0.36094197872809647,0.3609419792217443,0.8510959508832339
268,308,0,0,1724159480,3483769182,1759609703,1.2873916841908084,59029,0.1508637189032727,0.1508637196772412,0.5075813716845985
269,308,0,0,1724159480,3483071094,1758911615,1.2879641565551303,65510,0.0005724718275307164,0.0005724723643233831,0.006444417876629747
270,308,0,0,1724159480,3363799194,1639639715,1.3892683058566675,61092,0.10130414901502427,0.10130414930153472,0.4803389913499092
271,308,0,2,454186976,3467165055,3012978080,0.5114569689294655,30107,1.1221886619977464,1.1221886630727982,2.7251151737887502
272,308,0,2,454186976,2724402697,2270215722,0.9198177532232705,49380,0.4083607839698558,0.40836078429380585,1.3830739632558293
273,308,0,2,454186976,2441768876,1987581901,1.1116328361918022,57377,0.19181508277738737,0.19181508296853111,0.8214453315264951
274,311,3,0,908373952,2297036671,1388662720,1.6289509075804247,22894,1.5173180703571327,1.5173180713886234,2.000437565402925
275,312,1,0,1816747904,3635468889,1818720986,1.239722913078893,42916,0.6107720049593063,0.6107720054984664,1.0032050866720579
276,312,0,1,1486012160,4011174817,2525162658,0.7662708241565106,45496,0.5265479110477681,0.5265479110776177,1.7335705642794963
277,312,0,1,1486012160,3973915413,2487903254,0.7877167609022102,64569,0.021445936654936076,0.021445936745702207,0.14476665693078192
278,312,0,1,1486012160,3971068233,2485056074,0.7893687401943836,65461,0.0016519788985902288,0.0016519792921717148,0.01681404276374765
279,312,0,1,1486012160,3922645738,2436633579,0.8177578311468068,64259,0.028389090719134976,0.028389090952423954,0.15019839502125498
280,312,0,1,1486012160,3731763218,2245751059,0.9354491318331348,60402,0.11769130033212565,0.11769130068632609,0.6347435220048434
281,312,0,1,1486012160,3667683102,2181670943,0.9772136267085294,63666,0.041764494856768815,0.0417644948753955,0.22982184049054924
282,312,0,3,1485261760,3340827223,1855565464,1.2107882460711892,13935,2.2335746180088285,2.233574619362661,3.2006767401054432
283,318,6,0,56908432,3148309487,3091401056,0.4743863148622758,13648,2.2635980686817097,2.263598068791088,2.351130939211811
284,319,1,0,113816864,3503904921,3390088058,0.3413243979648186,35934,0.8669380823004569,0.866938083102543,1.8600217772665524
285,319,0,0,113816864,3503025534,3389208671,0.3416986808209188,65519,0.0003742827947452993,0.0003742828560994642,0.004452022505596219
286,319,0,0,113816864,3452396333,3338579470,0.3634127641293077,64557,0.021714083124903496,0.021714083308388026,0.13648118179564125
287,319,0,3,273328088,3596828527,3323500440,0.36994360111895475,8155,3.0065308384007534,3.006530836989646,3.125191497404331
288,319,0,3,273328088,3507320801,3233992714,0.4093307175076397,63771,0.039387116017459825,0.03938711638868623,0.25939767973972344
289,319,0,3,273328088,3367175853,3093847766,0.4732449358590429,62696,0.06391421832032261,0.06391421835140237,0.32930521900855414
290,319,0,6,836357920,4250467271,3414109352,0.3311378781982981,9040,2.85789294269745,2.857892942339257,2.2418044094614262
291,319,0,6,836357920,2597904147,1761546228,1.285804810249136,33814,0.9546669316719314,0.954666932050836,1.3187505314610548
292,326,7,1,1197948032,4048848895,2850900864,0.5912292735222486,26516,1.305424462474011,1.3054244632731133,1.989217741059114
293,326,0,1,1197948032,3545843421,2347895390,0.871279015117004,53973,0.28004974109190384,0.28004974159475554,1.0758790892035155
294,326,0,2,248412416,3534090241,3285677826,0.38645612087458403,45856,0.5151771057378544,0.515177105757579,1.2506550243997916
295,326,0,2,248412416,3528374798,3279962383,0.3889678769540872,65422,0.0025117560775962753,0.0025117560795024263,0.022190954712091485
296,326,0,2,248412416,2255897936,2007485521,1.0972575636792818,40111,0.7082896862837443,0.7082896867251964,1.487421877504293
297,329,3,0,496824832,2936892603,2440067772,0.8157259273360395,39829,0.718468362519776,0.7184683636567561,2.2477002032527458
298,329,0,0,496824832,2715396582,2218571751,0.9530159337895796,59587,0.13729000589165008,0.1372900064535415,0.5974149812388042
299,329,0,0,496824832,2251309665,1754484834,1.291599669067363,51827,0.33858373454938556,0.338583735277785,1.2617927305698435
300,331,2,0,921380840,2427106623,1505725784,1.5121880892074238,14061,2.2205884197998196,2.220588420140057,2.589605439420226
301,331,0,0,921380840,2426210576,1504829737,1.5130468826044918,65497,0.0008587929491977406,0.0008587933970715245,0.009200258435782725
302,331,0,0,921380840,2187820342,1266439503,1.7618689839309347,55154,0.24882210052876352,0.24882210132644267,1.1323839857775937
303,331,0,0,921380840,2187491828,1266110989,1.762243267107376,65519,0.0003742827947452993,0.0003742831764404803,0.004463541174757649
304,332,1,0,1842761680,3630455683,1787694004,1.2645473315794185,46267,0.5023040643491224,0.5023040644720413,0.8996177637320011
305,337,5,0,1776193600,3260119263,1483925664,1.5332283228317536,1700,5.268680968974936,5.268680991252335,3.145622702253954
306,340,3,0,2113767384,3309312959,1195545576,1.8449780172056194,6600,3.311749690866822,3.311749694373867,1.0163123577120026
307,340,0,0,2113767384,3307506943,1193739560,1.8471590300817624,65437,0.002181011907029251,0.002181012876141845,0.019285686063799018
308,340,0,1,2080051120,3349200861,1269149742,1.7587848488631472,34838,0.9116258172056003,0.911625818781386,1.0725977059022613
309,340,0,1,2080051120,3348174479,1268123360,1.7599520517953522,65483,0.0011672023345903715,0.0011672029322029418,0.01187911079594223
310,340,0,3,1877753536,3233880815,1356127280,1.6631545563246064,17521,1.903202502254064,1.9032025045292569,3.1534689526960515
311,346,6,2,410575360,3698919135,3288343776,0.3852860142677166,4966,3.722131453823159,3.722131457943108,2.4935259063721413
312,355,9,0,788741376,2465026047,1676284672,1.357379973105381,261,7.972094003430115,7.972093958837667,0.876785147941233
313,356,1,0,1577482752,3346155427,1768672676,1.2799800693850187,34574,0.9226000962159109,0.9226000962796369,1.6492566379871925
314,356,0,0,1577482752,3290722479,1713239728,1.3259201088950974,63482,0.045940039463511134,0.04594003951007674,0.2928709827031199
315,356,0,1,1007481856,3465244705,2457762850,0.8053014295036363,47008,0.47938131944372014,0.4793813206085388,1.4745542514387417
316,356,0,1,1007481856,3434192647,2426710792,0.8236449632803691,64708,0.018343533474764948,0.018343533776735362,0.122111551919875
317,361,5,0,537246720,3025573215,2488326496,0.7874713505547604,4200,3.963826387446515,3.9638263872743913,2.57965440070955
318,361,0,0,537246720,3025003682,2487756963,0.7878015951919686,65521,0.00033024448458043404,0.00033024463720530294,0.0039922782726164955
319,365,4,0,873909216,3607040655,2733131440,0.6520923033218935,4500,3.8642907138956004,3.864290708129927,2.107933484461462
320,365,0,0,873909216,3332501405,2458592190,0.8048146930060369,58953,0.15272238951867617,0.15272238968414267,0.7429917404541929
321,366,1,1,1348153216,3424541159,2076387944,1.0485711297760147,13837,2.2437564342876786,2.2437564367699787,3.3705645038285765
322,368,2,2,243744096,2912987439,2669243344,0.6862163099311296,10531,2.637645182516058,2.6376451801551157,1.73789146616532
323,371,3,0,487488192,2835783695,2348295504,0.8710331807810441,28828,1.1848168699919701,1.184816870849912,2.1947233456604
324,372,1,0,974976384,3882181695,2907205312,0.5630141852568862,40567,0.691981003761761,0.6919810044758444,1.1577242194886184
325,372,0,0,974976384,3031792201,2056815818,1.062234535600009,46366,0.49922034983212377,0.49922035034312034,1.3774444956461616
326,374,2,2,465449760,3989554591,3524104832,0.285390305082025,7018,3.2231557675978335,3.223155769482017,2.421632800355184
327,374,0,2,465449760,2505188902,2039739143,1.0742624845834605,37932,0.7888721793743453,0.7888721795014372,1.5936949958210258
328,374,0,2,465449760,2499711086,2034261327,1.0781421222019567,65360,0.0038796369669542195,0.0038796376184956458,0.032482158131358865
329,377,3,0,930899520,4281706865,3350807346,0.35813840455053736,53975,0.27999628220277006,0.27999628234857793,1.15101785714687
330,377,0,0,930899520,3679813187,2748913668,0.6437855475310279,53764,0.2856471429460901,0.2856471429804933,1.1226935795405644
331,379,2,0,857658768,2829245955,1971587188,1.1232896349522754,11751,2.4795040863280975,2.4795040874212457,2.0827628873785318
332,379,0,0,857658768,2369501762,1511842995,1.5063388226558416,50254,0.383049187333254,0.3830491877035666,1.2961953709237972
333,380,1,0,1715317536,4210218351,2494900816,0.783664683200378,54075,0.27732586026329664,0.2773258605445371,0.9899689729569742
334,380,0,0,1715317536,4135678925,2420361390,0.8274246701523111,63578,0.04375998672811816,0.04375998695193393,0.30462220935607975
335,380,0,0,1715317536,4130951656,2415634121,0.8302451896089558,65408,0.0028205190623786626,0.0028205194566454537,0.02504620661555971
336,380,0,0,1715317536,4130103884,2414786349,0.8307515954095948,65513,0.0005064057914389884,0.0005064058006373321,0.005724733926613502
337,380,0,0,1715317536,4129514336,2414196801,0.8311038592108027,65520,0.0003522634716290214,0.0003522638012070476,0.004227909891679893
338,380,0,0,1715317536,4128961770,2413644235,0.8314341038172408,65521,0.00033024448458043404,0.00033024460644024144,0.0039922782726164955
339,380,0,0,1715317536,4128188354,2412870819,0.8318964678313634,65515,0.0004623634480924974,0.00046236401412232554,0.005350984204518786
340,380,0,0,1715317536,4127341551,2412024016,0.8324028741026019,65513,0.0005064057914389884,0.0005064062712378455,0.005816286660988502
341,380,0,0,1715317536,4125906172,2410588637,0.8332616676136091,65497,0.0008587929491977406,0.0008587935110056014,0.008608275711810855
342,380,0,0,1715317536,4125354432,2410036897,0.8335919121263657,65521,0.00033024448458043404,0.0003302445127594181,0.0039922782726164955
343,380,0,0,1715317536,4102296980,2386979445,0.8474610030227261,64909,0.01386909052881525,0.013869090896357154,0.09120030748191116
344,380,0,0,1715317536,4101750643,2386433108,0.8477912479681358,65521,0.00033024448458043404,0.00033024494541151914,0.0039922782726164955
345,380,0,0,1715317536,4026992537,2311675002,0.8937085621720087,63483,0.045917313593532495,0.04591731420387225,0.2753737617432643
346,380,0,0,1715317536,4026463436,2311145901,0.8940388070195517,65521,0.00033024448458043404,0.00033024484754189755,0.0039922782726164955
347,380,0,0,1715317536,3855179933,2139862398,1.005129117660978,60679,0.11109031052362578,0.11109031064142769,0.6641343326295294
348,380,0,0,1715317536,3854690157,2139372622,1.0054593623921626,65521,0.00033024448458043404,0.00033024473118651633,0.0039922782726164955
349,380,0,0,1715317536,3834679240,2119361705,1.0190173169267496,64923,0.013557954127146483,0.013557954534586386,0.10775051983721445
350,380,0,0,1715317536,3831186639,2115869104,1.0213967666011392,65428,0.002379449310284077,0.0023794496743869964,0.019952953343659978
351,380,0,1,1283151424,3387462281,2104310858,1.029299304421464,32589,1.00790253708151,1.0079025378203272,2.245937441705237
352,380,0,3,1928692244,4192136471,2263444228,0.9241273874638232,17623,1.894828082303899,1.8948280830423587,2.2923573519714044
353,380,0,3,1928692244,3505739825,1577047582,1.4454209568556138,45662,0.5212935693222183,0.5212935693917892,1.3810712358087023
354,384,4,1,1884448252,3260707183,1376258932,1.6418952190195242,14298,2.196474263088573,2.196474262163912,1.543515813008116
355,384,0,2,1621412856,3789961473,2168548618,0.985917357799476,51632,0.34402213751305794,0.3440221387799512,1.023911252801963
356,384,0,3,1095342064,3997284717,2901942654,0.5656281357776756,43850,0.5797107777805423,0.5797107779781999,1.5306074187235226
357,392,8,0,2024427968,3247268063,1222840096,1.8124113830236332,863,6.246783250821045,6.246783247245958,0.7858479340067627
358,392,0,1,1901372288,3584270143,1682897856,1.3516995315052789,45096,0.5392881478587883,0.5392881484816473,1.6692819678886328
359,397,5,0,902388704,3481791231,2579402528,0.7356102159131304,6278,3.383910686417885,3.3839106844078515,2.944609376799391
360,397,0,0,902388704,3481200852,2578812149,0.7359404607410802,65521,0.00033024448458043404,0.0003302448279487803,0.0039922782726164955
361,398,1,0,1804777408,4141353721,2336576314,0.8782509887462275,29690,1.1423105271259821,1.1423105280051478,2.1666282497220535
362,404,6,0,881942912,2187139839,1305196928,1.7183796490922099,572,6.840128663221611,6.840128660345982,1.3692314766805787
363,405,1,0,1763885824,3967680245,2203794422,0.9626574956954208,55328,0.24427784635771824,0.24427784660320884,0.8531837917633178
364,405,0,0,1763885824,3967175836,2203290013,0.9629877404986615,65521,0.00033024448458043404,0.00033024480324358617,0.0039922782726164955
365,405,0,1,1380288000,4094124309,2713836310,0.6623134414224658,40361,0.6993257007840715,0.6993257009238033,1.319194851263631
366,405,0,1,1380288000,4091805357,2711517358,0.6635467401008306,65480,0.0012332986384842029,0.001233298678362818,0.011949501974806858
367,405,0,1,1380288000,4089819382,2709531383,0.6646037888561125,65488,0.001057048556915173,0.001057048755284651,0.010718231328976282
368,408,3,1,1146112448,3654545799,2508433352,0.7758605391917541,7584,3.111256751101741,3.1112567503356394,0.8981525150839388
369,414,6,0,1017133504,4193094303,3175960800,0.4354540402062348,2593,4.659593509146705,4.659593501014482,1.7129824028090221
370,414,0,0,1017133504,4192318921,3175185418,0.4358063041073805,65520,0.0003522634716290214,0.00035226390114647977,0.004227909891679893
371,414,0,0,1017133504,3441109663,2423976160,0.825271636154568,50031,0.3894653318092657,0.38946533204718753,1.1787489195878174
372,415,1,2,189813464,2362574319,2172760856,0.9831177523730297,7343,3.1578461153651283,3.1578461162184612,1.8013378543003529
373,415,0,2,189813464,2231186207,2041372744,1.0731075110112478,61573,0.08998975825319307,0.08998975863821822,0.43444754142773506
374,415,0,2,189813464,2226794215,2036980752,1.0762147980738774,65395,0.003107286729684582,0.0031072870626285905,0.02830229113969391
375,418,3,0,379626928,3910899161,3531272234,0.2824590999084826,56806,0.2062443014057088,0.2062443018346046,0.7144323023665583
376,418,0,0,379626928,2795252926,2415625999,0.8302500403389246,44831,0.5477909399566538,0.5477909404304426,1.21650277988324
377,419,1,0,759253856,2976575595,2217321740,0.9538290212643581,30078,1.1235789804964997,1.123578980925433,2.287497739180155
378,419,0,0,759253856,2956613744,2197359889,0.96687596876302,64946,0.013046947092559887,0.01304694749866108,0.08439450886262533
379,419,0,0,759253856,2935993377,2176739522,0.9804783672438475,64921,0.013602398076531994,0.013602398480826993,0.09463277891542932
380,419,0,0,759253856,2168441594,1409187739,1.6077833185525066,42427,0.627304950733941,0.6273049513086599,1.942321651575099
381,420,1,0,1518507712,3588811267,2070303556,1.0528048291934304,48141,0.4450215102115366,0.4450215106409231,0.9171322417605537
382,423,3,2,387149312,2368494527,1981345216,1.116166878597518,1960,5.063362060997429,5.0633620494040885,1.2499211705565576
383,423,0,2,387149312,2361692118,1974542807,1.1211285010429393,65311,0.00496162241616682,0.004961622445421322,0.037374852201178706
384,423,0,2,387149312,2243375015,1856225704,1.2102750033047016,61609,0.08914650156064617,0.08914650226176384,0.44848704045462057
385,428,5,1,978705664,3153516975,2174811312,0.9817569087537485,4799,3.7714819022838064,3.7714819054490447,2.3146160875664132
386,428,0,1,978705664,3106294738,2127589075,1.013427612048151,64113,0.03167070301445971,0.031670703294403295,0.1860998501352857
387,428,0,1,978705664,2646565903,1667860240,1.364648744225537,51375,0.35122113165623003,0.3512211321773853,1.2785018349810198
388,428,0,3,524177260,3551245867,3027068608,0.5047257720377196,29736,1.1400770271382423,1.1400770278121817,1.4887855117799131
389,428,0,3,524177260,3550460647,3026283388,0.5051000549167277,65519,0.0003742827947452993,0.00037428287900958623,0.004452022505596219
390,428,0,3,524177260,2971395801,2447218542,0.811504203002162,52996,0.306404147528295,0.3064041480854357,1.0707065914331895
391,434,6,1,966025344,2776943151,1810917808,1.2459260777387478,3031,4.434421863215671,4.434421874736584,3.271446507885596
392,434,0,1,966025344,2692305070,1726279727,1.3149808877208748,62473,0.06905480959303295,0.06905480998212653,0.29068408760825293
393,438,4,0,793694168,3252251975,2458557808,0.8048348684088289,11667,2.4898539798446353,2.489853980687953,1.2419883339123077
394,442,4,0,1083146688,4072911439,2989764752,0.5226151747927084,4981,3.717780304327413,3.7177803063838826,1.9803793547876996
395,442,0,0,1083146688,3950010647,2866863960,0.5831736993669061,62842,0.06055852409332522,0.06055852457419591,0.26966613383482796
396,442,0,0,1083146688,3791522974,2708376287,0.6652189530108785,61913,0.08204525355742376,0.08204525364397114,0.47369675619149537
397,442,0,1,18809728,2824055429,2805245702,0.6145200088577703,33940,0.9493010555699742,0.9493010558468918,1.997768134492992
398,444,2,0,37619456,3984550845,3946931390,0.12191570511235739,46104,0.5073956956133167,0.5073956962545886,1.223322078526335
399,445,1,0,75238912,3377758589,3302519678,0.3790799882453655,27418,1.257164282568871,1.257164283133007,2.509140075200488
400,445,0,1,683368652,2812852851,2129484200,1.0121431203594433,21129,1.6330631318895057,1.6330631321140798,2.0851500400306855
401,445,0,1,683368652,2758361502,2074992851,1.0495407800817027,63859,0.0373976592484127,0.037397659722256886,0.1895521672192347
402,445,0,3,1686840948,3915837175,2228996228,0.9462529708024796,17600,1.896712191587978,1.8967121907207778,1.4657784896675843
403,445,0,4,1226198248,3613349267,2387151020,0.8473573064842412,35093,0.9011043355739763,0.9011043356817606,2.5207270113362195
404,445,0,4,1226198248,3315574615,2089376368,1.0395747515794156,57361,0.19221744504278937,0.19221744509517458,0.7269181995741779
405,445,0,4,1226198248,3315096394,2088898147,1.0399049965480884,65521,0.00033024448458043404,0.00033024496867532197,0.0039922782726164955
406,456,11,0,668188544,4115686527,3447497984,0.31709743792177747,845,6.277192468830453,6.277192441373689,1.5080372848851467
407,461,5,0,370755744,3543867903,3173112160,0.4367486289132607,1885,5.119651191843974,5.1196511909914815,1.7242173424398675
408,462,1,0,741511488,3543742921,2802231434,0.6160710343221254,28938,1.1793224045169484,1.179322405408865,2.315704653079932
409,466,4,0,248739824,2994187759,2745447936,0.6456055933863816,4013,4.0295345592200045,4.029534559064258,1.9120688520921862
410,468,2,2,474450832,3430365231,2955914400,0.5390426547717659,4410,3.893437059555117,3.893437061385382,2.4138381686263526
411,468,0,2,474450832,2370879921,1896429090,1.1793617176549454,42046,0.6403190626491624,0.6403190628831801,1.9403295434310823
412,471,3,0,948901664,3366952925,2418051262,0.8288023163773808,41781,0.6494405977014465,0.6494405987224345,1.802300018743372
413,471,0,0,948901664,2527261600,1578359937,1.4442209038366904,42778,0.6154185866977349,0.6154185874593106,1.3168496263896678
414,471,0,0,948901664,2490244705,1541343042,1.4784591615685727,63999,0.03423825762403892,0.03423825773188387,0.1727193308813218
415,471,0,0,948901664,2489068753,1540167090,1.4795602711728932,65486,0.001101109058724726,0.0011011096043214083,0.01097511601268258
416,471,0,0,948901664,2277347480,1328445817,1.6929077598409599,56527,0.21334748811263674,0.21334748866806605,0.5844048496471212
417,471,0,4,1026137600,3552325215,2526187616,0.7656853562068306,7789,3.0727775972753566,3.07277759636587,1.883317680487157
418,471,0,4,1026137600,3521487963,2495350364,0.783404752127332,64736,0.017719395441717075,0.01771939592050027,0.1289847002271004
419,471,0,4,1026137600,3519355705,2493218106,0.7846380511181472,65480,0.0012332986384842029,0.001233298990815091,0.012960393018534721
420,471,0,4,1026137600,3518747009,2492609410,0.784990314690102,65520,0.0003522634716290214,0.00035226357195616273,0.004227909891679893
421,471,0,4,1026137600,3518138461,2492000862,0.7853425786137365,65520,0.0003522634716290214,0.00035226392363569973,0.004227909891679893
422,471,0,4,1026137600,3517568087,2491430488,0.7856728232532468,65521,0.00033024448458043404,0.00033024463950733163,0.0039922782726164955
423,471,0,4,1026137600,3516997843,2490860244,0.7860030682103307,65521,0.00033024448458043404,0.00033024495708571547,0.0039922782726164955
424,471,0,4,1026137600,3516427730,2490290131,0.7863333128885763,65521,0.00033024448458043404,0.000330244678243702,0.0039922782726164955
425,471,0,4,1026137600,3515857747,2489720148,0.7866635578499341,65521,0.00033024448458043404,0.00033024496136054536,0.0039922782726164955
426,471,0,4,1026137600,3515287895,2489150296,0.7869938024977046,65521,0.00033024448458043404,0.0003302446477679762,0.0039922782726164955
427,471,0,4,1026137600,3514718173,2488580574,0.7873240473940797,65521,0.00033024448458043404,0.000330244896375537,0.0039922782726164955
428,471,0,4,1026137600,3514110609,2487973010,0.7876763110879708,65520,0.0003522634716290214,0.00035226369389280857,0.004227909891679893
429,471,0,4,1026137600,3513541157,2487403558,0.7880065556709823,65521,0.00033024448458043404,0.0003302445830112642,0.0039922782726164955
430,471,0,4,1026137600,3512478423,2486340824,0.7886230735203767,65508,0.0006165175324262582,0.0006165178493954593,0.006948353279198081
431,471,0,4,1026137600,3511909344,2485771745,0.7889533184387574,65521,0.00033024448458043404,0.0003302449183785029,0.0039922782726164955
432,471,0,4,1026137600,3510354219,2484216620,0.7898561661051566,65495,0.0009028473965228007,0.0009028476663985262,0.009950840328606719
433,471,0,4,1026137600,3509785626,2483648027,0.7901864111352666,65521,0.00033024448458043404,0.0003302450301102814,0.0039922782726164955
434,471,0,4,1026137600,3507511778,2481374179,0.7915078430751734,65476,0.0013214317544216249,0.0013214319399091866,0.012681592102686372
435,471,0,4,1026137600,3499939224,2473801625,0.795917331270779,65336,0.004409487633700345,0.004409488195603937,0.03193348257202038
436,471,0,6,2084261440,3645335355,1561073916,1.4601082962559104,10339,2.6641909671776065,2.6641909649851323,2.600744891209547
437,471,0,6,2084261440,3640904816,1556643377,1.4642086814710211,65350,0.004100384429842091,0.004100385215109313,0.03737684209822947
438,471,0,7,2021039232,4229546023,2208506792,0.9595758767918205,46490,0.49536719459367345,0.4953671953207988,1.7944698193402695
439,479,8,1,1547134204,3300028631,1752894428,1.2929080368457306,13004,2.333332159309644,2.333332160053913,2.5236998476156836
440,479,0,2,946784760,3977385589,3030600830,0.5030433032954349,56653,0.2101352659841763,0.21013526644970093,0.8877677742982261
441,479,0,2,946784760,2790690055,1843905296,1.2198825859621927,39874,0.7168392824666213,0.7168392826667611,1.5282596001842337
442,479,0,2,946784760,2790268018,1843483259,1.2202128308932885,65521,0.00033024448458043404,0.0003302449310934103,0.0039922782726164955
443,479,0,5,685443832,4164028327,3478584496,0.3041467813300436,15458,2.0839339491007083,2.0839339504367547,1.7019893834255282
444,485,6,0,1370887664,3800631373,2429743710,0.8218430000065169,22888,1.517696217676817,1.5176962186764749,2.714764108684197
445,485,0,0,1370887664,3796849728,2425962065,0.8240901549387765,65434,0.002247154675456557,0.002247154932257698,0.01940815987404818
446,485,0,0,1370887664,3513001505,2142113842,1.0036119922913294,57868,0.17952183706369793,0.1795218373525543,0.5949157451344252
447,486,1,3,713281424,2959990671,2246709248,0.9348337120208114,4296,3.9312217220145875,3.931221719729483,2.4667209438592987
448,486,0,3,713281424,2813126315,2099844892,1.0323643808875183,61252,0.09753066869494413,0.09753066886670626,0.4622577502646698
449,486,0,3,713281424,2281724832,1568443409,1.4533136697668319,48951,0.4209492880923735,0.42094928887931193,1.0816065340654522
450,486,0,3,713281424,2279116184,1565834761,1.455715169696262,65427,0.0024014995955756904,0.0024014999294303496,0.022066828125866137
451,490,4,0,1426562848,3698093645,2271530798,0.9189822800552889,47536,0.46326711016458555,0.4632671103590292,1.109422307696447
452,490,0,0,1426562848,3488846339,2062283492,1.058404479461867,59499,0.13942219920920496,0.1394221994065758,0.698934512557243
453,490,0,1,705642048,2940369897,2234727850,0.9425479984360372,35508,0.8841435180849224,0.8841435189741705,2.239078208573716
454,492,2,0,1411284096,3360192107,1948908012,1.1399811486777232,28577,1.1974331495134931,1.1974331502416877,2.340860771897641
455,492,0,1,675084544,2406310567,1731226024,1.3108530548061772,29108,1.1708719046314575,1.1708719061284534,2.0309556834598292
456,492,0,1,675084544,2327431158,1652346615,1.3781307914060044,62550,0.06727773605945551,0.06727773659982568,0.2974545257453576
457,494,2,1,552854528,3530688907,2977834380,0.5283836290974726,29527,1.1502528371241663,1.1502528376914702,2.0468004390837984
458,497,3,0,1968289308,4142595503,2174306196,0.9820920242571631,11963,2.4537083962662565,2.4537083951596883,1.3473752715474523
459,497,0,0,1968289308,4067482141,2099192834,1.0328124458547414,63272,0.05072042092340494,0.050720421597579265,0.3022392109565959
460,497,0,0,1968289308,4067001673,2098712366,1.033142690951241,65521,0.00033024448458043404,0.00033024509649839137,0.0039922782726164955
461,497,0,0,1968289308,4066393220,2098103913,1.033561013829111,65517,0.000418322449221962,0.0004183228778713211,0.00492328406377429
462,497,0,0,1968289308,4049361492,2081072185,1.0453201381075417,65004,0.011759123807791162,0.0117591242784318,0.08000013452791445
463,497,0,0,1968289308,3808629554,1840340247,1.2226746257750065,57955,0.17735448701814058,0.17735448766746284,0.6443381423625033
464,497,0,0,1968289308,3561373147,1593083840,1.4308249517372218,56731,0.20815032576437842,0.20815032596221567,0.8405966571153979
465,497,0,0,1968289308,3434628470,1466339163,1.5504283098097922,60322,0.11960335792076185,0.11960335807257072,0.49927360697755235
466,497,0,3,713928928,2867793567,2153864640,0.9957195597049271,12033,2.445291248464335,2.4452912498951367,3.446070221574865
467,497,0,3,713928928,2867070528,2153141601,0.9962039447887214,65514,0.000484384451701118,0.0004843850837914269,0.005557620055609438
468,497,0,3,713928928,2866512004,2152583077,0.996578227804843,65519,0.0003742827947452993,0.0003742830161221758,0.004452022505596219
469,497,0,3,713928928,2866019316,2152090389,0.9969084728480588,65521,0.00033024448458043404,0.00033024504321801885,0.0039922782726164955
470,497,0,3,713928928,2864640107,2150711180,0.9978333484301132,65494,0.0009248751246666447,0.0009248755820538149,0.009188717786506708
471,497,0,3,713928928,2190147204,1476218277,1.5407410886649906,44983,0.5429077401085997,0.5429077402348769,1.8887583316822893
472,501,4,1,708232064,3670309443,2962077380,0.5360378165672302,32875,0.9952967260456106,0.9952967279022409,2.568532199850033
473,501,0,1,708232064,3666422439,2958190376,0.5379322451409436,65450,0.0018944282800345323,0.0018944285737112266,0.01619504219731793
474,501,0,1,708232064,3659380848,2951148785,0.5413704885543424,65380,0.0034382433453716316,0.0034382434134013614,0.026707228301157418
475,501,0,1,708232064,3054119757,2345887694,0.8725131979446381,52095,0.3311427090093897,0.33114270939029505,1.293420187710535
476,501,0,1,708232064,3053224871,2344992808,0.8730636479548117,65511,0.0005504494793435254,0.0005504500101729591,0.0062529881795468645
477,501,0,1,708232064,3004561690,2296329627,0.9033173972470578,64176,0.030253749185491022,0.030253749292246383,0.19177788535331475
478,501,0,1,708232064,2741452266,2033220203,1.0788806747699162,58027,0.17556327706681188,0.17556327752285805,0.6353065625153986
479,505,4,0,183456584,2846597791,2663141208,0.6895182192750866,10730,2.610637544356116,2.61063754450517,2.1381544865139683
480,505,0,0,183456584,2844931702,2661475119,0.6904210668302184,65495,0.0009028473965228007,0.0009028475551326976,0.009797858279824935
481,506,1,0,366913168,3065019305,2698106138,0.6707000439268178,33219,0.980278976312079,0.9802789770965971,1.0969881489510243
482,506,0,0,366913168,2727591358,2360678191,0.8634457600557823,57340,0.192745715872114,0.1927457161289671,0.8763822661192296
483,506,0,0,366913168,2724637628,2357724461,0.8652520205613214,65454,0.0018062601543034325,0.001806260505537968,0.015675307316011335
484,510,4,0,207648496,3154228463,2946579968,0.5436057256170272,5119,3.678353709008619,3.6783537050557045,1.910672913007648
485,510,0,0,207648496,3152789703,2945141208,0.5443103387160804,65504,0.0007046129765893727,0.0007046130990533777,0.007574559974009031
486,511,1,0,415296992,4032819831,3617522840,0.24764502046594217,40249,0.7033346810236155,0.7033346817498619,1.0496574905599034
487,512,1,1,640342456,2540071859,1899729404,1.1768532091992085,8604,2.929208190576939,2.929208188733266,2.1564552496174434
488,512,0,1,640342456,2539637045,1899294590,1.1771834540227388,65521,0.00033024448458043404,0.0003302448235331276,0.0039922782726164955
489,512,0,1,640342456,2330075900,1689733445,1.3458514663151284,58305,0.16866801205228427,0.1686680122923896,0.6774426258268713
490,514,2,0,1280684912,4243700161,2963015250,0.5355810944554307,57460,0.1897296275801139,0.18972962814029978,0.7781562448614133
491,514,0,0,1280684912,4046892217,2766207306,0.6347378665567796,61183,0.09915677182493306,0.09915677210135009,0.5061003224178127
492,514,0,0,1280684912,3699512362,2418827451,0.8283392888353838,57306,0.19360142183356524,0.19360142227860486,0.5662506219277263
493,514,0,0,1280684912,3582402079,2301717168,0.8999365781354776,62363,0.07159728925547573,0.07159728930009218,0.3146329497306029
494,514,0,0,1280684912,3581805014,2301120103,0.9003108615040603,65519,0.0003742827947452993,0.0003742833685852344,0.004452022505596219
495,514,0,0,1280684912,3518918873,2238233962,0.9402862972886723,63745,0.03997543546886863,0.03997543578461232,0.2128992568800462
496,514,0,0,1280684912,3451501364,2170816453,0.9844093977397002,63562,0.044123100158605495,0.044123100451025105,0.2425821810421199
497,514,0,0,1280684912,3341794575,2061109664,1.0592258786426534,62224,0.07481648056579165,0.07481648090295509,0.3336775394642909
498,514,0,0,1280684912,3321477850,2040792939,1.0735173335754276,64890,0.0142914544295028,0.014291454932775218,0.08276873667391044
499,516,2,0,925043860,2947152783,2022108924,1.0867864336975614,16234,2.013269101824353,2.013269100122133,1.800215026320212
500,516,0,0,925043860,2790965109,1865921250,1.2027590465507032,60474,0.11597261249948923,0.11597261285314038,0.44916821940642376
501,516,0,0,925043860,2786950599,1861906740,1.2058663336482098,65395,0.003107286729684582,0.003107287097505654,0.027797379424604193
502,517,1,0,1850087720,3657957797,1807870078,1.2483561433491452,31817,1.0424898089538757,1.0424898097009367,1.814841666701798
503,517,0,0,1850087720,3656192298,1806104579,1.249765714304317,65472,0.0014095702546713536,0.0014095709551711845,0.013079131994308588
504,518,1,1,804714940,3364281727,2559566788,0.7467474942617969,23219,1.4969817811543737,1.4969817799574816,1.359531972466183
505,520,2,1,1071376112,2637673511,1566297400,1.4552889763164352,10026,2.708541481217656,2.708541482054639,3.534076640803739
506,520,0,1,1071376112,2334839124,1263463013,1.7652637150057018,52865,0.3099747381485836,0.30997473868926556,1.2358980387885405
507,520,0,1,1071376112,2334549940,1263173829,1.7655939597940247,65521,0.00033024448458043404,0.00033024478832181363,0.0039922782726164955
508,522,2,0,2142752224,3580129009,1437376786,1.5792088545448877,37287,0.8136148935784806,0.8136148947508627,1.0492192474093616
509,522,0,0,2142752224,3334088774,1191336551,1.8500661157924192,54318,0.2708572602199209,0.27085726124753173,1.071591821420123
510,522,0,0,2142752224,3308675436,1165923213,1.881174369372399,64138,0.03110825318593516,0.031108253579981364,0.1715513731254868
511,522,0,0,2142752224,3294176116,1151423893,1.8992280912183332,64721,0.018053721522348933,0.0180537218459337,0.13264037445040333
512,522,0,0,2142752224,3293912575,1151160352,1.899558336937904,65521,0.00033024448458043404,0.0003302457195706704,0.0039922782726164955
513,522,0,2,2128557952,4086036427,1957478476,1.1336507019655109,27860,1.2340923625113847,1.234092365027607,2.4629519696142066
514,522,0,2,2128557952,4085558526,1957000575,1.1340029661606579,65520,0.0003522634716290214,0.00035226419514753515,0.004227909891679893
515,525,3,1,553929252,2520963275,1967034024,1.1266252337295057,16468,1.9926222666787308,1.9926222675688463,2.4305145014571456
516,525,0,1,553929252,2494190289,1940261038,1.1463963838623457,64644,0.019771149439748312,0.019771150132839532,0.12164323643879796
517,525,0,1,553929252,2493183683,1939254432,1.1471450472086566,65502,0.0007486627160211863,0.0007486633463114525,0.008234479175408411
518,525,0,1,553929252,2492443916,1938514665,1.147695496793748,65511,0.0005504494793435254,0.0005504495850906926,0.00629350060069026
519,525,0,1,553929252,2491970645,1938041394,1.1480477608743875,65520,0.0003522634716290214,0.000352264080641129,0.004227909891679893
520,525,0,1,553929252,2491497490,1937568239,1.1484000246161479,65520,0.0003522634716290214,0.0003522637417612846,0.004227909891679893
521,525,0,1,553929252,2491054015,1937124764,1.1487302697145658,65521,0.00033024448458043404,0.0003302450984151198,0.0039922782726164955
522,525,0,1,553929252,2490610642,1936681391,1.1490605144431676,65521,0.00033024448458043404,0.00033024472860188075,0.0039922782726164955
523,525,0,1,553929252,2490167370,1936238119,1.149390759529492,65521,0.00033024448458043404,0.0003302450863263052,0.0039922782726164955
524,525,0,1,553929252,2489665110,1935735859,1.1497650430445248,65519,0.0003742827947452993,0.0003742835150329482,0.004463541174757649
525,525,0,1,553929252,2489222055,1935292804,1.1500952876951231,65521,0.00033024448458043404,0.00033024465059724935,0.0039922782726164955
526,525,0,1,553929252,2488779101,1934849850,1.150425532649411,65521,0.00033024448458043404,0.00033024495428960534,0.0039922782726164955
527,525,0,1,553929252,2488336249,1934406998,1.1507557771444858,65521,0.00033024448458043404,0.00033024449507293614,0.0039922782726164955
528,525,0,1,553929252,2487893498,1933964247,1.151086021908693,65521,0.00033024448458043404,0.0003302447642084278,0.0039922782726164955
529,525,0,1,553929252,2487273788,1933344537,1.1515483861011475,65515,0.0004623634480924974,0.00046236419245383807,0.005375545368984679
530,525,0,1,553929252,2486831280,1932902029,1.151878630998386,65521,0.00033024448458043404,0.0003302448972372958,0.0039922782726164955
531,525,0,1,553929252,2486005455,1932076204,1.1524951486491695,65508,0.0006165175324262582,0.000616517650785454,0.007032425773770941
532,525,0,1,553929252,2485563237,1931633986,1.152825393769536,65521,0.00033024448458043404,0.0003302451203658579,0.0039922782726164955
533,525,0,1,553929252,2484620056,1930690805,1.15353000700226,65504,0.0007046129765893727,0.0007046132327244365,0.0075309999005795675
534,525,0,1,553929252,2463438313,1909509062,1.169445379406838,64817,0.015915372168786676,0.015915372404579176,0.08989245730145691
535,530,5,0,331850384,2738782815,2406932432,0.8354515033233696,5163,3.6660061172386404,3.66600612391653,1.0097380585062934
536,532,2,0,1168321004,3780630115,2612309112,0.7173215263255024,17782,1.8818700225027192,1.8818700230021337,2.424580595825157
537,532,0,0,1168321004,3780032204,2611711201,0.7176517713041513,65521,0.00033024448458043404,0.0003302449786471481,0.0039922782726164955
538,534,2,0,378316720,4093437643,3715120924,0.20923797599929017,23306,1.4915862039440304,1.4915862046951411,2.260089327483593
539,534,0,0,378316720,3279110981,2900794262,0.5661991695808659,51171,0.3569611932205561,0.3569611935815742,0.7619485319336146
540,535,1,0,756633440,3868117713,3111484274,0.4650441914097101,35148,0.898845021399477,0.8988450218288452,1.2731735463667073
541,545,10,0,912134144,2516493311,1604359168,1.4206499918226818,33,10.955605880641546,10.95560580041297,1.2123728274936894
542,545,0,0,912134144,2515440646,1603306503,1.4215968951383644,65493,0.0009469031891450585,0.0009469033156828642,0.00986557037825143
543,545,0,0,912134144,2447062324,1534928181,1.4844759922678712,62741,0.06287909663174436,0.06287909712950848,0.3058405168464521
544,545,0,0,912134144,2216082988,1303948845,1.719759873463488,55674,0.23528388046842308,0.23528388119561544,0.937604732421774
545,549,4,0,2128227776,3316935039,1188707264,1.8532536712778942,3734,4.133493787773798,4.133493797814405,2.267326464887406
546,549,0,2,2070460160,3639635003,1569174844,1.4526410336580007,21628,1.5993873589180008,1.5993873623801058,2.6541319887325225
547,552,3,1,993848740,3811065415,2817216676,0.608376618378557,29415,1.1557355841993324,1.1557355847205588,1.0116342752383731
548,552,0,1,993848740,3799673776,2805825037,0.614222096472286,65271,0.005845477824117605,0.005845478093728618,0.0429678085205529
549,552,0,1,993848740,3796548391,2802699652,0.6158299980710602,65463,0.0016079015700331673,0.0016079015987726865,0.01421348820131961
550,552,0,1,993848740,3753568759,2759720020,0.6381252363459673,64531,0.022295238175261998,0.022295238274908313,0.13406162110951023
551,552,0,1,993848740,3741693743,2747845004,0.6443465167729414,65254,0.00622128040345171,0.006221280426972851,0.04636502163154144
552,552,0,1,993848740,3740897096,2747048357,0.6447648392439262,65517,0.000418322449221962,0.00041832247098690583,0.004879723990344825
553,552,0,1,993848740,3156537337,2162688598,0.9898211970631507,51595,0.3450563576066162,0.3450563578192227,1.334291655943566
554,552,0,1,993848740,2727405218,1733556479,1.3089123059276417,52532,0.31909110858014433,0.319091108864492,0.8552317983058226
555,552,0,1,993848740,2727008438,1733159699,1.3092425507538294,65521,0.00033024448458043404,0.00033024482618809444,0.0039922782726164955
556,552,0,3,953776432,3003017747,2049241316,1.0675572617636,19372,1.7583147123983756,1.7583147110097694,1.8027094985659378
557,552,0,3,953776432,3002548712,2048772281,1.067887506871596,65521,0.00033024448458043404,0.0003302451079974804,0.0039922782726164955
558,557,5,1,313636064,3699162231,3385526168,0.34326707558932057,13537,2.2753795687363985,2.2753795687177236,1.7982331800944147
559,557,0,1,313636064,3378101361,3064465298,0.4870117782052148,59321,0.14374470231274838,0.14374470261589475,0.6950315943756267
560,557,0,1,313636064,3318903163,3005267100,0.5151539265512355,64270,0.02814214807601903,0.02814214834602093,0.1934767476590292
561,557,0,1,313636064,3318123598,3004487535,0.5155282095741427,65519,0.0003742827947452993,0.00037428302290703125,0.004463541174757649
562,557,0,1,313636064,3317390080,3003754017,0.515880473302925,65520,0.0003522634716290214,0.000352263728780394,0.004227909891679893
563,557,0,1,313636064,3316702575,3003066512,0.5162107179152358,65521,0.00033024448458043404,0.0003302446123133063,0.0039922782726164955
564,557,0,1,313636064,3316015227,3002379164,0.5165409626993203,65521,0.00033024448458043404,0.0003302447840825499,0.0039922782726164955
565,557,0,1,313636064,3315282224,3001646161,0.516893226302841,65520,0.0003522634716290214,0.00035226360352194494,0.004227909891679893
566,557,0,1,313636064,3314549400,3000913337,0.517245489885152,65520,0.0003522634716290214,0.00035226358230992257,0.004227909891679893
567,557,0,1,313636064,3313862545,3000226482,0.5175757345841667,65521,0.00033024448458043404,0.0003302446990151491,0.0039922782726164955
568,557,0,1,313636064,3313175847,2999539784,0.5179059793835776,65521,0.00033024448458043404,0.00033024479941109054,0.0039922782726164955
569,557,0,1,313636064,3312489306,2998853243,0.5182362242661434,65521,0.00033024448458043404,0.00033024488256560794,0.0039922782726164955
570,557,0,1,313636064,3311802922,2998166859,0.5185664692146084,65521,0.00033024448458043404,0.0003302449484666856,0.0039922782726164955
571,557,0,1,313636064,3310842205,2997206142,0.5190288329952217,65515,0.0004623634480924974,0.0004623637806120495,0.005375545368984679
572,557,0,1,313636064,3310156198,2996520135,0.5193590779398534,65521,0.00033024448458043404,0.00033024494462970415,0.0039922782726164955
573,557,0,1,313636064,3309150286,2995514223,0.5198434624346326,65514,0.000484384451701118,0.00048438449478052333,0.005630173881020868
574,557,0,1,313636064,3308464667,2994828604,0.5201737070179959,65521,0.00033024448458043404,0.0003302445833651637,0.0039922782726164955
575,557,0,1,313636064,3307048045,2993411982,0.5208562960165466,65505,0.0006825886112264284,0.0006825889985509424,0.007243545028356738
576,557,0,1,313636064,3197654403,2884018340,0.5745668070442527,63141,0.05371051083518574,0.05371051102770583,0.23524591116920868
577,560,3,2,1764554608,4050082815,2285528208,0.910119521212863,3246,4.335552715452028,4.3355527141686085,1.877410842294629
578,560,0,2,1764554608,3947796220,2183241613,0.9761753479853681,62603,0.0660558262093044,0.06605582677250438,0.27026328344706
579,560,0,3,1381625568,4133597355,2751971788,0.6421814657706477,41304,0.6660061172386403,0.6660061177852789,1.5648109142151962
580,560,0,3,1381625568,4132463577,2750838010,0.6427759605764862,65509,0.0005944945118882062,0.0005944948058386408,0.006573574455137129
581,560,0,4,615767488,3573371671,2957604184,0.5382181564536488,35231,0.895442195445494,0.8954421958771648,1.8244110535386069
582,565,5,0,1231534976,3725930397,2494395422,0.7839569606620529,27636,1.2457388034859982,1.2457388042084017,1.9569834603211824
583,566,1,0,569552008,2714238793,2144686786,1.0018801767406948,28174,1.2179232157547009,1.217923216078643,1.5300797487416247
584,566,0,0,569552008,2578035997,2008483990,1.0965401845754243,61374,0.09466000744756423,0.0946600078347292,0.34426314814259007
585,567,1,0,1139104016,3541095915,2401991900,0.8384158600199569,39188,0.7418756750610775,0.7418756754445329,1.986891384991675
586,567,0,0,1139104016,3540436188,2401332173,0.8388121626065654,65518,0.0003963024539395264,0.0003963025866090344,0.004699172121844633
587,567,0,1,130724384,4268346935,4137622552,0.053845102361137265,56461,0.21503293937345158,0.2150329397545727,0.8943735830754236
588,569,2,0,1196720232,3763036171,2566315940,0.742948353991089,20324,1.6891032512022872,1.6891032516299505,1.2463656438566233
589,569,0,0,1196720232,3584784978,2388064747,0.8468051934522691,60984,0.10385683922548902,0.1038568394611812,0.4006762728180271
590,569,0,0,1196720232,3395994642,2199274411,0.9656195205887173,60355,0.11881432707750174,0.11881432713644802,0.6294039164818697
591,569,0,0,1196720232,3395357034,2198636803,0.9660378436795298,65517,0.000418322449221962,0.0004183230908108379,0.00492328406377429
592,569,0,0,1196720232,3394853805,2198133574,0.9663680888020387,65521,0.00033024448458043404,0.0003302451225105623,0.0039922782726164955
593,569,0,1,245956816,3847641071,3601684256,0.25397543402808154,53691,0.28760734496901874,0.2876073452260439,1.1262703496439386
594,569,0,1,245956816,2524543102,2278586287,0.914508141496075,41461,0.6605327071473973,0.6605327074679931,1.2467909667444745
595,571,2,0,491913632,3170059145,2678145514,0.6814127960225917,38514,0.7669046536261853,0.7669046545265148,2.065226796112238
596,571,0,0,491913632,2515928968,2024015337,1.0854269239014727,49529,0.40401412747347754,0.40401412787888036,1.3113296195080324
597,571,0,0,491913632,2219905606,1727991975,1.3135506285439469,55951,0.22812370404515792,0.22812370464247558,0.7720345382611195
598,571,0,0,491913632,2194329552,1702415921,1.3350635979095422,64566,0.021512968600163093,0.02151296936559505,0.11491200102161515
599,572,1,0,983827264,3922063725,2938236462,0.5476966409203499,56555,0.21263304263112004,0.21263304301080846,0.7809697470666698
600,572,0,0,983827264,3568817187,2584989924,0.7324884889255827,57657,0.18479184774745422,0.18479184800523368,0.7492020336275491
601,576,4,0,540445568,4204618303,3664172736,0.229159629615868,5806,3.496671143373338,3.496671140690283,2.3284318620312185
602,576,0,0,540445568,3885367413,3344921846,0.36067464328016996,59826,0.13151501363481824,0.1315150136643023,0.5289109322805627
603,576,0,0,540445568,2593150443,2052704876,1.0651209245765898,40218,0.7044462807720878,0.7044462812964191,1.582405495692974
604,582,6,0,93020800,4018017023,3924996224,0.12995587993790636,1958,5.064834950396305,5.0648349553613174,2.5812418069845706
605,582,0,1,1057048700,3025535879,1968487180,1.1255598292041853,16434,1.9956039485734656,1.995603949266281,2.197481814041046
606,582,0,1,1057048700,2795995183,1738946484,1.3044336115612012,57894,0.17887378205957155,0.17887378235701357,0.7261781502393724
607,582,0,1,1057048700,2784903880,1727855181,1.3136648419432184,65118,0.009231230342574597,0.009231230382019303,0.06387363349910266
608,584,2,0,2114097400,3821018787,1706921388,1.3312505292146533,32371,1.0175856866996678,1.0175856872714335,1.7462371165491102
609,584,0,0,2114097400,3819039324,1704941925,1.3329245480789247,65460,0.0016740180678742555,0.0016740188642707585,0.01698535888585298
610,584,0,0,2114097400,3818649093,1704551694,1.3332547932084786,65521,0.00033024448458043404,0.00033024512955362613,0.0039922782726164955
611,584,0,0,2114097400,3391444784,1277347385,1.7494962149731883,49111,0.4162414214084157,0.41624142176471096,1.422891722705695
612,588,4,0,81008048,3574066655,3493058608,0.29815629693638357,11201,2.548660081860645,2.5486600819631935,2.129809066353738
613,588,0,0,81008048,3573267157,3492259110,0.29848654155843235,65521,0.00033024448458043404,0.00033024462204914607,0.0039922782726164955
614,588,0,0,81008048,3154426266,3073418219,0.4828030492996511,57676,0.18431650754083748,0.18431650774121935,0.6604027276255602
615,588,0,0,81008048,2647801860,2566793813,0.7426797351450318,54733,0.2598766854014769,0.25987668584538137,0.7647638425845876
616,588,0,0,81008048,2645647720,2564639673,0.7438910018549727,65481,0.001211266200721556,0.0012112667099422553,0.012488621799491128
617,588,0,0,81008048,2645060720,2564052673,0.7442212466564051,65521,0.00033024448458043404,0.00033024480142987146,0.0039922782726164955
618,588,0,0,81008048,2644434730,2563426683,0.7445735104532645,65520,0.0003522634716290214,0.00035226379686005777,0.004227909891679893
619,588,0,0,81008048,2643848008,2562839961,0.7449037550473356,65521,0.00033024448458043404,0.00033024459407218434,0.0039922782726164955
620,588,0,0,81008048,2643261420,2562253373,0.745233999804725,65521,0.00033024448458043404,0.0003302447573885337,0.0039922782726164955
621,588,0,0,81008048,2642635869,2561627822,0.7455862637607602,65520,0.0003522634716290214,0.00035226395603697936,0.004227909891679893
622,588,0,0,81008048,2640486065,2559478018,0.7467975301742165,65481,0.001211266200721556,0.0012112664134559274,0.01232036614561996
623,588,0,0,81008048,2639900246,2558892199,0.7471277752069199,65521,0.00033024448458043404,0.00033024503270276715,0.0039922782726164955
624,588,0,0,81008048,2639275516,2558267469,0.7474800389375247,65520,0.0003522634716290214,0.000352263730603749,0.004227909891679893
625,588,0,0,81008048,2638689975,2557681928,0.7478102834474178,65521,0.00033024448458043404,0.00033024450989345725,0.0039922782726164955
626,588,0,0,81008048,2638104568,2557096521,0.748140527968431,65521,0.00033024448458043404,0.0003302445210133339,0.0039922782726164955
627,588,0,0,81008048,2637129113,2556121066,0.7486909774981996,65511,0.0005504494793435254,0.0005504495297678759,0.006264506848708294
628,588,0,0,81008048,2636544063,2555536016,0.7490212221620389,65521,0.00033024448458043404,0.00033024466384100337,0.0039922782726164955
629,588,0,0,81008048,2635101270,2554093223,0.749835962435391,65499,0.0008147398470877202,0.0008147402733499858,0.009015431522085844
630,588,0,0,81008048,2634516684,2553508637,0.7501662071764521,65521,0.00033024448458043404,0.0003302447410636596,0.0039922782726164955
631,588,0,0,81008048,2632490584,2551482537,0.7513113784318755,65484,0.001145170906201281,0.001145171255421695,0.011215063043543774
632,588,0,0,81008048,2605860730,2524852683,0.766447932290113,64852,0.015136553366183417,0.015136553858239683,0.08733250439424024
633,589,1,0,162016096,3079527751,2917511656,0.557908726235425,37864,0.7914607932616364,0.7914607939453095,1.9679258719681714
634,590,1,0,324032192,2495249207,2171217016,0.9841432135845416,24386,1.4262344860730756,1.4262344873491186,2.190353593760171
635,591,1,0,648064384,3452795983,2804731600,0.6147844278983676,42329,0.630641214290844,0.6306412143138252,1.6465337507582076
636,591,0,0,648064384,2224570394,1576506011,1.4459164751847808,36837,0.8311320471146028,0.8311320472864115,1.3479372896435848
637,592,1,0,1296128768,3673108013,2376979246,0.8535178392094487,49406,0.40760136316267176,0.40760136402467106,1.2404238188100254
638,592,0,1,444773888,3661544659,3216770772,0.41703401321912636,44345,0.563516173914224,0.5635161740096765,1.354454960011548
639,592,0,1,444773888,3660759314,3215985427,0.4173862769479122,65520,0.0003522634716290214,0.0003522637287861616,0.004227909891679893
640,594,2,1,513563100,3153639027,2640075928,0.7020677242429407,13450,2.284681447668651,2.284681447295028,1.2006461207427144
641,598,4,0,376512584,2391375215,2014862632,1.091965663036138,6252,3.3898979370003355,3.3898979387931987,2.6347274867208474
642,598,0,0,376512584,2342676142,1966163559,1.1272638060527953,63952,0.035298142579553105,0.03529814301665716,0.19143130038345343
643,598,0,0,376512584,2342106117,1965593534,1.1276821290707204,65517,0.000418322449221962,0.00041832301792440747,0.004904285154810719
644,598,0,0,376512584,2312083547,1935570964,1.1498879437650267,64535,0.022205814466997955,0.022205814694304143,0.12426762343383603
645,598,0,0,376512584,2309248237,1932735654,1.1520028166604988,65440,0.00211487217088883,0.002114872895472458,0.01828423125546621
646,599,1,0,753025168,3196371555,2443346388,0.8137887401141946,41425,0.6617859230038234,0.6617859234536951,1.3553996668631825
647,599,0,0,753025168,2404155560,1651130393,1.379193088811462,44287,0.5654043480345359,0.5654043486972704,1.1872223423492343
648,599,0,0,753025168,2258961095,1505935928,1.5119867560324813,59773,0.13279366717159305,0.13279366722101651,0.5623392415114795
649,599,0,0,753025168,2215071665,1462046498,1.5546579514352388,63626,0.042671194469234994,0.04267119540275817,0.19332504434108094
650,599,0,0,753025168,2214603174,1461578007,1.5551203156321662,65515,0.0004623634480924974,0.00046236419692773556,0.005375545368984679
651,600,1,0,1506050336,4176704117,2670653782,0.6854541859023762,59875,0.1303338696017327,0.1303338702702107,0.44203667103998545
652,600,0,1,864617024,3955168517,3090551494,0.4747828429437,37920,0.7893286562143785,0.7893286570413223,1.6143294977421734
653,600,0,1,864617024,2258279564,1393662541,1.6237658741643628,29553,1.1489830309804745,1.1489830312206628,2.164085185242267
654,600,0,1,864617024,2257939314,1393322291,1.624118138004814,65520,0.0003522634716290214,0.00035226384045235697,0.004227909891679893
655,600,0,1,864617024,2257365282,1392748259,1.6247126334539175,65509,0.0005944945118882062,0.0005944954491050368,0.006452011484427647
656,600,0,5,758305168,2558405087,1800099920,1.254570156076813,5294,3.6298575205046015,3.629857522622894,1.329293365605006
657,606,6,0,1516610336,3611050323,2094439988,1.0360825987656916,38126,0.7815124422025331,0.7815124426888788,2.19390183426855
658,606,0,0,1516610336,3601686447,2085076112,1.0425470983626077,65243,0.006464498952343484,0.006464499596917238,0.04361353645556825
659,608,2,0,1770867608,3925302027,2154434420,0.9953379618753715,16929,1.9527908650344925,1.9527908635127622,2.2448472979113827
660,615,7,0,808584832,3152373887,2343789056,0.8738044148018886,557,6.878466482659968,6.878466452926519,2.433730564896879
661,619,4,0,600639744,3181897663,2581257920,0.734572842894849,4511,3.860768429280647,3.8607684280929595,0.3665756420107357
662,620,1,0,1201279488,3569218117,2367938630,0.8590154549716971,30060,1.124442611196273,1.1244426120768471,2.138945194428308
663,620,0,0,1201279488,3568676138,2367396651,0.8593456999797411,65521,0.00033024448458043404,0.0003302450080430721,0.0039922782726164955
664,620,0,0,1201279488,3566978328,2365698841,0.8603807191026647,65489,0.0010350188106098368,0.0010350191229270057,0.009968831496417216
665,620,0,0,1201279488,3566436862,2365157375,0.8607109638958939,65521,0.00033024448458043404,0.0003302447932275426,0.0039922782726164955
666,620,0,1,255075328,4188030045,3932954718,0.1270335700794476,54489,0.2663226061057418,0.266322606183555,1.0707769986152715
667,620,0,1,255075328,3231196701,2976121374,0.5292137814974964,49592,0.40218021135449283,0.40218021141804605,1.144636492926993
668,620,0,1,255075328,2286626928,2031551601,1.0800651368169447,44736,0.5508513546245636,0.550851355319451,1.4356286424846898
669,622,2,0,510150656,2562347601,2052196946,1.0654779553303726,33101,0.9854128181235455,0.9854128185134268,1.839100965439383
670,622,0,0,510150656,2534352848,2024202193,1.0852937412240315,64642,0.019815785209777677,0.019815785893659153,0.12724121592502513
671,622,0,0,510150656,2464826493,1954675838,1.1357177741263627,63285,0.05042403217213047,0.05042403290233204,0.22630571188740423
672,622,0,1,738850670,2544694835,1805844166,1.2499737441357759,30273,1.1142559697098733,1.1142559700094132,1.28370640527764
673,622,0,1,738850670,2462746279,1723895610,1.3169747309226238,62562,0.06700098657829054,0.06700098678684674,0.3660180982202186
674,624,2,1,807919032,3800957023,2993037992,0.5210365542735751,28446,1.2040618215524483,1.2040618233509506,2.0535918766825536
675,624,0,1,807919032,3800271970,2992352939,0.5213667992255111,65521,0.00033024448458043404,0.0003302449519355091,0.0039922782726164955
676,624,0,1,807919032,3408648874,2600729843,0.723730602329443,56959,0.2023638025820746,0.20236380310393406,0.7656879504119306
677,626,2,0,1615838064,3892587827,2276749764,0.9156714114451923,28686,1.1919408089311492,1.1919408091157488,1.9728451468697041
678,626,0,0,1615838064,3796947383,2181109320,0.977585064494793,62783,0.06191365266917813,0.06191365304960069,0.36597081328401787
679,626,0,0,1615838064,3351579876,1735741813,1.3070947793409289,52154,0.32950971461135437,0.32950971484613534,0.8027706871179331
680,626,0,0,1615838064,3346150385,1730312322,1.3116146776704092,65331,0.004519897686857845,0.004519898329480586,0.03912380774472299
681,628,2,1,1895641640,3888077687,1992436048,1.108113727802479,9433,2.796499047638606,2.796499050132071,2.6723244776124955
682,628,0,1,1895641640,3776562559,1880920920,1.191207951444028,61868,0.08309422358836735,0.08309422364154911,0.34417049381563447
683,628,0,1,1895641640,3762068768,1866427129,1.2023679634818407,65031,0.011160011773895816,0.011160012037811992,0.06846319488311285
684,628,0,1,1895641640,3745835499,1850193860,1.2149707043489713,64966,0.012602740228748507,0.012602740867128762,0.08526079624062517
685,628,0,1,1895641640,3462812527,1567170888,1.4544846427647968,55511,0.2395139377627623,0.23951393841582733,1.0150973339430436
686,630,2,3,1928131328,4089878271,2161746944,0.9904494962084662,5650,3.535964847810088,3.5359648534436676,1.8139155297346747
687,630,0,3,1928131328,3713347183,1785215856,1.266548620469198,54121,0.27609912404607123,0.276099124260732,0.8512985511123111
688,630,0,3,1928131328,3590902339,1662771012,1.3690576440143438,61041,0.1025090232318523,0.10250902354514511,0.5245652596573442
689,630,0,3,1928131328,3590445645,1662314318,1.3694539467300686,65518,0.0003963024539395264,0.0003963027157241654,0.004668654543719633
690,630,0,3,1928131328,3590065171,1661933844,1.3697841916026725,65521,0.00033024448458043404,0.0003302448726053167,0.0039922782726164955
691,630,0,3,1928131328,3589684784,1661553457,1.3701144365479436,65521,0.00033024448458043404,0.0003302449452716576,0.0039922782726164955
692,630,0,3,1928131328,3589304484,1661173157,1.3704446815486229,65521,0.00033024448458043404,0.0003302450006775096,0.0039922782726164955
693,630,0,3,1928131328,3588924271,1660792944,1.3707749265874334,65521,0.00033024448458043404,0.00033024503881101734,0.0039922782726164955
694,630,0,3,1928131328,3588544145,1660412818,1.3711051716470912,65521,0.00033024448458043404,0.00033024505966016527,0.0039922782726164955
695,630,0,3,1928131328,3588164106,1660032779,1.3714354167103053,65521,0.00033024448458043404,0.00033024506321309796,0.0039922782726164955
696,630,0,3,1928131328,3587784154,1659652827,1.3717656617597633,65521,0.00033024448458043404,0.0003302450494581202,0.0039922782726164955
697,630,0,3,1928131328,3587404289,1659272962,1.3720959067781457,65521,0.00033024448458043404,0.00033024501838321645,0.0039922782726164955
698,630,0,3,1928131328,3586999193,1658867866,1.3724481703037057,65520,0.0003522634716290214,0.0003522635255597002,0.004227909891679893
699,630,0,3,1928131328,3586619508,1658488181,1.3727784150294653,65521,0.00033024448458043404,0.0003302447257581889,0.0039922782726164955
700,630,0,3,1928131328,3586163990,1658032663,1.3731747180196656,65518,0.0003963024539395264,0.0003963029901994607,0.004687653452683203
701,630,0,3,1928131328,3585784496,1657653169,1.3735049628872282,65521,0.00033024448458043404,0.00033024486756485285,0.0039922782726164955
702,630,0,3,1928131328,3585278620,1657147293,1.3739453060152904,65516,0.0004403427806028656,0.00044034312806284467,0.005158914338864347
703,630,0,3,1928131328,3584899329,1656768002,1.3742755505740298,65521,0.00033024448458043404,0.00033024455873622855,0.0039922782726164955
704,630,0,3,1928131328,3584140920,1656009593,1.3749361158495432,65506,0.0006605645820851047,0.0006605652755151109,0.007110107034382025
705,630,0,3,1928131328,3567109815,1638978488,1.3898502271830715,64862,0.01491411090912449,0.014914111333529908,0.08524238847606934
706,630,0,4,1708779008,3300140687,1591361680,1.4323853815943082,31816,1.0425351531947886,1.0425351544112336,2.2251535295824567
707,630,0,4,1708779008,3299752170,1590973163,1.4327376459408576,65520,0.0003522634716290214,0.00035226434654960436,0.004227909891679893
708,630,0,5,1270074368,3729120319,2459045952,0.8045484512980856,50647,0.37181080479637785,0.3718108053572308,0.9557416320278623
709,630,0,5,1270074368,3728557488,2458483121,0.8048786958107463,65521,0.00033024448458043404,0.00033024451266089013,0.0039922782726164955
710,630,0,5,1270074368,3335153671,2065079304,1.056449960354172,55049,0.2515712638933231,0.2515712645434242,0.7125190876687179
711,630,0,6,392665088,3819380847,3426715760,0.3258206181908818,54374,0.26937065716839176,0.26937065783671016,0.9672934182659204
712,637,7,0,785330176,3776909085,2991578910,0.5217400280102673,28607,1.1959194094744132,1.1959194098193835,2.6306779683358767
713,639,2,0,117504976,4276573847,4159068872,0.04638657055816253,22778,1.524646542269868,1.5246465425478966,1.7413142452491317
714,639,0,0,117504976,4275050750,4157545775,0.046914998195255464,65512,0.0005284274673163702,0.0005284276370919156,0.005921768420804585
715,639,0,0,117504976,3049660824,2932155849,0.5506853588435341,46220,0.5037703606450067,0.5037703606482801,1.3419019513712815
716,640,1,0,235009952,4029775125,3794765174,0.17863653383482614,42408,0.627951174727227,0.6279511749912927,1.238236112406295
717,640,0,0,235009952,3864286861,3629276910,0.24296500888709716,62678,0.0643284750388516,0.06432847505226867,0.34260385255483744
718,640,0,0,235009952,3543424580,3308414629,0.3765070935732595,59742,0.13354208447938776,0.13354208468616358,0.5820611271533843
719,640,0,0,235009952,3117504563,2882494612,0.5753292348402965,57099,0.19882214119647967,0.1988221412670385,0.5786937777927529
720,648,8,0,2042196480,3641080319,1598883840,1.4255820161656807,142,8.850252880495319,8.850252781325382,1.3425825490643106
721,648,0,1,1936909312,3750194261,1813284950,1.2440414897407024,37162,0.8184594730777559,0.8184594735750217,2.3779565275133074
722,648,0,1,1936909312,3746763362,1809854051,1.2467737848313405,65412,0.0027322943235718405,0.002732295090637487,0.02231209528405075
723,648,0,2,1726334976,4222506361,2496171386,0.78293015362296,45194,0.5361563687132016,0.5361563687916204,1.6521849418115497
724,648,0,2,1726334976,4187998132,2461663157,0.8030137826367607,64630,0.02008362883469868,0.020083629013802017,0.13340520270716522
725,648,0,2,1726334976,4094168258,2367833283,0.8590796403240688,63038,0.05606585716409019,0.05606585768730754,0.2366340969358272
726,655,7,0,1366410016,4112310431,2745900416,0.6453678409759611,2375,4.786288201894328,4.7862882006518905,0.9598896280008963
727,655,0,0,1366410016,3906585775,2540175760,0.7577188225171909,60626,0.11235098142808266,0.11235098154122906,0.528723309133687
728,657,2,0,465763736,2734619451,2268855716,0.9206822798108298,14634,2.16296345648266,2.162963457293641,0.7757470345336757
729,660,3,0,1713397144,3515852343,1802455200,1.2526837442680545,6508,3.332001464327472,3.3320014644572256,1.6136493291816414
730,660,0,0,1713397144,3515384787,1801987644,1.2530580272047054,65519,0.0003742827947452993,0.00037428293665081754,0.004463541174757649
731,665,5,2,1673082752,3770708991,2097626240,1.0338895080106312,596,6.780831479537839,6.780831480805924,0.7429738641214911
732,665,0,2,1673082752,3494198476,1821115725,1.2378245429857593,56897,0.20393503468888363,0.20393503497512927,0.6851944568731131
733,668,3,1,377654140,2761644015,2383989876,0.8492690368393383,21448,1.6114444960174388,1.6114444938535786,1.2561096211036362
734,668,0,1,377654140,2760698218,2383044079,0.849841508809277,65510,0.0005724718275307164,0.0005724719699386782,0.006263474722486623
735,668,0,1,377654140,2344021855,1966367716,1.127114011291546,54077,0.2772725022101472,0.27727250248226765,0.8983349478355409
736,670,2,0,755308280,4260121097,3504812818,0.29330974992454983,58405,0.16619573822152447,0.16619573863300624,0.6878734272704486
737,670,0,0,755308280,3687412349,2932104070,0.5507108356496637,54827,0.2574010854175465,0.2574010857251129,0.8442679727913533
738,670,0,0,755308280,3288104658,2532796379,0.7619160479664657,56611,0.21120521220706445,0.21120521231680323,0.7434055235512885
739,671,1,0,1510616560,3919045585,2408429026,0.8345547362456003,31159,1.072638687378028,1.0726386882791343,2.5699380525966826
740,671,0,0,1510616560,3730703318,2220086759,0.9520310891080328,60411,0.1174763523481832,0.11747635286243274,0.542539257566957
741,671,0,1,873749472,2326480801,1452731330,1.5638792322493629,21442,1.611848141170239,1.611848143141329,2.2721719850773954
742,675,4,0,446429288,2780340055,2333910768,0.8798977422198924,13161,2.316018508259613,2.316018509970528,2.1966189818365045
743,675,0,0,446429288,2778452584,2332023297,0.8810649448258943,65483,0.0011672023345903715,0.001167202606002825,0.011960210959295427
744,675,0,0,446429288,2237293369,1790864082,1.2619912981736476,50328,0.3809263531822512,0.3809263533477544,0.8159150836808892
745,676,1,0,892858576,4030040581,3137182006,0.4531779153541855,57402,0.19118661630542677,0.19118661718053787,0.5599891481326156
746,676,0,0,892858576,4029226797,3136368222,0.4535521985288078,65519,0.0003742827947452993,0.00037428317462094254,0.004463541174757649
747,676,0,0,892858576,3804537331,2911678756,0.5607959534892402,60841,0.10724375464677754,0.10724375496043288,0.45422818025693323
748,676,0,0,892858576,3794763018,2901904443,0.5656471324256884,65316,0.004851178553749898,0.0048511789364471996,0.03515597999777946
749,676,0,0,892858576,3790600740,2897742165,0.5677179133770949,65442,0.002070780697928415,0.0020707809514056035,0.01759435880947391
750,676,0,0,892858576,3789937499,2897078924,0.5680481580873611,65521,0.00033024448458043404,0.0003302447102668769,0.0039922782726164955
751,681,5,0,1814189024,3735201311,1921012288,1.1607803985980318,1358,5.5927322357552685,5.5927322405106725,1.175254472952969
752,681,0,0,1814189024,3647704031,1833515008,1.2280350709221324,62551,0.0672546715749043,0.06725467232409904,0.3485386304314164
753,684,3,0,732410864,4243216087,3510805224,0.2908451868682711,15686,2.0628101149188147,2.0628101159461396,2.040650480032996
754,685,1,0,1464821728,3637646737,2172825010,0.9830751552823216,20280,1.6922299681092972,1.6922299684140498,2.5364769841472268
755,685,0,0,1464821728,3319693370,1854871643,1.2113277901188404,55946,0.22825263467259646,0.22825263483651842,0.6054978480912487
756,685,0,1,782159808,3348344837,2566185030,0.7430219489924141,45334,0.5316941588611864,0.5316941588735736,1.2341393116158654
757,685,0,1,782159808,3055568874,2273409067,0.9177898464449399,58059,0.17476789704720927,0.1747678974525269,0.6290265535803565
758,685,0,1,782159808,3055048531,2272888724,0.918120091538178,65521,0.00033024448458043404,0.0003302450932384791,0.0039922782726164955
759,685,0,1,782159808,2935640024,2153480217,0.9959770757272537,62093,0.0778569838004171,0.07785698418907344,0.36762479712988605
760,685,0,1,782159808,2914347067,2132187260,1.0103129972179588,64888,0.01433592098133757,0.014335921490707438,0.09098678859935225
761,690,5,0,480958800,3380962511,2900003712,0.5665923991250601,5571,3.556279399343423,3.556279401907099,2.625130574361428
762,690,0,0,480958800,3380254502,2899295703,0.5669446627366383,65520,0.0003522634716290214,0.00035226361157956874,0.004227909891679893
763,690,0,0,480958800,3281732597,2800773798,0.6168216758757161,63309,0.0498770128600595,0.049877013139077865,0.22259147399956072
764,693,3,0,343582896,3222307919,2878725024,0.5772171568545517,8420,2.9603954820462417,2.960395480978834,3.2284013542626804
765,693,0,1,2126491996,4292827455,2166335460,0.9873904824742183,24659,1.4101733253445676,1.4101733256196667,0.9659314631070056
766,697,4,0,63496720,4067726647,4004229928,0.10112232806825361,15142,2.1137318471270397,2.1137318455940366,2.3055357026907375
767,697,0,0,63496720,4066321353,4002824634,0.10162873418548557,65513,0.0005064057914389884,0.0005064061172330457,0.005724733926613502
768,697,0,0,63496720,4065405179,4001908460,0.10195897872372228,65521,0.00033024448458043404,0.0003302445382353728,0.0039922782726164955
769,697,0,0,63496720,4064489214,4000992495,0.10228922351278769,65521,0.00033024448458043404,0.00033024478906549913,0.0039922782726164955
770,697,0,0,63496720,4063573459,4000076740,0.1026194681748791,65521,0.00033024448458043404,0.00033024466209057084,0.0039922782726164955
771,697,0,0,63496720,4062657914,3999161195,0.10294971269259534,65521,0.00033024448458043404,0.0003302445177181759,0.0039922782726164955
772,697,0,0,63496720,4061681556,3998184837,0.10330197626755933,65520,0.0003522634716290214,0.0003522635749645944,0.004227909891679893
773,697,0,0,63496720,3249733283,3186236564,0.4307937614356021,52227,0.3274917850043331,0.3274917851680425,0.7329665114136827
774,697,0,0,63496720,3249004011,3185507292,0.43112400606760204,65521,0.00033024448458043404,0.00033024463199742167,0.0039922782726164955
775,697,0,0,63496720,3248274906,3184778187,0.4314542506620853,65521,0.00033024448458043404,0.0003302445944842393,0.0039922782726164955
776,697,0,0,63496720,3247545968,3184049249,0.43178449520171824,65521,0.00033024448458043404,0.00033024453963478964,0.0039922782726164955
777,697,0,0,63496720,3246817196,3183320477,0.43211474012236195,65521,0.00033024448458043404,0.0003302449206417612,0.0039922782726164955
778,697,0,0,63496720,3245991444,3182494725,0.43248902315895066,65519,0.0003742827947452993,0.000374283036589532,0.004463541174757649
779,697,0,0,63496720,3245263028,3181766309,0.43281926799016546,65521,0.00033024448458043404,0.0003302448312157417,0.0039922782726164955
780,697,0,0,63496720,3244437679,3180940960,0.43319355109502666,65519,0.0003742827947452993,0.0003742831048608882,0.004463541174757649
781,697,0,0,63496720,3243709619,3180212900,0.433523795757921,65521,0.00033024448458043404,0.0003302446628940139,0.0039922782726164955
782,697,0,0,63496720,3242399411,3178902692,0.43411829056888607,65509,0.0005944945118882062,0.0005944948109635117,0.0064991026454258825
783,697,0,0,63496720,3184240470,3120743751,0.4607572457700684,64337,0.026638954991904887,0.026638955201183537,0.13527546370214746
784,698,1,0,126993440,3829162379,3702168940,0.21427641521932017,38873,0.7535191693695374,0.753519169449252,1.9698410520765344
785,698,0,0,126993440,2800524771,2673531332,0.6839005617566727,47327,0.4696241461303643,0.46962414653735296,1.4754750478624723
786,699,1,0,253986880,3774419309,3520432430,0.28689449377077736,43148,0.6029939314276106,0.6029939320141056,1.4790657390751936
787,705,6,0,1148807232,4126047935,2977240704,0.5286712806927447,866,6.2417767852732755,6.241776786921965,1.2995454176456238
788,705,0,0,1148807232,3602795700,2453988469,0.8075186760494333,54018,0.2788473949593993,0.27884739535668984,1.2579438585238565
789,708,3,0,394873144,2752703127,2357829984,0.8651874523284242,7871,3.0576687754894243,3.05766877627899,1.5409032834929315
790,708,0,0,394873144,2752163462,2357290319,0.8655176971462026,65521,0.00033024448458043404,0.0003302448177815004,0.0039922782726164955
791,708,0,0,394873144,2546922089,2152048946,0.9969362552249414,59830,0.13141855745768202,0.13141855807873878,0.5799296402264319
792,709,1,0,789746288,3207057857,2417311570,0.8292437103432881,36807,0.8323074545780966,0.8323074551183437,1.5173070770425938
793,711,2,0,925559004,3300821391,2375262388,0.8545602536407984,16099,2.0253165432812756,2.025316543297513,1.3199619475946593
794,711,0,0,925559004,3275088415,2349529412,0.8702753181423617,64826,0.01571506431739695,0.015715064501562688,0.08985638310122353
795,711,0,0,925559004,3067367873,2141808870,1.0038174029032056,59742,0.13354208447938776,0.13354208476084398,0.7030217887110504
796,711,0,0,925559004,3053739725,2128180722,1.0130264784158953,65119,0.009209075424372897,0.009209075512689515,0.05943345104767711
797,712,1,1,1554752368,3232201451,1677449084,1.3563781693799406,12914,2.3433516882526506,2.343351690964043,3.4568831892329652
798,716,4,1,2065283056,4083873519,2018590464,1.0892989027476254,4929,3.7329207343287694,3.732920733367688,1.4127693953704654
799,716,0,1,2065283056,4050546570,1985263515,1.1133166290478052,64454,0.024017725772185625,0.024017726300180016,0.12410681812983715
800,718,2,1,1076322684,3519127399,2442804716,0.8141086104967314,20160,1.7007919816127213,1.700791981448925,2.1526738388301347
801,718,0,1,1076322684,3518531011,2442208328,0.8144608740450856,65520,0.0003522634716290214,0.00035226354835524257,0.004227909891679893
802,720,2,3,1059409328,2908952847,1849543520,1.2154778983501586,3102,4.401017028963909,4.401017024305072,3.698658114484016
803,730,10,0,1284402176,3477122815,2192720640,0.9699251265053341,607,6.754447293744318,6.754447228155176,0.8553031173246354
804,732,2,1,1217944920,3430205183,2212260264,0.9571260228758973,8265,2.9872008958203238,2.9872008963705636,2.160869796361927
805,737,5,0,1356169200,4046420271,2690251072,0.6749063251179415,4981,3.717780304327413,3.7177803022420433,2.260920654431919
806,737,0,0,1356169200,4041412174,2685242975,0.6775945092117013,65414,0.0026881839772797777,0.002688184093757767,0.024912797747889317
807,737,0,0,1356169200,4024408148,2668238949,0.686759275930136,65121,0.009164766608617297,0.009164766718437124,0.07291173305650635
808,737,0,0,1356169200,3482992108,2126822909,1.0139472344565128,52238,0.32718795797119415,0.32718795852637667,0.9695695227642787
809,737,0,0,1356169200,3482440411,2126271212,1.0143215175115294,65519,0.0003742827947452993,0.0003742830550151352,0.004452022505596219
810,737,0,0,1356169200,3405774473,2049605274,1.0673010529050622,63173,0.05297953497667299,0.052979535393533166,0.30974944751223255
811,738,1,0,963427704,2224040029,1260612326,1.7685224717338457,20154,1.7012214190443453,1.7012214188287849,1.3487404960638283
812,739,1,0,1926855408,4055677539,2128822132,1.0125917316868396,55336,0.24406925891560124,0.244069259952993,1.0247971296285174
813,739,0,0,1926855408,3797078402,1870222995,1.1994368467028593,57575,0.1868451144324297,0.18684511501601958,0.6487891801040855
814,739,0,0,1926855408,3796336431,1869481024,1.2000093186903698,65510,0.0005724718275307164,0.0005724719875105174,0.006401102133507343
815,739,0,1,1706227168,3938616173,2232389006,0.9440586994350504,39129,0.74404937996589,0.7440493807446792,1.2853071881262244
816,739,0,1,1706227168,3935346071,2229118904,0.9461735721994202,65440,0.00211487217088883,0.002114872764369987,0.020760515044774303
817,739,0,1,1706227168,3934461715,2228234548,0.9467460446524392,65510,0.0005724718275307164,0.0005724724530198068,0.0065001351076844835
818,739,0,1,1706227168,3933951712,2227724545,0.9470762895163602,65521,0.00033024448458043404,0.00033024486392044136,0.0039922782726164955
819,739,0,1,1706227168,3933441826,2227214659,0.9474065342057472,65521,0.00033024448458043404,0.0003302446893866486,0.0039922782726164955
820,739,0,1,1706227168,3932932057,2226704890,0.9477367787031703,65521,0.00033024448458043404,0.0003302444974227068,0.0039922782726164955
821,739,0,1,1706227168,3932422404,2226195237,0.9480670236392399,65521,0.00033024448458043404,0.00033024493607059207,0.0039922782726164955
822,739,0,1,1706227168,3931878899,2225651732,0.9484192873075799,65520,0.0003522634716290214,0.00035226366833988437,0.004227909891679893
823,739,0,1,1706227168,3931369487,2225142320,0.948749532275464,65521,0.00033024448458043404,0.00033024496788309343,0.0039922782726164955
824,739,0,1,1706227168,3930860192,2224633025,0.9490797769809092,65521,0.00033024448458043404,0.0003302447054471796,0.0039922782726164955
825,739,0,1,1706227168,3930351013,2224123846,0.949410022055087,65521,0.00033024448458043404,0.0003302450741783739,0.0039922782726164955
826,739,0,1,1706227168,3929841951,2223614784,0.9497402668321335,65521,0.00033024448458043404,0.0003302447770462148,0.0039922782726164955
827,739,0,1,1706227168,3929333005,2223105838,0.9500705119434869,65521,0.00033024448458043404,0.00033024511135415827,0.0039922782726164955
828,739,0,1,1706227168,3928722410,2222495243,0.9504668148811461,65518,0.0003963024539395264,0.00039630293765924654,0.004687653452683203
829,739,0,1,1706227168,3928213721,2221986554,0.9507970595010526,65521,0.00033024448458043404,0.0003302446199036406,0.0039922782726164955
830,739,0,1,1706227168,3927535624,2221308457,0.9512374026177319,65516,0.0004403427806028656,0.0004403431166801593,0.005158914338864347
831,739,0,1,1706227168,3927027206,2220800039,0.9515676476494157,65521,0.00033024448458043404,0.0003302450316835239,0.0039922782726164955
832,739,0,1,1706227168,3925875057,2219647890,0.9523163107178902,65502,0.0007486627160211863,0.0007486630684760428,0.007897217360283874
833,739,0,1,1706227168,3876629328,2170402161,0.984684756835307,64082,0.03236844547148715,0.03236844611741605,0.15849910382448082
834,739,0,3,382457728,2995180003,2612722276,0.7170933670625814,19723,1.732408608494328,1.7324086102272738,2.833758298197075
835,739,0,3,382457728,2955512359,2573054632,0.7391650568088224,64541,0.022071689296531433,0.022071689746242983,0.14997076633956288
836,739,0,3,382457728,2952449946,2569992219,0.7408831545428747,65458,0.0017180974165047324,0.0017180977340523294,0.014899646311791486
837,739,0,3,382457728,2951861721,2569403994,0.7412133992871865,65521,0.00033024448458043404,0.0003302447443089929,0.0039922782726164955
838,739,0,3,382457728,2950959983,2568502256,0.7417198051618108,65513,0.0005064057914389884,0.0005064058746259317,0.005804767991827072
839,743,4,0,764915456,3801608139,3036692684,0.5001462321421535,38741,0.758426426539818,0.7584264269803411,2.2754358536223607
840,743,0,0,764915456,3797993911,3033078456,0.5018643296809948,65458,0.0017180974165047324,0.0017180975388439215,0.01609819673222703
841,743,0,0,764915456,3539282537,2774367082,0.6304884598864433,59946,0.12862412990849775,0.1286241302054461,0.6094859404440093
842,743,0,1,1798149752,4019387555,2221237804,0.951283291046007,26235,1.320794830469829,1.3207948311595663,1.7139072144389247
843,743,0,1,1798149752,4018743580,2220593829,0.9517016137661045,65517,0.000418322449221962,0.00041832272009750793,0.00492328406377429
844,743,0,1,1798149752,3284723741,1486573990,1.53065587493127,43873,0.5789542604087974,0.5789542611651659,1.5244627926891066
845,743,0,1,1798149752,3284043241,1485893490,1.5313164399326276,65506,0.0006605645820851047,0.0006605650013547323,0.0070597470791616684
846,743,0,2,1448815856,3311397491,1862581636,1.2053434864677754,41075,0.674027045275201,0.6740270465351494,0.9565536650272223
847,743,0,3,750148064,4264656807,3514508744,0.28932410170193634,61830,0.08398061485222517,0.08398061523415969,0.4664265513643209
848,743,0,3,750148064,4150913626,3400765563,0.33678759093973554,63415,0.04746348882356854,0.047463489237800555,0.24134287535133542
849,743,0,3,2112664869,3444980784,1332315916,1.6887109341701851,25675,1.3519233439070801,1.3519233432304494,1.8048244705910184
850,743,0,3,2112664869,3444675841,1332010973,1.6890411787491004,65521,0.00033024448458043404,0.000330244578914906,0.0039922782726164955
851,743,0,4,2077846090,3890377743,1812531654,1.244640955481998,44589,0.5555997758383938,0.5555997767328966,0.919020280490391
852,748,5,0,2066318364,3459790575,1393472212,1.623962912864819,25192,1.37932195786459,1.3793219573828208,1.039977542086403
853,748,0,0,2066318364,3414543552,1348225189,1.6715856614224656,63408,0.04762274803201619,0.04762274855764614,0.2659809737641666
854,748,0,1,1985153080,4054066511,2068913432,1.0537738651643558,50284,0.38218820238206663,0.3821882037418921,1.3164571263846787
855,748,0,3,1498161376,3877841159,2379679784,0.8518796922771763,18845,1.7981058254482811,1.7981058271128205,2.826685514792824
856,748,0,3,1498161376,3863244124,2365082749,0.8607564848662079,65134,0.008876792471826713,0.008876792589030885,0.056297189094154085
857,748,0,3,1498161376,3837152283,2338990908,0.8767608922792789,64813,0.016004406808382252,0.016004407413071794,0.12169864040127323
858,748,0,3,1498161376,3832369800,2334208425,0.8797137587950417,65402,0.0029528662873829327,0.00295286651576264,0.028138564966174097
859,748,0,3,1498161376,3831799924,2333638549,0.880066022820742,65520,0.0003522634716290214,0.0003522640257000029,0.004227909891679893
860,748,0,3,1498161376,3831230188,2333068813,0.8804182863085259,65520,0.0003522634716290214,0.00035226348778271956,0.004227909891679893
861,748,0,3,1498161376,3830696190,2332534815,0.8807485313662866,65521,0.00033024448458043404,0.0003302450577607393,0.0039922782726164955
862,748,0,3,1498161376,3830162315,2332000940,0.8810787759431413,65521,0.00033024448458043404,0.00033024457685511185,0.0039922782726164955
863,748,0,3,1498161376,3829628562,2331467187,0.8814090206402412,65521,0.00033024448458043404,0.0003302446971016248,0.0039922782726164955
864,748,0,3,1498161376,3829094931,2330933556,0.8817392654403626,65521,0.00033024448458043404,0.0003302448001203313,0.0039922782726164955
865,748,0,3,1498161376,3828561422,2330400047,0.8820695103262608,65521,0.00033024448458043404,0.00033024488589921585,0.0039922782726164955
866,748,0,3,1498161376,3828028035,2329866660,0.8823997552806873,65521,0.00033024448458043404,0.0003302449544267434,0.0039922782726164955
867,748,0,3,1498161376,3827494770,2329333395,0.8827300002863794,65521,0.00033024448458043404,0.00033024500569073814,0.0039922782726164955
868,748,0,3,1498161376,3826961627,2328800252,0.8830602453260603,65521,0.00033024448458043404,0.0003302450396796651,0.0039922782726164955
869,748,0,3,1498161376,3826037725,2327876350,0.8836327174838132,65510,0.0005724718275307164,0.0005724721577549658,0.006431619711632343
870,748,0,3,1498161376,3825504916,2327343541,0.8839629622084004,65521,0.00033024448458043404,0.0003302447245869082,0.0039922782726164955
871,748,0,3,1498161376,3824368517,2326207142,0.8846675756728466,65504,0.0007046129765893727,0.000704613464445478,0.007839181464568232
872,748,0,3,1498161376,3823836090,2325674715,0.8849978204294864,65521,0.00033024448458043404,0.00033024475663908075,0.0039922782726164955
873,748,0,3,1498161376,3820713235,2322551860,0.8869363352703914,65448,0.0019385143635805371,0.0019385148409063974,0.017315574308514367
874,748,0,3,1498161376,3729988552,2231827177,0.9444218305573706,62976,0.057485494660760125,0.0574854952869784,0.2509653412880746
875,754,6,2,2009136352,4005575519,1996439168,1.1052180326512335,1832,5.160796211903056,5.160796202093863,2.5575298810892577
876,754,0,2,2009136352,4004996717,1995860366,1.1056363553616393,65517,0.000418322449221962,0.0004183227104057745,0.00492328406377429
877,761,7,3,1433790208,3772688895,2338898688,0.8768177749114834,300,7.77118130950412,7.771181419549844,1.4071141041249662
878,767,6,0,515636648,2947611623,2431974976,0.8205187618812708,8518,2.9437009854496625,2.9437009869697874,1.0727052156728072
879,767,0,0,515636648,2597265618,2081628971,1.0449342000467858,56095,0.2244154377925905,0.2244154381655166,0.6161223965931353
880,767,0,3,1620851336,3692061999,2071210664,1.0521728476694925,8151,3.0072386490568688,3.007238647622707,1.929322590680597
881,767,0,4,1094219024,4127713351,3033494328,0.5016665321784046,47992,0.4494936838298961,0.44949368450891003,1.0528675336037991
882,767,0,4,1094219024,4123177180,3028958157,0.5038254975950629,65438,0.0021589649914087418,0.002158965416660592,0.019785908636633223
883,767,0,4,1094219024,4122252815,3028033792,0.5042658405319713,65516,0.0004403427806028656,0.0004403429369076244,0.005086360513452917
884,767,0,4,1094219024,4092913193,2998694170,0.5183127534913368,64901,0.014046912889830943,0.01404691295936603,0.08976533750912216
885,767,0,5,40954400,2345706371,2304751972,0.8980356439573676,25185,1.3797228894544513,1.3797228904660288,2.0078570660006787
886,767,0,5,40954400,2343420468,2302466069,0.8994672502600523,65471,0.0014316057211096818,0.0014316063026836355,0.014541908625586047
887,767,0,5,40954400,2342858342,2301903943,0.8998195140418375,65520,0.0003522634716290214,0.00035226378178569733,0.004227909891679893
888,767,0,5,40954400,2342296353,2301341954,0.9001717779727691,65520,0.0003522634716290214,0.0003522639309321637,0.004227909891679893
889,767,0,5,40954400,2341769617,2300815218,0.9005020228514091,65521,0.00033024448458043404,0.00033024487864051206,0.0039922782726164955
890,767,0,5,40954400,2341243002,2300288603,0.9008322674543692,65521,0.00033024448458043404,0.0003302446029614851,0.0039922782726164955
891,767,0,5,40954400,2340646308,2299691909,0.9012065505528781,65519,0.0003742827947452993,0.0003742830985090882,0.004452022505596219
892,767,0,5,40954400,2340049769,2299095370,0.9015808335147177,65519,0.0003742827947452993,0.0003742829618382055,0.004463541174757649
893,767,0,5,40954400,2339523547,2298569148,0.9019110785206976,65521,0.00033024448458043404,0.0003302450059805544,0.0039922782726164955
894,767,0,5,40954400,2338997446,2298043047,0.9022413231769022,65521,0.00033024448458043404,0.00033024465620420875,0.0039922782726164955
895,767,0,5,40954400,2338436400,2297482001,0.9025935868584085,65520,0.0003522634716290214,0.0003522636815066191,0.004227909891679893
896,767,0,5,40954400,2337910548,2296956149,0.9029238314067882,65521,0.00033024448458043404,0.00033024454838038385,0.0039922782726164955
897,767,0,5,40954400,2337244621,2296290222,0.9033421540960695,65517,0.000418322449221962,0.00041832268928186194,0.004904285154810719
898,767,0,5,40954400,2336719041,2295764642,0.9036723991324926,65521,0.00033024448458043404,0.0003302450364195926,0.0039922782726164955
899,767,0,5,40954400,2335773215,2294818816,0.9042668937153842,65509,0.0005944945118882062,0.0005944945828941791,0.006753238113444278
900,767,0,5,40954400,2335247972,2294293573,0.9045971386126297,65521,0.00033024448458043404,0.0003302448972427429,0.0039922782726164955
901,767,0,5,40954400,2333637597,2292683198,0.9056101283171358,65490,0.00101298940069043,0.0010129897045090693,0.01025763353129346
902,767,0,5,40954400,2258702791,2217748392,0.953551447874009,63394,0.04794131920052324,0.047941319556873245,0.21620987073117381
903,774,7,0,157345452,2380914351,2223568900,0.9497700369626081,16427,1.99621858996837,1.9962185890885984,2.207805662692558
904,774,0,0,157345452,2312886768,2155541317,0.9945969299321611,63531,0.04482689261223394,0.04482689296955401,0.23054741797444192
905,775,1,0,314690904,4223319869,3908628966,0.1359845054432398,59418,0.14138757533515167,0.14138757551107595,0.5492687978534819
906,775,0,0,314690904,3689294848,3374603945,0.3479289535133958,56582,0.21194444797431464,0.2119444480701559,0.5952300847421788
907,776,1,1,1001690376,4016671611,3014981236,0.5104981225994862,14638,2.162569169778678,2.1625691690860904,0.7701304417208217
908,776,0,1,1001690376,3220463721,2218773346,0.9528848463485033,48229,0.44238672347530167,0.44238672374901866,1.1423524486907919
909,779,3,0,498581660,2771524275,2272942616,0.9180858844964597,16784,1.9652010374227324,1.965201038147956,2.259691045369704
910,780,1,0,997163320,3627056701,2629893382,0.7076428333318141,37914,0.789556948807764,0.7895569488353534,2.117114861869244
911,780,0,0,997163320,2166602298,1169438979,1.8768305617845904,29142,1.1691877282551217,1.169187728452776,1.8988711155318339
912,780,0,0,997163320,2150738784,1153575465,1.8965347601809341,64647,0.01970419837395961,0.019704198396343995,0.10698834053758954
913,781,1,0,1994326640,3279847929,1285521290,1.7402936426309061,36516,0.843758880764248,0.8437588824499738,1.6032220625275357
914,781,0,0,1994326640,3276022906,1281696267,1.744592729618546,65341,0.004299086029623652,0.004299086987638911,0.031685437627825136
915,781,0,0,1994326640,3275709991,1281383352,1.7449449940723056,65520,0.0003522634716290214,0.00035226445375794433,0.004227909891679893
916,781,0,0,1994326640,3259207800,1264881161,1.763645299821217,64692,0.01870030504774579,0.018700305748911388,0.11178047455460133
917,783,2,1,143975776,3175243719,3031267944,0.5027257635731885,19632,1.739080466337095,1.739080463751972,2.0693185238309764
918,783,0,1,143975776,3129406522,2985430747,0.5247080430907438,64545,0.021982279443171614,0.021982279517557844,0.12844879132310738
919,783,0,1,143975776,3125443318,2981467543,0.5266245147045545,65449,0.0019164711534089207,0.0019164716138095172,0.018599437561482773
920,783,0,1,143975776,3124442459,2980466684,0.5271088992262598,65514,0.000484384451701118,0.00048438452170587265,0.005599656302895868
921,783,0,1,143975776,3123714806,2979739031,0.5274611626983621,65520,0.0003522634716290214,0.0003522634721018024,0.004227909891679893
922,783,0,1,143975776,3122987330,2979011555,0.5278134264850856,65520,0.0003522634716290214,0.00035226378672258206,0.004227909891679893
923,783,0,1,143975776,3122305488,2978329713,0.5281436711469603,65521,0.00033024448458043404,0.00033024466187589214,0.0039922782726164955
924,783,0,1,143975776,3121623802,2977648027,0.5284739158385534,65521,0.00033024448458043404,0.0003302446915920719,0.0039922782726164955
925,783,0,1,143975776,3120942272,2976966497,0.5288041605425704,65521,0.00033024448458043404,0.0003302447040182845,0.0039922782726164955
926,783,0,1,143975776,3120215473,2976239698,0.529156424275385,65520,0.0003522634716290214,0.00035226373281449286,0.004227909891679893
927,783,0,1,143975776,3119488851,2975513076,0.5295086882221653,65520,0.0003522634716290214,0.00035226394677825786,0.004227909891679893
928,783,0,1,143975776,3118717004,2974741229,0.5298829713328992,65519,0.0003742827947452993,0.0003742831107352538,0.004452022505596219
929,783,0,1,143975776,3118036139,2974060364,0.5302132161890931,65521,0.00033024448458043404,0.00033024485619425063,0.0039922782726164955
930,783,0,1,143975776,3117173908,2973198133,0.5306315388152747,65517,0.000418322449221962,0.00041832262617929017,0.004904285154810719
931,783,0,1,143975776,3116493396,2972517621,0.5309617837622476,65521,0.00033024448458043404,0.00033024494697450835,0.0039922782726164955
932,783,0,1,143975776,3115404827,2971429052,0.5314902114894551,65512,0.0005284274673163702,0.0005284277272059103,0.00604635333652084
933,783,0,1,143975776,3114724720,2970748945,0.5318204563932412,65521,0.00033024448458043404,0.0003302449037890017,0.0039922782726164955
934,783,0,1,143975776,3110509027,2966533252,0.5338691918938601,65443,0.0020487354667572794,0.0020487355006179775,0.0179912938328396
935,783,0,1,143975776,2920483596,2776507821,0.6293756862259912,61338,0.09550649390303727,0.09550649433213232,0.3631013907090358
936,785,2,0,287951552,4105226143,3817274592,0.17010417683833978,45051,0.5407284904599282,0.540728490612347,1.9505077903569965
937,786,1,0,575903104,3137023155,2561120052,0.7458722654463124,21985,1.5757680878999905,1.575768088607974,2.3066553103365934
938,786,0,0,575903104,2622696662,2046793559,1.0692815475245077,52375,0.32340928163856136,0.323409282078193,0.8004305261214215
939,787,1,0,1151806208,3311408273,2159602066,0.9918816439479166,34574,0.9226000962159109,0.9226000964234087,1.009560011719568
940,787,0,0,1151806208,3304850643,2153044436,0.9962690508767835,65337,0.004387406636999922,0.0043874069288681455,0.039069491989479656
941,789,2,0,312257536,3001854731,2689597196,0.6752570203867343,20467,1.6789879691056873,1.67898796950995,2.8571156588168116
942,789,0,0,312257536,2383094707,2070837172,1.0524330257644863,50459,0.3771760052845043,0.377176005377754,0.822546227414624
943,789,0,0,312257536,2360975779,2048718244,1.0679255588995176,64836,0.015492532651411638,0.01549253313502916,0.09432591847009739
944,789,0,4,479575472,3238542719,2758967248,0.6385188156104995,5516,3.57059325848602,3.570593256710981,2.249717441153996
945,789,0,4,479575472,2679264156,2199688685,0.9653477878944017,52251,0.3268289721329083,0.3268289722839041,1.1969563708912099
946,789,0,4,479575472,2678290783,2198715312,0.9659863287942017,65507,0.0006385408891551363,0.0006385408997979446,0.006874480119584336
947,789,0,4,479575472,2677686887,2198111416,0.9663826317753212,65518,0.0003963024539395264,0.0003963029811218203,0.004699172121844633
948,789,0,4,479575472,2458398977,1978823506,1.1180042038524043,58998,0.15162157172162763,0.15162157207708335,0.6552071169061354
949,794,5,0,959150944,3713307547,2754156604,0.6410365511774962,45607,0.5230323467133113,0.5230323473250901,1.4033421625010811
950,794,0,0,959150944,3485867734,2526716791,0.7653831782554761,60124,0.12434662669533024,0.12434662707797901,0.5145945610174817
951,794,0,0,959150944,2909437333,1950286390,1.1389611537849937,50585,0.3735779753297863,0.37357797552951794,0.8691317782775416
952,794,0,0,959150944,2906639986,1947489043,1.141031934622319,65442,0.002070780697928415,0.0020707808373252455,0.018463230215904305
953,799,5,2,977076992,2186650239,1209573248,1.8281490089186114,318,7.687117044715644,7.687117074296295,1.5144245398813625
954,802,3,0,1954153984,3856551945,1902397962,1.1748280713463757,51537,0.34667906096140855,0.3466790624277612,0.9464308128823796
955,802,0,0,1954153984,3855594011,1901440028,1.17555470937047,65503,0.0007266376781842033,0.000726638024094435,0.007935080337902262
956,802,0,0,1954153984,3855100778,1900946795,1.175928992598461,65519,0.0003742827947452993,0.0003742832279923403,0.004452022505596219
957,802,0,0,1954153984,3854665685,1900511702,1.1762592376960512,65521,0.00033024448458043404,0.00033024509759181094,0.0039922782726164955
958,802,0,0,1954153984,3854230692,1900076709,1.1765894824785939,65521,0.00033024448458043404,0.00033024478254231024,0.0039922782726164955
959,802,0,0,1954153984,3853795798,1899641815,1.1769197276880163,65521,0.00033024448458043404,0.0003302452094222776,0.0039922782726164955
960,802,0,0,1954153984,3853187087,1899033104,1.1773820912054411,65515,0.0004623634480924974,0.00046236351742485056,0.005345027790859679
961,802,0,0,1954153984,3852578571,1898424588,1.1778444547624431,65515,0.0004623634480924974,0.00046236355700032973,0.005289310559804943
962,802,0,0,1954153984,3852144056,1897990073,1.1781746993191646,65521,0.00033024448458043404,0.0003302445567228947,0.0039922782726164955
963,802,0,0,1954153984,3851709640,1897555657,1.1785049442200055,65521,0.00033024448458043404,0.0003302449008403736,0.0039922782726164955
964,802,0,0,1954153984,3851275323,1897121340,1.178835189447888,65521,0.00033024448458043404,0.0003302452278838458,0.0039922782726164955
965,802,0,0,1954153984,3850841106,1896687123,1.1791654342250908,65521,0.00033024448458043404,0.00033024477720193697,0.0039922782726164955
966,802,0,0,1954153984,3850378047,1896224064,1.1795176981687057,65520,0.0003522634716290214,0.00035226394361554357,0.004227909891679893
967,802,0,0,1954153984,3849944035,1895790052,1.1798479432277524,65521,0.00033024448458043404,0.0003302450590457676,0.0039922782726164955
968,802,0,0,1954153984,3849481195,1895327212,1.1802002071803273,65520,0.0003522634716290214,0.00035226395257322967,0.004227909891679893
969,802,0,0,1954153984,3849047389,1894893406,1.1805304516862343,65521,0.00033024448458043404,0.00033024450591004567,0.0039922782726164955
970,802,0,0,1954153984,3848295630,1894141647,1.1811029240863604,65510,0.0005724718275307164,0.0005724724001251463,0.006308729272713119
971,802,0,0,1954153984,3825087076,1870933093,1.1988891791630145,64733,0.017786254460068054,0.017786255076652466,0.09838585589146158
972,802,0,1,1760824320,3734759221,1973934902,1.1215727337829442,34572,0.9226835541189734,0.9226835546199317,2.2120212832493387
973,802,0,1,1760824320,3585485213,1824660894,1.2350187762688236,60580,0.11344604231726525,0.11344604248587983,0.4466819316191642
974,802,0,1,1760824320,3584399370,1823575051,1.2358775696041029,65497,0.0008587929491977406,0.0008587933352771728,0.008990321529657636
975,802,0,1,1760824320,3535231628,1774407309,1.2753099327525064,63769,0.03943236284327156,0.039432363148403884,0.21122970633312435
976,802,0,2,1374164992,3715962429,2341797438,0.8750308557559343,43246,0.5997209223147582,0.5997209230034298,1.3203712160339125
977,802,0,2,1374164992,3711102741,2336937750,0.8780278410596267,65400,0.002996984727192764,0.002996985303692159,0.025726301216394583
978,802,0,2,1374164992,3710532199,2336367208,0.87838010487528,65520,0.0003522634716290214,0.0003522638156533831,0.004227909891679893
979,802,0,3,600846336,3684369059,3083522724,0.4780676677272204,43247,0.5996875625043468,0.5996875628519385,1.0515679808917748
980,807,5,0,845666728,3886843711,3041176984,0.49801736828058196,16159,2.0199497008064227,2.0199497005533624,1.7593946408611127
981,807,0,0,845666728,3863734181,3018067454,0.5090220954626687,65038,0.011004727035857196,0.011004727182087287,0.06956518379908969
982,807,0,0,845666728,3284076969,2438410242,0.8167062783374277,52949,0.307684182855493,0.3076841828747587,0.9015429744312949
983,807,0,0,845666728,3161479286,2315812559,0.8911286591566743,62241,0.07442238076508262,0.07442238081924699,0.3702806212738306
984,809,2,0,481484032,2558563227,2077079196,1.0480909209249525,14695,2.156962261461305,2.156962261768278,1.6768371620944345
985,809,0,0,481484032,2516885993,2035401962,1.077333412299346,64221,0.029242490674806765,0.029242491374392988,0.1935892714124813
986,810,1,0,962968064,3282362265,2319394202,0.888899106133838,37340,0.8115656928864357,0.8115656938344902,1.8006626799788867
987,811,1,0,1925936128,4112188833,2186252706,0.974186976192545,30887,1.0852878691128895,1.085287870058708,2.164162371152851
988,811,0,0,1925936128,3534601257,1608665130,1.4167831093054168,48222,0.44259613271530857,0.44259613311287066,1.1913683457436555
989,811,0,0,1925936128,3531434786,1605498659,1.4196256859670946,65407,0.002842576090103573,0.002842576661680753,0.024368072603059728
990,811,0,0,1925936128,3407181105,1481244978,1.5358368832951825,60464,0.11621119674003844,0.1162111973280852,0.5519081938914446
991,814,3,1,1441945680,3408862527,1966916848,1.1267111774739291,5439,3.590874289534686,3.590874294178749,3.1871185591253366
992,814,0,1,1441945680,3408382322,1966436643,1.1270634414528153,65520,0.0003522634716290214,0.00035226397888587173,0.004227909891679893
993,814,0,2,736407712,4050868837,3314461126,0.373872813848557,55231,0.24680937169483855,0.24680937239574108,0.7876696689939902
994,814,0,3,1000769216,2227811693,1227042478,1.807461952645209,12131,2.433589138782226,2.43358913879665,3.286246433544696
995,818,4,0,2001538432,4061799969,2060261538,1.059819655389056,55019,0.2523577023186315,0.2523577027438495,0.9124000075287658
996,818,0,1,1855593216,3933459525,2077866310,1.0475443118412215,33048,0.9877246551438796,0.9877246564521628,2.391848040489705
997,818,0,1,1855593216,3223600076,1368006861,1.650571680186232,43147,0.603027367780608,0.6030273683450139,1.7341753381166873
998,823,5,0,294401648,2232856687,1938455040,1.1477398720137586,5804,3.4971681959332557,3.4971681918275253,1.5063163390081729
999,824,1,0,588803296,4212699085,3623895790,0.24510567667038785,61259,0.09736580406569104,0.09736580465662988,0.4703616926128717
1000,825,1,2,789058264,4051095319,3262037056,0.396873975182892,7374,3.151768298906182,3.1517682985125033,1.8540127653659562
1001,825,0,2,789058264,3343796329,2554738066,0.7494717649308846,51326,0.3525977893785035,0.3525977897479938,1.2177123553836882
1002,825,0,2,789058264,3330620342,2541562079,0.7569316762064702,65198,0.007459911122067875,0.007459911275584594,0.05664101437893993
1003,825,0,2,789058264,3082537263,2293479000,0.9051094484192674,59139,0.148177771771453,0.1481777722127981,0.7264076611840582
1004,825,0,2,789058264,3079282661,2290224398,0.9071581843634746,65443,0.0020487354667572794,0.0020487359442076677,0.01723959384276949
1005,828,3,0,1578116528,3415370211,1837253684,1.2250963016112202,26287,1.3179381164590007,1.317938117247745,2.5454885121075024
1006,829,1,4,1323290176,3629725343,2306435168,0.8969824060140041,2571,4.671886105166344,4.671886104402784,2.740788854812801
1007,829,0,5,499096704,4047014521,3547917818,0.2756745537752714,50406,0.37869214753809705,0.3786921477612679,0.8957794899410231
1008,829,0,5,499096704,3781689429,3282592726,0.3878113813690227,60635,0.11213682757165985,0.11213682759375018,0.4355183017104988
1009,829,0,5,499096704,3500242765,3001146062,0.5171336112177691,59917,0.129322229522259,0.12932222984874533,0.6628419121486474
1010,829,0,5,499096704,2866822166,2367725463,0.8591453353719736,51704,0.342011723722061,0.34201172415420583,1.1412749772838207
1011,835,6,0,998193408,2883095945,1884902538,1.1881572175220256,26086,1.3290118806870463,1.3290118821500514,1.7572138733619846
1012,835,0,2,2104621804,3233906675,1129284872,1.9272376815323682,9816,2.739080466337095,2.739080464010344,1.7641780612590061
1013,835,0,5,1804588896,3945157191,2140568296,1.0046532797717518,15528,2.077415597286336,2.0774155982393827,3.293955912845067
1014,841,6,1,1690472268,4109978143,2419505876,0.8279347030727351,18519,1.8232814232558539,1.8232814233009822,1.610053373801866
1015,841,0,1,1690472268,3917926910,2227454643,0.9472510911398047,60334,0.11931638768226978,0.11931638806707154,0.49042651910328044
1016,843,2,1,54662812,3980306903,3925644092,0.1297177653599242,28875,1.1824666739218554,1.182466674220117,1.5987572411812037
1017,845,2,0,109325624,2534699909,2425374286,0.8244397435021042,20245,1.6947219774361801,1.6947219781421825,2.4475272684959117
1018,845,0,0,109325624,2432742112,2323416489,0.8863993552949765,62781,0.061959611544047076,0.06195961179287289,0.3616695048256158
1019,845,0,4,1933186336,4155066799,2221880464,0.9508659434331292,3917,4.064466587049254,4.064466588138152,0.8384552226132198
1020,845,0,4,1933186336,4089497999,2156311664,0.9940814319254407,63602,0.04321548788565327,0.04321548849231273,0.2475100165145175
1021,845,0,4,1933186336,4089004458,2155818123,0.9944116766961031,65521,0.00033024448458043404,0.0003302447706611252,0.0039922782726164955
1022,845,0,5,1718889024,3973853199,2254964176,0.929542632053117,34275,0.9351309544460494,0.9351309553570146,2.364698576592297
1023,845,0,5,1718889024,3969827460,2250938437,0.93212054628491,65419,0.002577914011629573,0.0025779142317929,0.0208969734229608
1024,845,0,6,1290294400,3769225531,2478931132,0.7929289540171709,36087,0.8608084069748896,0.8608084077322592,2.2639146981791467
1025,845,0,6,1290294400,3763892137,2473597738,0.7960362409210369,65395,0.003107286729684582,0.00310728690386556,0.02427491261596299
1026,845,0,7,433105152,3645355045,3212249894,0.4190630156706554,42553,0.6230267744957546,0.6230267747496198,1.657847139370564
1027,845,0,7,433105152,3163194061,2730088910,0.6536992102798216,55699,0.2346361942854523,0.23463619460916524,0.8921663321189803
1028,845,0,7,433105152,3162569193,2729464042,0.6540294548902033,65521,0.00033024448458043404,0.00033024461038199895,0.0039922782726164955
1029,845,0,7,433105152,3161902819,2728797668,0.6543817188603214,65520,0.0003522634716290214,0.00035226397011803507,0.004227909891679893
1030,845,0,7,433105152,3161028417,2727923266,0.6548440827800448,65515,0.0004623634480924974,0.00046236391972361685,0.00532199045253682
1031,854,9,0,1870828116,4158693935,2287865820,0.9086447033804319,13741,2.2538006204762246,2.2538006206003867,2.4728917895698643
1032,854,0,0,1870828116,3821113635,1950285520,1.1389617973545576,55866,0.23031709328107658,0.23031709397412695,0.9414425384363906
1033,854,0,0,1870828116,3820667250,1949839135,1.13929204189062,65521,0.00033024448458043404,0.0003302445360631126,0.0039922782726164955
1034,855,1,1,474913964,3710523483,3235609520,0.4086096351404507,27188,1.2693175925232036,1.2693175932498275,1.5525882727910767
1035,855,0,1,474913964,2758937516,2284023553,0.9110696180708224,46262,0.502459982498275,0.5024599829303728,1.3902520243229477
1036,855,0,1,474913964,2758379893,2283465930,0.9114218815817843,65520,0.0003522634716290214,0.0003522635109622863,0.004227909891679893
1037,855,0,1,474913964,2271450016,1796536053,1.2574292582871323,51561,0.34600737612548976,0.3460073767053479,1.0363755134052355
1038,857,2,0,949827928,4013884639,3064056712,0.48720414595583605,55887,0.229774886875606,0.2297748876687053,0.787515004877582
1039,859,2,0,201957700,2703285735,2501328036,0.7799528742299344,13375,2.292748728936766,2.2927487282740984,1.0129779104075043
1040,859,0,0,201957700,2627409268,2425451569,0.8243937736799793,63548,0.0444408993979119,0.044440899450045326,0.24359802884031834
1041,860,1,0,403915400,3804640095,3400724696,0.3368049279103076,45944,0.5124111536139703,0.5124111542303283,1.4754621002446635
1042,861,1,0,807830800,3909975021,3102144222,0.4693813856463578,29891,1.1325764574289219,1.1325764577360502,1.5566801960735959
1043,861,0,0,807830800,3116972363,2309141564,0.895290524473701,48783,0.4259091384124321,0.4259091388273412,0.9665779912291348
1044,861,0,0,807830800,3116408607,2308577808,0.8956427884048708,65520,0.0003522634716290214,0.0003522639311708773,0.004227909891679893
1045,861,0,0,807830800,3115880215,2308049416,0.8959730331850473,65521,0.00033024448458043404,0.0003302447801768392,0.0039922782726164955
1046,861,0,0,807830800,2976135035,2168304236,0.9860799497580821,61568,0.09010691622995806,0.09010691657303249,0.38189000459365635
1047,861,0,0,807830800,2644583265,1836752466,1.225489934445772,55515,0.239409984091261,0.2394099846876907,0.8078142910373683
1048,861,0,0,807830800,2577711753,1769880954,1.2789948212137965,63150,0.05350488643772304,0.0535048867680266,0.2747675265964593
1049,861,0,0,807830800,2376650295,1568819496,1.4529677766307607,58091,0.17397295529126428,0.1739729554169636,0.7721760312629545
1050,866,5,1,1453182528,3461700479,2008517952,1.096515789860316,1311,5.643548029778246,5.643548013229555,1.8196467556657363
1051,871,5,0,968691696,3356258575,2387566880,0.8471059998421353,4869,3.7505902147308725,3.7505902099818194,0.514002781187275
1052,871,0,0,968691696,3341248846,2372557151,0.8562043061978208,65124,0.009098305936446659,0.009098306355686599,0.06337048753274918
1053,871,0,0,968691696,2726098529,1757406834,1.2891989367664998,48544,0.43299462975296654,0.4329946305686783,1.1465369391161215
1054,871,0,0,968691696,2213700308,1245008613,1.7864914230863214,46428,0.4972924858356274,0.4972924863198212,1.3485410394735284
1055,871,0,0,968691696,2196545724,1227854029,1.806508087060699,64633,0.020016663266462696,0.02001666397437591,0.11895979721598991
1056,872,1,0,1937383392,4206747513,2269364122,0.9203590364051735,60563,0.11385094917702775,0.1138509493444764,0.5692123477667783
1057,872,0,0,1937383392,4205466286,2268082895,0.9211737764479118,65499,0.0008147398470877202,0.000814740042739178,0.008878794888138345
1058,872,0,0,1937383392,4204912554,2267529163,0.9215260404440997,65520,0.0003522634716290214,0.00035226399618619605,0.004227909891679893
1059,872,0,0,1937383392,4204393557,2267010166,0.9218562854136891,65521,0.00033024448458043404,0.0003302449695902698,0.0039922782726164955
1060,872,0,0,1937383392,4203874679,2266491288,0.9221865302490748,65521,0.00033024448458043404,0.0003302448353841935,0.0039922782726164955
1061,872,0,0,1937383392,4203355920,2265972529,0.9225167749328484,65521,0.00033024448458043404,0.0003302446837755239,0.0039922782726164955
1062,872,0,0,1937383392,4202837280,2265453889,0.9228470194476017,65521,0.00033024448458043404,0.0003302445147522453,0.0039922782726164955
1063,872,0,0,1937383392,4201661965,2264278574,0.9235956822765381,65502,0.0007486627160211863,0.0007486628289348799,0.007730107777817879
1064,872,0,0,1937383392,4201143712,2263760321,0.9239259272473177,65521,0.00033024448458043404,0.0003302449707825377,0.0039922782726164955
1065,872,0,0,1937383392,4200591036,2263207645,0.9242781908084332,65520,0.0003522634716290214,0.0003522635611156836,0.004227909891679893
1066,872,0,0,1937383392,4200073028,2262689637,0.924608435853532,65521,0.00033024448458043404,0.0003302450450991811,0.0039922782726164955
1067,872,0,0,1937383392,4199555139,2262171748,0.9249386806198245,65521,0.00033024448458043404,0.00033024476629065115,0.0039922782726164955
1068,872,0,0,1937383392,4198968332,2261584941,0.9253129640359354,65519,0.0003742827947452993,0.0003742834161111048,0.004463541174757649
1069,872,0,0,1937383392,4198450696,2261067305,0.9256432087033666,65521,0.00033024448458043404,0.0003302446674325462,0.0039922782726164955
1070,872,0,0,1937383392,4197829675,2260446284,0.9260395113595408,65518,0.0003963024539395264,0.00039630265617308864,0.004699172121844633
1071,872,0,0,1937383392,4197312299,2259928908,0.9263697564215256,65521,0.00033024448458043404,0.00033024506198302094,0.0039922782726164955
1072,872,0,0,1937383392,4196312269,2258928878,0.9270082975810894,65507,0.0006385408891551363,0.0006385411595658276,0.00697035748317309
1073,872,0,0,1937383392,4120067904,2182684513,0.9765435289341262,63324,0.04953523108572664,0.049535231353036474,0.21614364985311144
1074,874,2,2,1705374800,3856086383,2150711584,0.9978330774273196,4036,4.021289540893643,4.021289548493192,2.0702626569122895
1075,874,0,2,1705374800,3669487474,1964112675,1.128769451085681,59850,0.13093637328177335,0.1309363736583623,0.43924405429850105
1076,874,0,2,1705374800,3665771196,1960396397,1.1315017456709846,65412,0.0027322943235718405,0.0027322945853031273,0.023254061721510393
1077,877,3,1,1900657476,3774903639,1874246164,1.1963366966137805,15664,2.064834950396305,2.064834950942795,0.9733691200191238
1078,877,0,1,1900657476,3663797585,1763140110,1.28450002134403,61651,0.08816332463281212,0.08816332473024932,0.3875433429340172
1079,877,0,1,1900657476,3596619837,1695962362,1.3405429930692776,63039,0.05604297122865519,0.05604297172524819,0.3305116536803423
1080,877,0,2,1653831304,3597811597,1943980294,1.143633551500379,37560,0.8030905574588632,0.803090558431103,1.2585807355817442
1081,877,0,2,1653831304,3597366655,1943535352,1.1439637961492188,65521,0.00033024448458043404,0.00033024464883976766,0.0039922782726164955
1082,877,0,2,1653831304,3342384401,1688553098,1.3468595991724506,56938,0.20289580248026293,0.20289580302323068,0.8383914956854863
1083,877,0,2,1653831304,3324529065,1670697762,1.3621963801203876,64843,0.015336780906009045,0.015336780947936291,0.09512051893834225
1084,877,0,4,172874272,2350879243,2178004972,0.9796398985376342,21359,1.6174435169088335,1.617443518417249,2.436107432888511
1085,877,0,4,172874272,2349151089,2176276818,0.9807850698686806,65484,0.001145170906201281,0.0011451713310455653,0.01140089871941497
1086,883,6,0,1579267148,4241035407,2661768260,0.6902621738255981,20039,1.7094771044841695,1.7094771039569174,1.3918051666842235
1087,883,0,0,1579267148,3721361870,2142094723,1.0036248688290001,52741,0.313362694652635,0.3133626950034011,0.9563936620481422
1088,883,0,0,1579267148,3720871583,2141604436,1.0039551136012612,65521,0.00033024448458043404,0.00033024477226176326,0.0039922782726164955
1089,883,0,0,1579267148,3675154654,2095887507,1.0350858611271896,64137,0.03113074696946146,0.031130747525927354,0.19374415654019292
1090,883,0,0,1579267148,3486372550,1907105403,1.1712625644589671,59633,0.13617670317106342,0.136176703331777,0.4414117377696402
1091,883,0,0,1579267148,3485936048,1906668901,1.1715928091054977,65521,0.00033024448458043404,0.0003302446465316511,0.0039922782726164955
1092,883,0,0,1579267148,3485441459,1906174312,1.171967092054846,65519,0.0003742827947452993,0.00037428294934736817,0.004452022505596219
1093,883,0,0,1579267148,3485005170,1905738023,1.1722973367845917,65521,0.00033024448458043404,0.0003302447297456056,0.0039922782726164955
1094,883,0,1,1011050648,2766914191,1755863544,1.2904664150606884,30191,1.1181690772078954,1.118169078276098,2.231455544381078
1095,887,4,0,360280760,2313764687,1953483928,1.1365977600033297,9114,2.84613134477676,2.84613134494264,3.0019861612506245
1096,888,1,0,720561520,3093500797,2372939278,0.8559719626538644,39804,0.7193742024908216,0.7193742026505346,1.5997047548880827
1097,888,0,0,720561520,2613633788,1893072269,1.1819176583013586,52283,0.32594569506036686,0.32594569564749487,1.3431283497356659
1098,888,0,0,720561520,2404210357,1683648838,1.3510558820189402,58286,0.16913822340684068,0.1691382237175822,0.7759528569042666
1099,888,0,0,720561520,2397068413,1676506894,1.3571887303325845,65258,0.006132847459885405,0.006132848313646271,0.05438249049870546
1100,889,1,1,734762432,2393771599,1659009168,1.3723252870909164,16213,2.0151365533661836,2.01513655675833,3.404660902897471
1101,889,0,1,734762432,2344534953,1609772522,1.4157903114435229,63591,0.0434650243458255,0.043465024352608406,0.22220039911963038
1102,889,0,1,734762432,2273006974,1538244543,1.4813622714990693,62624,0.06557195937319613,0.06557196005554342,0.3389072733189779
1103,889,0,1,734762432,2272584482,1537822051,1.4817585744388282,65518,0.0003963024539395264,0.0003963029397588684,0.004668654543719633
1104,889,0,1,734762432,2272232502,1537470071,1.482088819360328,65521,0.00033024448458043404,0.00033024492149983525,0.0039922782726164955
1105,889,0,1,734762432,2271880603,1537118172,1.4824190638706725,65521,0.00033024448458043404,0.0003302445103447632,0.0039922782726164955
1106,889,0,1,734762432,2271528784,1536766353,1.482749308891055,65521,0.00033024448458043404,0.00033024502038309284,0.0039922782726164955
1107,889,0,1,734762432,2271177046,1536414615,1.4830795534655152,65521,0.00033024448458043404,0.00033024457446016254,0.0039922782726164955
1108,889,0,1,734762432,2270755057,1535992626,1.4834758560345982,65518,0.0003963024539395264,0.0003963025690824387,0.004668654543719633
1109,889,0,1,734762432,2261520726,1526758295,1.4921754625336696,65142,0.008699606185148902,0.008699606499071557,0.05915452698438362
1110,889,0,1,734762432,2261171278,1526408847,1.492505707735063,65521,0.00033024448458043404,0.000330245201394255,0.0039922782726164955
1111,889,0,1,734762432,2260821910,1526059479,1.4928359529198865,65521,0.00033024448458043404,0.0003302451848250637,0.0039922782726164955
1112,889,0,1,734762432,2260472622,1525710191,1.4931661980708206,65521,0.00033024448458043404,0.0003302451509340238,0.0039922782726164955
1113,889,0,1,734762432,2260123414,1525360983,1.4934964431705318,65521,0.00033024448458043404,0.0003302450997091198,0.0039922782726164955
1114,889,0,1,734762432,2259774286,1525011855,1.4938266882016684,65521,0.00033024448458043404,0.0003302450311386565,0.0039922782726164955
1115,889,0,1,734762432,2259425238,1524662807,1.4941569331468791,65521,0.00033024448458043404,0.0003302449452106183,0.0039922782726164955
1116,889,0,1,734762432,2259076270,1524313839,1.4944871779887912,65521,0.00033024448458043404,0.0003302448419129897,0.0039922782726164955
1117,889,0,1,734762432,2258727382,1523964951,1.4948174227100282,65521,0.00033024448458043404,0.00033024472123407533,0.0039922782726164955
1118,889,0,1,734762432,2258308812,1523546381,1.495213725661042,65518,0.0003963024539395264,0.00039630295101527707,0.004668654543719633
1119,889,0,1,734762432,2184219116,1449456685,1.5671349249079114,62349,0.07192119923458422,0.07192119924687103,0.28413091183762285
1120,891,2,0,1469524864,3961397815,2491872952,0.7854166315009543,56334,0.21828170656381618,0.21828170659303983,0.8500649405325497
1121,891,0,0,1469524864,3887671288,2418146425,0.8287455398777084,63597,0.04332890819883435,0.04332890837675464,0.20373950881362987
1122,891,0,0,1469524864,3886010878,2416486015,0.8297365005750308,65491,0.0009909603271466795,0.0009909606973247049,0.01000123399168033
1123,891,0,0,1469524864,3885347170,2415822307,0.8301328032040942,65518,0.0003963024539395264,0.00039630262906032907,0.004687653452683203
1124,891,0,0,1469524864,3589451697,2119926834,1.0186326727568193,57509,0.18849986892719153,0.18849986955272635,0.5421800276321802
1125,897,6,0,395331648,2591857407,2196525760,0.9674237271173993,1061,5.948791059085235,5.948791054360582,0.6973870709448012
1126,897,0,0,395331648,2570239378,2174907731,0.9816929491224258,64891,0.014269221667528129,0.014269222005026406,0.11281475598970893
1127,897,0,0,395331648,2533369222,2138037575,1.0063599380489698,64425,0.02466698836565558,0.024666988926544068,0.15676349249608038
1128,898,1,0,790663296,3003735757,2213072462,0.9565964563494802,33918,0.9502365176234269,0.9502365183005099,1.0409439409977754
1129,898,0,0,790663296,2987087735,2196424440,0.9674902764088387,65043,0.010893819598060787,0.01089382005935873,0.0867303258745487
1130,898,0,2,145546528,2502975959,2357429432,0.8654325605332644,17585,1.8979422854873307,1.8979422841244245,2.645218826647181
1131,898,0,2,145546528,2438514997,2292968470,0.9054306290747043,63744,0.03999806793191906,0.03999806854143929,0.2782298835936908
1132,902,4,0,582186112,2197928355,1615742244,1.4104500797078643,11545,2.5050194473385226,2.5050194506331596,3.7613943541032158
1133,902,0,0,582186112,2197509232,1615323121,1.4108243628675687,65519,0.0003742827947452993,0.00037428315970576385,0.004452022505596219
1134,902,0,0,582186112,2196893035,1614706924,1.411374812463709,65511,0.0005504494793435254,0.0005504495961400019,0.0061573970158125746
1135,902,0,0,582186112,2159171533,1576985422,1.44547782241386,64005,0.03410300919037007,0.03410300995015257,0.1805742785929777
1136,910,8,0,598576128,3727906559,3129330432,0.45679314245619906,508,7.0113153132278345,7.011315320042338,2.1583684514954435
1137,910,0,2,536406688,3817772459,3281365772,0.38835072678759985,17180,1.931557583974174,1.9315575843314003,2.767996751839483
1138,910,0,2,536406688,3665059971,3128653284,0.4571053574154256,62486,0.06875463056472415,0.06875463062782468,0.288835710156031
1139,910,0,2,536406688,3641667635,3105260948,0.4679326368056671,65046,0.010827279227646163,0.010827279390243773,0.07250785918383224
1140,910,0,2,536406688,3306910118,2770503431,0.632498992333133,58471,0.16456635523750845,0.1645663555274654,0.5322058145560571
1141,913,3,0,716563802,2317584705,1601020904,1.4236550012449847,18936,1.7911560092653853,1.7911560089118495,0.871197738409616
1142,913,0,2,840096908,2809419067,1969322160,1.1249480060206416,20153,1.7012930043789614,1.7012930047756587,0.9226365056639568
1143,917,4,0,956317028,2636563275,1680246248,1.353974463762924,13979,2.229026460498423,2.229026457742283,2.0079598861227197
1144,918,1,0,1912634056,3804962165,1892328110,1.1824848873420244,36904,0.8285104229343442,0.8285104235791011,1.5980207754518077
1145,918,0,0,1912634056,3389802656,1477168601,1.5398126442545639,51158,0.35732775667045696,0.3573277569125363,1.1646041001964
1146,922,4,0,904651952,3061260415,2156608464,0.9938828695240502,5980,3.4540702309145326,3.454070225269489,2.0998594172665555
1147,922,0,0,904651952,2893203172,1988551221,1.1109294225274056,60429,0.1170465524321278,0.11704655300335319,0.5561166039900962
1148,926,4,0,1372802944,3252119791,1879316848,1.1924388240658068,3871,4.0815094077076886,4.081509401538404,1.3519260475064467
1149,926,0,1,598122240,3954430259,3356308020,0.355772023044473,58521,0.1633331981594803,0.16333319897866402,0.7296789689950497
1150,926,0,1,598122240,3393799401,2795677162,0.6194493745968153,54589,0.26367735143463855,0.26367735155234234,0.7777403477291027
1151,926,0,1,598122240,2264838278,1666716039,1.3656388149482623,39071,0.746189439498244,0.7461894403514465,2.1618710721335197
1152,926,0,1,598122240,2263159761,1665037522,1.367092456889349,65470,0.0014536415241189304,0.00145364194108889,0.013538843288376887
1153,928,2,0,1196244480,3584705437,2388460958,0.8465658514361429,47005,0.4794733936275912,0.4794733945467933,1.0224248573600498
1154,928,0,0,1196244480,3278567252,2082322773,1.0444534333253834,57136,0.1978875814139344,0.19788758188923986,0.8925326299844083
1155,929,1,0,553312788,2200335541,1647022754,1.3827866596463743,25918,1.3383332255847478,1.3383332263209895,1.0936040417444726
1156,931,2,0,931760484,2243327003,1311566520,1.711356165982,13047,2.3285695058147757,2.328569506335627,2.09172029222865
1157,933,2,0,1032787780,2337069599,1304281820,1.7193915154111927,16293,2.008035351354643,2.0080353494291914,3.0953484906896382
1158,933,0,0,1032787780,2318919192,1286131413,1.7396090856206072,64624,0.02021756929691341,0.020217570209416197,0.14643179699906572
1159,933,0,0,1032787780,2316740838,1283953059,1.7420546871562017,65425,0.002445601177240512,0.002445601535594766,0.020568200651211458
1160,937,4,1,139737792,3257461695,3117723904,0.4621539729384594,4973,3.7200992841972385,3.7200992857822577,0.3921069963001087
1161,937,0,1,139737792,2587067327,2447329536,0.8114387708148207,51444,0.3492847974618712,0.3492847978763618,0.7815769658164794
1162,939,2,0,279475584,2817549301,2538073718,0.7589131733483079,33983,0.947474402005033,0.9474744025334871,1.4753602486140631
1163,939,0,0,279475584,2799347173,2519871590,0.7692969286339277,65066,0.010383755170756225,0.010383755285618112,0.0732828539166299
1164,940,1,0,558951168,3973635555,3414684388,0.33089490656404763,44404,0.5615979772032298,0.561597977930119,0.984163514325098
1165,941,1,0,1117902336,4160251903,3042349568,0.4974612168022219,29195,1.1665663093201557,1.1665663102381738,1.8537811627449303
1166,941,0,1,88321024,2887787703,2799466680,0.6174951372022832,30152,1.1200339203356433,1.1200339204000618,2.2123126663323007
1167,947,6,1,1366626560,3840764607,2474138048,0.7957211462618403,905,6.178226018029433,6.178226009059558,1.6826011729154646
1168,947,0,2,585769472,3706303265,3120533794,0.46085431048819103,41329,0.6651331638877354,0.665133164226351,1.2420227120097689
1169,951,4,0,1230544620,3418003763,2187459144,0.9733910745769023,11485,2.512536763734714,2.512536764088712,3.306038729431746
1170,951,0,0,1230544620,3257255422,2026710803,1.0835069046897772,60720,0.11011582969717135,0.11011583011287505,0.5149638310111293
1171,951,0,0,1230544620,3250513738,2019969119,1.0883139085842473,65318,0.004807003376047257,0.004807003894468741,0.04157755508439654
1172,951,0,0,1230544620,3249835647,2019291028,1.0887982935936584,65514,0.000484384451701118,0.0004843850094122062,0.005557620055609438
1173,951,0,0,1230544620,3249342656,2018798037,1.0891505570841318,65520,0.0003522634716290214,0.00035226349047185173,0.004227909891679893
1174,951,0,0,1230544620,3248880589,2018335970,1.0894808021397644,65521,0.00033024448458043404,0.0003302450556326965,0.0039922782726164955
1175,951,0,0,1230544620,3248418628,2017874009,1.089811047023037,65521,0.00033024448458043404,0.0003302448832750089,0.0039922782726164955
1176,951,0,0,1230544620,3247956773,2017412154,1.0901412917165274,65521,0.00033024448458043404,0.00033024469348861413,0.0039922782726164955
1177,951,0,0,1230544620,3247279541,2016734922,1.0906256762660753,65514,0.000484384451701118,0.0004843845495481903,0.0054891046595572975
1178,951,0,0,1230544620,3246756401,2016211782,1.0909999591630815,65519,0.0003742827947452993,0.0003742828970069404,0.004463541174757649
1179,951,0,0,1230544620,3246294926,2015750307,1.091330204181368,65521,0.00033024448458043404,0.0003302450182842079,0.0039922782726164955
1180,951,0,0,1230544620,3245802799,2015258180,1.091682467982448,65520,0.0003522634716290214,0.0003522638010833652,0.004227909891679893
1181,951,0,0,1230544620,3245341543,2014796924,1.0920127124726662,65521,0.00033024448458043404,0.0003302444902183135,0.0039922782726164955
1182,951,0,0,1230544620,3244880392,2014335773,1.092342957373365,65521,0.00033024448458043404,0.00033024490069602616,0.0039922782726164955
1183,951,0,0,1230544620,3244388610,2013843991,1.0926952214219874,65520,0.0003522634716290214,0.00035226404862275234,0.004227909891679893
1184,951,0,0,1230544620,3243927677,2013383058,1.0930254664010235,65521,0.00033024448458043404,0.0003302449790362933,0.0039922782726164955
1185,951,0,0,1230544620,3243466850,2012922231,1.0933557110212355,65521,0.00033024448458043404,0.0003302446202115604,0.0039922782726164955
1186,951,0,0,1230544620,3243006128,2012461509,1.0936859559819467,65521,0.00033024448458043404,0.00033024496071074175,0.0039922782726164955
1187,951,0,0,1230544620,3242422681,2011878062,1.0941042785834902,65517,0.000418322449221962,0.00041832260154420507,0.004879723990344825
1188,951,0,1,313605592,4201550121,3887944530,0.14363951011139875,63324,0.04953523108572664,0.04953523152791101,0.21643635364408498
1189,953,2,0,627211184,2737768961,2110557778,1.02502282138855,17788,1.8813833106484918,1.8813833112771479,2.7241066326497747
1190,954,1,0,1254422368,3279316025,2024893658,1.084801002512549,31438,1.0597781802668862,1.0597781811240012,1.3615031877270305
1191,954,0,1,361361088,3307121605,2945760518,0.5440069978998103,47670,0.4592059950429624,0.45920599538726004,1.66929962171816
1192,954,0,1,361361088,3011313957,2649952870,0.6966804447612667,58955,0.15267344644302305,0.1526734468614584,0.6811051636832837
1193,954,0,1,361361088,3010707430,2649346343,0.697010689747902,65521,0.00033024448458043404,0.0003302449866351187,0.0039922782726164955
1194,954,0,1,361361088,2929896221,2568535134,0.7417013381256758,63537,0.044690647920387565,0.04469064837777254,0.2000301596831367
1195,956,2,0,722722176,2668955049,1946232874,1.1419628017403731,24829,1.4002614630072072,1.4002614636146968,1.6541210965167448
1196,959,3,0,2083704720,3652427335,1568722616,1.4530568707628042,6603,3.3110940693872863,3.31109406902243,1.9783359785757206
1197,959,0,1,2019925792,3712736817,1692811026,1.343226216530617,35360,0.8901693457212061,0.8901693457678135,1.6691025122682197
1198,959,0,3,1637252224,4061575823,2424323600,0.8250648626501764,23464,1.4818386442430442,1.4818386461195594,2.6442925708613805
1199,959,0,5,106557952,4045935831,3939377880,0.12467933366852435,26623,1.2996144706410386,1.2996144710183497,1.6000975956316725
1200,959,0,5,106557952,4044853848,3938295897,0.12507563632395957,65518,0.0003963024539395264,0.0003963026554359379,0.004668654543719633
1201,965,6,0,213115904,3563696133,3350580230,0.35823619299309684,27878,1.2331605561444985,1.2331605566691373,2.008121798739317
1202,965,0,0,213115904,3527294565,3314178662,0.3739957680066688,64824,0.015759574769876807,0.0157595750135697,0.1204799609147698
1203,969,4,0,1728017024,3545313231,1817296208,1.2408535569402943,2246,4.866857787599399,4.8668577889336255,3.092040616190315
1204,969,0,0,1728017024,3448841467,1720824444,1.3195472227724423,62057,0.07869366560352122,0.0786936658321501,0.31034509291780676
1205,973,4,0,1408481232,3305337279,1896856048,1.1790369489283883,4515,3.859489727631779,3.8594897261559438,0.48105728516243
1206,973,0,1,669478816,4282987269,3613508454,0.24924687644856292,62423,0.07020992674487199,0.07020992752017435,0.2908990798582735
1207,973,0,1,669478816,4236285583,3566806768,0.26801408619424905,64689,0.0187672095410399,0.018767209745685975,0.10829832033836523
1208,973,0,1,669478816,4234979379,3565500564,0.2685425138030233,65512,0.0005284274673163702,0.0005284276087775115,0.006070914500986733
1209,973,0,1,669478816,4234108895,3564630080,0.26889477746239265,65520,0.0003522634716290214,0.00035226365936761916,0.004227909891679893
1210,973,0,1,669478816,4233293015,3563814200,0.26922502232055834,65521,0.00033024448458043404,0.0003302448581670519,0.0039922782726164955
1211,973,0,1,669478816,4232477322,3562998507,0.26955526707358146,65521,0.00033024448458043404,0.000330244753021424,0.0039922782726164955
1212,973,0,1,669478816,4231661816,3562183001,0.26988551170407504,65521,0.00033024448458043404,0.0003302446304930686,0.0039922782726164955
1213,973,0,1,669478816,4230792142,3561313327,0.27023777534413185,65520,0.0003522634716290214,0.00035226364005889685,0.004227909891679893
1214,973,0,1,669478816,4215304863,3545826048,0.2765253841266784,65251,0.006287608668628205,0.006287608782545403,0.04296215248708103
1215,973,0,1,669478816,4214493287,3545014472,0.2768556289466879,65521,0.00033024448458043404,0.0003302448200082313,0.0039922782726164955
1216,973,0,1,669478816,4213681897,3544203082,0.27718587366704384,65521,0.00033024448458043404,0.00033024472035789783,0.0039922782726164955
1217,973,0,1,669478816,4212870693,3543391878,0.27751611827037337,65521,0.00033024448458043404,0.0003302446033286818,0.0039922782726164955
1218,973,0,1,669478816,4212059674,3542580859,0.27784636314652644,65521,0.00033024448458043404,0.00033024487615264213,0.0039922782726164955
1219,973,0,1,669478816,4211248841,3541770026,0.2781766078710426,65521,0.00033024448458043404,0.0003302447245164167,0.0039922782726164955
1220,973,0,1,669478816,4210438194,3540959379,0.2785068524265064,65521,0.00033024448458043404,0.0003302445554654222,0.0039922782726164955
1221,973,0,1,669478816,4209627732,3540148917,0.2788370972030201,65521,0.00033024448458043404,0.00033024477651192116,0.0039922782726164955
1222,973,0,1,669478816,4208817456,3539338641,0.2791673417758034,65521,0.00033024448458043404,0.00033024457278262465,0.0039922782726164955
1223,973,0,1,669478816,4207845347,3538366532,0.2795636444778893,65518,0.0003963024539395264,0.0003963027020883989,0.004668654543719633
1224,973,0,1,669478816,4145161577,3475682762,0.3053507377899898,64375,0.025787093267332226,0.02578709331209856,0.13132318774883836
1225,976,3,0,2137801108,4221216659,2083415552,1.0436965221815449,9821,2.7383457843224965,2.7383457843915573,2.210884596599964
1226,976,0,0,2137801108,4145809833,2008008726,1.0968816073378171,63164,0.05318508450515577,0.05318508515626966,0.24210841188184706
1227,976,0,0,2137801108,4071661561,1933860454,1.1511634512949733,63116,0.05428184353742949,0.054281843957155844,0.2782832163806397
1228,976,0,1,2128118568,3708763847,1580645280,1.4421335039360663,26783,1.290970052517368,1.2909700526410963,2.09253032423527
1229,976,0,1,2128118568,3671042148,1542923581,1.476980537146268,63972,0.03484703252900947,0.03484703321020068,0.18424955400713894
1230,976,0,1,2128118568,3402250056,1274131489,1.7531329761592787,54119,0.2761524387186896,0.2761524390130114,0.6753741564227429
1231,976,0,1,2128118568,3225272227,1097153660,1.9688815519085203,56433,0.21574857460602706,0.21574857574923895,0.8298075806909302
1232,976,0,2,2108753488,3835545043,1726791556,1.3145532028542881,51573,0.3456716509413838,0.3456716509457692,1.3374700493543512
1233,976,0,2,2108753488,3835123463,1726369976,1.3149054663512167,65520,0.0003522634716290214,0.00035226349692801204,0.004227909891679893
1234,976,0,2,2108753488,3547360010,1438606523,1.577975095243108,54612,0.26306962831065417,0.2630696288918911,0.963479730517335
1235,976,0,2,2108753488,3528481811,1419728324,1.5970322607319858,64676,0.01905716487045185,0.01905716548887824,0.11263503588833533
1236,976,0,2,2108753488,3528113534,1419360047,1.5974065438363674,65519,0.0003742827947452993,0.0003742831043799291,0.004452022505596219
1237,976,0,2,2108753488,3526597493,1417844006,1.5989483328651346,65466,0.0015417881020707706,0.0015417890287696447,0.013827068706868558
1238,981,5,0,1572816680,3946563079,2373746400,0.8554813336141471,13715,2.2565329982643605,2.2565330007490116,1.8803689521581464
1239,981,0,0,1572816680,3945947330,2373130651,0.8558556167582729,65519,0.0003742827947452993,0.00037428314412634253,0.004463541174757649
1240,981,0,1,998149712,3704494903,2706345192,0.6663012804520463,37369,0.810445662949289,0.810445663693774,1.0357920495134492
1241,981,0,1,998149712,3431242245,2433092534,0.8198559569316792,58919,0.1535546759437921,0.15355467647963036,0.6686388207043757
1242,981,0,2,1723012816,3409797577,1686784762,1.348371252178488,22717,1.5285152948902125,1.5285152952468108,1.9441775233510654
1243,981,0,2,1723012816,3347716814,1624703999,1.402470245148379,63124,0.05409899245468929,0.05409899296989195,0.27211353600179805
1244,981,0,2,1723012816,3291813073,1568800258,1.4529854681098904,63281,0.050515222225785916,0.050515222961510134,0.31118653602844204
1245,985,4,0,1144801120,3516673143,2371872024,0.8566209756413699,24771,1.4036355093987796,1.40363550753148,2.0315475208942124
1246,985,0,0,1144801120,3516130264,2371329145,0.8569512204767129,65521,0.00033024448458043404,0.00033024483534093736,0.0039922782726164955
1247,987,2,0,700665536,3429778227,2729112692,0.6542151776263729,18856,1.7972639567498325,1.7972639571496616,1.6578165360864574
1248,987,0,0,700665536,3426321861,2725656326,0.6560434797006138,65453,0.001828301680591821,0.0018283020742406572,0.017137275979609998
1249,987,0,0,700665536,3394463756,2693798221,0.6730053562621556,64770,0.016961876368976208,0.016961876561541727,0.124769189244738
1250,987,0,0,700665536,3147798058,2447132523,0.8115549141927119,59535,0.13854955739164854,0.13854955793055668,0.5481982440824614
1251,989,2,2,768794560,2512137503,1743342944,1.3007907469799314,2918,4.489235832082109,4.4892358327872195,3.5525478743800356
1252,992,3,0,1537589120,3613607947,2076018828,1.0488276180505771,39021,0.7480368697574659,0.7480368710706458,1.0631279467275125
1253,992,0,0,1537589120,3613132783,2075543664,1.0491578632296985,65521,0.00033024448458043404,0.0003302451791214989,0.0039922782726164955
1254,992,0,0,1537589120,3608793954,2071204835,1.0521769078461674,65399,0.0030190444530456694,0.0030190446164692574,0.026787086204473173
1255,996,4,0,1066923232,2849898879,1782975648,1.2683601473411024,3526,4.216183240679818,4.216183239494935,2.1719242500501093
1256,996,0,0,1066923232,2767491755,1700568524,1.3366300057467555,62507,0.06826985787915407,0.06826985840565124,0.32653761593124053
1257,996,0,0,1066923232,2639175846,1572252615,1.44981411090561,60591,0.11318410430415364,0.11318410515885666,0.47643589470757697
1258,996,0,0,1066923232,2624805434,1557882203,1.4630609957801681,64937,0.013246884811719163,0.013246884874557871,0.08568802780239544
1259,996,0,0,1066923232,2369524413,1302601182,1.7212517051030076,54797,0.2581907090822025,0.25819070932283955,0.8273597228322274
1260,996,0,0,1066923232,2364495755,1297572524,1.7268319699807968,65283,0.00558026434097006,0.005580264877787854,0.04398392470891214
1261,996,0,0,1066923232,2364159165,1297235934,1.7272062532732981,65519,0.0003742827947452993,0.00037428329250221835,0.004452022505596219
1262,996,0,0,1066923232,2363822662,1296899431,1.7275805369121677,65519,0.0003742827947452993,0.00037428363887029824,0.004452022505596219
1263,996,0,0,1066923232,2363525825,1296602594,1.7279107817051909,65521,0.00033024448458043404,0.0003302447930205539,0.0039922782726164955
1264,996,0,0,1066923232,2363229056,1296305825,1.728241026432169,65521,0.00033024448458043404,0.0003302447269805759,0.0039922782726164955
1265,996,0,0,1066923232,2362932355,1296009124,1.7285712710757544,65521,0.00033024448458043404,0.0003302446435847853,0.0039922782726164955
1266,996,0,0,1066923232,2362635722,1295712491,1.7289015156185776,65521,0.00033024448458043404,0.0003302445428211664,0.0039922782726164955
1267,996,0,0,1066923232,2362279843,1295356612,1.7292978191143717,65518,0.0003963024539395264,0.0003963034957969047,0.004668654543719633
1268,996,0,0,1066923232,2361983359,1295060128,1.7296280640450554,65521,0.00033024448458043404,0.00033024493068295745,0.0039922782726164955
1269,996,0,0,1066923232,2361686943,1294763712,1.7299583088196258,65521,0.00033024448458043404,0.000330244774569239,0.0039922782726164955
1270,996,0,0,1066923232,2361390595,1294467364,1.7302885534206638,65521,0.00033024448458043404,0.0003302446010378677,0.0039922782726164955
1271,996,0,0,1066923232,2361094314,1294171083,1.7306187989455033,65521,0.00033024448458043404,0.0003302455248405772,0.0039922782726164955
1272,996,0,0,1066923232,2360798101,1293874870,1.7309490442624522,65521,0.00033024448458043404,0.0003302453169484361,0.0039922782726164955
1273,996,0,0,1066923232,2360501956,1293578725,1.731279289354056,65521,0.00033024448458043404,0.00033024509160307593,0.0039922782726164955
1274,996,0,0,1066923232,2360205879,1293282648,1.7316095342028461,65521,0.00033024448458043404,0.0003302448487923209,0.0039922782726164955
1275,996,0,0,1066923232,2359909870,1292986639,1.7319397787913502,65521,0.00033024448458043404,0.0003302445885043157,0.0039922782726164955
1276,996,0,0,1066923232,2359456093,1292532862,1.732446185209124,65513,0.0005064057914389884,0.0005064064177725161,0.005686139489769922
1277,996,0,0,1066923232,2329280688,1262357457,1.7665266553289953,64006,0.03408046901740184,0.03408047011987175,0.1631109432115071
1278,997,1,0,2133846464,3523140803,1389294340,1.6282948606813932,36063,0.8617682041268897,0.8617682053523966,1.8659502813558453
1279,997,0,1,2120209280,3441115807,1320906528,1.7011187660013185,31155,1.0728239035468339,1.0728239053199267,1.3586160172269304
1280,997,0,1,2120209280,3384599969,1264390690,1.7642048285156022,62732,0.06308606156268996,0.06308606251428278,0.31481041792284586
1281,997,0,2,2092934912,3545317283,1452382372,1.5642258210786757,37640,0.8000209923841008,0.8000209925630748,1.6385403715622207
1282,997,0,2,2092934912,3544984859,1452049948,1.564556065619108,65521,0.00033024448458043404,0.0003302445404316642,0.0039922782726164955
1283,997,0,2,2092934912,3544630354,1451695443,1.5649083297050694,65520,0.0003522634716290214,0.000352264085960436,0.004227909891679893
1284,997,0,3,2038386176,3665385537,1626999362,1.4004334607313957,36725,0.8355251296689954,0.8355251310263275,1.1016484308909245
1285,997,0,3,2038386176,3629909125,1591522950,1.4322391850107117,64107,0.03180572360799663,0.03180572427931378,0.15950002502981514
1286,997,0,3,2038386176,3536170132,1497783957,1.519817604087951,61676,0.08757841822113815,0.08757841907724193,0.4785140695355582
1287,997,0,3,2038386176,3535827316,1497441141,1.5201478490138705,65521,0.00033024448458043404,0.00033024492591709006,0.0039922782726164955
1288,997,0,3,2038386176,3532902626,1494516451,1.5229683683383186,65408,0.0028205190623786626,0.002820519324449493,0.023530734810674626
1289,997,0,3,2038386176,3342598979,1304212804,1.719467857558918,57191,0.19649948877842058,0.19649948922059923,0.7140180286404479
1290,997,0,5,1711093760,4203378831,2492285072,0.7851780501884242,31309,1.0657101904818012,1.0657101926295067,2.9328936284256706
1291,997,0,5,1711093760,4122566670,2411472911,0.8327325421695662,63411,0.04755449193279644,0.047554491981142415,0.254766143458995
1292,997,0,5,1711093760,3887549618,2176455859,0.9806663850873605,59149,0.14793384254036854,0.14793384291779144,0.5509844492140618
1293,997,0,5,1711093760,3723956759,2012863000,1.0933981634945127,60610,0.11273177790418278,0.11273177840715477,0.38801525606287157
1294,997,0,5,1711093760,3444890700,1733796941,1.3087122032594358,56450,0.21531403945227445,0.215314039764922,0.7596395916539017
1295,1004,7,0,1289008384,4094893751,2805885368,0.6141910758998641,26515,1.3054788719718917,1.3054788726404287,2.0134809120506927
1296,1004,0,0,1289008384,4094037462,2805029079,0.614631419061439,65516,0.0004403427806028656,0.0004403431615746662,0.005086360513452917
1297,1004,0,0,1289008384,3900104558,2611096175,0.7179915483246084,61005,0.1033601289293485,0.10336012926316837,0.4391041837247143
1298,1004,0,0,1289008384,3732448724,2443440341,0.8137332658180085,61328,0.09574171719948207,0.0957417174934027,0.44392021061502435
1299,1004,0,0,1289008384,3731889464,2442881081,0.8140635108274594,65521,0.00033024448458043404,0.00033024500944937786,0.0039922782726164955
1300,1004,0,0,1289008384,3731106680,2442098297,0.8145258745416797,65515,0.0004623634480924974,0.00046236371422138443,0.005375545368984679
1301,1005,1,0,1050532326,3148465279,2097932954,1.033678573187835,28150,1.2191526981450458,1.2191526986461534,1.0274071685131867
1302,1005,0,0,1050532326,2639091665,1588559340,1.4349281636584301,49624,0.40124959042824593,0.401249590470595,0.8192856150722339
1303,1005,0,0,1050532326,2614415862,1563883537,1.4575140674149374,64518,0.02258590351315688,0.02258590375650891,0.15090109715426694
1304,1005,0,0,1050532326,2614010191,1563477866,1.457888350695825,65519,0.0003742827947452993,0.00037428328088566276,0.004452022505596219
1305,1005,0,0,1050532326,2613628482,1563096157,1.4582406146627385,65520,0.0003522634716290214,0.00035226396691558857,0.004227909891679893
1306,1005,0,0,1050532326,2613270717,1562738392,1.4585708597767812,65521,0.00033024448458043404,0.0003302451140432494,0.0039922782726164955
1307,1005,0,0,1050532326,2612913034,1562380709,1.458901104785621,65521,0.00033024448458043404,0.0003302450088372231,0.0039922782726164955
1308,1005,0,0,1050532326,2612555433,1562023108,1.4592313496718674,65521,0.00033024448458043404,0.0003302448862484693,0.0039922782726164955
1309,1005,0,0,1050532326,2612174079,1561641754,1.4595836137921658,65520,0.0003522634716290214,0.0003522641202964169,0.004227909891679893
1310,1005,0,0,1050532326,2611816647,1561284322,1.4599138588018512,65521,0.00033024448458043404,0.0003302450096847234,0.0039922782726164955
1311,1005,0,0,1050532326,2611459297,1560926972,1.4602441036357625,65521,0.00033024448458043404,0.00033024483391220247,0.0039922782726164955
1312,1005,0,0,1050532326,2611102029,1560569704,1.4605743482764701,65521,0.00033024448458043404,0.00033024464070841096,0.0039922782726164955
1313,1005,0,0,1050532326,2610744842,1560212517,1.4609045936312093,65521,0.00033024448458043404,0.0003302453547398998,0.0039922782726164955
1314,1005,0,0,1050532326,2610387737,1559855412,1.4612348387582728,65521,0.00033024448458043404,0.0003302451270612704,0.0039922782726164955
1315,1005,0,0,1050532326,2610030714,1559498389,1.4615650836401883,65521,0.00033024448458043404,0.0003302448819158043,0.0039922782726164955
1316,1005,0,0,1050532326,2609673773,1559141448,1.4618953282594802,65521,0.00033024448458043404,0.00033024461929148587,0.0039922782726164955
1317,1005,0,0,1050532326,2609316913,1558784588,1.4622255735241794,65521,0.00033024448458043404,0.0003302452647017255,0.0039922782726164955
1318,1005,0,0,1050532326,2608960135,1558427810,1.462555818491687,65521,0.00033024448458043404,0.00033024496750756586,0.0039922782726164955
1319,1005,0,0,1050532326,2608413201,1557880876,1.4630622246645686,65513,0.0005064057914389884,0.0005064061728802366,0.005686139489769922
1320,1005,0,0,1050532326,2561512276,1510979951,1.5071626283202448,63563,0.04410040289149173,0.04410040365567569,0.19803009186406179
1321,1006,1,0,2101064652,3946905941,1845841290,1.2183686341857225,40030,0.7112060047250992,0.7112060058654774,1.874350200391541
1322,1008,2,0,257211308,2206588251,1949376944,1.1396340596979222,17303,1.921265425947016,1.921265425512201,1.4524440081347818
1323,1009,1,1,1989132932,4083309175,2094176244,1.0362642827110768,17601,1.8966302226074787,1.8966302230131542,2.428920146405505
1324,1009,0,1,1989132932,4080656943,2091524012,1.0380925848979317,65453,0.001828301680591821,0.0018283021868555863,0.01767199047906144
1325,1009,0,1,1989132932,4009073563,2019940632,1.0883342546098582,63293,0.05024166935485608,0.05024166971192565,0.25731004821971015
1326,1009,0,1,1989132932,4008426304,2019293373,1.0887966181947881,65515,0.0004623634480924974,0.0004623635849309858,0.00532199045253682
1327,1012,3,0,358717676,2458122171,2099404496,1.0326669859813578,17034,1.9438703655544523,1.9438703677865694,1.316324663283428
1328,1012,0,0,358717676,2396135664,2037417989,1.0759051574647422,63601,0.043238171234959794,0.04323817148338246,0.19850621687694558
1329,1012,0,0,358717676,2394456883,2035739208,1.0770943917827118,65482,0.0011892340994270377,0.0011892343179709223,0.011267886074643328
1330,1012,0,0,358717676,2393804561,2035086886,1.0775567557849008,65515,0.0004623634480924974,0.0004623640021886209,0.00536402669982325
1331,1013,1,0,717435352,4262130907,3544695556,0.27698542227537004,57075,0.19942866600057368,0.19942866649047045,0.7108377056606049
1332,1013,0,0,717435352,4260940976,3543505625,0.27746980682512756,65514,0.000484384451701118,0.0004843845497580852,0.005524940162877561
1333,1013,0,0,717435352,4260129931,3542694580,0.27780005168716926,65521,0.00033024448458043404,0.0003302448620408812,0.0039922782726164955
1334,1013,0,0,717435352,4259265015,3541829664,0.27815231529364937,65520,0.0003522634716290214,0.0003522636064776673,0.004227909891679893
1335,1013,0,0,717435352,4258454354,3541019003,0.27848255999168714,65521,0.00033024448458043404,0.00033024469804028344,0.0039922782726164955
1336,1013,0,0,717435352,4257643879,3540208528,0.278812804504593,65521,0.00033024448458043404,0.0003302445129044063,0.0039922782726164955
1337,1013,0,0,717435352,4256833589,3539398238,0.2791430492225331,65521,0.00033024448458043404,0.0003302447179413204,0.0039922782726164955
1338,1013,0,0,717435352,4256023485,3538588134,0.27947329372063834,65521,0.00033024448458043404,0.00033024449810503263,0.0039922782726164955
1339,1013,0,0,717435352,4255213566,3537778215,0.2798035383892419,65521,0.00033024448458043404,0.00033024466860430744,0.0039922782726164955
1340,1013,0,0,717435352,4254403832,3536968481,0.2801337832111521,65521,0.00033024448458043404,0.0003302448219102206,0.0039922782726164955
1341,1013,0,0,717435352,4253594284,3536158933,0.2804640277611803,65521,0.00033024448458043404,0.000330244550027322,0.0039922782726164955
1342,1013,0,0,717435352,4252784921,3535349570,0.2807942724299046,65521,0.00033024448458043404,0.00033024466872446344,0.0039922782726164955
1343,1013,0,0,717435352,4251921798,3534486447,0.281146536124556,65520,0.0003522634716290214,0.000352263694651405,0.004227909891679893
1344,1013,0,0,717435352,4251112818,3533677467,0.2814767807123957,65521,0.00033024448458043404,0.00033024458783785044,0.0039922782726164955
1345,1013,0,0,717435352,4250196184,3532760833,0.281851063562506,65519,0.0003742827947452993,0.00037428285011054633,0.004463541174757649
1346,1013,0,0,717435352,4249387599,3531952248,0.2821813081347493,65521,0.00033024448458043404,0.0003302445722440054,0.0039922782726164955
1347,1013,0,0,717435352,4246962399,3529527048,0.28317226881141977,65491,0.0009909603271466795,0.0009909606766700446,0.009765892546485345
1348,1013,0,0,717435352,3959369710,3241934359,0.40579226580106464,60196,0.1226199967860437,0.12261999698964474,0.41772188587801273
1349,1014,1,3,22064352,3829121055,3807056704,0.17397108781034376,4810,3.7681788213425955,3.7681788220092787,2.1469877947360514
1350,1014,0,3,22064352,3826274592,3804210241,0.17505016656958006,65487,0.0010790786396167112,0.0010790787592391275,0.010721316159969524
1351,1014,0,3,22064352,3825055591,3802991240,0.17551253021723312,65515,0.0004623634480924974,0.0004623636476525518,0.00532199045253682
1352,1014,0,3,22064352,3824011068,3801946717,0.17590883276965386,65518,0.0003963024539395264,0.0003963025524181218,0.004668654543719633
1353,1018,4,0,44128704,4173153293,4129024590,0.05684613564558916,35587,0.8809373023133691,0.8809373028759353,2.0643200885328516
1354,1018,0,0,44128704,4141273311,4097144608,0.06802833262858954,65030,0.011182196672380641,0.01118219698300206,0.07213905598552801
1355,1020,2,1,1153765080,3316869375,2163104296,0.9895439182106252,4325,3.9215155825885506,3.921515585582036,2.4563718019502705
1356,1020,0,1,1153765080,3315879184,2162114105,0.9902044830828451,65506,0.0006605645820851047,0.0006605648722199549,0.007282970810898281
1357,1020,0,2,160046512,2391640173,2231593662,0.9445727869403484,33821,0.9543683032895176,0.9543683038575014,1.4482272268092469
1358,1020,0,2,160046512,2237591562,2077545051,1.0477673842289086,61012,0.10319459682648903,0.10319459728856176,0.3711223311477104
1359,1023,3,0,320093024,2463131971,2143038948,1.0029890759452194,33801,0.9552216912892547,0.9552216917163123,1.5080972848177403
1360,1024,1,0,640186048,3802293381,3162107334,0.44176080690651887,48350,0.4387717307484341,0.4387717309612963,1.5519130825925205
1361,1024,0,0,640186048,3801038882,3160852835,0.4423332791225292,65510,0.0005724718275307164,0.0005724722160109256,0.0063765409690414495
1362,1024,0,2,715073060,3113686543,2398613484,0.8404464475913258,12433,2.398113169360907,2.398113168468797,2.752448191791687
1363,1029,5,0,250938400,3255061239,3004122840,0.5157033394746513,10260,2.6752568895055835,2.6752568918833264,2.466911306095024
1364,1030,1,0,501876800,4089992023,3588115224,0.25942092620687873,39138,0.743717586095543,0.7437175867322288,1.0574349529036409
1365,1030,0,0,501876800,4084571743,3582694944,0.2616019385004229,65437,0.002181011907029251,0.0021810122935412867,0.020069202137108187
1366,1030,0,0,501876800,4030942840,3529066041,0.2833607178423456,64555,0.02175877904909348,0.021758779341923103,0.14454604388585898
1367,1030,0,0,501876800,4029273512,3527396713,0.2840433066566277,65505,0.0006825886112264284,0.0006825888142834135,0.007243545028356738
1368,1030,0,0,501876800,4025021431,3523144632,0.2857834445029894,65457,0.0017401375958717572,0.001740137846361158,0.01505203672433667
1369,1030,0,0,501876800,4012818155,3510941356,0.2907892472358462,65309,0.005005802328615196,0.0050058027328579655,0.03588283167381296
1370,1030,0,0,501876800,3998085658,3496208859,0.29685577386311834,65261,0.006066526309349022,0.006066526627270507,0.047762734479091
1371,1030,0,0,501876800,3996431872,3494555073,0.29753836275572,65505,0.0006825886112264284,0.000682588892604036,0.007529125281726729
1372,1030,0,0,501876800,3995578709,3493701910,0.29789062628531937,65520,0.0003522634716290214,0.00035226352959812475,0.004227909891679893
1373,1030,0,0,501876800,3994725754,3492848955,0.29824288993543746,65520,0.0003522634716290214,0.00035226365011658775,0.004227909891679893
1374,1030,0,0,501876800,3993873007,3491996208,0.2985951536851488,65520,0.0003522634716290214,0.0003522637497139706,0.004227909891679893
1375,1030,0,0,501876800,3993073752,3491196953,0.2989253983750366,65521,0.00033024448458043404,0.0003302446898877792,0.0039922782726164955
1376,1030,0,0,501876800,3992221408,3490344609,0.2992776622574844,65520,0.0003522634716290214,0.0003522638824451152,0.004227909891679893
1377,1030,0,0,501876800,3988706351,3486829552,0.30073130397957826,65470,0.0014536415241189304,0.0014536417220948172,0.013042404865123435
1378,1030,0,0,501876800,3987908279,3486031480,0.30106154848507316,65521,0.00033024448458043404,0.0003302445054952672,0.0039922782726164955
1379,1030,0,0,501876800,3987110389,3485233590,0.301391793265509,65521,0.00033024448458043404,0.00033024478043589553,0.0039922782726164955
1380,1030,0,0,501876800,3986312682,3484435883,0.30172203788972496,65521,0.00033024448458043404,0.00033024462421531837,0.0039922782726164955
1381,1030,0,0,501876800,3985461989,3483585190,0.30207430162878524,65520,0.0003522634716290214,0.00035226373906125806,0.004227909891679893
1382,1030,0,0,501876800,3984452038,3482575239,0.3024926242684387,65517,0.000418322449221962,0.00041832263965200286,0.00492328406377429
1383,1030,0,0,501876800,3983654939,3481778140,0.3028228690784971,65521,0.00033024448458043404,0.0003302448100599557,0.0039922782726164955
1384,1030,0,0,501876800,3982539256,3480662457,0.30328523290700105,65515,0.0004623634480924974,0.00046236382850420657,0.005375545368984679
1385,1030,0,0,501876800,3981742595,3479865796,0.3036154776347608,65521,0.00033024448458043404,0.00033024472775982754,0.0039922782726164955
1386,1030,0,0,501876800,3977547810,3475671011,0.305355615432525,65457,0.0017401375958717572,0.0017401377977640984,0.015534566638160179
1387,1030,0,0,501876800,3677213262,3175336463,0.4357376760870153,59873,0.13038206063760882,0.13038206065449012,0.4487362020045279
1388,1031,1,0,1003753600,3379151019,2375397420,0.8544782397712787,24513,1.4187405625914697,1.418740563684264,2.593565100354595
1389,1032,1,0,2007507200,4212549883,2205042684,0.9618405630658167,30418,1.1073623222513125,1.107362323294536,1.616503242944187
1390,1032,0,0,2007507200,4071504672,2063997473,1.0572059415765054,61344,0.0953653783318494,0.09536537851069021,0.4731061293654252
1391,1032,0,0,2007507200,4070937778,2063430579,1.0576022441442774,65518,0.0003963024539395264,0.0003963025677728386,0.004687653452683203
1392,1032,0,0,2007507200,4070465496,2062958297,1.057932488783237,65521,0.00033024448458043404,0.00033024463895749774,0.0039922782726164955
1393,1035,3,0,248787048,4083592823,3834805776,0.16349363558602548,15228,2.105561145437738,2.1055611468027875,2.623877418529925
1394,1035,0,0,248787048,4068379054,3819592007,0.16922860223258596,65276,0.005734966281026274,0.005734966646563183,0.04403425620614134
1395,1035,0,0,248787048,3665065200,3416278153,0.3302217021979672,58616,0.16099309966056247,0.16099309996537947,0.7457291736202304
1396,1035,0,0,248787048,3663032197,3414245150,0.3310804953834108,65497,0.0008587929491977406,0.0008587931854452785,0.009174023617324074
1397,1035,0,0,248787048,3661781863,3412994816,0.33160892288571375,65512,0.0005284274673163702,0.0005284275023011494,0.0060593958318253035
1398,1035,0,0,248787048,3660792377,3412005330,0.33202724567683006,65517,0.000418322449221962,0.0004183227911188433,0.004904285154810719
1399,1035,0,0,248787048,3659751115,3410964068,0.3324675887145041,65516,0.0004403427806028656,0.00044034303767172327,0.005139915429900777
1400,1035,0,0,248787048,3658866312,3410079265,0.33284187189820713,65519,0.0003742827947452993,0.00037428318370228943,0.004463541174757649
1401,1035,0,0,248787048,3657565469,3408778422,0.3333923217987582,65511,0.0005504494793435254,0.0005504499005515314,0.0062094281061174
1402,1035,0,0,248787048,3656733247,3407946200,0.33374458556907527,65520,0.0003522634716290214,0.00035226377031831474,0.004227909891679893
1403,1035,0,0,248787048,3655849227,3407062180,0.33411886868248786,65519,0.0003742827947452993,0.00037428311341273157,0.004463541174757649
1404,1035,0,0,248787048,3654965437,3406178390,0.3344931515055407,65519,0.0003742827947452993,0.00037428282305283317,0.004463541174757649
1405,1035,0,0,248787048,3654185824,3405398777,0.33482339625980373,65521,0.00033024448458043404,0.0003302447542612737,0.0039922782726164955
1406,1035,0,0,248787048,3653250503,3404463456,0.33521969883705083,65518,0.0003963024539395264,0.0003963025772490947,0.004699172121844633
1407,1035,0,0,248787048,3651899855,3403112808,0.33579217077760504,65510,0.0005724718275307164,0.0005724719405522394,0.006455936545791177
1408,1035,0,0,248787048,3651017089,3402230042,0.33616645379777665,65519,0.0003742827947452993,0.00037428302017395966,0.004463541174757649
1409,1035,0,0,248787048,3649771155,3400984108,0.33669488132733605,65512,0.0005284274673163702,0.0005284275295585161,0.00604635333652084
1410,1035,0,0,248787048,3648992731,3400205684,0.33702512602973655,65521,0.00033024448458043404,0.00033024470240002355,0.0039922782726164955
1411,1035,0,0,248787048,3644945855,3396158808,0.3387432235900363,65458,0.0017180974165047324,0.0017180975603007028,0.01563384826803552
1412,1035,0,0,248787048,3410869174,3162082127,0.4417723075151301,61019,0.10302908371429131,0.10302908392509466,0.3869330019115988
1413,1040,5,0,335380512,2456816479,2121435968,1.0176060120671515,1374,5.5758337111819,5.575833704552019,2.497435240859733
1414,1041,1,0,670761024,3632018383,2961257360,0.5364372668252066,45740,0.518831254700965,0.5188312547580578,0.9255715278539893
1415,1041,0,0,670761024,2555932811,1885171788,1.1879511496268975,41721,0.6515138825892537,0.6515138828016878,1.6183405575924197
1416,1041,0,3,594449680,3827684991,3233235312,0.4096686366624809,14050,2.221717490004349,2.221717487035585,1.8775162473730915
1417,1041,0,3,594449680,3304583275,2710133596,0.6642831750485811,54933,0.2546145380072545,0.2546145383861003,0.7053602107583155
1418,1051,10,1,1370786816,3689221375,2318434560,0.8894961401535184,219,8.225212940398826,8.225212965104937,2.601638335401749
1419,1051,0,1,1370786816,3684197911,2313411096,0.8926254885734295,65394,0.0031293481422027154,0.0031293484199096384,0.03003351884320249
1420,1051,0,2,594089984,3793950959,3199860976,0.4246379201487116,45324,0.5320124308386711,0.5320124315752841,0.9284699681169574
1421,1057,6,0,964903856,2349218719,1384314864,1.6334750230771888,1772,5.208837111444982,5.208837102928477,1.4658519812075899
1422,1061,4,1,1426527776,4161360735,2734832960,0.6511944282204354,4046,4.017719395441717,4.0177194051432465,1.253637828929136
1423,1061,0,1,1426527776,3961222507,2534694732,0.760835140461321,60740,0.10964071194517791,0.10964071224088415,0.5447856423717747
1424,1061,0,1,1426527776,3958515160,2531987385,0.7623769291002809,65466,0.0015417881020707706,0.001541788638959332,0.015600815019407816
1425,1061,0,1,1426527776,3957781093,2531253318,0.762795252024322,65517,0.000418322449221962,0.0004183229240406365,0.004934802732935719
1426,1061,0,1,1426527776,3957008615,2530480840,0.7632355952559742,65516,0.0004403427806028656,0.00044034323165162605,0.005115354265434883
1427,1061,0,1,1426527776,3956120537,2529592762,0.7637420012257081,65513,0.0005064057914389884,0.0005064059697357279,0.005822243074647608
1428,1061,0,1,1426527776,3955541559,2529013784,0.7640722458041047,65521,0.00033024448458043404,0.0003302445783974342,0.0039922782726164955
1429,1061,0,1,1426527776,3954769765,2528241990,0.7645125887231856,65516,0.0004403427806028656,0.00044034291908136243,0.005158914338864347
1430,1061,0,1,1426527776,3953959628,2527431853,0.7649749526646268,65515,0.0004623634480924974,0.0004623639414408379,0.00538302560878682
1431,1061,0,1,1426527776,3953265448,2526737673,0.76537125518065,65518,0.0003963024539395264,0.0003963025160236075,0.004687653452683203
1432,1061,0,1,1426527776,3952224464,2525696689,0.7659657497819055,65509,0.0005944945118882062,0.0005944946012525713,0.006661046890605435
1433,1061,0,1,1426527776,3951530760,2525002985,0.7663620526276631,65518,0.0003963024539395264,0.00039630284575813124,0.004699172121844633
1434,1061,0,1,1426527776,3950798718,2524270943,0.7667803754937133,65517,0.000418322449221962,0.00041832286605221605,0.00492328406377429
1435,1061,0,1,1426527776,3949835785,2523308010,0.7673308250037074,65511,0.0005504494793435254,0.0005504495099915064,0.0062819819315288305
1436,1061,0,1,1426527776,3949258245,2522730470,0.7676610698485895,65521,0.00033024448458043404,0.00033024484488404694,0.0039922782726164955
1437,1061,0,1,1426527776,3948257405,2521729630,0.7682335421826139,65510,0.0005724718275307164,0.000572472334024086,0.006506091521343589
1438,1061,0,1,1426527776,3947680226,2521152451,0.7685637871779427,65521,0.00033024448458043404,0.0003302449953286453,0.0039922782726164955
1439,1061,0,1,1426527776,3943025388,2516497613,0.7712299166330041,65415,0.002666129309875501,0.002666129455062412,0.022422915525364618
1440,1061,0,1,1426527776,3736248354,2309720579,0.8949288154433752,60151,0.12369889829361205,0.1236988988103694,0.44026617314039984
1441,1064,3,0,1411143808,3506160743,2095016936,1.0356852393757698,14861,2.1407564220370183,2.1407564239323946,3.3674360858436616
1442,1064,0,0,1411143808,3470581002,2059437195,1.060397015847208,64423,0.024711775868480765,0.024711776471438324,0.13129110010050385
1443,1064,0,1,674803968,3846417693,3171613726,0.4374300715413355,50464,0.37703305520948976,0.3770330556941295,1.095354530614344
1444,1069,5,0,1518669568,4046823567,2528154000,0.7645627994807747,3265,4.327132723566207,4.327132727939437,2.2399723136016667
1445,1069,0,0,1518669568,3562919090,2044249523,1.0710758422902096,52992,0.30651304250067474,0.30651304280943303,0.8724088909092269
1446,1069,0,0,1518669568,3357109178,1838439611,1.2241653582904313,58938,0.15308951552032368,0.1530895160002242,0.6531257183620834
1447,1069,0,1,889855488,2273566305,1383710818,1.6341046806617783,24663,1.4099393210391375,1.4099393223713452,2.8147901495331795
1448,1071,2,0,1779710976,3355725841,1576014866,1.4463660027148002,37322,0.8122613214856996,0.812261322053024,2.300055564196087
1449,1071,0,0,1779710976,3338026455,1558315480,1.4626598103312034,64800,0.016293807340650578,0.016293807616402887,0.09422514502685729
1450,1071,0,1,1411938304,3630521485,2218583182,0.9530085004466997,46652,0.49034868882192667,0.49034869011549664,0.9764777290152933
1451,1071,0,1,1411938304,3610074337,2198136034,0.9663664742378231,64932,0.013357973296392317,0.01335797379112083,0.07951132096508
1452,1073,2,2,1185068392,3534540943,2349472552,0.8703102326372516,8756,2.903943760819054,2.9039437583994308,1.202055944098886
1453,1076,3,0,651214710,2772106985,2120892276,1.0179758004057007,29580,1.14766556801357,1.147665567768448,0.9997436444513357
1454,1076,0,0,651214710,2656250137,2005035428,1.0990194173892327,61956,0.08104361651748412,0.08104361698353117,0.42183770966610545
1455,1076,0,0,651214710,2647316568,1996101859,1.1054618042339968,65244,0.006442386480742218,0.006442386844767155,0.05066506531131387
1456,1076,0,0,651214710,2600136975,1948922266,1.1399705970766298,63987,0.034508792534754126,0.034508792842631815,0.17853390022928647
1457,1076,0,0,651214710,2586754787,1935540078,1.1499109651036292,65086,0.00994036742343168,0.009940368026998167,0.06844897442420673
1458,1076,0,0,651214710,2585750631,1934535922,1.1506596278761378,65502,0.0007486627160211863,0.0007486627725083212,0.008305115016520023
1459,1076,0,0,651214710,2585248813,1934034104,1.1510339110553076,65519,0.0003742827947452993,0.0003742831791714691,0.004463541174757649
1460,1076,0,0,651214710,2584688103,1933473394,1.1514522339893745,65517,0.000418322449221962,0.0004183229340669046,0.00492328406377429
1461,1076,0,0,651214710,2584186561,1932971852,1.1518265168844977,65519,0.0003742827947452993,0.0003742828951241185,0.004463541174757649
1462,1076,0,0,651214710,2583685149,1932470440,1.1522007998540822,65519,0.0003742827947452993,0.0003742829695824157,0.004463541174757649
1463,1076,0,0,651214710,2583124892,1931910183,1.152619123037038,65517,0.000418322449221962,0.0004183231829575278,0.004911765394612859
1464,1076,0,0,651214710,2582682712,1931468003,1.152949368156854,65521,0.00033024448458043404,0.0003302451198163445,0.0039922782726164955
1465,1076,0,0,651214710,2582211162,1930996453,1.1533016317738607,65520,0.0003522634716290214,0.0003522636170046146,0.004227909891679893
1466,1076,0,0,651214710,2581710262,1930495553,1.1536759150555085,65519,0.0003742827947452993,0.0003742832816495578,0.004463541174757649
1467,1076,0,0,651214710,2581238949,1930024240,1.1540281789824647,65520,0.0003522634716290214,0.0003522639269549396,0.004227909891679893
1468,1076,0,0,651214710,2580767751,1929553042,1.154380442959365,65520,0.0003522634716290214,0.0003522639768995827,0.004227909891679893
1469,1076,0,0,651214710,2580149455,1928934746,1.1548428067814882,65515,0.0004623634480924974,0.0004623638221225378,0.00538302560878682
1470,1076,0,0,651214710,2579649090,1928434381,1.1552170899182137,65519,0.0003742827947452993,0.00037428313672675025,0.004463541174757649
1471,1076,0,0,651214710,2579031152,1927816443,1.1556794540830424,65515,0.0004623634480924974,0.00046236416483032885,0.00539454427794825
1472,1076,0,0,651214710,2578589909,1927375200,1.15600969919128,65521,0.00033024448458043404,0.00033024510823603006,0.0039922782726164955
1473,1076,0,0,651214710,2577354713,1926140004,1.1569345748491777,65494,0.0009248751246666447,0.0009248756578962919,0.009438046973046966
1474,1076,0,0,651214710,2496648224,1845433515,1.2186873831295237,62790,0.06175280813577233,0.06175280828034924,0.2584201643433546
1475,1077,1,0,1302429420,3635352939,2332923520,0.8805081336446037,41424,0.6618207500998888,0.6618207505150786,1.3976317983172324
1476,1077,0,0,1302429420,3611466957,2309037538,0.8953555188323143,64865,0.014847384859444186,0.014847385187710156,0.10129429359051015
1477,1077,0,0,1302429420,3435230907,2132801488,1.0098974539431431,60534,0.1145419350311047,0.11454193511082816,0.43193588787973053
1478,1077,0,1,457375192,2191252719,1733877528,1.3086451482539445,26639,1.2987476942770804,1.2987476943108016,1.710023625032371
1479,1079,2,0,914750384,4266412687,3351662304,0.35777034807646757,63342,0.049125199808023,0.04912519982252525,0.21470396079019266
1480,1079,0,0,914750384,3143481027,2228730644,0.9464248775752324,43579,0.5886545288979103,0.5886545294987644,1.1359928223978935
1481,1079,0,0,914750384,3142902895,2228152512,0.9467991607434776,65519,0.0003742827947452993,0.00037428316824254717,0.004463541174757649
1482,1079,0,0,914750384,3090612572,2175862189,0.9810599614578308,63998,0.03426080026239635,0.03426080071435485,0.16619551587965198
1483,1079,0,0,914750384,2667697951,1752947568,1.2928643013810053,52798,0.3118043394412669,0.3118043399231734,1.0545760835288647
1484,1079,0,0,914750384,2664621947,1749871564,1.2953981101162206,65421,0.00253380838518502,0.002533808735217153,0.02053005940215008
1485,1079,0,0,914750384,2567243687,1652493304,1.3780027201540328,61889,0.08260460932574862,0.08260461003781243,0.3496108691369784
1486,1079,0,0,914750384,2564949117,1650198734,1.3800073668207595,65445,0.0020046460149816775,0.0020046466667245754,0.016942620352611747
1487,1079,0,0,914750384,2564143355,1649392972,1.3807119805840493,65504,0.0007046129765893727,0.000704613763291059,0.007678516715224652
1488,1079,0,0,914750384,2182675928,1267925545,1.7601771158463855,50379,0.37946513492780515,0.37946513526233694,0.8004496792124043
1489,1080,1,0,1829500768,4043881963,2214381196,0.9557435488986137,57228,0.19556643188448633,0.19556643305222857,0.6702589095126578
1490,1080,0,0,1829500768,4041347804,2211847037,0.9573955283398661,65461,0.0016519788985902288,0.0016519794412494374,0.016580175641087054
1491,1080,0,0,1829500768,4040301550,2210800783,0.958078117389185,65505,0.0006825886112264284,0.000682589049321238,0.007567719718570308
1492,1080,0,0,1829500768,4039728069,2210227302,0.9584524005574799,65519,0.0003742827947452993,0.0003742831682936551,0.004463541174757649
1493,1080,0,0,1829500768,4039053561,2209552794,0.9588927434401846,65516,0.0004403427806028656,0.0004403428827036818,0.005139915429900777
1494,1080,0,0,1829500768,4038446689,2208945922,0.9592890460246757,65518,0.0003963024539395264,0.00039630258449066736,0.004687653452683203
1495,1080,0,0,1829500768,4037907395,2208406628,0.95964130986345,65520,0.0003522634716290214,0.000352263838776716,0.004227909891679893
1496,1080,0,0,1829500768,4037199745,2207698978,0.9601036734233439,65515,0.0004623634480924974,0.00046236355989154776,0.005350984204518786
1497,1080,0,0,1829500768,4036660755,2207159988,0.9604559375431876,65520,0.0003522634716290214,0.00035226411984638577,0.004227909891679893
1498,1080,0,0,1829500768,4036121897,2206621130,0.9608082013947126,65520,0.0003522634716290214,0.00035226385152418,0.004227909891679893
1499,1080,0,0,1829500768,4035414819,2205914052,0.9612705650431721,65515,0.0004623634480924974,0.00046236364845959335,0.005350984204518786
1500,1080,0,0,1829500768,4034909925,2205409158,0.9616008097513848,65521,0.00033024448458043404,0.0003302447082109277,0.0039922782726164955
1501,1080,0,0,1829500768,4034337843,2204837076,0.961975092648629,65519,0.0003742827947452993,0.00037428289724421564,0.004463541174757649
1502,1080,0,0,1829500768,4033564050,2204063283,0.9624814988925152,65513,0.0005064057914389884,0.0005064062438870015,0.005810724405486178
1503,1080,0,0,1829500768,4033025948,2203525181,0.9628337627651931,65520,0.0003522634716290214,0.00035226387267788575,0.004227909891679893
1504,1080,0,0,1829500768,4032353485,2202852718,0.9632741058610641,65516,0.0004403427806028656,0.0004403430958717184,0.005158914338864347
1505,1080,0,0,1829500768,4031849292,2202348525,0.9636043503624165,65521,0.00033024448458043404,0.0003302445013530895,0.0039922782726164955
1506,1080,0,0,1829500768,4029967402,2200466635,0.964837649257408,65480,0.0012332986384842029,0.0012332988949903193,0.011798885083275009
1507,1080,0,0,1829500768,3879309842,2049809075,1.0671576067114152,61049,0.10231995679981642,0.10231995745400872,0.38458126517543645
1508,1085,5,0,971618368,3385748991,2414130624,0.831143406333986,2412,4.763985808099915,4.76398579962257,3.251837452655178
1509,1085,0,0,971618368,3348065036,2376446669,0.8538411202340193,64513,0.022697713469028807,0.0226977139000324,0.11961523596088601
1510,1085,0,0,971618368,3347412325,2375793958,0.8542374229479037,65518,0.0003963024539395264,0.0003963027138840923,0.004699172121844633
1511,1085,0,0,971618368,2346828080,1375209713,1.6429955064054838,37935,0.788758082728243,0.7887580834575805,2.3522151095205475
1512,1085,0,0,971618368,2343764410,1372146043,1.6462131045184094,65390,0.0032175971660184,0.0032175981129273007,0.02587183174923316
1513,1085,0,0,971618368,2334489191,1362870824,1.6559983193117098,65093,0.009785213899499923,0.009785214793298783,0.06688573612315873
1514,1086,1,0,1943236736,4071100327,2127863592,1.0132414770603688,51161,0.3572431568380914,0.3572431577486596,0.8485860415046794
1515,1086,0,0,1943236736,3841449765,1898213030,1.1780052358052941,58463,0.16476375822286973,0.16476375874492516,0.71591779974878
1516,1086,0,1,1738989824,4126701757,2387711934,0.8470183531539845,41218,0.6690131170310185,0.6690131173486895,1.653036686948079
1517,1090,4,0,979097232,2316355815,1337258584,1.6833686814925208,4588,3.836350323984175,3.8363503283385376,0.608765624699968
1518,1090,0,0,979097232,2315294757,1336197526,1.684513853234332,65484,0.001145170906201281,0.0011451717418105108,0.012229773189320637
1519,1090,0,0,979097232,2314438429,1335341198,1.6854387286180845,65494,0.0009248751246666447,0.0009248753837528356,0.009955365080680841
1520,1090,0,0,979097232,2313990163,1334892932,1.6859231139639306,65514,0.000484384451701118,0.00048438534584552555,0.0056111749720572975
1521,1090,0,0,979097232,2313562417,1334465186,1.6863854775816698,65515,0.0004623634480924974,0.0004623636177407425,0.0053394655353573555
1522,1090,0,0,979097232,2313175532,1334078301,1.6868038009685868,65517,0.000418322449221962,0.0004183233869142749,0.004904285154810719
1523,1090,0,0,979097232,2312809116,1333711885,1.6872001039103992,65518,0.0003963024539395264,0.0003963029418134698,0.004687653452683203
1524,1090,0,0,979097232,2312402099,1333304868,1.6876404471601028,65516,0.0004403427806028656,0.0004403432497044394,0.005147395669702917
1525,1090,0,0,979097232,2311974862,1332877631,1.6881028106379894,65515,0.0004623634480924974,0.00046236347788734415,0.00538302560878682
1526,1090,0,0,979097232,2311629114,1332531883,1.688477093782982,65519,0.0003742827947452993,0.0003742831449914921,0.004463541174757649
1527,1090,0,0,979097232,2311019129,1331921898,1.689137658703391,65506,0.0006605645820851047,0.0006605649204098566,0.007324368569720869
1528,1090,0,0,979097232,2310673629,1331576398,1.689511941758255,65519,0.0003742827947452993,0.00037428305486165124,0.004452022505596219
1529,1090,0,0,979097232,2310307900,1331210669,1.6899082448832523,65518,0.0003963024539395264,0.0003963031249972692,0.004699172121844633
1530,1090,0,0,979097232,2309840708,1330743477,1.6904146514939562,65513,0.0005064057914389884,0.000506406610704601,0.005793249322665642
1531,1090,0,0,979097232,2309434597,1330337366,1.6908549946213292,65516,0.0004403427806028656,0.0004403431273726159,0.005139915429900777
1532,1090,0,0,979097232,2309008310,1329911079,1.6913173590650068,65515,0.0004623634480924974,0.0004623644436784924,0.00538302560878682
1533,1090,0,0,979097232,2308703917,1329606686,1.691647604103622,65521,0.00033024448458043404,0.0003302450386142819,0.0039922782726164955
1534,1090,0,0,979097232,2307709795,1328612564,1.6927266836011476,65487,0.0010790786396167112,0.0010790794975263198,0.010817633288522097
1535,1090,0,0,979097232,2230266862,1251169631,1.7793697456290936,61716,0.0866430609263866,0.0866430620279468,0.3405667495120878
1536,1095,5,0,1010749184,2263140639,1252391456,1.7779615746701865,2050,4.998591805607192,4.998591829041093,1.986646777710416
1537,1095,0,0,1010749184,2197880067,1187130884,1.8551681417094805,62121,0.07720656658771811,0.0772065670392939,0.4214212511600498
1538,1095,0,0,1010749184,2182972097,1172222914,1.8734002022412817,64713,0.0182320604493976,0.018232060531802194,0.09982324905087916
1539,1096,1,0,2021498368,3742699943,1721201576,1.3192310796258333,48114,0.4458308763146095,0.44583087738455085,1.5509932132335116
1540,1096,0,0,2021498368,3739259430,1717761063,1.3221177714688643,65405,0.0028866911572534176,0.0028866918430306854,0.026171871284647562
1541,1096,0,0,2021498368,3738604156,1717105789,1.3226682210801144,65511,0.0005504494793435254,0.0005504496112513639,0.00629350060069026
1542,1096,0,0,2021498368,3737791926,1716293559,1.3233508100225322,65505,0.0006825886112264284,0.000682588942415573,0.007334214943960834
1543,1096,0,0,2021498368,3737163400,1715665033,1.3238792379327755,65512,0.0005284274673163702,0.0005284279102441738,0.0060578720056822695
1544,1096,0,0,2021498368,3736639820,1715141453,1.3243195812039303,65516,0.0004403427806028656,0.0004403432711552032,0.005115354265434883
1545,1096,0,0,2021498368,3736011716,1714513349,1.324848009041954,65512,0.0005284274673163702,0.0005284278380232238,0.006070914500986733
1546,1096,0,0,2021498368,3735540810,1714042443,1.3252443122065571,65518,0.0003963024539395264,0.0003963031646047417,0.004699172121844633
1547,1096,0,0,2021498368,3735096188,1713597821,1.3256185953335269,65519,0.0003742827947452993,0.00037428312696930496,0.004463541174757649
1548,1096,0,0,2021498368,3734442502,1712944135,1.326169045072099,65511,0.0005504494793435254,0.0005504497385696645,0.0062203082868149875
1549,1096,0,0,2021498368,3734024302,1712525935,1.3265213091741153,65520,0.0003522634716290214,0.00035226410201704664,0.004227909891679893
1550,1096,0,0,2021498368,3733553942,1712055575,1.326917612221198,65518,0.0003963024539395264,0.0003963030470835931,0.004699172121844633
1551,1096,0,0,2021498368,3732926968,1711428601,1.3274460401292458,65512,0.0005284274673163702,0.0005284279080475806,0.006017359584538874
1552,1096,0,0,2021498368,3732404681,1710906314,1.327886383280564,65516,0.0004403427806028656,0.0004403431513192903,0.005139915429900777
1553,1096,0,0,2021498368,3731830341,1710331974,1.3283707678266374,65514,0.000484384451701118,0.00048438454607162583,0.005599656302895868
1554,1096,0,0,2021498368,3731438877,1709940510,1.328701012376797,65521,0.00033024448458043404,0.0003302445501606151,0.0039922782726164955
1555,1096,0,0,2021498368,3730134295,1708635928,1.3298021222143745,65486,0.001101109058724726,0.001101109837578119,0.010989616245375165
1556,1096,0,0,2021498368,3555427731,1533929364,1.4854150963888095,58835,0.15561297381886616,0.15561297417443223,0.5340727907940531
1557,1100,4,1,1026171008,3966701599,2940530592,0.546570646264751,3926,4.061155542533829,4.0611555498759415,3.586334667465985
1558,1100,0,1,1026171008,3953420393,2927249386,0.5531014851256231,65240,0.006530838400753308,0.006530838860875034,0.05644970937716414
1559,1100,0,1,1026171008,3945380462,2919209455,0.557069417239763,65356,0.0039679318989496466,0.003967932114139827,0.03281311800402478
1560,1100,0,1,1026171008,2562301641,1536130634,1.4833462365887051,34486,0.9262768188429817,0.9262768193489405,1.4863426561664104
1561,1100,0,1,1026171008,2529837942,1503666935,1.5141621032248693,64151,0.030815865910397085,0.030815866636163557,0.1567518191694414
1562,1100,0,1,1026171008,2528713679,1502542672,1.5152411821597482,65487,0.0010790786396167112,0.00107907893487866,0.011377656141112148
1563,1100,0,1,1026171008,2528140504,1501969497,1.5157916320787876,65511,0.0005504494793435254,0.0005504499190417151,0.00629350060069026
1564,1100,0,1,1026171008,2527544629,1501373622,1.5163641047432215,65510,0.0005724718275307164,0.0005724726644326057,0.006420101042470913
1565,1100,0,1,1026171008,2527109355,1500938348,1.5167824274571196,65517,0.000418322449221962,0.00041832271389675963,0.00492328406377429
1566,1100,0,1,1026171008,2526651304,1500480297,1.5172227711675212,65516,0.0004403427806028656,0.0004403437104019822,0.005128396760739348
1567,1100,0,1,1026171008,2526056020,1499885013,1.5177952436482052,65510,0.0005724718275307164,0.0005724724806856433,0.0064369376368276065
1568,1100,0,1,1026171008,2525689837,1499518830,1.5181475072501982,65520,0.0003522634716290214,0.0003522636019924159,0.004227909891679893
1569,1100,0,1,1026171008,2525323743,1499152736,1.5184997712372983,65520,0.0003522634716290214,0.0003522639871013029,0.004227909891679893
1570,1100,0,1,1026171008,2524911988,1498740981,1.5188960740794784,65518,0.0003963024539395264,0.00039630284217747887,0.004699172121844633
1571,1100,0,1,1026171008,2524546084,1498375077,1.5192483379749326,65520,0.0003522634716290214,0.00035226389545708664,0.004227909891679893
1572,1100,0,1,1026171008,2524157406,1497986399,1.5196226211385238,65519,0.0003742827947452993,0.0003742831635896446,0.004463541174757649
1573,1100,0,1,1026171008,2523700256,1497529249,1.5200629647191057,65516,0.0004403427806028656,0.00044034358058050424,0.005139915429900777
1574,1100,0,1,1026171008,2523243246,1497072239,1.5205033078287933,65516,0.0004403427806028656,0.0004403431096907124,0.005139915429900777
1575,1100,0,1,1026171008,2522809219,1496638212,1.5209216305858888,65517,0.000418322449221962,0.0004183227570922729,0.00492328406377429
1576,1100,0,1,1026171008,2522466665,1496295658,1.5212518757437579,65521,0.00033024448458043404,0.0003302451578689472,0.0039922782726164955
1577,1100,0,1,1026171008,2521256587,1495085580,1.5224190781068216,65483,0.0011672023345903715,0.0011672023630667154,0.011531302148489362
1578,1100,0,1,1026171008,2389031305,1362860298,1.6560094618692993,59740,0.13359038280184715,0.13359038376247634,0.4653956037039195
1579,1100,0,6,1703174208,3358836511,1655662304,1.3752387014531138,2488,4.719229229869398,4.719229239583815,2.58312430074633
1580,1111,11,1,825569792,3705193343,2879623552,0.5767669229435199,1781,5.201528198898381,5.201528221490407,2.4053058237622276
1581,1111,0,1,825569792,2947279728,2121709937,1.0174197098625797,48287,0.44065278666805535,0.4406527869190591,0.9639233426838909
1582,1111,0,1,825569792,2597697454,1772127663,1.2771646075029857,54738,0.25974489752688984,0.25974489764040415,0.9743775945008353
1583,1111,0,1,825569792,2580824168,1755254377,1.290967020416911,64912,0.013802412793727131,0.013802412913926311,0.08924961224480535
1584,1111,0,1,825569792,2576565662,1750995871,1.2944714642381818,65377,0.0035044437801235195,0.00350444382127222,0.03070801613992908
1585,1111,0,2,987684784,2292007849,1304323066,1.7193458930174117,24409,1.4248744291656914,1.4248744287792292,1.5653709161224116
1586,1115,4,0,1941999244,3255397799,1313398556,1.709342371813655,16498,1.989996478704795,1.9899964787962425,2.1882241720640105
1587,1115,0,3,503608416,3009358663,2505750248,0.7774045198327677,15629,2.068062148011523,2.0680621480191133,2.760098987985194
1588,1119,4,0,1007216832,3580336645,2573119814,0.7391285101471645,33649,0.9617239898045002,0.9617239903143955,1.2694302715499748
1589,1119,0,0,1007216832,2855076189,1847859358,1.2167921897128622,47064,0.4776636790866949,0.4776636795656978,0.8718559463480821
1590,1119,0,0,1007216832,2219987319,1212770488,1.8243405940329964,43012,0.6075484042343131,0.607548404320134,1.5531710381159742
1591,1119,0,0,1007216832,2216859904,1209643073,1.828065728907326,65367,0.003725133837594948,0.003725134874331289,0.027971198785859578
1592,1123,4,0,865872640,2542126079,1676253440,1.357406853188479,5676,3.5293411259394487,3.529341124281153,1.4429145983508742
1593,1123,0,2,1063016216,2172981643,1109965428,1.9521324042398902,10849,2.5947255511935716,2.59472555105141,2.3973798285374057
1594,1126,3,1,2104581216,3978867319,1874286104,1.1963059532530096,27666,1.2441735488669163,1.24417354901312,2.789481887768088
1595,1126,0,1,2104581216,3977551749,1872970534,1.1973189430619655,65490,0.00101298940069043,0.0010129898089567442,0.010852375188788644
1596,1126,0,1,2104581216,3698875362,1594294147,1.429729315136921,55785,0.23241037177949384,0.23241037207495438,1.000097693553432
1597,1126,0,1,2104581216,3476331983,1371750768,1.6466287624862659,56388,0.2168994468777282,0.21689944734934521,0.5990626569346048
1598,1131,5,0,838405360,3402400447,2563995088,0.7442536479123234,7656,3.0976248855139743,3.0976248854260566,2.5835186141396584
1599,1131,0,0,838405360,3352713652,2514308293,0.7724855887321986,64266,0.028231940510285207,0.028231940819876282,0.1680176830818156
1600,1133,2,0,1062808704,4151215343,3088406640,0.4757844261512254,20125,1.703298837223296,1.7032988374190274,1.3168301112335659
1601,1133,0,0,1062808704,4149141827,3086333124,0.4767533581150616,65492,0.0009689315899683129,0.0009689319638339935,0.00999784243487321
1602,1133,0,0,1062808704,4147681922,3084873219,0.47743594677792345,65505,0.0006825886112264284,0.0006825886628628598,0.007615073891052001
1603,1134,1,0,533585750,2714969945,2181384196,0.9774032591849959,23171,1.4999673119444512,1.499967312407073,1.5499294214404769
1604,1135,1,0,1067171500,3403798247,2336626748,0.8782198491271167,35100,0.9008165899207146,0.9008165899421194,1.8448512861526256
1605,1135,0,0,1067171500,3288956408,2221784909,0.950927989835403,62315,0.07270814065482475,0.07270814070828907,0.3006100815598902
1606,1135,0,0,1067171500,3288346176,2221174677,0.951324292646035,65518,0.0003963024539395264,0.0003963028106318815,0.004687653452683203
1607,1136,1,0,2134343000,4031912697,1897569698,1.1784942690094802,27994,1.2271699753454752,1.2271699763634432,1.751758941742525
1608,1136,0,0,2134343000,4031420468,1897077469,1.1788685522089501,65519,0.0003742827947452993,0.0003742831994712426,0.004463541174757649
1609,1136,0,0,2134343000,4030204689,1895861690,1.179793427784677,65494,0.0009248751246666447,0.0009248755757265163,0.009875725173624054
1610,1136,0,1,2121202352,4248261041,2127058690,1.013787305191034,36764,0.833993877049509,0.8339938774063563,1.4614188332217815
1611,1136,0,1,2121202352,4208339742,2087137391,1.041121573407569,64306,0.027334267556650037,0.02733426821653475,0.16088511939852024
1612,1136,0,1,2121202352,4198339724,2077137373,1.0480505129837674,65222,0.006928939164205971,0.006928939576197861,0.054413851120395686
1613,1136,0,1,2121202352,4197674137,2076471786,1.0485128766947653,65515,0.0004623634480924974,0.0004623637109997873,0.00539454427794825
1614,1136,0,1,2121202352,4196565181,2075362830,1.0492835650808807,65501,0.0007706880901105886,0.0007706883861150404,0.008265199229083257
1615,1136,0,1,2121202352,4195710157,2074507806,1.0498780601918334,65509,0.0005944945118882062,0.0005944951109536123,0.006703083137891865
1616,1136,0,1,2121202352,4195108721,2073906370,1.0502963832926042,65517,0.000418322449221962,0.00041832310077013503,0.004911765394612859
1617,1136,0,1,2121202352,4194444169,2073241818,1.050758747230212,65515,0.0004623634480924974,0.0004623639376057482,0.00536402669982325
1618,1136,0,1,2121202352,4193495114,2072292763,1.0514193119603803,65506,0.0006605645820851047,0.000660564730168495,0.007263971901934712
1619,1136,0,1,2121202352,4192799459,2071597108,1.0519036964683366,65514,0.000484384451701118,0.00048438450795775694,0.0054891046595572975
1620,1136,0,1,2121202352,4191503446,2070301095,1.0528065441470638,65495,0.0009028473965228007,0.0009028476787259761,0.009514106733628841
1621,1136,0,1,2121202352,4190903230,2069700879,1.0532248669682431,65517,0.000418322449221962,0.0004183228211809851,0.004904285154810719
1622,1136,0,1,2121202352,4190397931,2069195580,1.053577131090968,65520,0.0003522634716290214,0.0003522641227242459,0.004227909891679893
1623,1136,0,1,2121202352,4189577022,2068374671,1.0541496029945314,65510,0.0005724718275307164,0.0005724719035645776,0.0065291288596664495
1624,1136,0,1,2121202352,4189103608,2067901257,1.0544798479032167,65521,0.00033024448458043404,0.00033024490868527843,0.0039922782726164955
1625,1136,0,1,2121202352,4188251658,2067049307,1.0550743430675276,65509,0.0005944945118882062,0.0005944951643091217,0.0067127256923008825
1626,1136,0,1,2121202352,4187778547,2066576196,1.0554045882220393,65521,0.00033024448458043404,0.00033024515451387143,0.0039922782726164955
1627,1136,0,1,2121202352,4185918073,2064715722,1.05670398649659,65477,0.0012993979706836883,0.001299398274547579,0.012704424580682638
1628,1136,0,1,2121202352,3902908103,1781705752,1.269388049996948,56553,0.21268406271956788,0.21268406350035832,0.6560418653047451
1629,1140,4,0,217216048,4102735239,3885519192,0.14453975827457555,17865,1.8751517065273675,1.8751517082776286,3.0000029299172977
1630,1140,0,2,1508758532,4003848095,2495089564,0.7835555423872833,10521,2.6390157840260313,2.639015784112707,3.1748054830307786
1631,1140,0,2,1508758532,3906497875,2397739344,0.8409723127652313,62979,0.05741677035249947,0.057416770377949324,0.2570139764187517
1632,1140,0,2,1508758532,3867679493,2358920962,0.8645200655630809,64475,0.023547752436061227,0.023547752797849545,0.1439960814523468
1633,1144,4,3,965096640,2947373503,1982276864,1.115488668643554,1721,5.2509686179597965,5.250968603080471,1.7123806952428493
1634,1144,0,3,965096640,2658604014,1693507375,1.3426328764224387,55989,0.22714420764244825,0.22714420777888492,0.7103486989645521
1635,1151,7,0,932566544,3714698159,2782131616,0.6264564740634917,6729,3.2838235941925715,3.2838235976410544,3.13239980960193
1636,1151,0,0,932566544,3625591496,2693024953,0.6734195484049117,63437,0.04696307430558259,0.04696307434141899,0.30468454294446096
1637,1151,0,0,932566544,3624975111,2692408568,0.6737497931598391,65521,0.00033024448458043404,0.00033024475492773897,0.0039922782726164955
1638,1151,0,0,932566544,3550080994,2617514451,0.7144496438802008,63713,0.0406998504491514,0.0406998507203631,0.2064832398685909
1639,1151,0,0,932566544,3549441952,2616875409,0.7148019075646275,65520,0.0003522634716290214,0.00035226368442501245,0.004227909891679893
1640,1151,0,0,932566544,2434506722,1501940179,1.515819793333801,37614,0.8010178848431226,0.8010178857691748,1.4308658385008781
1641,1151,0,0,932566544,2320330300,1387763757,1.6298851513056647,60554,0.11406535764804171,0.11406535797186428,0.4894393758643944
1642,1152,1,0,1865133088,3543595403,1678462316,1.3555069992852289,39632,0.725621846753637,0.7256218479795636,1.1165751992504405
1643,1152,0,0,1865133088,3513271620,1648138533,1.3818096337885493,64352,0.026302633694648112,0.026302634503319416,0.16274956626722514
1644,1152,0,1,1582782528,3703966191,2121183664,1.0177776030942027,42173,0.6359679682625144,0.6359679693056551,1.2835729028620118
1645,1156,4,0,1580757616,3903650511,2322892896,0.8867245101502199,8971,2.8689469035903574,2.8689469070560145,2.5437990943684783
1646,1156,0,0,1580757616,3439043576,1858285961,1.2086746191197975,52428,0.3219501088346263,0.3219501089695791,1.1500462814123398
1647,1156,0,0,1580757616,3430451952,1849694337,1.2153602617198516,65233,0.006685642311078238,0.006685642600053802,0.05608439019616917
1648,1156,0,0,1580757616,3419331658,1838574043,1.224059868130169,65142,0.008699606185148902,0.008699606410318656,0.06805224600512595
1649,1156,0,0,1580757616,3418742515,1837984900,1.2245222318267288,65515,0.0004623634480924974,0.00046236369655795707,0.00539454427794825
1650,1156,0,0,1580757616,3418013333,1837255718,1.2250947044229221,65510,0.0005724718275307164,0.0005724725961924095,0.006455936545791177
1651,1156,0,0,1580757616,3417172304,1836414689,1.2257552690649902,65506,0.0006605645820851047,0.000660564642069816,0.007362610717955069
1652,1156,0,0,1580757616,3416611874,1835854259,1.2261956124055757,65516,0.0004403427806028656,0.00044034334058391203,0.005128396760739348
1653,1156,0,0,1580757616,3415967577,1835209962,1.2267020181998305,65513,0.0005064057914389884,0.0005064057942578718,0.005791725496522608
1654,1156,0,0,1580757616,3415351509,1834593894,1.2271864028109327,65514,0.000484384451701118,0.0004843846110993079,0.0056111749720572975
1655,1156,0,0,1580757616,3414903610,1834145995,1.2275386663612942,65520,0.0003522634716290214,0.0003522635503634804,0.004227909891679893
1656,1156,0,0,1580757616,3414427833,1833670218,1.2279129496309338,65519,0.0003742827947452993,0.0003742832696393591,0.004463541174757649
1657,1156,0,0,1580757616,3414008139,1833250524,1.2282431942681846,65521,0.00033024448458043404,0.0003302446372509622,0.0039922782726164955
1658,1156,0,0,1580757616,3413560568,1832802953,1.2285954577959295,65520,0.0003522634716290214,0.00035226352774432975,0.004227909891679893
1659,1156,0,0,1580757616,3413057173,1832299558,1.2289917607492562,65518,0.0003963024539395264,0.0003963029533255821,0.004699172121844633
1660,1156,0,0,1580757616,3412637792,1831880177,1.2293220059530086,65521,0.00033024448458043404,0.0003302452037521963,0.0039922782726164955
1661,1156,0,0,1580757616,3412162603,1831404988,1.2296962890277605,65519,0.0003742827947452993,0.0003742830747549647,0.004463541174757649
1662,1156,0,0,1580757616,3411743427,1830985812,1.230026534035531,65521,0.00033024448458043404,0.00033024500776943685,0.0039922782726164955
1663,1156,0,0,1580757616,3410486188,1829728573,1.2310174950071158,65491,0.0009909603271466795,0.0009909609715844211,0.009959221650901715
1664,1156,0,0,1580757616,3274490584,1693732969,1.3424407062115975,60665,0.1114232108839578,0.11142321120448163,0.476838357477493
1665,1157,1,5,741551744,2293037631,1551485888,1.4689965715480149,938,6.126555887484623,6.126555865336417,2.4710154845798806
1666,1165,8,1,1853263344,3247555231,1394291888,1.62311453223289,3681,4.154117965615939,4.154117960684874,2.8542410951432786
1667,1169,4,0,2052758192,3752391831,1699633640,1.3374233424247173,9986,2.7143088086699074,2.714308810191828,2.8091222465540278
1668,1169,0,1,1958032736,3531521689,1573488954,1.448680095159645,30336,1.1112567511017408,1.1112567527349273,1.6274614790855693
1669,1169,0,2,1768581824,3709512715,1940930892,1.145898395063572,40420,0.6972182987329023,0.6972182999039274,1.5727119946878352
1670,1169,0,2,1768581824,3516088953,1747507130,1.2973488040641534,59005,0.15145040886478384,0.15145040900058218,0.5837131095197772
1671,1169,0,3,1389680000,3894681979,2505001980,0.7778354022598997,46972,0.4804865976733931,0.4804865981957476,1.2876474356547778
1672,1169,0,4,631876352,4026334447,3394458096,0.3394658703994118,44403,0.5616304677735892,0.5616304681395107,1.6934614539806152
1673,1169,0,4,631876352,3017931360,2386055009,0.8480198421689096,46067,0.5085539714133008,0.5085539717694989,1.4283309340271124
1674,1181,12,0,1560084736,3638562303,2078477568,1.047119968275073,223,8.199100100079695,8.199100126106162,1.4125924251487372
1675,1181,0,0,1560084736,3620897019,2060812284,1.0594340478692494,64979,0.012314079093743295,0.012314079594177855,0.08763437114493844
1676,1181,0,0,1560084736,3452349139,1892264404,1.1825334570783674,60176,0.12309940895969365,0.1230994092091173,0.5431636723769083
1677,1181,0,0,1560084736,3449837130,1889752395,1.184449928449336,65449,0.0019164711534089207,0.0019164713709661294,0.018255119033461668
1678,1182,1,0,961265986,2343631857,1382365872,1.6355076403731914,23970,1.4510577114635046,1.4510577119238564,1.2930834863744185
1679,1182,0,0,961265986,2291067529,1329801544,1.6914361881445288,63044,0.05592854699686778,0.05592854777133866,0.2545692698540158
1680,1183,1,1,1697580296,4165553655,2467973360,0.7993203242992273,30407,1.1078841355064803,1.1078841361546985,2.5592164975840164
1681,1183,0,1,1697580296,4164762831,2467182536,0.7997826877571725,65515,0.0004623634480924974,0.00046236345794314714,0.005350984204518786
1682,1183,0,2,1247676944,3720355825,2472678882,0.7965722517880316,32841,0.9967895629732062,0.9967895640308596,1.275438987443291
1683,1183,0,2,1247676944,3718620241,2470943298,0.7975852412283828,65490,0.00101298940069043,0.0010129894403536253,0.010575551910997669
1684,1183,0,3,347870240,3549283133,3201412894,0.4239383892453965,42455,0.6263531479345232,0.626353148017011,1.754696317993753
1685,1183,0,3,347870240,3548354989,3200484750,0.4243567116959781,65517,0.000418322449221962,0.00041832245058381304,0.00492328406377429
1686,1183,0,3,347870240,2444037336,2096167097,1.03489341940341,42923,0.6105367071271179,0.6105367077074332,0.9433386673989075
1687,1183,0,3,347870240,2395388194,2047517955,1.0687710428771844,64015,0.03387762330631708,0.033877623473770886,0.20503098596424163
1688,1183,0,3,347870240,2223397435,1875527196,1.1953509631263977,60031,0.12657991978501446,0.12657992024921613,0.5834150647347647
1689,1183,0,3,347870240,2205854433,1857984194,1.2089089173474292,64923,0.013557954127146483,0.013557954221031655,0.10717595820566223
1690,1183,0,3,347870240,2188277067,1840406828,1.2226224319803372,64916,0.01371351394039223,0.013713514632907386,0.10696128781465998
1691,1183,0,3,347870240,2187659254,1839789015,1.2231068169411898,65514,0.000484384451701118,0.00048438496085214067,0.005630173881020868
1692,1183,0,3,347870240,2186760919,1838890680,1.2238114303257603,65504,0.0007046129765893727,0.0007046133845687583,0.007665718550227248
1693,1183,0,3,347870240,2186087497,1838217258,1.2243398578873474,65512,0.0005284274673163702,0.0005284275615883335,0.0060578720056822695
1694,1183,0,3,347870240,2185161881,1837291642,1.225066495573465,65503,0.0007266376781842033,0.0007266376861160372,0.0077490195776956546
1695,1183,0,3,347870240,2184348870,1836478631,1.225705036837546,65507,0.0006385408891551363,0.0006385412640830231,0.007047343896100592
1696,1183,0,3,347870240,2183732376,1835862137,1.2261894215398819,65514,0.000484384451701118,0.00048438470233645346,0.005575095138429974
1697,1183,0,3,347870240,2183256154,1835385915,1.2265637046784157,65519,0.0003742827947452993,0.00037428313853186886,0.004463541174757649
1698,1183,0,3,347870240,2182724044,1834853805,1.2269820274704664,65517,0.000418322449221962,0.00041832279205243226,0.004934802732935719
1699,1183,0,3,347870240,2182248083,1834377844,1.2273563110501904,65519,0.0003742827947452993,0.0003742835797216239,0.004463541174757649
1700,1183,0,3,347870240,2181772246,1833902007,1.227730594208456,65519,0.0003742827947452993,0.0003742831582681736,0.004463541174757649
1701,1183,0,3,347870240,2180988718,1833118479,1.2283471121589393,65508,0.0006165175324262582,0.0006165179504809663,0.006971390617520941
1702,1183,0,3,347870240,2180541179,1832670940,1.2286993758736884,65520,0.0003522634716290214,0.00035226371474900354,0.004227909891679893
1703,1183,0,3,347870240,2179730213,1831859974,1.2293379168892145,65507,0.0006385408891551363,0.0006385410155277698,0.00718398053004809
1704,1183,0,3,347870240,2179310933,1831440694,1.2296681617881227,65521,0.00033024448458043404,0.00033024489890730394,0.0039922782726164955
1705,1183,0,3,347870240,2176935559,1829065320,1.2315405481510844,65451,0.0018723857434470804,0.0018723863629642316,0.017446468604261085
1706,1187,4,0,695740480,4080527219,3384786740,0.34358220699533604,60639,0.1120416582828486,0.11204165884425163,0.45447223089748157
1707,1191,4,0,927791280,3952283327,3024492048,0.5059542784579527,3660,4.1623720668285955,4.162372071462615,2.8064976560820742
1708,1191,0,0,927791280,3789835023,2862043744,0.585601423365798,62016,0.07964714458491892,0.07964714490784432,0.3403505282391671
1709,1191,0,0,927791280,3779965304,2852174025,0.5905851357098513,65310,0.004983712203274822,0.004983712344055648,0.037509235174065125
1710,1193,2,0,1636456664,3768101619,2131644956,1.0106799813092842,12245,2.4200948465486594,2.420094845599431,2.10255443218016
1711,1193,0,0,1636456664,3756912564,2120455901,1.0182726664135906,65192,0.00759268465150178,0.0075926851043067595,0.04988551207765767
1712,1193,0,0,1636456664,3756265452,2119808789,1.0187130093397059,65516,0.0004403427806028656,0.00044034292611454945,0.005139915429900777
1713,1193,0,1,1125429680,4003422031,2877992352,0.5775843877598277,44488,0.5588713781953029,0.5588713784201224,1.6258149938486381
1714,1195,2,0,1761362420,3640822817,1879460398,1.1923286292552788,21399,1.6147442410554258,1.614744241495453,1.0101918098268645
1715,1195,0,0,1761362420,3505834107,1744471688,1.2998569625906207,60829,0.10752833327005036,0.10752833333534191,0.45399598919153666
1716,1203,8,0,939524352,2479565823,1540041472,1.479677944026598,226,8.179821037584812,8.179820981435977,2.105834615364741
1717,1203,0,0,939524352,2453317252,1513792901,1.5044792994332497,64419,0.024801355045541193,0.024801355406651494,0.14407746033647842
1718,1203,0,0,939524352,2207432159,1267907808,1.7601972978365872,54891,0.255717997991799,0.2557179984033373,1.0968837640181404
1719,1204,1,0,1879048704,3819642583,1940593880,1.1461489180260145,50153,0.38595161940026035,0.3859516201894284,1.545714847545635
1720,1204,0,0,1879048704,3772827413,1893778710,1.1813793857657586,63955,0.035230467079018175,0.03523046773974116,0.20548833626861823
1721,1204,0,0,1879048704,3742456907,1863408204,1.204703395847389,64485,0.023324009408179622,0.023324010081632412,0.13842862706211448
1722,1204,0,0,1879048704,3545271605,1666222902,1.3660657332459962,58601,0.16136233664378946,0.16136233739860514,0.7460192959622252
1723,1204,0,0,1879048704,3542551178,1663502475,1.3684231333141064,65429,0.0023573993620059253,0.0023574000681131453,0.0225266208865622
1724,1204,0,0,1879048704,3542043517,1662994814,1.3688634763832326,65516,0.0004403427806028656,0.0004403430691258365,0.005158914338864347
1725,1204,0,0,1879048704,3541307633,1662258930,1.3695020178579824,65507,0.0006385408891551363,0.0006385414747469171,0.007069390457350231
1726,1204,0,0,1879048704,3540724259,1661675556,1.3700084242200603,65513,0.0005064057914389884,0.000506406362080782,0.005822243074647608
1727,1204,0,0,1879048704,3540293221,1661244518,1.3703827073052253,65519,0.0003742827947452993,0.00037428308516255387,0.004463541174757649
1728,1204,0,0,1879048704,3539760900,1660712197,1.3708450714714786,65515,0.0004623634480924974,0.0004623641662558299,0.00536402669982325
1729,1204,0,0,1879048704,3538595238,1659546535,1.3718580617180756,65490,0.00101298940069043,0.0010129902465953909,0.010730945883660773
1730,1204,0,0,1879048704,3538164752,1659116049,1.3722323450356093,65519,0.0003742827947452993,0.0003742833175325977,0.004463541174757649
1731,1204,0,0,1879048704,3537582481,1658533778,1.372738751399499,65513,0.0005064057914389884,0.000506406363891834,0.005823766900790642
1732,1204,0,0,1879048704,3537177565,1658128862,1.373091015329532,65520,0.0003522634716290214,0.0003522639300322617,0.004227909891679893
1733,1204,0,0,1879048704,3536696845,1657648142,1.373509338011715,65517,0.000418322449221962,0.00041832268218197145,0.004934802732935719
1734,1204,0,0,1879048704,3535988621,1656939918,1.3741258558110268,65508,0.0006165175324262582,0.0006165177993115524,0.006963910377718801
1735,1204,0,0,1879048704,3535558811,1656510108,1.3745001392643061,65519,0.0003742827947452993,0.00037428345328081446,0.004463541174757649
1736,1204,0,0,1879048704,3534952178,1655903475,1.3750285674986422,65512,0.0005284274673163702,0.0005284282343338705,0.006070914500986733
1737,1204,0,0,1879048704,3534573171,1655524468,1.3753588126564154,65521,0.00033024448458043404,0.0003302451577758664,0.0039922782726164955
1738,1204,0,0,1879048704,3533057493,1654008790,1.3766802444817507,65476,0.0013214317544216249,0.0013214318253338478,0.012670073433524942
1739,1204,0,0,1879048704,3453102966,1574054263,1.4481618697098817,62368,0.07148162474211002,0.0714816252281306,0.3108728920883707
1740,1205,1,4,2073896928,3646414047,1572517120,1.449571422197156,2046,5.001409570254672,5.0014095524872735,1.9164140122580493
1741,1205,0,4,2073896928,3525312760,1451415833,1.5651862329084132,60489,0.11561481010166084,0.11561481071125716,0.3965368760786188
1742,1205,0,4,2073896928,3457986341,1384089414,1.6337100000278255,62496,0.06852376611320832,0.06852376711941473,0.29442164628003864
1743,1205,0,4,2073896928,3457310516,1383413589,1.6344146130991284,65504,0.0007046129765893727,0.0007046130713015171,0.007822344870211537
1744,1205,0,4,2073896928,3455115157,1381218230,1.6367058651828437,65432,0.0022912515391492285,0.002291252083716896,0.019022067246530293
1745,1212,7,1,1485978528,3666725183,2180746656,0.9778249685899283,6467,3.341119104952123,3.341119103407083,3.048095661445567
1746,1212,0,1,1485978528,3662432636,2176454109,0.9806675451004736,65407,0.002842576090103573,0.002842576510543834,0.02317568444264748
1747,1212,0,1,1485978528,3660971393,2174992866,0.9816364770998689,65492,0.0009689315899683129,0.0009689319993955616,0.010002272503480996
1748,1212,0,1,1485978528,3464167991,1978189464,1.1184665370637852,59606,0.13683005931745423,0.13683005996391626,0.5308385464709953
1749,1212,0,1,1485978528,3370836664,1884858137,1.188191202227177,62444,0.06972466488794733,0.06972466516339139,0.39371272811513336
1750,1212,0,2,824473408,2203604225,1379130818,1.6388878352615386,23976,1.4506966314864256,1.450696633034363,1.9903919797694016
1751,1215,3,0,1648946816,4211163793,2562216978,0.7452544924146594,60878,0.10636665709985318,0.10636665715312163,0.396438362384132
1752,1215,0,0,1648946816,4208192472,2559245657,0.7469285105059988,65460,0.0016740180678742555,0.0016740180913396578,0.016874988002974843
1753,1215,0,0,1648946816,4205068392,2556121577,0.7486906890857661,65456,0.0017621781119536897,0.0017621785797672512,0.017576942560192245
1754,1215,0,0,1648946816,4204210318,2555263503,0.7491750740799574,65514,0.000484384451701118,0.0004843849941922626,0.0056111749720572975
1755,1215,0,0,1648946816,4203196572,2554249757,0.7497475459659064,65510,0.0005724718275307164,0.0005724718859469112,0.006420101042470913
1756,1215,0,0,1648946816,4202378102,2553431287,0.750209909457304,65515,0.0004623634480924974,0.0004623634913969989,0.005375545368984679
1757,1215,0,0,1648946816,4201715743,2552768928,0.7505841924895833,65519,0.0003742827947452993,0.00037428303227932477,0.004463541174757649
1758,1215,0,0,1648946816,4200936699,2551989884,0.7510245356930731,65516,0.0004403427806028656,0.0004403432034898781,0.005128396760739348
1759,1215,0,0,1648946816,4200235774,2551288959,0.7514208381719314,65518,0.0003963024539395264,0.0003963024788586177,0.004699172121844633
1760,1215,0,0,1648946816,4199612900,2550666085,0.7517731020502332,65520,0.0003522634716290214,0.0003522638783028743,0.004227909891679893
1761,1215,0,0,1648946816,4198990178,2550043363,0.7521253659675864,65520,0.0003522634716290214,0.0003522639173530473,0.004227909891679893
1762,1215,0,0,1648946816,4198367608,2549420793,0.7524776299030087,65520,0.0003522634716290214,0.0003522639354222215,0.004227909891679893
1763,1215,0,0,1648946816,4197667388,2548720573,0.7528739327339267,65518,0.0003963024539395264,0.0003963028309181863,0.004699172121844633
1764,1215,0,0,1648946816,4196811799,2547864984,0.7533583174283969,65514,0.000484384451701118,0.00048438469447036184,0.005618655211859437
1765,1215,0,0,1648946816,4196228638,2547281823,0.7536885624707033,65521,0.00033024448458043404,0.00033024504230483325,0.0039922782726164955
1766,1215,0,0,1648946816,4195451269,2546504454,0.7541289054097113,65516,0.0004403427806028656,0.0004403429390084319,0.005158914338864347
1767,1215,0,0,1648946816,4194868420,2545921605,0.7544591501126554,65521,0.00033024448458043404,0.0003302447029437695,0.0039922782726164955
1768,1215,0,0,1648946816,4192498711,2543551896,0.7558026162566591,65475,0.00134346587467908,0.0013434661440058996,0.012688429389238096
1769,1215,0,0,1648946816,4048779645,2399832830,0.8397132334006976,61833,0.0839106167909859,0.08391061714403818,0.36046111780710804
1770,1215,0,1,1150409984,3540136095,2389726112,0.8458018665114544,32630,1.0060886330207734,1.0060886331107548,2.3588618562025943
1771,1215,0,2,153336320,3587254889,3433918570,0.3227913175211228,47086,0.47698945090873995,0.47698945100966983,1.355320679027259
1772,1215,0,2,153336320,3573841144,3420504825,0.3284378809094015,65280,0.005646563141142063,0.0056465633882777895,0.0440388424029435
1773,1220,5,0,929459696,2741592383,1812132688,1.2449585497294642,4340,3.9165206726681583,3.9165206688200622,1.7610155054373766
1774,1220,0,0,929459696,2740209835,1810750140,1.2460596591690525,65486,0.001101109058724726,0.0011011094395876556,0.01159683641649429
1775,1221,1,0,1858919392,4196570855,2337651464,0.8775873011065869,42303,0.631527641936254,0.6315276419375346,1.300155283035046
1776,1221,0,0,1858919392,4195358084,2336438693,0.8783359639213479,65502,0.0007486627160211863,0.0007486628147630968,0.008138664504171337
1777,1221,0,0,1858919392,3596132291,1737212900,1.3058725750670845,48728,0.4275366109163241,0.4275366111457361,0.8281051259369392
1778,1221,0,0,1858919392,3344812169,1485892778,1.531317131233262,56055,0.22544455601073696,0.22544455616617795,0.9263647404372981
1779,1221,0,0,1858919392,3333475706,1474556315,1.5423662243806007,65036,0.011049092398374,0.011049093147336415,0.06685073694562137
1780,1225,4,0,1746141904,3355697887,1609555984,1.4159843881266916,4471,3.8736181694573584,3.8736181637460922,1.8605733436735088
1781,1225,0,0,1746141904,3355133009,1608991106,1.416490794697662,65513,0.0005064057914389884,0.0005064065709691281,0.005781730653504212
1782,1227,2,0,1307590432,4024923431,2717333000,0.6604557722055446,27670,1.243964976502683,1.2439649775078856,1.4501329223584463
1783,1228,1,0,1915405672,3693431087,1778025416,1.2723711990816646,21441,1.6119154263434383,1.6119154268761196,1.006372332165374
1784,1228,0,0,1915405672,3293228863,1377823192,1.6402563787193962,50785,0.3678851789882891,0.36788517963773093,1.1939650119337837
1785,1228,0,1,1683327696,3862414275,2179086580,0.9789236269095483,51824,0.3386672472048134,0.3386672481901511,1.0402211359741163
1786,1230,2,1,503292700,4105089799,3601797100,0.2539302338058107,27081,1.2750066072243509,1.2750066068962647,1.3427997070733715
1787,1230,0,1,503292700,3122256889,2618964190,0.713650812656887,47653,0.4597205784269333,0.45972057885107637,1.4385914872918593
1788,1230,0,1,503292700,3121417682,2618124983,0.7141131762896435,65515,0.0004623634480924974,0.0004623636327539267,0.00538302560878682
1789,1230,0,1,503292700,3025499132,2522206433,0.7679607864152764,63135,0.05384761005042614,0.05384761012563519,0.3020217170737396
1790,1232,2,0,1006585400,3552037263,2545451864,0.754725362370408,33070,0.9867645749215228,0.9867645759551305,1.004537642639389
1791,1232,0,0,1006585400,3431359788,2424774389,0.8247966267604738,62429,0.07007126384396536,0.07007126439006683,0.4124605322648298
1792,1232,0,0,1006585400,3430656804,2424071405,0.825214949627739,65517,0.000418322449221962,0.0004183228672625011,0.004904285154810719
1793,1232,0,0,1006585400,2773557980,1766972581,1.2813674929732422,47771,0.45615254309833947,0.4561525433455031,1.1852224054515663
1794,1232,0,0,1006585400,2533947913,1527362514,1.4916046247569064,56649,0.21023713144402614,0.21023713178366704,0.7306592984460587
1795,1232,0,0,1006585400,2533178824,1526593425,1.4923312632100618,65503,0.0007266376781842033,0.0007266384531544716,0.008095968594748627
1796,1232,0,0,1006585400,2400403211,1393817812,1.623605149299209,59836,0.13127388528258488,0.13127388608914636,0.4524115659421552
1797,1232,0,0,1006585400,2301273193,1294687794,1.7300429031994717,60875,0.1064377532555708,0.10643775390026243,0.5640856629432592
1798,1232,0,0,1006585400,2296610926,1290025527,1.7352475320613863,65300,0.005204628678844533,0.005204628861913611,0.03719848294994299
1799,1232,0,0,1006585400,2296295978,1289710579,1.7355997959374747,65520,0.0003522634716290214,0.00035226387609068856,0.004227909891679893
1800,1232,0,0,1006585400,2269217093,1262631694,1.7662132754783713,64160,0.030613478657717356,0.030613479540896556,0.16891739475228207
1801,1232,0,0,1006585400,2268889567,1262304168,1.766587558362719,65519,0.0003742827947452993,0.0003742828843486806,0.004463541174757649
1802,1232,0,0,1006585400,2268196162,1261610763,1.7673802728617005,65500,0.0007927138004626774,0.0007927144989788924,0.008542130090247667
1803,1232,0,0,1006585400,2169998583,1163413184,1.8842835877721598,60435,0.11690331424288296,0.11690331491046013,0.46993633424914727
1804,1232,0,0,1006585400,2167690787,1161105388,1.887148221317009,65406,0.0028646334550583873,0.002864633544849795,0.02556783726052071
1805,1232,0,0,1006585400,2165812778,1159227379,1.8894835715746972,65430,0.002335349750730934,0.0023353502576890883,0.021306314728436953
1806,1232,0,0,1006585400,2165476698,1158891299,1.8899018943787382,65517,0.000418322449221962,0.00041832280403992616,0.004934802732935719
1807,1232,0,0,1006585400,2164999249,1158413850,1.8904963895099662,65509,0.0005944945118882062,0.0005944951312273213,0.0065876077275148145
1808,1232,0,0,1006585400,2164486645,1157901246,1.891134930667075,65507,0.0006385408891551363,0.0006385411571073913,0.007088389366313801
1809,1232,0,0,1006585400,2163991936,1157406537,1.8917514484683657,65508,0.0006165175324262582,0.0006165178012917956,0.006768156571821119
1810,1232,0,0,1006585400,2163621062,1157035663,1.8922138130806019,65515,0.0004623634480924974,0.00046236461223738367,0.005375545368984679
1811,1232,0,0,1006585400,2163197342,1156611943,1.892742241651984,65512,0.0005284274673163702,0.0005284285713818484,0.006017359584538874
1812,1232,0,0,1006585400,2162879669,1156294270,1.8931385441583544,65518,0.0003963024539395264,0.0003963025063707941,0.004668654543719633
1813,1232,0,0,1006585400,2162544439,1155959040,1.8935568674102718,65517,0.000418322449221962,0.00041832325191541844,0.00492328406377429
1814,1232,0,0,1006585400,2162191668,1155606269,1.8939972105615013,65516,0.0004403427806028656,0.00044034315123084875,0.005139915429900777
1815,1232,0,0,1006585400,2161874271,1155288872,1.894393513338418,65518,0.0003963024539395264,0.0003963027769180901,0.004699172121844633
1816,1232,0,0,1006585400,2161415934,1154830535,1.8949659863661168,65510,0.0005724718275307164,0.0005724730276960087,0.0065291288596664495
1817,1232,0,0,1006585400,2161116371,1154530972,1.895340269955451,65519,0.0003742827947452993,0.0003742835893366399,0.004463541174757649
1818,1232,0,0,1006585400,2160587868,1154002469,1.8960008353663511,65506,0.0006605645820851047,0.000660565410900232,0.007375408882952473
1819,1232,0,0,1006585400,2160323737,1153738338,1.8963310808465685,65521,0.00033024448458043404,0.00033024548021432003,0.0039922782726164955
1820,1232,0,0,1006585400,2158880155,1152294756,1.8981373418841763,65454,0.0018062601543034325,0.0018062610376095587,0.01675864123217946
1821,1233,1,0,2013170800,4148791307,2135620508,1.0079918378773982,60731,0.10985449557076361,0.10985449599322283,0.42136468573414143
1822,1233,0,0,2013170800,3647245053,1634074254,1.3941736035071486,50145,0.3861817647740782,0.38618176562974754,1.5309868865860483
1823,1234,1,1,391222236,3431474035,3040251800,0.4984563303818952,30483,1.1042827270635307,1.104282726874749,1.4791729746878874
1824,1234,0,1,391222236,3430592614,3039370379,0.4988746529937629,65517,0.000418322449221962,0.0004183226118679976,0.004934802732935719
1825,1234,0,1,391222236,3429850580,3038628345,0.49922691656797724,65520,0.0003522634716290214,0.00035226357421320743,0.004227909891679893
1826,1234,0,1,391222236,2379526362,1988304127,1.1111087005034435,42883,0.6118817833645784,0.6118817839354652,1.2819315632752557
1827,1234,0,1,391222236,2362900527,1971678292,1.1232229717820204,64988,0.012114270597913502,0.012114271278576335,0.0758727256413767
1828,1241,7,0,744316032,3595932799,2851616768,0.5908670366217663,1481,5.467644074711152,5.467644064839749,2.947472974186929
1829,1242,1,0,40147094,2496063743,2455916650,0.8063855473057124,28221,1.215518510280082,1.2155185106839446,1.3603729957640835
1830,1243,1,0,80294188,2579531143,2499236956,0.7811594542571001,33346,0.9747739063050083,0.9747739069513892,1.089005403552416
1831,1243,0,0,80294188,2578234541,2497940354,0.7819081174328666,65502,0.0007486627160211863,0.0007486631757659263,0.008086856921369295
1832,1244,1,0,160588376,4191993333,4031404958,0.09136443562202956,52884,0.30945631800140777,0.30945631818916397,1.0141164715423268
1833,1244,0,0,160588376,2973824503,2813236128,0.6104164961703695,45733,0.5190520600819176,0.519052060548339,1.5368342044763021
1834,1244,0,0,160588376,2569842490,2409254115,0.8340605767978388,56125,0.22364408059676602,0.22364408062746696,0.8005610049479855
1835,1245,1,0,321176752,3699264529,3378087778,0.3464403296447216,45945,0.5123797527925238,0.5123797528468856,1.484984385698216
1836,1245,0,0,321176752,3698285163,3377108412,0.3468586525006607,65517,0.000418322449221962,0.00041832285593910984,0.00492328406377429
1837,1245,0,0,321176752,3305828228,2984651477,0.5250846707245742,57920,0.1782260180294323,0.17822601822391382,0.5421657943170779
1838,1245,0,0,321176752,2863249446,2542072695,0.7566418587013892,55818,0.23155718794506522,0.23155718797681193,0.8805381448610909
1839,1245,0,0,321176752,2254379281,1933202530,1.1516543580659082,49839,0.39501249890874707,0.3950124993645201,1.0769982250932388
1840,1245,0,0,321176752,2236296804,1915120053,1.165212312903222,64923,0.013557954127146483,0.013557954837313646,0.0838812652498783
1841,1245,0,0,321176752,2234105123,1912928372,1.1668642918252985,65461,0.0016519788985902288,0.001651978922077883,0.01656450211587092
1842,1245,0,0,321176752,2231770005,1910593254,1.1686264702078795,65456,0.0017621781119536897,0.0017621783825814861,0.01730749679026578
1843,1245,0,0,321176752,2231070324,1909893573,1.1691548983197393,65512,0.0005284274673163702,0.0005284281118604653,0.006101432079111733
1844,1245,0,0,321176752,2230312614,1909135863,1.1697273707199116,65510,0.0005724718275307164,0.0005724724001711337,0.006393025274788764
1845,1245,0,0,321176752,2229526074,1908349323,1.1703218654295071,65509,0.0005944945118882062,0.0005944947095952867,0.006703083137891865
1846,1245,0,0,321176752,2229031049,1907854298,1.170696148453974,65519,0.0003742827947452993,0.0003742830244652618,0.004463541174757649
1847,1245,0,0,321176752,2228128591,1906951840,1.17137873711426,65505,0.0006825886112264284,0.0006825886602883295,0.00743178678434662
1848,1245,0,0,321176752,2227517537,1906340786,1.1718411010970549,65515,0.0004623634480924974,0.0004623639827954296,0.005375545368984679
1849,1245,0,0,321176752,2227023033,1905846282,1.172215384131846,65519,0.0003742827947452993,0.0003742830347911424,0.004463541174757649
1850,1245,0,0,321176752,2226383253,1905206502,1.172699768628334,65514,0.000484384451701118,0.0004843844964864401,0.0056111749720572975
1851,1245,0,0,321176752,2225918114,1904741363,1.173052032625499,65520,0.0003522634716290214,0.000352263997165242,0.004227909891679893
1852,1245,0,0,321176752,2225394961,1904218210,1.173448335200522,65518,0.0003963024539395264,0.0003963025750245048,0.004699172121844633
1853,1245,0,0,321176752,2224668559,1903491808,1.173998784983123,65511,0.0005504494793435254,0.0005504497825994585,0.006276025517869724
1854,1245,0,0,321176752,2224000524,1902823773,1.174505191123668,65513,0.0005064057914389884,0.0005064061405453542,0.005793249322665642
1855,1245,0,0,321176752,2223361758,1902185007,1.174989576102746,65514,0.000484384451701118,0.00048438497907774713,0.005599656302895868
1856,1245,0,0,321176752,2222839307,1901662556,1.175385878772115,65518,0.0003963024539395264,0.00039630266937018554,0.004687653452683203
1857,1245,0,0,321176752,2220750078,1899573327,1.1769717422722294,65464,0.0015858634107395607,0.0015858635001124402,0.014712966724879642
1858,1246,1,0,642353504,4252052963,3609699460,0.25076842126060583,62268,0.07379667874009514,0.07379667898837754,0.3260288009884992
1859,1249,3,2,2141235584,3371494495,1230258912,1.803685178619748,698,6.552916773790348,6.552916757359142,2.685625938487228
1860,1249,0,4,2122491392,3847887463,1725396072,1.3157195693285608,22978,1.5120343888568633,1.5120343907088116,2.4009762305754125
1861,1254,5,0,2112815892,3319719069,1206903178,1.8313372033276742,22921,1.5156176329190225,1.5156176339991156,1.1169528136779256
1862,1257,3,0,451542992,2780341639,2328798648,0.8830612390066648,15807,2.0517240349053663,2.0517240356789874,2.20961009832641
1863,1257,0,0,451542992,2574347288,2122804297,1.016675771832034,59739,0.1336145325694368,0.13361453282537186,0.5772053386164177
1864,1258,1,0,903085984,3733513305,2830427322,0.6016272665288689,43691,0.5849514938734887,0.5849514946968352,1.014949852070898
1865,1258,0,0,903085984,2166490683,1263404700,1.7653303016936412,29253,1.1637030346199868,1.1637030351647708,2.348769993658365
1866,1259,1,1,1464860288,3760410487,2295550200,0.9038071641925356,29769,1.1384768610604301,1.1384768624988943,1.9933105294201068
1867,1264,5,1,2127159200,3617921791,1490762592,1.5265966232115886,1330,5.622789469611448,5.622789459019052,0.9555093012074061
1868,1264,0,1,2127159200,3560644260,1433485061,1.5831202763383487,63018,0.05652365212918334,0.056523653126762656,0.2782852194240979
1869,1264,0,1,2127159200,3558019470,1430860271,1.5857643517813642,65416,0.0026440749796186494,0.002644075443014711,0.02411662953289513
1870,1264,0,1,2127159200,3557189808,1430030609,1.5866011186045519,65498,0.000836766229995985,0.000836766823185426,0.00908390153620778
1871,1264,0,1,2127159200,3556753397,1429594198,1.5870414616795117,65516,0.0004403427806028656,0.0004403430749629796,0.005147395669702917
1872,1264,0,1,2127159200,3556186236,1429027037,1.5876139337249917,65510,0.0005724718275307164,0.0005724720454769327,0.006455936545791177
1873,1264,0,1,2127159200,3555728326,1428569127,1.588076297511833,65515,0.0004623634480924974,0.0004623637868432692,0.005375545368984679
1874,1264,0,1,2127159200,3555335957,1428176758,1.5884726007441436,65518,0.0003963024539395264,0.00039630323231077877,0.004687653452683203
1875,1264,0,1,2127159200,3554137383,1426978184,1.589683867314708,65481,0.001211266200721556,0.001211266570564807,0.011563266907638757
1876,1264,0,1,2127159200,3553179328,1426020129,1.5906527997133395,65492,0.0009689315899683129,0.000968932398631314,0.01028064018906847
1877,1264,0,1,2127159200,3552831178,1425671979,1.5910050637460316,65520,0.0003522634716290214,0.00035226403269270794,0.004227909891679893
1878,1264,0,1,2127159200,3552417851,1425258652,1.591423386668982,65517,0.000418322449221962,0.0004183229229497136,0.00492328406377429
1879,1264,0,1,2127159200,3552048139,1424888940,1.5917976702137686,65519,0.0003742827947452993,0.0003742835447862432,0.004463541174757649
1880,1264,0,1,2127159200,3551635039,1424475840,1.5922159931534985,65517,0.000418322449221962,0.0004183229397302825,0.004934802732935719
1881,1264,0,1,2127159200,3551048173,1423888974,1.592810487703975,65509,0.0005944945118882062,0.0005944945504772036,0.006669165618871418
1882,1264,0,1,2127159200,3550635363,1423476164,1.593228810549931,65517,0.000418322449221962,0.0004183228459561005,0.00492328406377429
1883,1264,0,1,2127159200,3550092349,1422933150,1.5937792609792396,65511,0.0005504494793435254,0.0005504504293067562,0.00626298302256526
1884,1264,0,1,2127159200,3549744953,1422585754,1.5941315246652827,65520,0.0003522634716290214,0.00035226368604345833,0.004227909891679893
1885,1264,0,1,2127159200,3548312295,1421153096,1.5955851664205767,65470,0.0014536415241189304,0.0014536417552930047,0.013749434484144922
1886,1264,0,1,2127159200,3496333169,1369173970,1.6493413760357356,63139,0.05375620912600011,0.05375620961516168,0.24546913489968888
1887,1268,4,1,747853152,3395279391,2647426240,0.6980566561940833,7920,3.048715285033028,3.0487152801583473,2.9628589898846633
1888,1268,0,1,747853152,2795148711,2047295560,1.0689277524136536,50680,0.37087109597182816,0.3708710962195685,1.1570186378781906
1889,1270,2,0,1495706304,3987411449,2491705146,0.7855137877526914,39881,0.7165860352642602,0.7165860353390381,1.5976413227645863
1890,1270,0,1,843928960,3246058033,2402129074,0.8383334723154583,31590,1.0528196833657646,1.052819684562766,1.6587757242250945
1891,1272,2,0,1687857920,4055239397,2367381478,0.8593549464581436,32294,1.021021473312266,1.021021474142685,2.2895811109490607
1892,1272,0,0,1687857920,3624648771,1936790852,1.1489789757966982,53616,0.28962402879552895,0.28962402933855624,0.851026937065673
1893,1275,3,0,356322112,2218875615,1862553504,1.2053652767628193,7878,3.056386298385957,3.0563863009661225,2.342854835622931
1894,1275,0,0,356322112,2218307208,1861985097,1.2058056201472347,65516,0.0004403427806028656,0.0004403433844142363,0.005139915429900777
1895,1276,1,0,712644224,3898725289,3186081066,0.4308641710437051,56070,0.22505855064632344,0.2250585508964698,0.8644095172089594
1896,1276,0,0,712644224,3896926506,3184282283,0.4316789111897634,65499,0.0008147398470877202,0.0008147401460586816,0.008642528661097267
1897,1278,2,0,271791396,3228486119,2956694724,0.5386618517969666,15213,2.1069829402122084,2.106982940607202,1.9766321946792675
1898,1279,1,0,543582792,4256775579,3713192788,0.20998692452669232,41152,0.6713250726720527,0.6713250727297254,1.481858901332902
1899,1279,0,0,543582792,3126148716,2582565925,0.7338419688666242,45581,0.52385504426298,0.5238550443399347,0.8919118504908534
1900,1279,0,0,543582792,2989249393,2445666602,0.8124193997218683,62062,0.07857743077713127,0.07857743085524319,0.44540960468839497
1901,1281,2,2,1950565120,3360883599,1410318480,1.606626155280658,2362,4.794206750602843,4.79420675555879,2.539233065598977
1902,1281,0,3,1753646592,3842439817,2088793226,1.0399774619328674,48532,0.43335130577132014,0.4333513066522115,0.8375076486302317
1903,1285,4,1,2026576580,3985330187,1958753608,1.1327112138869566,15364,2.092733751468935,2.0927337519540856,1.3383044718911254
1904,1288,3,1,2115632648,3961528383,1845895736,1.2183260802477527,7720,3.085614867844557,3.085614866360797,0.5271507959326425
1905,1288,0,1,2115632648,3960852395,1845219748,1.2188545083342923,65512,0.0005284274673163702,0.0005284280865397985,0.0059983606755753035
1906,1288,0,1,2115632648,3911551556,1795918909,1.2579249363716123,63785,0.039070427964313786,0.03907042803732039,0.2385609293213926
1907,1288,0,1,2115632648,3811528606,1695895959,1.340599480852518,61886,0.08267454404800294,0.0826745444809066,0.4040675166397481
1908,1288,0,1,2115632648,3810597022,1694964375,1.341392195101058,65500,0.0007927138004626774,0.0007927142485401507,0.008410154211855193
1909,1288,0,1,2115632648,3807933122,1692300475,1.3436613982971188,65433,0.002269202938821913,0.0022692031960589993,0.022174636483178647
1910,1288,0,1,2115632648,3806590354,1690957707,1.344806569449993,65484,0.001145170906201281,0.0011451711528763305,0.01190462854483812
1911,1288,0,1,2115632648,3806125918,1690493271,1.3452028724114058,65518,0.0003963024539395264,0.00039630296141084873,0.004687653452683203
1912,1288,0,1,2115632648,3805506840,1689874193,1.3457313006252143,65512,0.0005284274673163702,0.0005284282138084071,0.0059961983609684265
1913,1288,0,1,2115632648,3805016916,1689384269,1.3461496237207164,65517,0.000418322449221962,0.0004183230955032961,0.00492328406377429
1914,1288,0,1,2115632648,3804372467,1688739820,1.3467000732383738,65511,0.0005504494793435254,0.0005504495176552642,0.006176748213385524
1915,1288,0,1,2115632648,3803754032,1688121385,1.3472285007119496,65512,0.0005284274673163702,0.0005284274735757553,0.0060273544275572695
1916,1288,0,1,2115632648,3802208510,1686575863,1.3485499330758088,65476,0.0013214317544216249,0.0013214323638619074,0.013193530628926465
1917,1288,0,1,2115632648,3801771013,1686138366,1.3489242160496921,65519,0.0003742827947452993,0.00037428297388301013,0.004463541174757649
1918,1288,0,1,2115632648,3801179259,1685546612,1.3494306219420373,65513,0.0005064057914389884,0.0005064058923430939,0.005793249322665642
1919,1288,0,1,2115632648,3800716309,1685083662,1.3498269250777035,65518,0.0003963024539395264,0.00039630313566648865,0.004687653452683203
1920,1288,0,1,2115632648,3800279199,1684646552,1.3502012081168857,65519,0.0003742827947452993,0.0003742830391822571,0.004463541174757649
1921,1288,0,1,2115632648,3799662263,1684029616,1.3507296355900564,65512,0.0005284274673163702,0.0005284274731726166,0.006051915592023164
1922,1288,0,1,2115632648,3799174034,1683541387,1.3511479582097898,65517,0.000418322449221962,0.00041832261973132577,0.00492328406377429
1923,1288,0,1,2115632648,3798480436,1682847789,1.3517424529974171,65509,0.0005944945118882062,0.0005944947876281478,0.006722720535319278
1924,1288,0,1,2115632648,3798069584,1682436937,1.3520947168883772,65520,0.0003522634716290214,0.0003522638909598194,0.004227909891679893
1925,1288,0,1,2115632648,3796400907,1680768260,1.3535263228055143,65471,0.0014316057211096818,0.0014316059171391804,0.013709694765508736
1926,1288,0,1,2115632648,3755546051,1639913404,1.3890275109985666,63943,0.03550118813081677,0.0355011881930493,0.17444710946221845
1927,1288,0,3,2020079648,4245733603,2225653956,0.948417845683931,22236,1.559390333251578,1.5593903346853668,2.9499384972673885
1928,1288,0,3,2020079648,4028554387,2008474740,1.096546828870288,59141,0.14812898262566246,0.14812898318635506,0.4691889449443571
1929,1288,0,3,2020079648,4025673579,2005593932,1.0986176096508444,65442,0.002070780697928415,0.0020707807805571076,0.020626199260985394
1930,1288,0,3,2020079648,4020471080,2000391433,1.1023648144173421,65366,0.003747204700206792,0.0037472047664994,0.027899429875048926
1931,1288,0,3,2020079648,3646771246,1626691599,1.4007063865627174,53293,0.2983415720532814,0.2983415721453725,0.9927400713907317
1932,1292,4,1,925414568,3846489611,2921075044,0.5561477237535506,29421,1.1554413367904217,1.1554413371908345,0.9994365373323125
1933,1292,0,1,925414568,3359004904,2433590337,0.8195608163026371,54599,0.26341309253349143,0.26341309254908646,0.8734622606942067
1934,1296,4,0,125413920,3846501879,3721087960,0.20692265236382923,12526,2.3873618363952294,2.3873618360611912,2.0336166363256027
1935,1296,0,0,125413920,3845479851,3720065932,0.20731895507653064,65518,0.0003963024539395264,0.00039630271270330535,0.004687653452683203
1936,1296,0,0,125413920,3844514868,3719100949,0.20769323790113248,65519,0.0003742827947452993,0.0003742828246012907,0.004452022505596219
1937,1296,0,0,125413920,2873426375,2748012456,0.6442586024950252,48424,0.43656536428980214,0.436565364593892,1.1187033591426632
1938,1297,1,0,250827840,4093248331,3842420492,0.16063173827311417,45818,0.5163731354669738,0.5163731357780893,1.5772994966749756
1939,1297,0,0,250827840,2186695755,1935867916,1.1496666249262688,33018,0.989034885949483,0.9890348866531531,1.565164259566986
1940,1298,1,0,501655680,2321021777,1819366098,1.239211270629724,30796,1.0895446446901786,1.0895446457034557,1.3588426093850268
1941,1299,1,0,1003311360,3396281923,2392970564,0.8438444956615285,43099,0.6046332247273083,0.6046332250318068,1.3053713980451027
1942,1300,1,0,1058440334,2359647289,1301206956,1.7227967061335825,17818,1.8789522113130799,1.878952210472054,1.701877173693194
1943,1300,0,2,770569212,2530581867,1760012656,1.2870613428995803,22161,1.5642646369655213,1.5642646367659978,1.4063845652682538
1944,1300,0,2,770569212,2482053686,1711484475,1.327398940398151,63729,0.04033759749054273,0.040337597498568856,0.20426832253340116
1945,1300,0,2,770569212,2417235807,1646666596,1.3830986668381726,63054,0.05569972575562472,0.055699726440021545,0.3075971039883712
1946,1300,0,2,770569212,2415778490,1645209279,1.3843760322225833,65478,0.0012773645234549914,0.0012773653844120837,0.012785551772619771
1947,1300,0,2,770569212,2415301515,1644732304,1.3847943554387179,65517,0.000418322449221962,0.00041832321613558487,0.00492328406377429
1948,1300,0,2,770569212,2414749389,1644180178,1.3852787401427733,65514,0.000484384451701118,0.0004843847040553485,0.005575095138429974
1949,1300,0,2,770569212,2414322889,1643753678,1.3856530234862596,65519,0.0003742827947452993,0.000374283343484842,0.004463541174757649
1950,1300,0,2,770569212,2413846336,1643277125,1.3860713467061139,65517,0.000418322449221962,0.0004183232198556814,0.004904285154810719
1951,1300,0,2,770569212,2413069029,1642499818,1.3867539353264142,65505,0.0006825886112264284,0.0006825886202999412,0.007386532234120125
1952,1300,0,2,770569212,2412542715,1641973504,1.3872162990175205,65515,0.0004623634480924974,0.0004623636911060604,0.00532199045253682
1953,1300,0,2,770569212,2412141842,1641572631,1.3875685629835033,65520,0.0003522634716290214,0.0003522639659817219,0.004227909891679893
1954,1300,0,2,770569212,2411415438,1640846227,1.388207103956443,65507,0.0006385408891551363,0.0006385409729387494,0.00695883881401166
1955,1300,0,2,770569212,2411014840,1640445629,1.3885593681110642,65520,0.0003522634716290214,0.00035226415462230457,0.004227909891679893
1956,1300,0,2,770569212,2410614340,1640045129,1.3889116320918937,65520,0.0003522634716290214,0.00035226398083130714,0.004227909891679893
1957,1300,0,2,770569212,2410063787,1639494576,1.3893960171957538,65514,0.000484384451701118,0.00048438510385898125,0.005618655211859437
1958,1300,0,2,770569212,2409638503,1639069292,1.3897703000500243,65519,0.0003742827947452993,0.00037428285426999326,0.004463541174757649
1959,1300,0,2,770569212,2409138298,1638569087,1.3902106434894677,65516,0.0004403427806028656,0.0004403434394434732,0.005158914338864347
1960,1300,0,2,770569212,2408763259,1638194048,1.3905408882374175,65521,0.00033024448458043404,0.0003302447479485981,0.0039922782726164955
1961,1300,0,2,770569212,2407413428,1636844217,1.3917301229531276,65482,0.0011892340994270377,0.0011892347157101354,0.011479927394189567
1962,1300,0,2,770569212,2381138401,1610569190,1.415076505829667,64484,0.023346382149550305,0.023346382876541116,0.123275160584443
1963,1303,3,0,1541138424,3615100139,2073961716,1.0502578828398015,42196,0.635181376344572,0.6351813770101349,2.116646512065874
1964,1303,0,0,1541138424,3310347768,1769209345,1.2795423782996522,55906,0.2292844947036307,0.2292844954598496,1.0265090489979976
1965,1303,0,0,1541138424,3223555653,1682417230,1.3521116158027198,62321,0.07256923744464439,0.07256923750306714,0.298124186044199
1966,1307,4,0,767792992,2487177391,1719384400,1.3207550241316142,4186,3.968643403744291,3.9686434083288935,1.453946903556488
1967,1311,4,0,733658176,2151226815,1417568640,1.5992285525110752,3377,4.278473535992523,4.278473528379464,2.8631626270908086
1968,1313,2,0,1069449348,3358376251,2288926904,0.9079757542955562,26455,1.3087472027052984,1.3087472017844795,1.8265810609246949
1969,1313,0,0,1069449348,3329142977,2259693630,0.9265199611792383,64699,0.018544206628287326,0.018544206883681857,0.12607846725194446
1970,1313,0,0,1069449348,3324626072,2255176725,0.9294066525370894,65405,0.0028866911572534176,0.0028866913578510906,0.023150680270355894
1971,1313,0,0,1069449348,2522052116,1452602769,1.564006910726917,42213,0.6346002578376184,0.6346002581898291,1.1666389105535804
1972,1313,0,0,1069449348,2317270057,1247820710,1.783236486954209,56297,0.21922957559513215,0.21922957622729017,0.8813749437890326
1973,1313,0,0,1069449348,2230218111,1160768764,1.887566543540398,60964,0.10433005569605808,0.10433005658619125,0.5012235670479109
1974,1313,0,0,1069449348,2214454497,1145005150,1.907293058728417,64646,0.019726515050669375,0.019726515188019392,0.14459227424836227
1975,1313,0,0,1069449348,2203744533,1134295186,1.9208510137047163,64923,0.013557954127146483,0.01355795497630015,0.09206144407469502
1976,1314,1,1,2130313744,3792571275,1662257532,1.3695032311999462,24010,1.4486522168822211,1.4486522174952272,1.8444984936246045
1977,1314,0,1,2130313744,3791658169,1661344426,1.370295945578981,65500,0.0007927138004626774,0.0007927143790359808,0.008476016113778049
1978,1314,0,1,2130313744,3791201867,1660888124,1.3706922481416584,65518,0.0003963024539395264,0.00039630256267719,0.004687653452683203
1979,1314,0,1,2130313744,3581614086,1451300343,1.5653010335573612,57266,0.19460878495859055,0.19460878541570278,0.8051340171157486
1980,1314,0,1,2130313744,3540645677,1410331934,1.6066123924839744,63686,0.041311358650741606,0.04131135892661397,0.1907492742536093
1981,1314,0,2,2113143840,3632366757,1519222918,1.4993135716988704,35298,0.8927011783655386,0.8927011792148937,1.23590385096881
1982,1314,0,2,2113143840,3631230863,1518087024,1.5003926507184424,65487,0.0010790786396167112,0.0010790790195718666,0.010520567272585291
1983,1314,0,2,2113143840,3630790743,1517646904,1.5008109739054554,65517,0.000418322449221962,0.0004183231870147225,0.004904285154810719
1984,1314,0,2,2113143840,3629378138,1516234299,1.5021544400724842,65475,0.00134346587467908,0.0013434661670279305,0.012984373140502301
