position,stable_bits,released_bits,pending_underflow,low,high_inclusive,residual_width,residual_information_bits,selected_frequency,selected_information_bits,effective_interval_information_bits,table_entropy_bits
1,1,1,0,0,3749576703,3749576704,0.19591940947441344,28607,1.1959194094744132,1.1959194094744132,3.0730381108176084
2,3,2,0,0,2212808663,2212808664,0.9567684356937107,9669,2.7608490262192986,2.7608490262192986,3.828482113560396
3,3,0,0,0,2203827231,2203827232,0.9626360170713397,65270,0.0058675811486044276,0.005867581377629664,0.04452208812407186
4,6,3,0,1627247344,3259134063,1631886720,1.3961062321886608,6066,3.433470217375829,3.4334702151173175,3.494047529390368
5,6,0,0,1627247344,3258685851,1631438508,1.3965025354612735,65518,0.0003963024539395264,0.0003963032726158288,0.004699172121844633
6,8,2,1,1278049712,3484235719,2206186008,0.9610927134225378,11078,2.564590176836679,2.564590177961263,2.498173209727794
7,13,5,1,2037477184,4257667295,2220190112,0.9519639280435683,2061,4.990871210460743,4.9908712146210314,3.0577227872380357
8,18,5,0,920072880,2826964671,1906891792,1.171424166848766,3518,4.219460232528039,4.219460238805197,1.704674407820239
9,19,1,0,1840145760,3924819363,2084673604,1.0428256264934923,35823,0.8714014594558308,0.871401459644725,1.2954398528992923
10,19,0,1,1532807872,3537766629,2004958758,1.0990745852641304,31515,1.0562489577184355,1.056248958770639,2.4773479441176947
11,26,7,0,422133952,4005214527,3583080576,0.26144665890144836,1830,5.1623720668285955,5.162372073637317,3.417711804438173
12,27,1,0,844267904,3117481467,2273213564,0.9179139170932622,20789,1.656467257624102,1.656467258191816,3.114947207014515
13,31,4,1,1358800000,3284593695,1925793696,1.157193985770796,1735,5.239280052534377,5.239280068677532,3.0772312221128413
14,31,0,1,1358800000,3245628814,1886828815,1.186683607523431,64210,0.029489621748902333,0.029489621752635867,0.18504468540609442
15,31,0,2,570116352,4114830151,3544713800,0.2769779969661528,61560,0.09029438878442743,0.09029438944272056,0.4271229021697397
16,34,3,0,1636059476,3931988603,2295929128,0.9035690372148686,21224,1.6265910397713041,1.626591040248719,0.9145288990326715
17,34,0,0,1636059476,3923300394,2287240919,0.9090388107229614,65288,0.0054697731107892274,0.005469773508092698,0.04467591068790887
18,34,0,0,1636059476,3919147231,2283087756,0.9116608319120125,65417,0.0026220209864989156,0.002622021189050652,0.02480959699734154
19,34,0,2,101786960,4172996179,4071209220,0.07718978233475937,29216,1.165528950015778,1.1655289504227444,1.9803175903139016
20,37,3,0,203573920,3125903999,2922330080,0.5555280048729472,23521,1.4783382225053454,1.4783382225381891,2.864437792664607
21,38,1,0,407147840,3706808807,3299660968,0.3803293472736087,36999,0.8248013419937502,0.8248013424006599,2.5095431130720844
22,40,2,0,1478731952,3535380987,2056649036,1.0623515248404551,10212,2.682022177592881,2.6820221775668496,1.757481994999726
23,40,0,1,809980256,3309491705,2499511450,0.7810010101423792,39824,0.7186494850189642,0.718649485301923,1.384521205323082
24,40,0,1,809980256,2182659646,1372679391,1.645652443344975,35991,0.8646514327475583,0.8646514332025946,2.3853316404913874
25,42,2,0,1619960512,4267420375,2647459864,0.6980383331642379,63199,0.05238588968194985,0.052385889819264744,0.32895373714033926
26,43,1,0,822042198,2291928589,1469886392,1.5469424930147184,18193,1.8489041594701954,1.848904159850479,2.642557792645649
27,45,2,1,449001256,3967613583,3518612328,0.2876405757401699,19610,1.7406980849204887,1.74069808272545,2.5553478836536914
28,47,2,0,898002512,4252109403,3354106892,0.356718479144579,31236,1.0690779028747317,1.0690779034044107,2.066674671145101
29,48,1,0,1993686214,4207613763,2213927550,0.9560391348093304,21629,1.599320655492375,1.5993206556647521,0.919004198862007
30,49,1,2,1644475024,4057039871,2412564848,0.8320794245115124,8927,2.8760402894077095,2.8760402897021797,3.03466619354782
31,52,3,2,344668488,3427815623,3083147136,0.47824340567265367,10469,2.646163977985257,2.6461639811611444,2.759505296997486
32,52,0,2,344668488,2918552504,2573884017,0.7387001009511991,54711,0.26045669511104635,0.2604566952785435,1.0105185514873631
33,55,3,0,689336976,2498156589,1808819614,1.2475986048117065,23028,1.5088985030834636,1.5088985038605094,2.5951005561778357
34,56,1,0,1378673952,3844162209,2465488258,0.8007737640591159,44664,0.5531751592196923,0.5531751592474072,1.3493028501168418
35,67,11,0,997025792,3000236031,2003210240,1.100333303850487,26,11.299560281858907,11.299559539791373,1.0182928866345027
36,67,0,0,997025792,2276144731,1279118940,1.747496725289107,41847,0.6471634203812298,0.6471634214386188,1.220442083295375
37,67,0,2,726273904,2508483811,1782209908,1.2689798790774987,22828,1.5214831523235497,1.5214831537883928,1.177788267530097
38,67,0,2,726273904,2318259227,1591985324,1.4318201098118344,58541,0.1628402303116984,0.1628402307343337,0.8244770524481541
39,70,3,0,1452547808,3348131649,1895583842,1.1800048774436824,39017,0.7481847664275141,0.7481847676318484,1.728420348279776
40,70,0,1,757611968,3494314859,2736702892,0.6502083278635347,47308,0.4702034499005381,0.4702034504198525,1.5169193777413337
41,70,0,1,757611968,3485378481,2727766514,0.6549269853431419,65322,0.004718657078353454,0.004718657479606692,0.03906023193432255
42,72,2,0,1515223936,4147425385,2632201450,0.7063772390856116,31620,1.0514502527542668,1.0514502537424695,1.6132450452271234
43,72,0,0,1515223936,3956203596,2440979661,0.8151868718273576,60775,0.10880963219654648,0.10880963274174596,0.47415830854503255
44,72,0,0,1515223936,3281559665,1766335730,1.281887561820092,47423,0.4667006892160054,0.4667006899927347,1.6472549717732077
45,72,0,0,1515223936,3279780823,1764556888,1.283341203732597,65470,0.0014536415241189304,0.0014536419125070043,0.013777009849377884
46,74,2,0,1765928448,4249059767,2483131320,0.7904865857865246,23056,1.5071453798252525,1.5071453820539256,2.6986096750845783
47,74,0,0,1765928448,3713869491,1947941044,1.1406971322567045,51411,0.3502105460979692,0.3502105464701805,0.8217656782026657
48,74,0,2,621262848,4210520179,3589257332,0.2589617850521435,30189,1.1182646515730108,1.1182646527954392,2.314383635412193
49,74,0,2,621262848,4209096218,3587833371,0.25953425698682864,65510,0.0005724718275307164,0.000572471934684117,0.006425418967666177
50,74,0,2,621262848,3964491123,3343228276,0.3614052803167347,61068,0.10187102330164535,0.10187102332990633,0.453229209673425
51,77,3,1,1802824784,3502802491,1699977708,1.3371313177500035,8331,2.9757260374599976,2.97572603743327,1.4204141317246473
52,77,0,3,768848192,4019806535,3250958344,0.4017820757712727,31332,1.064650756966002,1.0646507580212683,2.5307911138472288
53,77,0,3,768848192,3113560227,2344712036,0.8732363958722082,47267,0.4714543195887642,0.471454320100936,1.099394834373518
54,81,4,0,1537696384,3850995803,2313299420,0.892695133912536,32329,1.0194587377113702,1.0194587380403255,1.9862128337085156
55,81,0,0,1537696384,3805990664,2268294281,0.9210393231067115,64261,0.02834418891269223,0.02834418919417587,0.18459257143580649
56,81,0,0,1537696384,3779755204,2242058821,0.9378230178918905,64778,0.016783694377100106,0.01678369478517898,0.09839896353267268
57,81,0,0,1537696384,3365835073,1828138690,1.2322716227811519,53437,0.2944486045287733,0.2944486048892637,1.0274094310638948
58,81,0,1,927909120,3766522905,2838613786,0.5974605727265683,50880,0.3651889498282823,0.3651889499454155,0.9901651882285422
59,81,0,1,927909120,3578367718,2650458599,0.6964051405790102,61192,0.0989445674467282,0.09894456785244247,0.39520470017419207
60,89,8,2,888480256,2938444287,2049964032,1.0670485491173878,99,9.37064337992039,9.370643408538376,2.2468583284437527
61,89,0,2,888480256,2822489442,1934009187,1.151052498040837,61829,0.08400394829404373,0.08400394892344808,0.40088176446921686
62,89,0,2,888480256,2216754081,1328273826,1.693094554532511,45010,0.5420420557270862,0.5420420564916754,1.3804169528427805
63,96,7,6,265076736,2465030143,2199953408,0.9651741762452275,53,10.272079545436801,10.272079621712717,2.005405547139422
64,106,10,0,1336965456,4274891519,2937926064,0.5478490566010734,5470,3.582674882320081,3.582674880355845,2.8149156649742095
65,106,0,0,1336965456,3988567456,2651602001,0.6957828993240867,59149,0.14793384254036854,0.14793384272301408,0.6191142018570782
66,106,0,0,1336965456,3980596789,2643631334,0.7001261453005867,65339,0.0043432456574473925,0.004343245976500144,0.032877441665727064
67,111,5,1,1003549952,2782321471,1778771520,1.2717659350894017,689,6.571639827295709,6.571639789788816,0.5077178259928493
68,111,0,1,1003549952,2781697207,1778147256,1.2722723411351815,65513,0.0005064057914389884,0.0005064060457773233,0.005760569429933765
69,115,4,0,866692144,2551721095,1685028952,1.349873766150825,7763,3.077601427780686,3.0776014250156463,3.435223751980911
70,115,0,2,234964224,3202277171,2967312948,0.5334900571737613,28852,1.1836162915252737,1.1836162910229346,1.4960700704406937
71,115,0,2,234964224,2213686001,1978721778,1.1180783722930023,43702,0.5845883150025589,0.5845883151192404,1.2174437200273316
72,115,0,3,339088858,2242388775,1903299918,1.1741442296365499,31519,1.0560658571640902,1.05606585734355,1.091619426112692
73,115,0,3,339088858,2234663589,1895574732,1.1800118109188027,65270,0.0058675811486044276,0.005867581282249724,0.043706157792615774
74,119,4,0,678177716,2283238033,1605060318,1.4200196313176576,27746,1.2400078200190001,1.2400078203988574,2.2751789131482165
75,120,1,1,565227216,4161428335,3596201120,0.25617343920116653,36709,0.8361538063315631,0.8361538078835089,2.1475203424776326
76,120,0,2,1790088466,4224613901,2434525436,0.8190065720038007,22183,1.5628331335601622,1.5628331328026321,1.7258190652853085
77,120,0,3,1432693284,3242539461,1809846178,1.2467800606759347,24360,1.4277734872063053,1.427773488672134,2.3026362643939473
78,120,0,4,717902920,3453163303,2735260384,0.6509689686358797,49523,0.404188907796054,0.40418890795994655,0.93719902641565
79,120,0,4,717902920,2147637411,1429734492,1.5868998889677535,34256,0.9359309196144905,0.9359309203318728,1.422389900632475
80,125,5,0,1435805840,3717237635,2281431796,0.9127076213309238,52288,0.32580773185431655,0.32580773236317195,0.9450178336306575
81,125,0,0,1435805840,3277563508,1841757669,1.221563896056292,52906,0.3088562746824343,0.3088562747253681,1.0823010128367052
82,127,2,1,1303132936,4269235095,2966102160,0.5340788573286872,13193,2.312514959348845,2.312514961272394,1.5784333443773577
83,130,3,0,917564448,4164273195,3246708748,0.4036691752062893,17934,1.8695903176007493,1.869590317877604,2.9937493609737063
84,130,0,0,917564448,2328537223,1410972776,1.605956993874944,28481,1.2022878186085548,1.2022878186686532,2.6963691745616756
85,130,0,3,1555754472,3561809151,2006054680,1.0982862152931077,11647,2.492329222865633,2.4923292214181623,1.4503759235183045
86,130,0,4,964025296,2576619481,1612594186,1.4132637202332852,26341,1.3149775038745146,1.3149775049401786,2.267642011296242
87,130,0,4,964025296,2298519818,1334494523,1.6863537615956474,54234,0.2730900409632245,0.27309004136236087,0.9516992030916973
88,135,5,0,1928050592,3250979059,1322928468,1.6989120901807055,32484,1.01255832706388,1.0125583285850595,1.5866343844351563
89,135,0,0,1928050592,3245003918,1316953327,1.7054429288162822,65240,0.006530838400753308,0.006530838635575305,0.0574348173300397
90,135,0,1,1708617536,4102869871,2394252336,0.8430719366264618,59573,0.13762900774907505,0.1376290078101813,0.7450360350892987
91,138,3,0,480569560,2585331303,2104761744,1.0289902144816132,14403,2.1859182786202496,2.18591827785515,1.400770878873703
92,138,0,0,480569560,2584817445,2104247886,1.0293424780576892,65520,0.0003522634716290214,0.0003522635760775763,0.004227909891679893
93,139,1,0,961139120,3711726573,2750587454,0.6429073722992378,42833,0.6135648941076386,0.6135648942415498,1.6422974704871676
94,143,4,0,688834800,4083419663,3394584864,0.33941199312508985,5055,3.696504623209623,3.696504620825852,1.4437066610041076
95,143,0,0,688834800,3926577576,3237742777,0.40765877096218617,62508,0.06824677752814148,0.06824677783709313,0.3475587089176981
96,146,3,0,1616563864,4170159575,2553595712,0.7501170119134954,6461,3.342458240296622,3.342458240951312,2.5291892470058994
97,146,0,0,1616563864,3793097415,2176533552,0.9806148860850676,55859,0.23049787404275815,0.230497874171572,0.9848804489306596
98,146,0,0,1616563864,3774964063,2158400200,0.9926847589330308,64990,0.012069872467737539,0.012069872847960603,0.0805037427888207
99,146,0,0,1616563864,3515110279,1898546416,1.1777518753609577,57646,0.18506711630938102,0.1850671164279291,0.6560119573148697
100,147,1,0,783344992,2602225229,1818880238,1.239596592431493,31393,1.0618447171019045,1.0618447170705339,1.2837965365827542
101,155,8,0,300511232,2453326591,2152815360,0.9964225564831679,303,7.756826016527049,7.756825964051677,1.5805977392738977
102,155,0,0,300511232,2242893619,1942382388,1.1448199004752624,59130,0.1483973433479957,0.148397343992095,0.548019194181998
103,157,2,0,1202044928,4234290675,3032245748,0.5022604647165672,25577,1.357440564164524,1.3574405642413048,2.5677810625036237
104,157,0,1,256606208,4198396127,3941789920,0.12379625685976237,42597,0.6215357918193241,0.621535792143193,0.9697332737355282
105,159,2,0,513212416,3881561399,3368348984,0.3506055267889465,28001,1.2268092693774841,1.2268092699291833,1.7913899183857824
106,162,3,2,152425536,3132624927,2980199392,0.5272382877335886,1812,5.1766327599537645,5.176632760944644,2.7110039685758345
107,165,3,0,304851072,3121343221,2816492150,0.6087476954452811,30968,1.0815094077076888,1.0815094077116907,1.9225409423292286
108,165,0,0,304851072,2843329797,2538478726,0.7586829765599141,59067,0.14993528079451648,0.14993528111463597,0.7820440620244503
109,165,0,0,304851072,2842710051,2537858980,0.7590352401550646,65520,0.0003522634716290214,0.00035226359514902697,0.004227909891679893
110,165,0,0,304851072,2555450561,2250599490,0.9323378041042965,58118,0.17330256372426142,0.17330256394923124,0.6510654478455257
111,165,0,0,304851072,2493086537,2188235466,0.9728791577220441,63720,0.04054135358732785,0.04054135361774951,0.20636282891329213
112,165,0,0,304851072,2476892472,2172041401,0.9835955435859489,65051,0.010716385429818441,0.01071638586390329,0.06522869686931608
113,165,0,0,304851072,2476295903,2171444832,0.9839918460476547,65518,0.0003963024539395264,0.00039630246170516343,0.004687653452683203
114,165,0,0,304851072,2231007724,1926156653,1.1569221046622324,58133,0.1729302585271718,0.17293025861457978,0.6160487512941762
115,166,1,0,609702144,4247168567,3637466424,0.23971321487316288,61881,0.08279110945248667,0.08279111021092964,0.3334779772684221
116,166,0,0,609702144,3812743980,3203041837,0.42320450380553254,57709,0.18349128870567866,0.1834912889323702,0.8633868522856234
117,166,0,0,609702144,3715679144,3105977001,0.46759999905288296,63550,0.044395495220316404,0.04439549524734825,0.23902206964915737
118,166,0,0,609702144,3629849609,3020147466,0.5080281516710556,63725,0.04042815220307353,0.04042815261817344,0.20015094878454268
119,166,0,0,609702144,2922785971,2313083828,0.8928295946749962,50193,0.3848014429170499,0.38480144300394065,1.3621549948635046
120,166,0,0,609702144,2908350373,2298648230,0.9018614436220815,65127,0.009031848325780604,0.00903184894708747,0.05880039386857461
121,167,1,1,291324928,2733077475,2441752548,0.8147301438301398,17404,1.9128686984594705,1.9128687002080573,2.976127856412825
122,167,0,1,291324928,2705096576,2413771649,0.8313579473184447,64785,0.016627803184459475,0.016627803488303894,0.10068381344636318
123,169,2,1,1512174448,3552624723,2040450276,1.0737595922137473,13850,2.242401644176087,2.242401644895304,2.803291413870671
124,169,0,1,1512174448,3551908622,2039734175,1.0742659984238045,65513,0.0005064057914389884,0.0005064062100575163,0.0057992057363247486
125,169,0,1,1512174448,3469305861,1957131414,1.1339065152606622,62882,0.05964051633692712,0.05964051683685498,0.2760002561174021
126,169,0,2,876865248,2696624765,1819759518,1.2388993357612463,30468,1.104992819631338,1.1049928205005861,1.4574666437760844
127,169,0,2,876865248,2612239859,1735374612,1.307400017770771,62497,0.06850068169982645,0.06850068200952582,0.3368303793521216
128,169,0,2,876865248,2611816183,1734950936,1.3077522817060867,65520,0.0003522634716290214,0.0003522639353145601,0.004227909891679893
129,174,5,0,1321266664,3339799055,2018532392,1.0893404076457465,9531,2.781588124565351,2.7815881259396606,0.8024082317369418
130,175,1,0,768843930,2383583601,1614739672,1.4113455533471395,26213,1.3220051451724317,1.322005145701393,0.975179933049847
131,176,1,0,1537687860,4195937275,2658249416,0.6921706710667621,53944,0.28082511767192125,0.2808251177196216,0.7405377609005197
132,176,0,0,1537687860,3224079730,1686391871,1.3487073282050623,41576,0.6565366563320976,0.6565366571382986,1.2165854940713656
133,176,0,1,927892072,2885759683,1957867612,1.1333639305963068,38043,0.7846566015268949,0.784656602391247,1.6273299331718944
134,176,0,1,927892072,2873092814,1945200743,1.1427280982643353,65112,0.009364166996977705,0.00936416766802884,0.07038004166715858
135,176,0,1,927892072,2792478110,1864586039,1.203791776000756,62820,0.06106367746067306,0.06106367773642001,0.25835152484634644
136,184,8,1,1352794880,4113256191,2760461312,0.6377377641836013,379,7.4339459618289085,7.433945988182845,0.47716507372772515
137,184,0,1,1352794880,3750423339,2397628460,0.8410390320674743,56922,0.2033012674513882,0.2033012678838727,0.9064498927226966
138,189,5,0,1563841056,3419427535,1855586480,1.2107719063042168,3170,4.369732874973231,4.369732874236743,0.810003867548088
139,190,1,0,668424866,2469365319,1800940454,1.2538966650133538,31803,1.0431247580547391,1.043124758709136,1.132611562905496
140,191,1,0,1336849732,4102124327,2765274596,0.6352243966144329,50314,0.3813277309510302,0.3813277316010767,1.2991080093028065
141,195,4,0,241004080,4171528655,3930524576,0.12792527559366107,5822,3.4927008758772344,3.492700878979228,2.5748545404237357
142,195,0,0,241004080,3859598443,3618594364,0.2472177519934391,60335,0.1192924760721475,0.11929247639978141,0.5607343643202726
143,195,0,0,241004080,3858438920,3617434841,0.24768011554914793,65515,0.0004623634480924974,0.0004623635557078135,0.00536402669982325
144,195,0,0,241004080,3625670323,3384666244,0.34363356682665014,61319,0.09595345096209032,0.0959534512775005,0.5116046711941853
145,195,0,0,241004080,3588898436,3347894357,0.3593931417326637,64824,0.015759574769876807,0.015759574906014113,0.1057271972504836
146,195,0,0,241004080,3588081078,3347076999,0.3597454056263807,65520,0.0003522634716290214,0.00035226389371559915,0.004227909891679893
147,195,0,0,241004080,2439668397,2198664318,0.966019789080601,43050,0.6062743828284313,0.6062743834542227,0.9323896857204668
148,195,0,0,241004080,2435709620,2194705541,0.9686197566111936,65418,0.0025999673305059927,0.0025999675305925303,0.02322455814755183
149,195,0,0,241004080,2356609667,2115605588,1.0215764548916546,63174,0.052956697947840976,0.05295669828046077,0.3190539953089288
150,196,1,0,482008160,3327242003,2845233844,0.5940999164291334,44069,0.5725234606495733,0.5725234615374797,1.3710432515347424
151,198,2,1,434861656,3268286671,2833425016,0.6001001226650686,8158,3.006000208207477,3.006000206235935,2.3710210815737316
152,198,0,1,434861656,3267638151,2832776496,0.600430367394285,65521,0.00033024448458043404,0.00033024472921451613,0.0039922782726164955
153,198,0,1,434861656,3266903330,2832041675,0.6008046504115256,65519,0.0003742827947452993,0.00037428301724286495,0.004452022505596219
154,198,0,1,434861656,2970933886,2536072231,0.7600513099128001,58687,0.15924665906804975,0.15924665950127306,0.6390265772820143
155,200,2,0,869723312,4037723939,3168000628,0.4390745246074559,40933,0.6790232139550394,0.6790232146946551,1.9074425955013228
156,200,0,0,869723312,2392283671,1522560360,1.4961477229090363,31497,1.0570731979089503,1.0570731983015826,2.0399110971474688
157,201,1,0,1739446624,4035182165,2295735542,0.9036906861515526,49408,0.4075429627319196,0.4075429632425141,0.812692853972862
158,205,4,1,2138999936,3428109247,1289109312,1.736272541589777,1150,5.832581854168263,5.832581855438225,1.7489797808090233
159,205,0,1,2138999936,3393607633,1254607698,1.7754108261622612,63782,0.03913828383806585,0.0391382845724857,0.23699445416393444
160,205,0,3,2113548800,3442587567,1329038768,1.6922639574375786,17356,1.9168531291832576,1.9168531312753172,3.49223364120684
161,205,0,4,2079613952,3996677745,1917063794,1.1637487997452354,47266,0.4714848421584688,0.4714848423076568,1.548135301212228
162,205,0,4,2079613952,3665164012,1585550061,1.4376637172529847,54203,0.27391491711225,0.2739149175077496,0.7344152163607027
163,205,0,4,2079613952,3371913702,1292299751,1.7327064017375733,53415,0.2950426840284186,0.2950426844845874,1.1362033943374208
164,205,0,4,2079613952,3371617918,1292003967,1.7330366462896087,65521,0.00033024448458043404,0.00033024455203568945,0.0039922782726164955
165,212,7,0,2145552144,3426200607,1280648464,1.7457726335228863,8120,3.0127359879274613,3.0127359872332784,2.272877399968566
166,212,0,0,2145552144,3222542796,1076990653,1.9956414169571168,55114,0.24986878323211906,0.24986878343423055,0.9333234354058285
167,212,0,1,2143620640,4269007527,2125386888,1.0149216644837118,64666,0.019280247093359112,0.019280247526594345,0.13910523821117934
168,212,0,1,2143620640,4268521064,2124900425,1.0152519093396748,65521,0.00033024448458043404,0.0003302448559625899,0.0039922782726164955
169,212,0,1,2143620640,4075083015,1931462376,1.1529535712069752,59570,0.1377016613690709,0.13770166186729985,0.5664423137880481
170,212,0,1,2143620640,3549778062,1406157423,1.6108890290798357,47712,0.45793545771655764,0.45793545787285983,1.1863954542717385
171,212,0,1,2143620640,3258273320,1114652681,1.946052900851857,51950,0.3351638713210635,0.3351638717720224,1.1633656410261124
172,212,0,2,2139757632,3585424875,1445667244,1.5709116273873924,42499,0.6248587253652473,0.6248587265355354,0.9767458906765795
173,212,0,3,2132031616,3851849745,1719818130,1.3203911373770865,38982,0.7494795094324288,0.7494795099896923,1.959366309379964
174,212,0,3,2132031616,3796950765,1664919150,1.367195025609771,63444,0.046803887897901866,0.0468038882326862,0.2973268375910762
175,212,0,3,2132031616,3796239434,1664207819,1.3678115438329002,65508,0.0006165175324262582,0.0006165182231281628,0.006841840065218801
176,212,0,3,2132031616,3795731558,1663699943,1.3682518866817261,65516,0.0004403427806028656,0.00044034284882607744,0.005158914338864347
177,212,0,3,2132031616,3679006516,1546974901,1.473197356141192,60938,0.10494546925173236,0.10494546945946498,0.43361535621699937
178,212,0,3,2132031616,3380781404,1248749789,1.782162711766759,52902,0.3089653549063551,0.30896535562556904,1.3413231694535321
179,212,0,5,2085675520,3954074707,1868399188,1.2008444227532706,24514,1.4186817095088382,1.4186817109865095,2.275305082130478
180,212,0,5,2085675520,3517651141,1431975622,1.5846402136902533,50228,0.383795790145703,0.38379579093698274,0.8089846911148161
181,212,0,6,2023867392,3653631149,1629763758,1.3979842919026417,37294,0.8133440775444806,0.8133440782123917,1.8071049448093788
182,212,0,6,2023867392,3566293955,1542426564,1.47744534271688,62024,0.07946105041621343,0.07946105081423584,0.36802886279708286
183,212,0,6,2023867392,3565799708,1541932317,1.477907706358394,65515,0.0004623634480924974,0.0004623636415139408,0.00536402669982325
184,219,7,2,335500736,3514230343,3178729608,0.4341968441613986,16888,1.956289136652844,1.9562891378030043,1.594252011021514
185,219,0,2,335500736,3500067302,3164566567,0.44063923070780575,65244,0.006442386480742218,0.006442386546410013,0.04988932146708168
186,219,0,2,335500736,3497121767,3161621032,0.44198269672990875,65475,0.00134346587467908,0.001343466022102803,0.012327264071136325
187,219,0,2,335500736,2841795532,2506294797,0.7770910277799814,51952,0.3351083307139119,0.3351083310500701,1.4015482977135354
188,219,0,2,335500736,2496766972,2161266237,0.9907703435336259,56514,0.21367931524817585,0.2136793157536461,0.7755576653788998
189,225,6,1,886843328,2821218847,1934375520,1.1507792538606303,1833,5.160008929460115,5.160008910327003,1.5001920656608287
190,225,0,1,886843328,2818532870,1931689543,1.1527839000619586,65445,0.0020046460149816775,0.002004646201331163,0.017888807949033962
191,225,0,1,886843328,2238636933,1351793606,1.6677722505553447,45862,0.5149883495447912,0.5149883504933848,1.202613840502398
192,227,2,0,1773686656,4072783623,2299096968,0.9015798307612428,55731,0.2338075800419352,0.23380758020589698,0.9249555820137542
193,227,0,0,1773686656,3529091533,1755404878,1.290843324534908,50038,0.38926349377145786,0.389263493773665,1.2909415486414846
194,227,0,1,1399889664,3424915901,2025026238,1.0847065450845008,37801,0.7938632199735689,0.7938632205495941,1.0334632723520285
195,230,3,0,1304591360,3749479299,2444887940,0.812878804399098,19781,1.7281722591374709,1.7281722593145974,2.7375299144329945
196,236,6,0,877771456,3258194559,2380423104,0.8514291204673903,997,6.038550305601804,6.0385503160682905,2.4945609108701516
197,236,0,0,877771456,3189726883,2311955428,0.8935335615069846,63651,0.042104440436910695,0.042104441039597214,0.2501258656774986
198,237,1,0,1755542912,4097978219,2342435308,0.8746379410818292,33200,0.9811043788783506,0.9811043795748415,1.4813900581198804
199,240,3,0,1829325080,4294715367,2465390288,0.8008310929232749,8622,2.9261931528215075,2.9261931518414466,1.4977519536606183
200,240,0,0,1829325080,4278012588,2448687509,0.8106384709200327,65092,0.009807377667075562,0.009807377996757941,0.0771374231095024
201,240,0,0,1829325080,4252903975,2423578896,0.8255080979574316,64864,0.01486962653310108,0.014869627037398624,0.08767067865856237
202,240,0,0,1829325080,4251572663,2422247584,0.8263008119667035,65500,0.0007927138004626774,0.0007927140092722877,0.008461982841400362
203,240,0,0,1829325080,3904328155,2075003076,1.0495336708907281,56141,0.2232328586629569,0.22323285892402395,1.0540635836473766
204,244,4,3,131027840,2651832447,2520804608,0.7687628493143457,622,6.719229229869398,6.719229178423617,1.0522209819134531
205,250,6,1,739554272,2342751535,1603197264,1.4216951944544327,2605,4.65293234283413,4.652932345140088,1.2344624239133926
206,250,0,6,695542624,3166094655,2470552032,0.7978137054811469,3156,4.376118509986542,4.376118511026714,2.7799851888786815
207,250,0,6,695542624,2915933166,2220390543,0.9518336924584503,58900,0.1540199863948146,0.15401998697730387,0.6716967545592899
208,257,7,0,1391085248,3686554913,2295469666,0.9038577786554782,33876,0.9520240858291509,0.9520240861970269,2.3841746735698353
209,259,2,0,957993372,3035600775,2077607404,1.0477240855221268,14829,2.1438663081390708,2.1438663068666504,2.5228985168861544
210,259,0,0,957993372,3030052964,2072059593,1.0515816500890622,65361,0.0038575640782688957,0.0038575645669352357,0.029270847029885177
211,259,0,2,1987284168,3613289427,1626005260,1.4013152215874882,12857,2.349733571099797,2.3497335714984264,1.8648088020966462
212,259,0,2,1987284168,3612818020,1625533853,1.4017335444323145,65517,0.000418322449221962,0.00041832284482528346,0.00492328406377429
213,262,3,1,1421795548,3574159527,2152363980,0.9967250775344496,21694,1.594991534793309,1.594991533102135,1.111125086739833
214,262,0,1,1421795548,3321272523,1899476976,1.1770449211452778,57836,0.18031984305286908,0.18031984361082873,0.6668631671563022
215,267,5,1,1481213984,3785071807,2303857824,0.8985954582869411,2484,4.721550541779519,4.721550537141662,2.2617368357906646
216,267,0,2,814944320,3068461499,2253517180,0.9304686973332998,32052,1.031873238643734,1.0318732390463579,2.329736559930662
217,267,0,2,814944320,3066570272,2251625953,0.931679963610005,65481,0.001211266200721556,0.0012112662767071744,0.012735058404679617
218,267,0,2,814944320,2535169231,1720224912,1.320049942589872,50069,0.3883699788784506,0.3883699789798671,1.4618347528727804
219,270,3,0,1629888640,3875137029,2245248390,0.9357720880413325,42769,0.6157221451022589,0.6157221454514599,1.7906307043235608
220,270,0,2,77103616,4253917923,4176814308,0.04024414014351052,30479,1.1044720509102495,1.1044720521021771,1.9701470364295168
221,270,0,2,77103616,4226194012,4149090397,0.04985205619802713,65101,0.009607916015701322,0.009607916054517813,0.07185573970869522
222,270,0,2,77103616,3990870388,3913766773,0.13408935976328706,61819,0.08423730347067972,0.08423730356525908,0.3477395213017465
223,270,0,2,77103616,2874596454,2797492839,0.6185127078066763,46844,0.48442334790404323,0.4844233480433894,1.4468047626762097
224,274,4,0,308414464,4008638295,3700223832,0.2150346018804754,21671,1.5965218928724911,1.5965218940737997,2.7169440700201615
225,274,0,0,308414464,3007529457,2699114994,0.6701607028364585,47805,0.45512610061362835,0.45512610095598144,1.4543291416712318
226,276,2,0,1233657856,4057316971,2823659116,0.6050812151031941,17140,1.9349205110001377,1.934920512266738,3.2489580602360375
227,276,0,0,1233657856,4021297393,2787639538,0.6236031236742043,64700,0.018521908232767767,0.01852190857100879,0.11763561816683042
228,276,0,0,1233657856,3250842758,2017184903,1.0903038129727776,47423,0.4667006892160054,0.46670068929857395,1.2019511620707526
229,278,2,0,639664128,2831678287,2192014160,0.9703900281460491,17804,1.8800862145477308,1.8800862151732713,3.1994637974673155
230,280,2,2,1761434624,3402234287,1640799664,1.388248044515798,3066,4.417858018341223,4.417858016369749,1.1676433233692936
231,280,0,3,1375385600,4239975051,2864589452,0.5843187567715269,57208,0.19607071202555307,0.19607071225572809,0.8906343160421941
232,286,6,0,1057591432,3958198063,2900606632,0.5662924894101842,8295,2.9819737341567745,2.9819737326386577,2.826721715257195
233,286,0,0,1057591432,2934957024,1877365593,1.1939375220310353,42417,0.6276450325423352,0.6276450326208516,1.173230894352823
234,286,0,0,1057591432,2502397507,1444806076,1.5717712809473383,50436,0.37783375812686953,0.3778337589163027,0.9763251878980294
235,290,4,0,1956552976,3515998207,1559445232,1.4616142601240334,4421,3.8898429810459336,3.889842979176694,2.847231192191852
236,291,1,2,997104120,2765757151,1768653032,1.2799960929597312,9291,2.8183818316041807,2.8183818328357004,1.2415509169071002
237,291,0,5,54467152,3670792623,3616325472,0.24812261878345865,16750,1.9681265248801405,1.9681265258237262,2.0986787409167933
238,291,0,5,54467152,3276029554,3221562403,0.41488660538238165,58382,0.16676398616640598,0.16676398659892405,0.7427488513118097
239,299,8,1,217092512,2251018383,2033925872,1.0783800459957078,2586,4.663493440189746,4.663493440613326,2.5935426647976576
240,299,0,3,507089316,2295712603,1788623288,1.2637975807384905,14408,2.185417534093724,2.185417534742781,1.7096517253905008
241,303,4,0,1014178632,2337960733,1323782102,1.697981475707632,24252,1.4341838928991084,1.4341838949691437,2.8536403150443945
242,303,0,0,1014178632,2213169384,1198990753,1.8408266137440776,59358,0.14284513763420623,0.14284513803644275,0.7117611301264124
243,304,1,0,2028357264,3520472861,1492115598,1.5252878368274132,40779,0.6844612230442985,0.684461223083336,2.0645400583129385
244,304,0,0,2028357264,3401078113,1372720850,1.6456088703221319,60292,0.12032103335013483,0.12032103349472087,0.49632616572138893
245,304,0,0,2028357264,3307491126,1279133863,1.7474798940063891,61068,0.10187102330164535,0.10187102368425617,0.5343051381804768
246,304,0,1,1909230880,4231642683,2322411804,0.8870233362078892,59494,0.13954344121854484,0.13954344220150092,0.5349565735048993
247,304,0,1,1909230880,3737222982,1827992103,1.2323873081053627,51584,0.3453639714720326,0.34536397189747364,1.2164809255101727
248,304,0,1,1909230880,3720877715,1811646836,1.2453454034387264,64950,0.012958094777394217,0.0129580953333627,0.07765794834932938
249,304,0,1,1909230880,3695058651,1785827772,1.2660541945930426,64602,0.020708790741610174,0.02070879115431589,0.13471645088270556
250,304,0,1,1909230880,3521805889,1612575010,1.4132808759968576,59178,0.14722668091160312,0.14722668140381515,0.46528138000488073
251,307,3,0,2123125360,3970834751,1847709392,1.2169092787020048,18773,1.803628403458021,1.8036284027051457,1.8271760706273166
252,307,0,0,2123125360,3671162767,1548037408,1.4722068116864442,54907,0.2552975327589603,0.25529753298443975,1.054031539723236
253,307,0,1,2098767072,3991201229,1892434158,1.182404039503826,40058,0.7101972278099371,0.7101972278173818,0.97098905022165
254,307,0,1,2098767072,3990363817,1891596746,1.1830425808846705,65507,0.0006385408891551363,0.0006385413808467312,0.006923266322174855
255,307,0,2,2050050496,3672581919,1622531424,1.404400726458075,28107,1.2213581445371144,1.221358145573404,2.1299668322344196
256,311,4,1,779996704,3344119239,2564122536,0.7441819379356431,12946,2.339781211464382,2.339781211477569,2.877001227645489
257,319,8,1,1296027392,4060472063,2764444672,0.635657448344574,276,7.891475543221831,7.891475510408929,2.1363915485098066
258,319,0,2,444571136,3558030321,3113459186,0.4641287788079751,36905,0.8284713302751568,0.8284713304634024,1.9547693947936995
259,319,0,2,444571136,3471851503,3027280368,0.504624851161438,63722,0.04049607196773596,0.04049607235346131,0.18708726279603466
260,322,3,0,889142272,3087819195,2198676924,0.966011517439771,23799,1.4613866656295358,1.461386666278332,3.008625588622977
261,328,6,0,6048576,3274003903,3267955328,0.39425888361746075,1522,5.428247356496454,5.4282473661776915,0.6619402906392167
262,328,0,0,6048576,3266873202,3260824627,0.3974102935691697,65393,0.0031514098920848456,0.003151409951709625,0.024255856798149178
263,332,4,0,569560608,2808989247,2239428640,0.9395164509558178,2813,4.5421061626853,4.542106157386647,1.9611217177000442
264,332,0,0,569560608,2693081319,2123520712,1.0161889657701657,62144,0.07667251458080775,0.07667251481434748,0.2990881899576487
265,332,0,0,569560608,2554302034,1984741427,1.1136960813577446,61253,0.09750711545155127,0.09750711558757752,0.35633119556968734
266,333,1,0,1139121216,4285585681,3146464466,0.44891549581474166,51948,0.33521941406648953,0.33521941445699793,0.7927395746630681
267,334,1,1,264095156,4064664719,3800569564,0.17643150493553605,19790,1.7275160080651255,1.7275160091207946,1.909331760185377
268,334,0,1,264095156,3522438684,3258343529,0.39850842997790537,56186,0.22207692499940057,0.22207692504236953,0.8060633293223285
269,334,0,1,264095156,3521295161,3257200006,0.3990148359191181,65513,0.0005064057914389884,0.0005064059412141012,0.005724733926613502
270,334,0,1,264095156,3154452612,2890357457,0.5713992209172183,58155,0.17238438464030098,0.17238438499809872,0.6938574256178214
271,334,0,1,264095156,3153658751,2889563596,0.5717955236779488,65518,0.0003963024539395264,0.00039630276073153534,0.004699172121844633
272,334,0,1,264095156,2149657093,1885561938,1.187652604296936,42765,0.6158570804535288,0.6158570806189858,1.1644144042603466
273,336,2,0,528190312,4254718529,3726528218,0.2048149619441979,64761,0.017162357418128847,0.017162357647261785,0.10485997233240746
274,336,0,0,528190312,3895064430,3366874119,0.3512373634550663,59211,0.14642240116293792,0.14642240151086935,0.5275408254345021
275,336,0,0,528190312,3771919940,3243729629,0.40499357280771875,63139,0.05375620912600011,0.05375620935265103,0.3060313505876966
276,336,0,0,528190312,3766178475,3237988164,0.4075494339278336,65420,0.0025558610298593507,0.002555861120117562,0.02218935909390591
277,346,10,0,580354048,4223090687,3642736640,0.23762445010961386,72,9.830074998557688,9.83007501618178,1.9427923903338609
278,346,0,0,580354048,3841341492,3260987445,0.39733825938032297,58668,0.15971380927070652,0.15971380927070652,0.7233960491933848
279,347,1,0,1160708096,3520664645,2359956550,0.8638868481539888,23714,1.4665485880212656,1.4665485887736658,2.5755622553347854
280,354,7,0,403712384,3763884799,3360172416,0.3541118840435331,729,6.490224995673063,6.490225035889544,2.6047261362141163
281,354,0,0,403712384,3144978530,2741266147,0.6478047411200798,53465,0.29369285698300907,0.2936928570765486,1.2644647014090176
282,354,0,0,403712384,3128623624,2724911241,0.6564379085112009,65145,0.008633166937588794,0.008633167391119745,0.06804995454309207
283,356,2,0,793545336,3722026603,2928481268,0.5524944797206324,17608,1.8960565701084426,1.8960565712094317,2.867996986428489
284,356,0,0,793545336,2482239115,1688693780,1.3467394058722917,37791,0.7942449257226706,0.7942449261516585,1.3918946508664745
285,356,0,0,793545336,2479301628,1685756293,1.349251162695694,65422,0.0025117560775962753,0.002511756823404527,0.022470860119277375
286,357,1,0,1587090672,3832570733,2245480062,0.9356232337744217,43648,0.5863720709758276,0.586372071078726,0.9272659781771575
287,357,0,0,1587090672,3805913880,2218823209,0.9528524246977597,64758,0.01722919062597389,0.017229190923337325,0.0958349252964065
288,357,0,1,1026697696,2645989021,1619291326,1.4072845823833227,23914,1.4544321563353935,1.4544321576855648,3.0653612588271844
289,357,0,1,1026697696,2565637223,1538939528,1.48071060334604,62284,0.07342602036799038,0.07342602096271475,0.35478949769162094
290,357,0,1,1026697696,2546992234,1520294539,1.4982962902465715,64742,0.01758568669966777,0.01758568690053361,0.09687522710548697
291,357,0,1,1026697696,2325243950,1298546255,1.7257497414155267,55977,0.22745345045824866,0.22745345116895402,0.9241659518420081
292,365,8,0,819172608,3357932031,2538759424,0.7585234561273353,1001,6.032773741164006,6.0327737147118095,2.202343343973002
293,365,0,0,819172608,3190698381,2371525774,0.856831598144506,61219,0.09830814152527192,0.09830814201717221,0.4686609850225627
294,365,0,0,819172608,3168769294,2349596687,0.870234009479077,64930,0.013402411085460806,0.013402411334568412,0.08186869863388349
295,366,1,0,1638345216,4228150303,2589805088,0.7298036230660898,36118,0.859569613289813,0.8595696135870128,1.5361885672562383
296,366,0,1,1129206784,3611840981,2482634198,0.79077544173186,31412,1.0609718182367467,1.0609718186657726,1.5532699791124287
297,366,0,2,110929920,2972459795,2861529876,0.5858604764911632,37769,0.7950850340285585,0.7950850347593021,1.9016223806565997
298,366,0,4,68222060,2227293855,2159071796,0.9922359276598236,12362,2.40637545029393,2.4063754511686604,2.626381954569861
299,371,5,0,136444120,3054828151,2918384032,0.5574774051133033,44292,0.5652414770332352,0.5652414774534785,1.4422821121246925
300,371,0,0,136444120,2466261840,2329817721,0.8824300595016759,52319,0.32495265432457593,0.3249526543883736,0.8912076657789496
301,371,0,0,136444120,2426374518,2289930399,0.9073433968371631,64414,0.024913336839151007,0.02491333733548544,0.1426462026599365
302,371,0,0,136444120,2416660762,2280216643,0.9134762448984475,65258,0.006132847459885405,0.0061328480612871505,0.04673443092921663
303,372,1,0,272888240,3261288621,2988400382,0.5232736945301184,42945,0.6097974493921285,0.6097974496316694,1.9796745882818632
304,372,0,0,272888240,2224358923,1951470684,1.1380853559837334,42796,0.6148116614372822,0.6148116614536165,1.6733066029573662
305,372,0,0,272888240,2221857648,1948969409,1.1399356997639352,65452,0.0018503435436362735,0.0018503437802005205,0.01580900382128805
306,373,1,2,1696764488,3556279247,1859514760,1.2077209465476813,7816,3.0677852480316146,3.067785246783747,3.2258237191441865
307,373,0,3,1246045328,3573105927,2327060600,0.8841383649305108,41007,0.6764174179567541,0.6764174183828284,1.5347737722096142
308,373,0,3,1246045328,3304344915,2058299588,1.0611941624865509,57967,0.17705579754500336,0.1770557975560407,0.7886964456772076
309,373,0,3,1246045328,3303591143,2057545816,1.0617225900788334,65512,0.0005284274673163702,0.0005284275922811918,0.00597379951110941
310,378,5,0,828946144,3825850035,2996903892,0.5191743273468461,23864,1.4574517376647875,1.4574517372680127,1.461577260600732
311,379,1,0,1082531964,3350513613,2267981650,0.921238178379582,24798,1.4020638509043037,1.402063851032738,0.9696892912246089
312,382,3,1,1591391616,3446861951,1855470336,1.210862209622757,3351,4.289624028795529,4.289624031243173,2.2564553348751333
313,382,0,1,1591391616,3446437267,1855045652,1.2111924545296127,65521,0.00033024448458043404,0.0003302449068549021,0.0039922782726164955
314,382,0,1,1591391616,3445333342,1853941727,1.2120512480531787,65497,0.0008587929491977406,0.0008587935235689079,0.008670185268803355
315,384,2,1,315506748,2628520839,2313014092,0.8928730904172468,20441,1.6808218439523614,1.6808218423640668,1.3015446327417337
316,384,0,1,315506748,2621073848,2305567101,0.8975254915971433,65325,0.0046524009052545294,0.004652401179896067,0.03649222891906742
317,386,2,0,631013496,3829312387,3198298892,0.4253423760958981,45456,0.5278168838104588,0.5278168844987553,1.1202621837614335
318,386,0,0,631013496,3828092332,3197078837,0.4258928259345325,65511,0.0005504494793435254,0.0005504498386337072,0.00607310101373693
319,386,0,0,631013496,3813262132,3182248637,0.4326005845895402,65232,0.006707758511452549,0.006707758655008257,0.05760096640151458
320,386,0,0,631013496,3751011723,3119998228,0.4611019363032476,64254,0.02850135134970285,0.02850135171370658,0.17286985075098077
321,386,0,0,631013496,3750250004,3119236509,0.46145420009059634,65520,0.0003522634716290214,0.0003522637873499661,0.004227909891679893
322,386,0,0,631013496,3749488471,3118474976,0.4618064638625512,65520,0.0003522634716290214,0.0003522637719534225,0.004227909891679893
323,386,0,0,631013496,2993994891,2362981396,0.8620388751464141,49659,0.4002324106789867,0.4002324112838627,1.3767819549848355
324,386,0,0,631013496,2696062223,2065048728,1.0564713213595596,57273,0.19443244562790324,0.19443244621314684,0.8743038918335172
325,386,0,0,631013496,2649616272,2018602777,1.0892901026219057,64062,0.03281878104790221,0.032818781262347045,0.1577648601835684
326,387,1,0,1262026992,3282909073,2020882082,1.0876620027606911,32805,0.9983718993433882,0.9983719001387844,1.3021021195361484
327,387,0,0,1262026992,3272054725,2010027734,1.0954317384263383,65184,0.007769735034112032,0.007769735665646829,0.0642635028060415
328,387,0,1,376570336,4192236995,3815666660,0.1707120042747654,62204,0.07528026526162006,0.07528026584842858,0.33202708297774847
329,387,0,1,376570336,4183794739,3807224404,0.17390753881472065,65391,0.003195534403982369,0.0031955345399544096,0.026298689386280293
330,387,0,1,376570336,4136738895,3760168560,0.19184980984875466,64726,0.01794227088682965,0.017942271034034316,0.11702781861202219
331,387,0,1,376570336,2980275920,2603705585,0.7220808215785475,45380,0.5302310114403003,0.5302310117297923,1.2912696124727965
332,387,0,3,2039040696,3921737235,1882696540,1.1898466662519027,11847,2.4677658468184953,2.4677658446733552,2.0762558434372647
333,387,0,4,1930597744,3890858989,1960261246,1.1316012094320698,34118,0.9417545422190552,0.9417545431801656,1.8083976995879905
334,387,0,4,1930597744,3599972443,1669374700,1.36333933441718,55811,0.23173812417667994,0.2317381249851124,0.7675562938354197
335,387,0,5,1713711840,3340954797,1627242958,1.400217475130276,31941,1.036878139496743,1.0368781407130967,1.7568175031004012
336,387,0,5,1713711840,3274659345,1560947506,1.4602251251020775,62866,0.060007649345464716,0.06000764997179958,0.2609581238315629
337,387,0,6,1279940032,3375653061,2095713030,1.035205966609844,43994,0.5749808412572616,0.5749808415077655,1.6603798166278156
338,404,17,0,1473929216,4028080127,2554150912,0.7498033768220083,39,10.714597781137751,10.714597410212166,0.6733937554731825
339,408,4,1,1644347424,3774469375,2130121952,1.0117111172015179,1708,5.26190774037951,5.26190774037951,0.4433762060782629
340,413,5,0,1832916896,3273973519,1441056624,1.5755201210083563,2771,4.563809004518583,4.5638090038068375,0.5982595475486536
341,415,2,1,848305376,2286899255,1438593880,1.5779877742302126,8178,3.0024676524736345,3.002467653221855,3.0240534645105774
342,415,0,1,848305376,2286548035,1438242660,1.5783400384953055,65520,0.0003522634716290214,0.00035226426509333013,0.004227909891679893
343,415,0,1,848305376,2278296398,1429991023,1.5866410557331747,65160,0.008301016587119929,0.008301017237869872,0.05841623331651105
344,415,0,1,848305376,2225230324,1376924949,1.6411972202781975,63104,0.05455616362208847,0.05455616454502296,0.27462689039776667
345,415,0,1,848305376,2208674280,1360368905,1.6586492112703723,64748,0.017451990348574583,0.01745199099217363,0.0965553245669004
346,415,0,1,848305376,2205664430,1357359055,1.6618447462967225,65391,0.003195534403982369,0.003195535026351773,0.024727033603839283
347,417,2,0,1696610752,4142201609,2445590858,0.812464081685178,59039,0.15061933515080142,0.15061933538845682,0.5786981365329412
348,417,0,0,1696610752,4117274016,2420663265,0.8272447439602075,64868,0.014780661895765887,0.01478066227502662,0.10543593899178902
349,417,0,0,1696610752,4103201251,2406590500,0.8356564690453645,65155,0.00841172487408589,0.008411725085159527,0.0664039909961745
350,417,0,0,1696610752,4078744627,2382133876,0.8503926510258637,64870,0.014736181634284957,0.014736181980497368,0.08587654147325771
351,418,1,0,1535419680,3338594991,1803175312,1.2521074777750592,24804,1.4017148258533962,1.4017148267491955,1.5860979440847545
352,418,0,0,1535419680,3335458364,1800038685,1.254619233871047,65422,0.0025117560775962753,0.0025117560959896706,0.020201698106857773
353,418,0,0,1535419680,3236112356,1700692677,1.336524683099121,61919,0.08190544849488568,0.08190544922807313,0.33304848399406206
354,418,0,0,1535419680,3232349531,1696929852,1.339720218294893,65391,0.003195534403982369,0.0031955351957717562,0.024727033603839283
355,418,0,1,923355712,3841921769,2918566058,0.5573874238718837,56358,0.21766720541901768,0.21766720557699143,0.5874771689965966
356,418,0,1,923355712,3741141816,2817786105,0.6080850435811129,63273,0.05069761962677656,0.050697619709229,0.28186728352767815
357,418,0,1,923355712,3709324773,2785969062,0.624467909017504,64796,0.016382865338820097,0.01638286543638979,0.11587584491144423
358,422,4,0,492775520,3555232959,3062457440,0.4879573513769273,9005,2.8634894392063615,2.863489442359426,1.8907044305728293
359,423,1,0,985551040,2841175197,1855624158,1.2107426124327283,19855,1.7227852595881694,1.7227852610557988,2.99849812110523
360,423,0,0,985551040,2811105115,1825554076,1.2343127415402861,64474,0.02357012864744585,0.02357012910755693,0.13719567386099277
361,423,0,0,985551040,2810380865,1824829826,1.2348852138747688,65510,0.0005724718275307164,0.0005724723344860432,0.006383382720379747
362,423,0,0,985551040,2809879660,1824328621,1.235281516739125,65518,0.0003963024539395264,0.00039630286435496544,0.004687653452683203
363,424,1,1,1794720512,3752444251,1957723740,1.1334699495356482,17582,1.8981884301759973,1.8981884327965237,3.2295641542276603
364,427,3,0,1363982620,4017496479,2653513860,0.6947430616693211,22207,1.5612731117374492,1.5612731121336703,1.7899235391027268
365,427,0,0,1363982620,3394850358,2030867739,1.080550859359498,50158,0.3858077971831472,0.38580779769018014,1.2982611978033867
366,427,0,0,1363982620,3392495225,2028512606,1.0822248779496242,65460,0.0016740180678742555,0.0016740185901244226,0.015600335803370202
367,427,0,1,580481592,3804323477,3223841886,0.41386615769297563,52077,0.331641278893705,0.3316412797433529,1.228326085484867
368,429,2,0,67996560,2719047689,2651051130,0.6960826507289397,26946,1.282216492499271,1.2822164930359616,1.5319917035663626
369,430,1,0,135993120,3853192679,3717199560,0.2084310038205075,45946,0.5123483526545136,0.5123483530915677,1.1433171693118562
370,432,2,1,124247664,3068240679,2943993016,0.5448728971032288,6488,3.336441895782727,3.3364418932827213,2.393263180298703
371,432,0,2,1219391000,3389831163,2170440164,0.9846594959594057,24158,1.4397865991284846,1.4397865988561778,1.6510554789889549
372,432,0,3,1905881158,3243131417,1337250260,1.6833776618281426,20189,1.6987181674716068,1.698718165868737,2.275667888717811
373,432,0,4,1664278668,4215656505,2551377838,0.7513705800235329,62519,0.06799291803394061,0.0679929181953913,0.38758713583917015
374,432,0,4,1664278668,4215072540,2550793873,0.7517008250489674,65521,0.00033024448458043404,0.000330245025433009,0.0039922782726164955
375,432,0,5,1181073688,3967190127,2786116440,0.6243915923458694,35791,0.8726907672554526,0.8726907672969023,1.5015051797454602
376,442,10,0,271232480,2468292063,2197059584,0.9670731500005374,1615,5.342681550418713,5.342681557654667,2.227992961364513
377,442,0,0,271232480,2288299190,2017066711,1.0903883466254278,60167,0.12331519642372907,0.12331519662489154,0.502186321436775
378,444,2,1,892612504,4138829247,3246216744,0.4038878167826141,13184,2.3134994728167815,2.313499470157185,1.9896675363837129
379,444,0,1,892612504,4137640446,3245027943,0.4044162446602151,65512,0.0005284274673163702,0.0005284278776035596,0.0059983606755753035
380,444,0,1,892612504,4131005409,3238392906,0.40736911122270314,65402,0.0029528662873829327,0.002952866562487734,0.024672604469261727
381,444,0,1,892612504,3469698459,2577085956,0.7369064884332701,52153,0.32953737708925007,0.3295373772105653,0.8068523523170279
382,444,0,1,892612504,3306703749,2414091246,0.8311669389912879,61391,0.09426045031235666,0.09426045055801893,0.36866435944318715
383,444,0,1,892612504,3112061748,2219449245,0.9524454289362474,60252,0.12127848961097962,0.12127848994495795,0.4633926426104934
384,444,0,2,1912053698,3774892827,1862839130,1.2051440537911553,27503,1.2526986254837091,1.2526986248549092,1.395452352750361
385,444,0,2,1912053698,3774352758,1862299061,1.205562376459227,65517,0.000418322449221962,0.0004183226680714318,0.004879723990344825
386,444,0,2,1912053698,3718145062,1806091365,1.2497762695303152,63558,0.044213892798087254,0.044213893071088216,0.2452258213422333
387,444,0,2,1912053698,3565689962,1653636265,1.3770052128283794,60004,0.12722894326584833,0.12722894329806422,0.47745484186814463
388,448,4,0,934870716,2740507483,1805636768,1.2501394446181493,17890,1.8731342330607295,1.8731342317897692,2.823580401374062
389,448,0,0,934870716,2740066653,1805195938,1.2504917086579503,65520,0.0003522634716290214,0.00035226403980332787,0.004227909891679893
390,448,0,0,934870716,2224036674,1289165959,1.736209147004324,46802,0.4857174383249926,0.48571743834637165,1.2326663069012254
391,452,4,0,1888056448,3501717055,1613660608,1.4123099692835517,5127,3.6761008176027046,3.676100822279229,2.7221564685982043
392,452,0,2,1109774848,3579707751,2469932904,0.7981752946415313,25078,1.385865324349488,1.3858653253579782,1.7890412238817333
393,452,0,3,72066048,3745231951,3673165904,0.22562308700577915,48731,0.42744779233365787,0.42744779236424696,1.6710502208365896
394,461,9,1,1058070272,2378114303,1320044032,1.7020610924235342,184,8.476438043942988,8.476438005417757,1.2027369798506125
395,461,0,1,1058070272,2377812168,1319741897,1.7023913378902549,65521,0.00033024448458043404,0.00033024546672048133,0.0039922782726164955
396,463,2,0,2116140544,3674674849,1558534306,1.4624572345208762,38697,0.7600658952407248,0.7600658966306204,1.9097738009177978
397,463,0,0,2116140544,3653604576,1537464033,1.4820944851680231,64650,0.019637250415020988,0.019637250647148278,0.10959612723908682
398,463,0,2,2022111232,3236110995,1213999764,1.8228790048781853,12937,2.3407845152461153,2.340784519710162,3.381464904039038
399,463,0,3,1896738816,3991081059,2094342244,1.0361499284936606,56530,0.21327092345722073,0.2132709236154755,0.8109703588818851
400,468,5,1,21833376,3679773903,3657940528,0.23161552654683248,14308,2.1954655970047745,2.1954655980531723,0.9252281862647065
401,468,0,1,21833376,3652368373,3630534998,0.2424649856468868,65045,0.010849459010120237,0.010849459100054143,0.07664835278334656
402,468,0,1,21833376,3639516137,3617682762,0.24758124379142643,65304,0.005116258029165194,0.005116258144537707,0.04568711549479729
403,468,0,2,831244634,2430651681,1599407048,1.425109995564604,14487,2.1775287511061885,2.177528751773178,2.707292226135629
404,477,9,0,479095168,3459240319,2980145152,0.5272645452019091,954,6.102154543994488,6.102154549637305,1.0707647998880048
405,477,0,0,479095168,3457648749,2978553582,0.5280352336704262,65501,0.0007706880901105886,0.0007706884685175418,0.008289513544333802
406,477,0,0,479095168,3213950563,2734855396,0.6511825926993495,60174,0.12314735894028432,0.12314735902892363,0.6055540984240186
407,477,0,0,479095168,3129070560,2649975393,0.6966681827762784,63502,0.04548559006742398,0.045485590076927346,0.2219223420156143
408,477,0,0,479095168,3126887047,2647791880,0.6978574171812113,65482,0.0011892340994270377,0.0011892344049337594,0.011468408725028138
409,478,1,0,958190336,3601780395,2643590060,0.7001486697196277,32716,1.0022912515391493,1.0022912525384167,1.2311749496348088
410,478,0,0,958190336,3266692769,2308502434,0.8956898925011068,57229,0.19554122250382938,0.1955412227814784,0.768953371985974
411,478,0,0,958190336,3101417295,2143226960,1.0028625117114451,60844,0.10717261876111302,0.10717261921033973,0.3764416211569101
412,478,0,0,958190336,2504946400,1546756065,1.4734014550857744,47297,0.47053894264450075,0.47053894337432917,1.4971981776921428
413,478,0,0,958190336,2502397424,1544207089,1.4757809049109198,65428,0.002379449310284077,0.002379449825143625,0.020555327976879454
414,478,0,2,306905148,3062707823,2755802676,0.6401745557030054,29239,1.1643936497796032,1.164393650792086,1.5070422426647498
415,481,3,0,613810296,3747055671,3133245376,0.4549893891115495,37256,0.814814833179672,0.8148148334085467,2.1035274864920788
416,481,0,0,613810296,3745382337,3131572042,0.45576007740456603,65501,0.0007706880901105886,0.0007706882930136273,0.008460706185765589
417,481,0,0,613810296,3621860704,3008050409,0.5138184020683525,62951,0.05805832457803074,0.05805832466378652,0.26715571779716396
418,481,0,0,613810296,2748077506,2134267211,1.0089063326204055,46499,0.4950879302633001,0.4950879305520529,1.6541264562992222
419,482,1,1,307757536,3748716295,3440958760,0.3198365445811042,26415,1.3109302105602731,1.3109302119607014,2.2708448501579777
420,484,2,0,546034212,2993285917,2447251706,0.8114846521474597,23305,1.4916481075736934,1.4916481075663532,1.1872757977627162
421,486,2,1,1471742528,4077324727,2605582200,0.7210413768855233,8722,2.909556724918394,2.909556724738065,0.7811556949128967
422,486,0,1,1471742528,4071440538,2599698011,0.7243031009663845,65388,0.003261723702316598,0.00326172408086218,0.02889208723072227
423,486,0,2,796001408,3546756089,2750754682,0.6428196631546683,34672,0.9185165619063265,0.9185165621882817,1.6901658630073282
424,486,0,2,796001408,3539536701,2743535294,0.6466110106465379,65364,0.003791347438400061,0.0037913474918712014,0.03008920471195347
425,486,0,2,796001408,3173067768,2377066361,0.853464966187655,56782,0.20685395526873288,0.20685395554111458,0.6099678417019272
426,486,0,2,796001408,2301544475,1505543068,1.5123631672096671,41508,0.6588982009059158,0.6588982010220131,1.6824661664286775
427,489,3,0,1592002816,3221598809,1629595994,1.3981328071384382,35468,0.8857696398090298,0.8857696399287712,1.3530598433795644
428,489,0,1,1036521984,4290989495,3254467512,0.40022563354155594,65441,0.002092826265968833,0.002092826403119253,0.01790553428062018
429,489,0,2,1809730948,3687942467,1878211520,1.1932876007689899,18911,1.793061966475627,1.7930619672274335,2.34745028812356
430,489,0,2,1809730948,3663295526,1853564579,1.2123447658553097,64676,0.01905716487045185,0.019057165086318363,0.10600886397618599
431,489,0,2,1809730948,3570866188,1761135241,1.2861414452328432,62268,0.07379667874009514,0.07379667937753329,0.41346860994296103
432,489,0,2,1809730948,3356313823,1546582876,1.47356300150307,57552,0.1874215558646202,0.18742155627022705,0.6305618590257961
433,489,0,2,1809730948,3259699591,1449968644,1.5666254441423781,61442,0.09306244242663661,0.09306244263930953,0.5049692877452815
434,489,0,2,1809730948,3259190721,1449459774,1.5671318503212213,65513,0.0005064057914389884,0.0005064061788435858,0.005762731744540642
435,489,0,3,1471978248,3768961497,2296983250,0.9029068096418484,51928,0.33577495916207123,0.3357749593206253,1.2519802575566106
436,489,0,3,1471978248,3767839923,2295861676,0.9036114227111014,65504,0.0007046129765893727,0.0007046130692522455,0.007560484832083941
437,489,0,3,1471978248,3500790460,2028812213,1.082011810693153,57913,0.17840038742845532,0.17840038798205166,0.8560537785926942
438,489,0,4,796472848,3100061323,2303588476,0.8987641361180039,37206,0.8167523251322402,0.816752325424854,1.1540939070466953
439,494,5,0,1592945696,3563945147,1970999452,1.1237197707469981,28037,1.2249556333227751,1.2249556346289934,1.8970515518160584
440,496,2,0,1196691356,3426937867,2230246512,0.9454439641262624,18539,1.821724193852259,1.8217241933792618,1.783181133439103
441,496,0,0,1196691356,3349960059,2153268704,0.9961187829695497,63274,0.050674818690509105,0.050674818843287936,0.22374504442972137
442,496,0,0,1196691356,3286514595,2089823240,1.0392662235926018,63605,0.04314743997754335,0.043147440623054555,0.200491635413451
443,496,0,1,245899064,3833637293,3587738230,0.2595725144125858,56255,0.220306290260884,0.22030629081998152,0.7544402450704855
444,496,0,1,245899064,2214348518,1968449455,1.1255874779450572,35957,0.8660149629371833,0.8660149635324708,1.0284623448857195
445,496,0,1,245899064,2211014504,1965115441,1.128033079704803,65425,0.002445601177240512,0.0024456017597480166,0.02177919295293869
446,498,2,0,491798128,4286675445,3794877318,0.17859389952290883,63279,0.050560819414186955,0.05056081981810493,0.2538729511383319
447,498,0,0,491798128,4275731356,3783933229,0.18276051479956124,65347,0.004166615255697727,0.004166615276653151,0.030505426617987066
448,498,0,0,491798128,4212450246,3720652119,0.20709164124098933,64440,0.024331126406068864,0.024331126441426806,0.1497340216254496
449,498,0,0,491798128,4109634984,3617836857,0.24751979358354248,63725,0.04042815220307353,0.040428152342555236,0.21657520807326872
450,498,0,0,491798128,3410699552,2918901425,0.5572216559906167,52875,0.3097018622179632,0.309701862407074,1.2535112655130176
451,498,0,0,491798128,3382461888,2890663761,0.5712463402251906,64902,0.01402468389603392,0.014024684234572215,0.08798068633633949
452,498,0,1,1875508640,3491538591,1616029952,1.4101932083191961,18319,1.838946868894361,1.838946868094006,1.6441580533079962
453,506,8,1,1980353792,3899389183,1919035392,1.162265827189124,304,7.752072486556415,7.752072618869929,2.358498399507835
454,506,0,1,1980353792,3768849330,1788495539,1.2639006261545198,61078,0.10163479861248448,0.10163479896539504,0.4265178388292802
455,506,0,2,1813223936,3520285289,1707061354,1.3311322343845582,31276,1.067231607459081,1.0672316082300386,1.710436864672431
456,509,3,3,1615794800,4271408799,2655614000,0.6936016833483976,6372,3.36246944847469,3.3624694489638385,1.1812576207221341
457,516,7,1,207485120,3901745023,3694259904,0.2173617775218517,2849,4.523760093676149,4.523760094173456,0.4353855745698975
458,516,0,1,207485120,3733255294,3525770175,0.28470870941407966,62547,0.06734693172559453,0.06734693189222589,0.3339657971127451
459,516,0,1,207485120,2763098226,2555613107,0.7489777020843711,47503,0.46426899230271146,0.4642689926702921,1.3764962153835423
460,516,0,1,207485120,2344441879,2136956760,1.0070894297636492,54800,0.25811172726474857,0.2581117276792794,1.027703959923382
461,518,2,0,2045991008,3459716247,1413725240,1.603145388954804,21678,1.5960559598464004,1.596055959191153,1.8939682501450823
462,518,0,0,2045991008,3459220097,1413229090,1.603651794837834,65513,0.0005064057914389884,0.0005064058830313091,0.005686139489769922
463,518,0,2,1741513088,4218545543,2477032456,0.7940343739964852,28717,1.190382578503633,1.1903825791586522,1.7293799148385625
464,521,3,0,1805089630,3629073885,1823984256,1.235553869300972,24129,1.4415194945751264,1.4415194953044839,1.5065614301092451
465,521,0,0,1805089630,3628628576,1823538947,1.2359061330445584,65520,0.0003522634716290214,0.000352263743587203,0.004227909891679893
466,521,0,1,1462695612,3844237029,2381541418,0.8507515068127027,42795,0.6148453728097618,0.6148453737681465,1.0631741933936085
467,521,0,1,1462695612,3843691937,2380996326,0.8510817515565492,65521,0.00033024448458043404,0.0003302447438459918,0.0039922782726164955
468,521,0,1,1462695612,3496330092,2033634481,1.0785867489404204,55975,0.2275049973726778,0.2275049973838707,0.6047250824695207
469,521,0,1,1462695612,3400444921,1937749310,1.1482652071563493,62446,0.06967845798455996,0.06967845821592772,0.31568868523403926
470,521,0,2,777907576,3203287523,2425379948,0.8244363755560364,41014,0.676171167232897,0.6761711683996897,1.4059679850525333
471,521,0,2,777907576,3137227598,2359320023,0.8642760240531544,63751,0.039839648146102045,0.03983964849711779,0.19435373349687052
472,521,0,2,777907576,3135427579,2357520004,0.8653771335230545,65486,0.001101109058724726,0.001101109469900301,0.011070728564016398
473,526,5,1,948629184,3787898271,2839269088,0.5971275609435303,4933,3.7317504280055074,3.7317504274204727,1.496191770442363
474,526,0,1,948629184,3781053109,2832423926,0.6006099377371967,65378,0.003482376631013855,0.003482376793667556,0.03075036693925076
475,526,0,1,948629184,2385327122,1436697939,1.5798903742076256,33242,0.9792804361978736,0.97928043647043,1.266187110898169
476,526,0,1,948629184,2298295706,1349666523,1.670044157289702,61566,0.09015378208475092,0.09015378308207474,0.517120040415113
477,528,2,1,1647033088,4114474575,2467441488,0.7996312724660548,29953,1.1295871143189067,1.1295871151763537,1.6372648523166988
478,528,0,1,1647033088,3954047204,2307014117,0.8966203138768591,61275,0.0969890413584357,0.09698904141080276,0.4807353356010087
479,528,0,1,1647033088,3691016053,2043982966,1.0712639727175244,58064,0.17464365852066582,0.1746436588406652,0.7817251559082673
480,528,0,1,1647033088,3228425181,1581392094,1.4414520288319714,50704,0.37018805561776635,0.37018805611445,1.504057544885479
481,528,0,2,1146582528,4283595737,3137013210,0.4532555416134265,65002,0.011803512375734265,0.011803512781454107,0.07636237374270113
482,528,0,2,1146582528,4114481545,2967899018,0.5332051405472917,62003,0.07994959881532311,0.07994959893386629,0.4447582482212176
483,528,0,2,1146582528,3390893127,2244310600,0.9363747953473656,49558,0.4031696542856657,0.4031696548000734,1.0127085558121136
484,528,0,2,1146582528,3367845931,2221263404,0.9512666639292924,64863,0.014891868549657657,0.014891868581926229,0.08527560832526883
485,528,0,2,1146582528,3366863011,2220280484,0.9519052048819425,65507,0.0006385408891551363,0.0006385409526499995,0.006824120164363979
486,531,3,1,646759156,2641406887,1994647732,1.106513166569183,14719,2.154607961558865,2.154607961687241,1.6129610660741047
487,531,0,1,646759156,2639793783,1993034628,1.107680369499647,65483,0.0011672023345903715,0.0011672029304652795,0.011032267226640701
488,531,0,1,646759156,2639337613,1992578458,1.1080106144007331,65521,0.00033024448458043404,0.000330244901085652,0.0039922782726164955
489,533,2,0,1293518312,4280257693,2986739382,0.5240757900857993,49117,0.41606517491543815,0.4160651756850663,0.8154229307952838
490,533,0,0,1293518312,4217547832,2924029521,0.554689269201738,64160,0.030613478657717356,0.030613479115936565,0.15716160672494234
491,540,7,0,1907553408,4026332543,2118779136,1.019413938673928,371,7.464724623379197,7.46472466947219,2.0670762491084376
492,540,0,0,1907553408,4018702662,2111149255,1.0246185674061614,65300,0.005204628678844533,0.005204628732232729,0.03670019358331132
493,540,0,0,1907553408,4018187244,2110633837,1.0249708313572334,65520,0.0003522634716290214,0.00035226395107237825,0.004227909891679893
494,541,1,1,1410742124,3948037291,2537295168,0.7593557856029527,19696,1.7343849535155427,1.7343849542457217,1.888826876328224
495,541,0,2,674000600,3004861779,2330861180,0.8817840621344253,30102,1.122428276514547,1.1224282765314715,2.2980063138188638
496,541,0,2,674000600,2762514243,2088513644,1.0401705775348944,58722,0.15838651499175493,0.15838651540046964,0.5840451854175254
497,541,0,2,674000600,2761494460,2087493861,1.0408751911661511,65504,0.0007046129765893727,0.0007046136312574303,0.007588109811104013
498,541,0,2,674000600,2752161639,2078161040,1.0473396907094,65243,0.006464498952343484,0.0064644995432479825,0.04913569987044835
499,541,0,3,1242148416,3244268345,2002119930,1.1011187496450283,31569,1.0537790588142397,1.053779058935627,1.1588447780094318
500,541,0,4,336813184,2299584807,1962771624,1.1297548265412232,32124,1.0286360756380661,1.028636076896194,2.343153842704648
501,541,0,6,703387904,2752773535,2049385632,1.0674556648238216,17107,1.9377008392673927,1.9377008382825984,0.8344366064784743
502,548,7,0,1406775808,4044434181,2637658374,0.703389425265101,42174,0.6359337596945521,0.6359337604412814,1.915716156987755
503,548,0,0,1406775808,4042582797,2635806990,0.7044024148045978,65490,0.00101298940069043,0.0010129895394976685,0.009801340879077396
504,548,0,0,1406775808,4041979508,2635203701,0.7047326596488404,65521,0.00033024448458043404,0.0003302448442419333,0.0039922782726164955
505,548,0,0,1406775808,3964856694,2558080887,0.7475852627837156,63618,0.04285260279249297,0.04285260313487466,0.20810961210342885
506,548,0,0,1406775808,3964154096,2557378289,0.7479815652941397,65518,0.0003963024539395264,0.0003963025104248828,0.004699172121844633
507,548,0,0,1406775808,3430248307,2023472500,1.085813903817975,51854,0.33783233811253527,0.33783233852383465,1.2026519234698394
508,548,0,0,1406775808,3429661667,2022885860,1.0862322269368967,65517,0.000418322449221962,0.00041832311892264876,0.004904285154810719
509,550,2,0,966016964,2979642787,2013625824,1.0928515222578703,16309,2.006619295744102,2.0066192953209736,2.277398325735893
510,556,6,0,133914560,3472915199,3339000640,0.3632307760853841,1698,5.270379256446962,5.270379253827514,1.1474929692399747
511,556,0,0,133914560,3208285540,3074370981,0.48235588204038393,60342,0.11912510589725836,0.11912510595499996,0.4893965543668025
512,556,0,0,133914560,2514938324,2381023765,0.8510651257933368,50756,0.36870924330365556,0.3687092437529505,1.0571871466152234
513,557,1,0,267829120,2922066059,2654236940,0.6943499821989647,36528,0.8432848557752983,0.8432848564056292,1.6233556500830109
514,557,0,0,267829120,2227645487,1959816368,1.1319286638094326,48390,0.4375786812358388,0.4375786816104676,1.3937610329904753
515,558,1,0,535658240,3669522315,3133864076,0.45470453835809366,52398,0.3227758744349219,0.3227758745486623,0.8656748581788887
516,558,0,0,535658240,2675987556,2140329317,1.0048143552515718,44759,0.5501098162889922,0.5501098168934758,1.4702782617076469
517,558,0,0,535658240,2675432355,2139774116,1.005188638605432,65519,0.0003742827947452993,0.0003742833538616703,0.004452022505596219
518,559,1,0,1071316480,4116354527,3045038048,0.49618689117671977,46631,0.4909982519013833,0.49099825257128793,0.9338695622066837
519,559,0,0,1071316480,4101486177,3030169698,0.5032485550852996,65216,0.007061663834186175,0.007061663908578363,0.05064661912500351
520,562,3,0,309888352,2634670647,2324782296,0.8855515244970427,6285,3.38230297069213,3.3823029694117452,1.3749177347389956
521,562,0,0,309888352,2295935506,1986047155,1.1127472686273023,55987,0.22719574350874255,0.22719574413025678,0.6152702095614495
522,563,1,0,619776704,3523510013,2903733310,0.5647381892394705,47909,0.4519909199023403,0.451990920612168,1.2393797081422973
523,563,0,0,619776704,3522845401,2903068698,0.5650684338179417,65521,0.00033024448458043404,0.0003302445784722513,0.0039922782726164955
524,563,0,0,619776704,2731783987,2112007284,1.0240323356674885,47678,0.45896390165129825,0.45896390184954666,1.0714368196749426
525,563,0,0,619776704,2634588339,2014811636,1.0920021779856945,62520,0.06796984211297324,0.06796984231820682,0.2950076221527371
526,563,0,0,619776704,2525417865,1905641162,1.1723706650353911,61985,0.08036848630311931,0.08036848704969554,0.3185104364544656
527,563,0,0,619776704,2524894465,1905117762,1.172766967506476,65518,0.0003963024539395264,0.00039630247108721293,0.004687653452683203
528,563,0,0,619776704,2524458418,1904681715,1.1730972121038832,65521,0.00033024448458043404,0.0003302445974069137,0.0039922782726164955
529,563,0,0,619776704,2513617868,1893841165,1.181331807855745,65163,0.008234595692520642,0.008234595751860528,0.05275659770155712
530,563,0,0,619776704,2360113164,1740336461,1.3032808952899266,60224,0.12194908727146324,0.1219490874341819,0.490582699044917
531,563,0,0,619776704,2340701146,1720924443,1.319463388613606,64805,0.016182492573349572,0.0161824933236802,0.09096099605674601
532,563,0,0,619776704,2210008992,1590232289,1.433409627226677,60559,0.11394623789692428,0.11394623861307057,0.5445457985147969
533,563,0,0,619776704,2209596486,1589819783,1.4337839106348724,65519,0.0003742827947452993,0.0003742834081962679,0.004452022505596219
534,563,0,0,619776704,2207461718,1587685015,1.4357224252028864,65448,0.0019385143635805371,0.0019385145680110136,0.018664903985227577
535,564,1,0,1239553408,4234390161,2994836754,0.520169780934026,61810,0.08444735540656755,0.08444735573113965,0.3526036247044893
536,564,0,0,1239553408,4233704697,2994151290,0.5205000255464896,65521,0.00033024448458043404,0.0003302446124656641,0.0039922782726164955
537,564,0,0,1239553408,4233019390,2993465983,0.5208302701060958,65521,0.00033024448458043404,0.00033024455960535694,0.0039922782726164955
538,564,0,0,1239553408,4155049321,2915495914,0.5589058451549427,63829,0.03807557498087061,0.03807557504884884,0.2193750143194733
539,564,0,0,1239553408,4059713814,2820160407,0.6068699224670056,63393,0.04796407697601945,0.04796407731206182,0.2907409889846938
540,564,0,0,1239553408,3997704366,2758150959,0.6389457254778002,64095,0.03207580271036988,0.03207580301079598,0.15500937389723576
541,564,0,0,1239553408,3674273120,2434719713,0.8188914484246688,57851,0.17994572278465215,0.17994572294686764,0.5341580526850942
542,564,0,0,1239553408,3669852165,2430298758,0.8215134699640103,65417,0.0026220209864989156,0.0026220215393391055,0.024313484096424965
543,564,0,0,1239553408,3669073413,2429520006,0.8219758335675316,65515,0.0004623634480924974,0.0004623636035241853,0.005289310559804943
544,564,0,0,1239553408,3668517340,2428963933,0.8223060780524563,65521,0.00033024448458043404,0.0003302444849248812,0.0039922782726164955
545,564,0,0,1239553408,3666997755,2427444348,0.8232089254608326,65495,0.0009028473965228007,0.000902847408375526,0.009245178870648987
546,566,2,0,663246336,4212998479,3549752144,0.2749288518486779,23959,1.4517199262281946,1.451719926387846,2.5943075583728583
547,566,0,0,663246336,3914387279,3251140944,0.40170104467566503,60023,0.12677219260131703,0.12677219282698401,0.516106300590342
548,567,1,1,431754596,3604315715,3172561120,0.436999187882261,15988,2.035298142579553,2.035298143206599,1.3598019530512442
549,567,0,1,431754596,2856631900,2424877305,0.8247353949804541,50091,0.38773620708512024,0.3877362070981929,0.9307948742427344
550,567,0,1,431754596,2324265953,1892511358,1.182345187371503,51148,0.35760979194609743,0.3576097923910465,0.9228323438584567
551,569,2,0,863509192,2831910439,1968401248,1.1256228097394718,34082,0.9432776221690797,0.9432776223679684,2.028921594872034
552,569,0,0,863509192,2825933390,1962424199,1.130010216768099,65337,0.004387406636999922,0.004387407028630419,0.03191050593621344
553,569,0,0,863509192,2825484226,1961975035,1.1303404618015627,65521,0.00033024448458043404,0.00033024503346199284,0.0039922782726164955
554,569,0,0,863509192,2333613348,1470104157,1.546728772269077,49106,0.41638830993505926,0.4163883104675154,1.2687767091832172
555,570,1,0,1727018384,4258156575,2531138192,0.7628608699082697,56418,0.21613209669693945,0.2161320976391925,0.9564445788289011
556,570,0,0,1727018384,3256955779,1529937396,1.4891745259900588,39613,0.7263136558596284,0.7263136560817897,1.0707971155455047
557,570,0,1,1306553120,3807035211,2500482092,0.7804408732519192,53555,0.29126634634407905,0.291266347261859,1.0253713493660455
558,570,0,1,1306553120,3677081567,2370528448,0.8574384394956205,62130,0.07699756617096962,0.07699756624370109,0.3417840827574322
559,570,0,1,1306553120,3460161719,2153608600,0.9958910698307584,59539,0.1384526297640266,0.1384526303351397,0.4911511833134416
560,570,0,2,465622592,3937370047,3471747456,0.3069851398292016,52824,0.31109406938728656,0.3110940699984416,1.0161190208669417
561,574,4,2,127784240,3233370831,3105586592,0.46778135149998334,3664,4.160796211903056,4.160796211670782,0.9961385609638777
562,577,3,0,255568480,2820084701,2564516222,0.7439604488162956,27059,1.2761790967938567,1.2761790973163125,1.5357841951270372
563,577,0,0,255568480,2806975677,2551407198,0.75135397829483,65201,0.00739352893932981,0.007393529478533941,0.0535050350667518
564,577,0,1,794840394,2770296693,1975456300,1.1204612138822156,25371,1.3691072359872658,1.3691072355873872,1.454721372029703
565,577,0,1,794840394,2169726146,1374885753,1.643335404051502,45612,0.5228741894168781,0.5228741901692836,1.6800305810693807
566,579,2,1,1031877928,3453956019,2422078092,0.8264017652404192,28863,1.183066360116041,1.183066361188919,1.8581351488111282
567,586,7,0,1250151616,3861454591,2611302976,0.717877290195851,1104,5.891475543221831,5.891475524955431,1.459417999355504
568,586,0,1,352819584,3987509789,3634690206,0.24081474123993019,45610,0.522937450254883,0.5229374510440791,1.5067766498557664
569,586,0,1,352819584,3358305071,3005485488,0.51504909199679,54191,0.27423435067059077,0.27423435075685915,0.9281576138724127
570,586,0,2,1871545510,4171978295,2300432786,0.9007418415921791,25081,1.3856927497316598,1.3856927495953915,1.4072343596899461
571,586,0,2,1871545510,4171416665,2299871156,0.9010941056295394,65520,0.0003522634716290214,0.0003522640373573951,0.004227909891679893
572,586,0,2,1871545510,3302542916,1430997407,1.5856260881431687,40777,0.684531981543547,0.684531982513632,2.048337062755926
573,589,3,4,1609552832,3985232127,2375679296,0.8543070528458188,3400,4.268680968974936,4.268680964702648,1.3831609452467153
574,589,0,4,1609552832,3943472139,2333919308,0.8798924632720926,64384,0.02558541019447291,0.025585410426276448,0.18008835484327607
575,589,0,4,1609552832,3932681465,2323128634,0.8865781061606341,65233,0.006685642311078238,0.006685642888540826,0.044800435324409194
576,589,0,4,1609552832,3932114294,2322561463,0.8869303702058104,65520,0.0003522634716290214,0.00035226404517582475,0.004227909891679893
577,589,0,4,1609552832,3926125022,2316572191,0.8906555044477003,65367,0.003725133837594948,0.003725134241889008,0.02786889185020529
578,589,0,4,1609552832,3919126100,2309573269,0.8950208309823466,65338,0.004365325978252387,0.0043653265346462475,0.03219305422894227
579,589,0,4,1609552832,3831903903,2222351072,0.950560404072796,63061,0.05553957247811461,0.055539573090450677,0.2407825525281539
580,589,0,5,1071622016,3366880417,2295258402,0.9039905634864738,33843,0.9534301591650798,0.9534301594136781,1.7119211105704644
581,589,0,5,1071622016,3022290460,1950668445,1.1386785620201962,55697,0.23468799848097258,0.23468799853371985,0.9184580015435346
582,589,0,5,1071622016,2792714261,1721092246,1.3193227219184607,57823,0.1806441591131936,0.18064415989826693,0.5439504247636775
583,589,0,5,1071622016,2708755339,1637133324,1.3914753299797198,62339,0.07215260803799468,0.07215260806125715,0.28399639486318073
584,589,0,7,1377802988,3763357247,2385554260,0.8483226448759034,23874,1.4568473155851063,1.4568473148961845,1.5792445899470855
585,589,0,7,1377802988,3519873170,2142070183,1.0036413965477422,58847,0.15531875141355914,0.15531875167183742,0.5027367822956295
586,589,0,7,1377802988,3517813989,2140011002,1.0050289323358967,65473,0.0013875351247936642,0.0013875357881559117,0.01256905067236283
587,589,0,8,608122328,3850531573,3242409246,0.40558095154542073,49648,0.4005520184712809,0.40055201920952527,1.5120615149806989
588,599,10,0,420584560,3222070479,2801485920,0.6164549042745548,14156,2.2108739535747697,2.2108739527291346,2.1639053546679037
589,615,16,0,1037303808,3838836735,2801532928,0.6164306965357191,1,16.0,15.999975792261164,0.007736108229064516
590,615,0,0,1037303808,2956603511,1919299704,1.1620671360364696,44898,0.5456364395007491,0.5456364395007491,1.425056181400005
591,615,0,0,1037303808,2955461349,1918157542,1.1629259294490417,65497,0.0008587929491977406,0.0008587934125738017,0.008948146391458175
592,615,0,0,1037303808,2953207654,1915903847,1.164621987307676,65459,0.0016960575738423276,0.0016960578586340028,0.016158902680933715
593,615,0,0,1037303808,2908128251,1870824444,1.1989729619158993,63994,0.03435097433836101,0.03435097460822287,0.19998831695363617
594,615,0,0,1037303808,2377020328,1339716521,1.6807193819076325,46931,0.48174641898762627,0.4817464199917327,1.2690118041131526
595,616,1,0,2074607616,3383333379,1308725764,1.714484325557379,32010,1.0337649435670566,1.0337649436497474,1.408817436141313
596,616,0,0,2074607616,3383033835,1308426220,1.71481457053196,65521,0.00033024448458043404,0.00033024497458074883,0.0039922782726164955
597,621,5,1,436915392,3332319551,2895404160,0.5688824026590744,2266,4.854067854179484,4.854067832127114,2.4225879779606436
598,621,0,1,436915392,3312791831,2875876440,0.5786454532784582,65094,0.00976305047241554,0.009763050619384497,0.06051892299303781
599,623,2,0,873830784,2855384073,1981553290,1.1160153797247823,22578,1.5373699252109625,1.537369926446323,2.531960036573008
600,623,0,0,873830784,2805554974,1931724191,1.1527580232073333,63888,0.03674264336695205,0.03674264348255233,0.19064490121938332
601,624,1,0,1747661568,3742758667,1995097100,1.1061881828846758,33843,0.9534301591650798,0.9534301596773413,1.8614964083635452
602,624,0,0,1747661568,3742241139,1994579572,1.1065624663891747,65519,0.0003742827947452993,0.0003742835044999123,0.004452022505596219
603,624,0,0,1747661568,3741754181,1994092614,1.1069147299307502,65520,0.0003522634716290214,0.000352263541575297,0.004227909891679893
604,628,4,1,1825184320,4133774943,2308590624,0.895634779349141,2371,4.788720052517992,4.788720049418391,2.1114037145232802
605,628,0,1,1825184320,3817196208,1992011889,1.108420888090599,56549,0.2127861083096717,0.21278610874145748,0.5932151979093997
606,628,0,2,1502884992,3502921341,2000036350,1.102620925269651,32900,0.9942000364900339,0.9942000371790526,1.9641906752909548
607,628,0,2,1502884992,3485922741,1983037750,1.1149350043928123,64979,0.012314079093743295,0.012314079123160999,0.08084329235110935
608,628,0,3,858286336,3437058447,2578772112,0.7359628592821146,42612,0.6210278542578722,0.6210278548893026,1.6272433996651683
609,632,4,0,942784592,2273408337,1330623746,1.690544460953216,16908,1.9545816029692071,1.9545816016711024,1.1452020616427483
610,633,1,0,1885569184,4197227445,2311658262,0.8937190094893879,56927,0.20317454740625682,0.20317454853617245,0.7448869885495593
611,633,0,0,1885569184,3716666651,1831097468,1.229938559216162,51912,0.33621954931686515,0.3362195497267734,0.9634131716058058
612,633,0,0,1885569184,3706859595,1821290412,1.237686161894075,65185,0.007747602548000805,0.007747602677910954,0.05073554391296275
613,633,0,0,1885569184,3616373120,1730803937,1.3112048384889299,62280,0.07351867603360066,0.07351867659485664,0.41253212304257303
614,633,0,1,1623654720,4076982673,2453327954,0.8079070438001743,46447,0.4967022041417531,0.4967022053112437,0.8748425143330151
615,633,0,1,1623654720,4076421150,2452766431,0.80823728875162,65521,0.00033024448458043404,0.00033024495144623386,0.0039922782726164955
616,633,0,2,1099825792,3843918117,2744092326,0.646318123678828,36660,0.838080834572752,0.8380808349272069,1.3578669318169365
617,633,0,2,1099825792,3807406146,2707580355,0.6656429915449564,64664,0.019324867677632026,0.019324867866127828,0.10698786269519686
618,633,0,2,1099825792,3591083960,2491258169,0.7857726102493672,60300,0.12012961832519051,0.12012961870441395,0.4193262989368964
619,633,0,3,52167936,3532007339,3479839404,0.3036264193647433,45771,0.5178538083179438,0.5178538091153727,1.2379422350058948
620,633,0,3,52167936,3530414394,3478246459,0.3042869843354268,65506,0.0006605645820851047,0.0006605649706850224,0.007210416985486852
621,637,4,0,104335872,3908243343,3803907472,0.1751649921681171,35836,0.870878007112446,0.8708780078326915,1.8297424465468848
622,637,0,0,104335872,3907372697,3803036826,0.17549523690841085,65521,0.00033024448458043404,0.00033024474029209785,0.0039922782726164955
623,637,0,0,104335872,2399876196,2295540325,0.9038133703927613,39558,0.7283181332569975,0.7283181334843526,1.074255576336056
624,637,0,1,580552008,2543124095,1962572088,1.1299014988425782,28015,1.2260881278824474,1.2260881284498157,1.1663866789885806
625,639,2,0,1161104016,4235828235,3074724220,0.4821901288238699,51337,0.35228862939855926,0.35228862998129307,1.1042590528318288
626,639,0,0,1161104016,3842104393,2681000378,0.679875723284578,57144,0.19768559400850974,0.19768559446070777,0.8567606705893429
627,639,0,0,1161104016,3841490760,2680386745,0.6802059681520305,65521,0.00033024448458043404,0.0003302448674499837,0.0039922782726164955
628,639,0,0,1161104016,3711307791,2550203776,0.7520346146634402,62353,0.0718286461052754,0.07182864651141016,0.37599939580668035
629,639,0,0,1161104016,3629590445,2468486430,0.7990204318342684,63436,0.04698581665487549,0.04698581717083101,0.2383372427400058
630,640,1,2,459953496,3625112367,3165158872,0.44036922990068916,10504,2.641348799107113,2.6413487980664176,1.7842645727486
631,640,0,3,1653309066,3231058851,1577749786,1.4447787183045726,16334,2.0044094876337004,2.004409488403886,2.3923486405108254
632,640,0,5,170785320,3521577647,3350792328,0.3581448705870578,34796,0.9133661509237597,0.9133661522824837,2.1022971664708545
633,640,0,5,170785320,2422098914,2251313595,0.9318801161252672,44032,0.5737352452979021,0.5737352455382109,1.4615415189991734
634,640,0,5,170785320,2421583629,2250798310,0.9322103607451631,65521,0.00033024448458043404,0.0003302446198927465,0.0039922782726164955
635,640,0,5,170785320,2217508867,2046723548,1.0693308960528647,59594,0.1371205348300239,0.13712053530770238,0.6669935601213809
636,646,6,0,341570640,3057814135,2716243496,0.6610343311123934,43487,0.5917034341688767,0.5917034350595283,1.0340070231987453
637,646,0,1,1424567606,3427432453,2002864848,1.1005820736892211,24162,1.4395477423330898,1.4395477425768293,1.6342581376114975
638,646,0,2,701651564,4026231177,3324579614,0.36947521957749174,54392,0.2688931456119665,0.2688931458882693,0.8408323141421055
639,646,0,2,701651564,3875007851,3173356288,0.43663763734117467,62555,0.06716241732386084,0.06716241776368471,0.36528286801894
640,646,0,2,701651564,3283635165,2581983602,0.7341673077963655,53323,0.29752967041808687,0.2975296704551916,0.7044251488758857
641,646,0,2,701651564,3083178430,2381526867,0.850760321574235,60448,0.11659301361163027,0.11659301377786639,0.5404514984048503
642,646,0,2,701651564,3080998077,2379346514,0.852081753348898,65476,0.0013214317544216249,0.0013214317746649915,0.01339562658861163
643,646,0,2,701651564,3071594836,2369943273,0.8577946188484482,65277,0.005712864988203938,0.005712865499548939,0.04443002665649129
644,646,0,2,701651564,3066495928,2364844365,0.8609019058871361,65395,0.003107286729684582,0.0031072870386889733,0.025960213141006393
645,646,0,2,701651564,2688039999,1986388436,1.1124993781851877,55048,0.2515974716018153,0.2515974722980506,1.0969981424455821
646,649,3,0,1403303128,3406240757,2002937630,1.1005296486228069,33041,0.9880302692498274,0.9880302704376193,1.4863123613038651
647,649,0,0,1403303128,3403765202,2000462075,1.1023138678566227,65455,0.0017842189647608187,0.001784219233817119,0.01729105470489943
648,649,0,0,1403303128,3300561431,1897258304,1.1787310368315431,62155,0.07641716827084215,0.07641716897492025,0.4472894612392666
649,649,0,0,1403303128,3299895584,1896592457,1.1792374427158379,65513,0.0005064057914389884,0.0005064058842951841,0.005810724405486178
650,649,0,0,1403303128,3299461488,1896158361,1.1795676875324688,65521,0.00033024448458043404,0.00033024481662864366,0.0039922782726164955
651,649,0,1,659122608,3171555581,2512432974,0.7735620370326757,43418,0.5939943490469368,0.5939943495002092,1.679342971508657
652,649,0,1,659122608,3158444434,2499321827,0.7811104629473498,65194,0.007548425450636592,0.007548425914672084,0.05508950987351011
653,649,0,1,659122608,3157491018,2498368411,0.7816609126496274,65511,0.0005504494793435254,0.0005504497022773352,0.00607310101373693
654,653,4,0,323607112,3354464687,3030857576,0.5029210864438518,9938,2.72126017344989,2.721260173794225,0.8161797929733663
655,653,0,0,323607112,3353308506,3029701395,0.5034715362037794,65511,0.0005504494793435254,0.0005504497599270476,0.006231826955976417
656,653,0,0,323607112,3244437858,2920830747,0.55626838508676,63181,0.052796848867131,0.052796848882980904,0.23358055639937864
657,655,2,1,1775905696,3402828391,1626922696,1.4005014437107377,4563,3.844233061554347,3.8442330586239803,2.021665981086234
658,655,0,1,1775905696,3384333862,1608428167,1.416995639881332,64791,0.01649419556805643,0.016494196170591575,0.10416743337029472
659,655,0,2,1404327744,3636974079,2232646336,0.9438924079337063,45485,0.5268967673040656,0.5268967680523766,1.1472115695161598
660,655,0,3,661171840,3782366175,3121194336,0.46054895894085845,45809,0.5166565509538884,0.5166565510071526,1.9421588223739483
661,659,4,2,1096413128,3513890919,2417477792,0.8291445094734158,6345,3.3685955512715315,3.3685955505325538,2.113702332697792
662,659,0,2,1096413128,3496516772,2400103645,0.8395504381387404,65065,0.010405928135551967,0.01040592866532744,0.06408399507003194
663,659,0,2,1096413128,3444146346,2347733219,0.8713786666512497,64106,0.03182822826884878,0.031828228512509375,0.156362288737037
664,659,0,2,1096413128,3443358227,2346945100,0.8718630514403038,65514,0.000484384451701118,0.00048438478905348843,0.0054891046595572975
665,666,7,2,437653760,2885444223,2447790464,0.8111670804204003,534,6.939304068312446,6.939304028980096,1.3575620875567156
666,666,0,2,437653760,2859709853,2422056094,0.8264148682653527,64847,0.015247787457549091,0.01524778784495362,0.10042139471003124
667,666,0,2,437653760,2637779206,2200125447,0.9650613601705871,59531,0.1386464915318015,0.1386464919052339,0.5548604523315587
668,666,0,2,437653760,2637275637,2199621878,0.9653916048180875,65521,0.00033024448458043404,0.00033024464750042886,0.0039922782726164955
669,669,3,0,875307520,3997793213,3122485694,0.4599521840259939,46516,0.49456057841750756,0.49456057920790647,0.891202038634463
670,669,0,0,875307520,3989217049,3113909530,0.46392011634193153,65356,0.0039679318989496466,0.0039679323159370165,0.033254887362406504
671,669,0,0,875307520,3780533414,2905225895,0.5639968016865531,61144,0.1000766849839416,0.10007668534462122,0.4492889615906111
672,669,0,0,875307520,3779868460,2904560941,0.5643270464509413,65521,0.00033024448458043404,0.00033024476439090473,0.0039922782726164955
673,673,4,0,936034240,3695934431,2759900192,0.6380310511516925,3892,4.073704005218889,4.0737040047007484,0.47137623029801784
674,673,0,0,936034240,3568122280,2632088041,0.7064393992696942,62501,0.06840834773983469,0.06840834811800404,0.4049502726679856
675,674,1,1,1796838912,3518684591,1721845680,1.3186912986769457,10718,2.6122518992887067,2.6122518994072492,0.6620584663158225
676,674,0,1,1796838912,3514822418,1717983507,1.3219309596441882,65389,0.003239660265459703,0.0032396609672421593,0.02794980432384049
677,674,0,1,1796838912,3446586470,1649747559,1.380401862901202,62933,0.058470902998052084,0.05847090325701376,0.3592482765484452
678,674,0,1,1796838912,3444471925,1647633014,1.3822522067944085,65452,0.0018503435436362735,0.0018503438932096123,0.017746514870565156
679,674,0,2,1446194176,3639887201,2193693026,0.9692854893940961,43628,0.5870332814190846,0.5870332825996861,1.5590828992165229
680,674,0,2,1446194176,3637175879,2190981704,0.9710697089967297,65455,0.0017842189647608187,0.0017842196026332134,0.01588903412581641
681,674,0,3,744904704,3070549405,2325644702,0.8850164386332153,34782,0.9139467290043319,0.9139467296364872,2.2589590163427533
682,674,0,3,744904704,2326326066,1581421363,1.4414253271363293,44564,0.556408887746408,0.5564088885031129,1.696208387165468
683,678,4,1,832135168,3478680107,2646544940,0.698536993962481,27419,1.2571116649916494,1.2571116668261526,2.3577668413393944
684,678,0,1,832135168,3376510937,2544375770,0.755335393048103,63006,0.05679839885271204,0.05679839908562219,0.2872912489404171
685,678,0,1,832135168,3370221433,2538086266,0.7589060408160684,65374,0.003570647252730634,0.0035706477679639213,0.02954212427372622
686,678,0,1,832135168,3290712596,2458577429,0.8048233547456753,63483,0.045917313593532495,0.04591731392960692,0.22163910346995483
687,678,0,1,832135168,2768580017,1936444850,1.1492367320549128,51618,0.34441337684857803,0.344413377309238,1.1796018603039826
688,678,0,1,832135168,2683955107,1851819940,1.2137033197147176,62672,0.0644665870492536,0.06446658765980304,0.26635024198625146
689,678,0,1,832135168,2680564323,1848429156,1.2163473950209394,65416,0.0026440749796186494,0.00264407530622347,0.022309130807095675
690,678,0,1,832135168,2672441343,1840306176,1.2227013352477947,65248,0.00635393998340348,0.006353940226854513,0.052209652650956215
691,678,0,1,832135168,2671458513,1839323346,1.2234720237055754,65501,0.0007706880901105886,0.0007706884577801684,0.007965733012277015
692,678,0,1,832135168,2667838018,1835702851,1.2263146003795207,65407,0.002842576090103573,0.0028425766739469524,0.02460951403429353
693,678,0,1,832135168,2657474095,1825338928,1.2344827782697507,65166,0.008168177855762418,0.008168177890230154,0.05864309545108516
694,678,0,1,832135168,2632741109,1800605942,1.2541646603419387,64648,0.019681882042455412,0.01968188207218854,0.14723717803958072
695,678,0,1,832135168,2528610607,1696475440,1.340106601816121,61746,0.08594194070998813,0.08594194147418165,0.39491193048463835
696,678,0,1,832135168,2517350127,1685214960,1.3497145178433172,65101,0.009607916015701322,0.009607916027196718,0.06099378142191318
697,680,2,0,1664270336,4126469779,2462199444,0.8026995177349363,47876,0.4529849991054094,0.45298499989161856,1.7455868857345191
698,680,0,0,1664270336,4112418530,2448148195,0.8109562539470581,65162,0.008256735650946383,0.008256736212119947,0.05805071310750567
699,680,0,0,1664270336,3983802590,2319532255,0.8888132378277156,62093,0.0778569838004171,0.07785698388066016,0.3476956917146614
700,681,1,1,427772576,3819578835,3391806260,0.3405933805111552,23958,1.451780142645796,1.4517801426834394,1.7598764181651447
701,683,2,1,647482776,4164742807,3517260032,0.2881951482671319,16990,1.9476017679284172,1.947601767755975,1.0278902215239702
702,683,0,1,647482776,3696533326,3049050551,0.4942870766524834,56812,0.20609192818573693,0.2060919283853521,0.5830803079097083
703,683,0,1,647482776,3361461578,2713978803,0.6622376931000815,58334,0.16795061637763198,0.16795061644759962,0.6796972243493079
704,683,0,1,647482776,3254121596,2606638821,0.7204564508466866,62944,0.0582187577214698,0.05821875774660293,0.3518850743590783
705,683,0,1,647482776,3090689605,2443206830,0.813871145697675,61427,0.09341469443032906,0.09341469485098815,0.40584529893221144
706,683,0,1,647482776,3090055838,2442573063,0.8142454288349157,65519,0.0003742827947452993,0.00037428313723975195,0.004452022505596219
707,686,3,1,694003120,3587402655,2893399536,0.5698815939846504,9704,2.7556361648794896,2.7556361651497356,1.1736702905891554
708,686,0,1,694003120,2854957917,2160954798,0.9909782512264442,48946,0.42109665675966085,0.421096657241794,0.9784053458737
709,686,0,1,694003120,2853441133,2159438014,0.9919912409891936,65490,0.00101298940069043,0.0010129897627481985,0.010011674462267556
710,686,0,1,694003120,2842435696,2148432577,0.9993626434441367,65202,0.007371402223826068,0.007371402454944782,0.053350333613319575
711,686,0,1,694003120,2841157179,2147154060,1.0002214365943765,65497,0.0008587929491977406,0.0008587931502398134,0.009065300681159402
712,686,0,1,694003120,2812751683,2118748564,1.0194347555633563,64669,0.019213318804443612,0.019213318968979584,0.10683995604235473
713,686,0,1,694003120,2443807002,1749803883,1.2954539113152492,54124,0.27601915573116015,0.27601915575189306,0.6726207017556215
714,691,5,0,1807603536,3779977695,1972374160,1.12271388863196,4617,3.8272599829506335,3.827259977316711,1.6107822371901386
715,691,0,0,1807603536,3763755928,1956152393,1.134628378964269,64997,0.011914489771068104,0.011914490332308202,0.0911437382251513
716,691,0,0,1807603536,3702626165,1895022630,1.1804320691245813,63488,0.04580368961312479,0.04580369016031451,0.21966894053101393
717,691,0,0,1807603536,3702047849,1894444314,1.1808724126578944,65516,0.0004403427806028656,0.00044034353331153366,0.005147395669702917
718,691,0,1,1467723424,3299613147,1831889724,1.2293144872441744,31686,1.0484420732074053,1.0484420745862817,2.4628348799948223
719,698,7,0,410252608,2442505279,2032252672,1.0795673610398175,1136,5.850252880495318,5.850252873795642,0.8672469472316164
720,698,0,0,410252608,2428892014,2018639407,1.089263923405035,65097,0.009696562234005312,0.00969656236521742,0.06276634570122996
721,698,0,0,410252608,2428429984,2018177377,1.0895941679656964,65521,0.00033024448458043404,0.00033024456066192866,0.0039922782726164955
722,699,1,0,820505216,3235321455,2414816240,0.8307337373781429,39208,0.7411395685902435,0.7411395694124456,1.362808203428429
723,699,0,0,820505216,3104882467,2284377252,0.9108462227007266,61996,0.08011248505306616,0.0801124853225844,0.3772614507142108
724,699,0,0,820505216,2766318071,1945812856,1.1422741844578788,55823,0.23142796167139754,0.23142796175715324,0.8531122599420474
725,699,0,0,820505216,2450824183,1630318968,1.3974928941138636,54910,0.25521870916837336,0.2552187096559843,1.1443670428095618
726,699,0,0,820505216,2450451032,1629945817,1.3978231391307894,65521,0.00033024448458043404,0.00033024501692644517,0.0039922782726164955
727,700,1,0,1641010432,3850052597,2209042166,0.9592261890233544,44410,0.5614030491455249,0.561403049892564,1.5241365653050594
728,700,0,2,121590784,2599482439,2477891656,0.7935340379414697,18378,1.8343078476798862,1.8343078489181133,2.8813186794089325
729,703,3,0,243181568,4077606987,3834425420,0.16363673668739764,50707,0.3701026983069435,0.37010269874593005,0.8127095209492177
730,703,0,0,243181568,4068011562,3824829995,0.16725152129892962,65372,0.0036147845889704113,0.003614784611531902,0.02915035919428957
731,703,0,0,243181568,3264363047,3021181480,0.507534297786286,51766,0.34028277613840524,0.3402827764873547,1.2777521420580094
732,703,0,0,243181568,2677423310,2434241743,0.8191746977200864,52804,0.3116403999277227,0.3116403999337997,1.0164425290508734
733,703,0,0,243181568,2672408926,2429227359,0.8221496233715406,65401,0.002974925338641957,0.0029749256514547988,0.025847081548692107
734,704,1,0,486363136,2574276933,2087913798,1.0405849962539868,28164,1.2184353727556736,1.218435372882448,2.0034857557437302
735,704,0,0,486363136,2403416921,1917053786,1.1637563313306245,60173,0.12317133452822455,0.12317133507663597,0.46871889528167815
736,706,2,0,1361149720,3422941999,2061792280,1.0587481536128536,17621,1.8949918202499252,1.8949918222822302,1.8767149853320153
737,706,0,1,574815792,2272862307,1698046516,1.3387711656367252,26987,1.2800230113997229,1.2800230120238703,2.5345414912506
738,708,2,1,151779520,3378523915,3226744396,0.41256784560701476,31134,1.0737966787400952,1.07379667997029,2.7388146599726135
739,710,2,0,303559040,3770970039,3467411000,0.3087882934595214,35212,0.8962204475483746,0.8962204478525059,1.3425087219484984
740,710,0,0,303559040,3767213535,3463654496,0.31035211946164054,65465,0.0015638255880888565,0.0015638260021213935,0.014032164260977321
741,710,0,0,303559040,3765258041,3461699002,0.31116685955312917,65499,0.0008147398470877202,0.0008147400914860113,0.008319963831090973
742,710,0,0,303559040,3578428979,3274869940,0.3912095342164541,61999,0.08004267441354826,0.08004267466332557,0.35081925671986497
743,711,1,0,607118080,3069866645,2462748566,0.8023778024242709,24642,1.411168267299788,1.4111682682078173,1.8239877157308781
744,711,0,2,812311104,3005095287,2192784184,0.9698833184958282,14588,2.167505515663888,2.167505516071559,1.9377144761280891
745,711,0,2,812311104,2219673290,1407362187,1.6096534896876094,42062,0.6397701702505162,0.6397701711917814,1.8988294485201787
746,711,0,2,812311104,2219265271,1406954168,1.6100718129446712,65517,0.000418322449221962,0.0004183232570616134,0.004904285154810719
747,714,3,0,1624622208,3587651307,1963029100,1.129565586498238,45719,0.5194937722528975,0.5194937735535641,1.2415117766804435
748,714,0,0,1624622208,3577556995,1952934788,1.1370033701632067,65199,0.007437783388440303,0.007437783664968695,0.052539283263050136
749,717,3,0,656938088,2553134775,1896196688,1.179538526669564,7954,3.042535153194789,3.042535156506358,0.6989947395980531
750,718,1,0,1313876176,3863105687,2549229512,0.7525858782172641,44053,0.5730473507316839,0.5730473515477007,1.4511391402540281
751,718,0,0,1313876176,3382518977,2068642802,1.0539625932624865,53181,0.3013767149834996,0.30137671504522123,0.8485515827523974
752,718,0,0,1313876176,3382013937,2068137762,1.0543148569108922,65520,0.0003522634716290214,0.0003522636484087445,0.004227909891679893
753,719,1,0,1043302766,2433211511,1389908746,1.6276569796224685,22022,1.5733421225267092,1.5733421227115738,1.013389220497847
754,719,0,0,1043302766,2394803235,1351500470,1.6680851324270733,63725,0.04042815220307353,0.040428152804604066,0.21532343273633867
755,720,1,0,2086605532,3493909837,1407304306,1.6097128250524797,34121,0.9416276914408945,0.9416276926254082,1.431831824905068
756,720,0,0,2086605532,3439323540,1352718009,1.6667860231947955,62994,0.057073197908950296,0.057073198142315734,0.24088664983459368
757,720,0,0,2086605532,3432573985,1345968454,1.6740025486889039,65209,0.007216524716623124,0.007216525494107234,0.050762826775172645
758,720,0,0,2086605532,3420703108,1334097577,1.6867829557238352,64958,0.012780406562015617,0.012780407034930797,0.08399680568970476
759,720,0,0,2086605532,3419970266,1333364735,1.68757566986341,65500,0.0007927138004626774,0.0007927141395769284,0.00831338875052815
760,720,0,1,2025727416,3821139163,1795411748,1.2583324057663177,44123,0.5707567348253736,0.5707567359029063,1.176929439763555
761,720,0,2,1903971184,3345319493,1441348310,1.5752281329242592,26306,1.3168957265223404,1.3168957271579433,2.4025746229402367
762,720,0,3,1660458720,3920483015,2260024296,0.9263088638465931,51380,0.3510807302118208,0.3510807309223322,0.8835629272866502
763,730,10,0,1200006400,3742533631,2542527232,0.7563839197142634,576,6.830074998557688,6.830075055867672,2.4627256893727094
764,730,0,0,1200006400,3489894816,2289888417,0.907369846452589,59024,0.15098592630518126,0.1509859267383259,0.4758342153604857
765,730,0,0,1200006400,3411137972,2211131573,0.9578622709876363,63282,0.0504924241719958,0.05049242453504724,0.29999734289789765
766,730,0,0,1200006400,3409923361,2209916962,0.958654984886401,65500,0.0007927138004626774,0.0007927138987614407,0.008084339268803174
767,730,0,0,1200006400,3382778232,2182771833,0.9764858139458177,64731,0.017830828860395675,0.017830829059417797,0.10099003543988927
768,730,0,2,1313056244,3680745511,2367689268,0.859167389764238,17772,1.882681573989996,1.8826815758184208,2.8473911021537655
769,734,4,0,957257680,4091584615,3134326936,0.4544914734318475,21689,1.5953240832678905,1.595324083667609,2.5274885093660386
770,734,0,0,957257680,3579319969,2622062290,0.7119451872249876,54825,0.2574537135516818,0.25745371379313914,0.8676726232512602
771,734,0,0,957257680,3562876066,2605618387,0.7210213405025172,65125,0.009076153059404728,0.009076153277530283,0.06391778106272926
772,734,0,0,957257680,3561047171,2603789492,0.7220343300462417,65490,0.00101298940069043,0.0010129895437238723,0.010536647449584482
773,734,0,0,957257680,3258696737,2301439058,0.9001109054442225,57926,0.1780765753166399,0.17807657539798258,0.6235930275043355
774,734,0,0,957257680,3256519472,2299261793,0.9014764059427023,65474,0.0013655003314663333,0.001365500498480091,0.013379055888907601
775,735,1,0,1914515360,4210759931,2296244572,0.9033708350017484,32725,1.0018944282800346,1.0018944290590437,1.6763729870769817
776,737,2,0,463036084,2578064575,2115028492,1.0219700476849525,15091,2.1185992117204817,2.1185992126832045,1.8036340835108802
777,738,1,0,926072168,2645888273,1719816106,1.3203928352406145,26645,1.2984227873526033,1.2984227875556638,2.301289674575066
778,738,0,0,926072168,2645468396,1719396229,1.3207450987298621,65520,0.0003522634716290214,0.0003522634892462419,0.004227909891679893
779,738,0,0,926072168,2638988127,1712915960,1.326192775132082,65289,0.00544767588017561,0.005447676402222018,0.04378709431171944
780,738,0,0,926072168,2543431169,1617359002,1.40900719947253,61880,0.08281442366360198,0.08281442434044685,0.3202819019457515
781,738,0,0,926072168,2260116939,1334044772,1.686840060257012,54056,0.2778328602181476,0.2778328607844801,1.11993483823313
782,740,2,0,1516972064,3462264035,1945291972,1.142660438132033,23891,1.4558203788435304,1.4558203778750245,1.621708860197864
783,745,5,0,409143232,2598546527,2189403296,0.9721094173751723,2305,4.8294489646833,4.829448979243139,1.4831158559448547
784,746,1,0,818286464,2691787085,1873500622,1.1969106893735777,28040,1.2248012711020144,1.2248012719984045,2.1182486121993818
785,749,3,1,1000331168,3083777295,2083446128,1.0436753494875823,4555,3.846764661310587,3.8467646601140038,2.445338633122666
786,749,0,3,1028274404,3238121011,2209846608,0.9587009146585714,17378,1.9150255656925042,1.9150255651709907,2.208579667424132
787,749,0,3,1028274404,2638317064,1610042661,1.4155482303460616,47748,0.45684731558510633,0.4568473156874882,1.0497672784820575
788,749,0,3,1028274404,2557515209,1529240806,1.4898315435873002,62247,0.07428331241709668,0.07428331324123814,0.4225724193666612
789,749,0,3,1028274404,2365916755,1337642352,1.6829547146148691,57325,0.1931231706444818,0.19312317102757123,0.8085306640030024
790,753,4,0,2056548808,4263732165,2207183358,0.9604406619832879,54069,0.2774859462644472,0.2774859473684159,0.8565080227182534
791,753,0,0,2056548808,4076140439,2019591632,1.0885835411794993,59966,0.12814287863947818,0.12814287919621242,0.5813816075838799
792,753,0,0,2056548808,4057650525,2001101718,1.1018526432756168,64936,0.013269101824353313,0.013269102096117738,0.08446474755824919
793,753,0,0,2056548808,3730566149,1674017342,1.359332672433844,54824,0.2574800283387009,0.2574800291582257,0.8256502477314748
794,753,0,0,2056548808,3730106366,1673557559,1.3597289752367807,65518,0.0003963024539395264,0.0003963028029383414,0.004687653452683203
795,753,0,0,2056548808,3729723319,1673174512,1.3600592197846062,65521,0.00033024448458043404,0.00033024454782558355,0.0039922782726164955
796,753,0,1,1965613968,3925497307,1959883340,1.131879364026549,38383,0.7718201440403019,0.771820144241942,1.1442277471570508
797,753,0,2,1783744288,3771140637,1987396350,1.1117675254860941,33228,0.9798881609119134,0.9798881614595452,1.5961651502361525
798,753,0,2,1783744288,3704758639,1921014352,1.1607788485189516,63347,0.049011322909346865,0.04901132303285694,0.2914689867638815
799,753,0,2,1783744288,3608291685,1824547398,1.235108516345747,62245,0.07432966704361126,0.07432966782679634,0.34513382195863934
800,758,5,3,991289920,4292936703,3301646784,0.3794613595689391,1853,5.144352833972734,5.144352843223191,2.8491145532924236
801,758,0,3,991289920,3377396740,2386106821,0.8479885151024256,47363,0.468527155445511,0.4685271555334884,1.3303886524035506
802,758,0,3,991289920,2493383775,1502093856,1.5156721857878104,41256,0.6676836698007828,0.6676836706853825,1.9504689642388844
803,758,0,3,991289920,2490839640,1499549721,1.5181177871609428,65425,0.002445601177240512,0.002445601373133962,0.021362975115639178
804,762,4,0,1982579840,3631956395,1649376556,1.380726339442159,36042,0.862608550752374,0.862608552281215,1.2883350074445126
805,762,0,0,1982579840,3630018498,1647438659,1.3824223973230687,65459,0.0016960575738423276,0.0016960578809108568,0.016940644102380824
806,763,1,1,1876397080,3777326515,1900929436,1.1759421670111436,18905,1.7935197711254034,1.7935197696880736,0.8778607346548362
807,763,0,1,1876397080,3776862420,1900465341,1.176294431165541,65520,0.0003522634716290214,0.000352264154398811,0.004227909891679893
808,766,3,0,99719656,2198884771,2099165116,1.032831495503018,18097,1.8565370636859038,1.8565370643374772,0.8854779185817412
809,766,0,0,99719656,2198276187,2098556532,1.033249818202112,65517,0.000418322449221962,0.00041832269909279743,0.004904285154810719
810,766,0,0,99719656,2164045276,2064325621,1.0569765905870128,64467,0.023726771845437863,0.023726772384903616,0.1320248085559111
811,766,0,0,99719656,2158312438,2058592783,1.0609886720655695,65354,0.004012081391444529,0.004012081478554721,0.03399364874067684
812,767,1,0,199439312,2655200781,2455761470,0.8064767085793321,39090,0.745488035823347,0.7454880365137647,1.1294924907293
813,767,0,0,199439312,2652690160,2453250849,0.8079523865962877,65469,0.0014756776637093812,0.0014756780169526112,0.014505381521405483
814,767,0,0,199439312,2652053788,2452614477,0.8083266694893965,65519,0.0003742827947452993,0.00037428289310928133,0.004463541174757649
815,767,0,0,199439312,2644531578,2445092267,0.8127582388600523,65335,0.004431568968363998,0.004431569370656262,0.03403775211037749
816,767,0,0,199439312,2643934631,2444495320,0.8131105027127923,65520,0.0003522634716290214,0.00035226385273969663,0.004227909891679893
817,767,0,0,199439312,2643375130,2443935819,0.8134407474472027,65521,0.00033024448458043404,0.0003302447344127849,0.0039922782726164955
818,767,0,0,199439312,2640839307,2441399996,0.8149384621320408,65468,0.0014977141398913162,0.0014977146848347152,0.014391787136174287
819,767,0,0,199439312,2617854324,2418415013,0.8285853059673123,64919,0.013646843395108799,0.013646843835272458,0.08981506277708713
820,767,0,0,199439312,2617263890,2417824579,0.8289375698251291,65520,0.0003522634716290214,0.0003522638578177267,0.004227909891679893
821,767,0,0,199439312,2423021848,2223582537,0.9497611890371225,60271,0.12082361865682202,0.12082361921199218,0.6212206738392801
822,767,0,0,199439312,2422411122,2222971811,0.9501574920205655,65518,0.0003963024539395264,0.00039630298344542326,0.004699172121844633
823,767,0,0,199439312,2415796749,2216357438,0.9544565785049279,65341,0.004299086029623652,0.004299086484359417,0.0320867028038134
824,768,1,0,398878624,3467202561,3068323938,0.4851963427441426,45364,0.5307397639945943,0.5307397642392172,1.8613940189695442
825,768,0,0,398878624,3465891631,3067013008,0.4858128605508689,65508,0.0006165175324262582,0.0006165178067252064,0.006687639071324846
826,768,0,0,398878624,2698155602,2299276979,0.9014668773650492,49131,0.41565401681127007,0.4156540168141807,0.9437300554863679
827,769,1,0,797757248,3091069913,2293312666,0.9052140833163875,32683,1.0037472047002067,1.0037472059513366,2.483513022735156
828,769,0,0,797757248,2464447142,1666689895,1.3656614451468627,47629,0.46044736169583184,0.46044736183047513,1.4596270956735482
829,769,0,0,797757248,2329862746,1532105499,1.4871315030304117,60244,0.12147005713760407,0.12147005788354973,0.45687582302985663
830,769,0,1,981959836,2413118807,1431158972,1.585463211630735,30609,1.0983317078498458,1.0983317086003228,1.2784432768387546
831,769,0,1,981959836,2194151658,1212191823,1.825029130211803,55509,0.23956591740754865,0.2395659185810678,1.12260896599275
832,773,4,0,769232456,2874883047,2105650592,1.028381088097582,14230,2.2033519585861554,2.203351957885779,1.8907598610627918
833,781,8,0,117332736,2782296831,2664964096,0.6885310497541184,324,7.660149997115376,7.660149961656539,0.5937221553923266
834,781,0,2,1004193224,2528121971,1523928748,1.494851695485739,9369,2.8063206452582707,2.806320645731618,2.3768334331568424
835,781,0,4,972374256,3660642603,2688268348,0.6759699881777763,28902,1.1811182906918665,1.1811182926920378,1.0082628403178289
836,781,0,4,972374256,3656007374,2683633119,0.6784596926492341,65423,0.002489704107082812,0.002489704471459044,0.022626870010114156
837,781,0,4,972374256,3371903269,2399529014,0.8398958884500054,58598,0.16143619538189496,0.16143619580077095,0.5350108534143103
838,781,0,4,972374256,3192678193,2220303938,0.9518899650097659,60641,0.11199407599257749,0.11199407655976122,0.42848960558631627
839,786,5,0,1944748512,4019643139,2074894628,1.0496090739020723,30622,1.0977191084863418,1.097719108892307,2.106285185937057
840,786,0,0,1944748512,3991338759,2046590248,1.0694248596523366,64642,0.019815785209777677,0.019815785750261158,0.12355065752978428
841,786,0,0,1944748512,3893468674,1948720163,1.1401202121331266,62402,0.07069535187837087,0.07069535248079237,0.35919166708679845
842,786,0,0,1944748512,3891089865,1946341354,1.1418823903987203,65456,0.0017621781119536897,0.0017621782655933764,0.01528764682997423
843,786,0,0,1944748512,3890644382,1945895871,1.1422126354894253,65521,0.00033024448458043404,0.0003302450907044693,0.0039922782726164955
844,786,0,0,1944748512,3885507663,1940759152,1.1460260551516654,65363,0.0038134193140021496,0.0038134196622396413,0.028678241635187004
845,786,0,0,1944748512,3883375481,1938626970,1.1476119187964144,65464,0.0015858634107395607,0.0015858636447505245,0.014127352892811055
846,786,0,0,1944748512,3517930571,1573182060,1.4489615064996357,53182,0.3013495872221365,0.3013495877032212,1.0499262533178733
847,792,6,0,2049900800,3964143807,1914243008,1.1658731583096795,1246,5.716911646975998,5.716911651810043,0.5738929414176532
848,792,0,0,2049900800,3523554794,1473653995,1.5432493178461684,50452,0.37737615918848744,0.3773761595364884,0.7835301364822509
849,792,0,0,2049900800,3250235331,1200334532,1.839210606515568,53381,0.29596128834033,0.2959612886693993,1.0355676528853441
850,792,0,1,1952317952,4053049907,2100731956,1.0317550536931428,57348,0.19254444703237783,0.1925444471775763,0.9465085742042678
851,792,0,1,1952317952,3445775021,1493457070,1.523991378594875,46591,0.49223632457043426,0.49223632490173386,1.105870984117105
852,792,0,2,1757152256,3488519661,1731367406,1.3107352407373263,37988,0.7867438617520571,0.7867438621424485,1.6171926730692299
853,792,0,3,1366820864,4205654723,2838833860,0.5973487268097486,53728,0.2866134850629699,0.2866134860724217,0.7789116863917379
854,792,0,3,1366820864,3269397474,1902576611,1.1746925981537935,43922,0.5773438711077287,0.5773438713440447,1.0318959088139468
855,797,5,1,596377616,3736372215,3139994600,0.4518850679668738,13520,2.2771924688304535,2.277192469813083,1.6325790756013128
856,797,0,1,596377616,3735605614,3139227999,0.45223733178587366,65520,0.0003522634716290214,0.00035226381899937815,0.004227909891679893
857,797,0,1,596377616,3714816659,3118439044,0.46182308712143794,65102,0.009585755312170414,0.009585755335564758,0.06482668288166132
858,797,0,1,596377616,3713579485,3117201870,0.4623955590910569,65510,0.0005724718275307164,0.0005724719696188493,0.006383382720379747
859,797,0,1,596377616,3712770884,3116393269,0.46276984219199235,65519,0.0003742827947452993,0.00037428310093551233,0.004452022505596219
860,797,0,1,596377616,3613148632,3016771017,0.5096419507474401,63441,0.046872108493298856,0.046872108555448516,0.22139748691172953
861,799,2,1,36829452,2424615495,2387786044,0.8469735753611829,12968,2.3373316244824585,2.3373316246137414,1.3589647814062566
862,801,2,0,73658904,3138402109,3064743206,0.48688095005882914,42058,0.6399073737732909,0.6399073746976452,1.2036763900988772
863,801,0,0,73658904,3097296315,3023637412,0.5063620009233283,64657,0.019481050591406056,0.019481050864499996,0.12106257990616895
864,801,0,0,73658904,3067630194,2993971291,0.5205867584619348,64893,0.014224757171411405,0.014224757538605404,0.09534582717480938
865,801,0,0,73658904,3057625315,2983966412,0.5254158495337755,65317,0.004829090795818638,0.0048290910718423175,0.0359524275369333
866,801,0,0,73658904,2962236374,2888577471,0.5722879580593592,63441,0.046872108493298856,0.04687210852558139,0.20777359212637
867,801,0,0,73658904,2961575231,2887916328,0.5726182025864972,65521,0.00033024448458043404,0.0003302445271380855,0.0039922782726164955
868,801,0,0,73658904,2960914239,2887255336,0.5729484472753512,65521,0.00033024448458043404,0.0003302446888550785,0.0039922782726164955
869,805,4,0,145529296,2537242527,2391713232,0.8446027261989038,3393,4.271654285289023,4.271654278923553,1.6861358337292414
870,805,0,0,145529296,2521549828,2376020533,0.8540998423964083,65106,0.009497115901913423,0.00949711619750329,0.06599954524055572
871,805,0,0,145529296,2449438242,2303908947,0.8985634449918933,63547,0.04446360202257721,0.044463602595483605,0.23024164150771448
872,805,0,0,145529296,2448910919,2303381624,0.8988936895330788,65521,0.00033024448458043404,0.00033024454118752556,0.0039922782726164955
873,805,0,0,145529296,2448383716,2302854421,0.8992239345094681,65521,0.00033024448458043404,0.00033024497638965727,0.0039922782726164955
874,805,0,0,145529296,2447153859,2301624564,0.8999946226341748,65501,0.0007706880901105886,0.0007706881247052481,0.0080226168492875
875,808,3,1,1482804016,3971547951,2488743936,0.7872293452918235,4429,3.8872347181146836,3.887234722657649,2.138921672364962
876,808,0,1,1482804016,3970028942,2487224927,0.7881101654415374,65496,0.000880820004703256,0.0008808201497138174,0.009078735928007738
877,808,0,1,1482804016,3908432780,2425628765,0.8242883786862976,63913,0.036178213096730784,0.036178213244761094,0.18163496870931453
878,808,0,1,1482804016,3889889689,2407085674,0.8353596542822324,65035,0.01107127559125969,0.011071275595933018,0.08088348100104008
879,808,0,2,818124384,3266787525,2448663142,0.8106528273149749,33334,0.9752931726720618,0.9752931730327455,1.709631645648475
880,808,0,2,818124384,3010174084,2192049701,0.9703666366873129,58668,0.15971380927070652,0.1597138093723372,0.48705162164659715
881,812,4,1,947387128,2228312655,1280925528,1.745460545047898,4787,3.775093909280234,3.775093908360585,2.0446598967881613
882,818,6,0,539424128,2400769023,1861344896,1.2063017431439675,2976,4.460841188891969,4.460841198096068,1.9208662510881551
883,818,0,0,539424128,2179291247,1639867120,1.3890682293922438,57738,0.18276648585994373,0.18276648624827685,0.8449180540652781
884,818,0,0,539424128,2176438694,1637014567,1.3915799862999272,65422,0.0025117560775962753,0.0025117569076844844,0.020201698106857773
885,819,1,0,1078848256,3972049689,2893201434,0.5699803741751559,57913,0.17840038742845532,0.17840038787522863,0.7690618686155726
886,819,0,0,1078848256,3970151378,2891303123,0.5709272777300214,65493,0.0009469031891450585,0.0009469035548658701,0.01009049603727127
887,819,0,0,1078848256,3673547513,2594699258,0.7270798151899918,58813,0.15615253745393884,0.15615253745997112,0.4826211174497104
888,819,0,0,1078848256,3672438937,2593590682,0.7276963332105666,65508,0.0006165175324262582,0.0006165180205743359,0.006723211563161652
889,820,1,0,705167832,2988569245,2283401414,0.9114626434021993,28849,1.1837663092069972,1.1837663101916298,1.1033716959535975
890,820,0,0,705167832,2987698196,2282530365,0.9120130931893335,65511,0.0005504494793435254,0.0005504497871369209,0.006295024426833294
891,823,3,0,1672676744,3925672415,2252995672,0.9308026038519088,8086,3.0187895117283055,3.0187895106625744,1.4028880898174219
892,823,0,0,1672676744,3310856518,1638179775,1.390553457979106,47652,0.4597508537543756,0.4597508541271982,0.9100096693726977
893,823,0,2,248256032,2684528515,2436272484,0.8179716460490489,24366,1.4274181873545184,1.4274181880699404,2.8048424583346367
894,823,0,2,248256032,2568060593,2319804562,0.888643879156664,62403,0.07067223269178508,0.07067223310761488,0.2837180730979258
895,823,0,2,248256032,2567494234,2319238203,0.8889961429171471,65520,0.0003522634716290214,0.0003522637604839572,0.004227909891679893
896,823,0,2,248256032,2565760184,2317504153,0.8900752218308341,65487,0.0010790786396167112,0.0010790789136889685,0.010811919404270294
897,826,3,0,496512064,4115632011,3619119948,0.2470082224654675,51172,0.35693299988948435,0.35693300063463124,1.170547016814054
898,826,0,0,496512064,2435460434,1938948371,1.147372757161051,35111,0.900364534100982,0.9003645346955855,1.6041938745356186
899,829,3,1,102732128,2351268447,2248536320,0.9336609583551798,4750,3.7862882018943274,3.7862882011941275,0.41186645270546357
900,831,2,0,205464256,3314562525,3109098270,0.466150929012759,45309,0.5324899704944459,0.5324899706575793,1.5797346062463886
901,831,0,0,205464256,2276267164,2070802909,1.0524568960473815,43650,0.5863059665958352,0.5863059670346219,1.4789655083326905
902,831,0,0,205464256,2275319225,2069854970,1.053117461087151,65506,0.0006605645820851047,0.0006605650397698688,0.007175466819845779
903,831,0,0,205464256,2274845472,2069381217,1.0534477061255174,65521,0.00033024448458043404,0.0003302450383659595,0.0039922782726164955
904,833,2,0,821857024,3833978803,3012121780,0.5118670467042854,23848,1.4584193400088312,1.4584193405787693,2.2943425858274717
905,833,0,0,821857024,3697979224,2876122201,0.5785221715469113,62577,0.06665512436559941,0.066655124842626,0.3095301334297216
906,834,1,0,742374338,2211682371,1469308034,1.5475102637085172,16740,1.9689880925622938,1.9689880921616043,1.7494188018766086
907,834,0,1,877688862,2274849781,1397160920,1.6201489512392513,31159,1.072638687378028,1.0726386875307359,1.0035889311107138
908,834,0,1,877688862,2246069152,1368380291,1.650177916012865,64186,0.030028963806047325,0.03002896477361217,0.15103888791395667
909,834,0,1,877688862,2245693315,1368004454,1.6505742186018786,65518,0.0003963024539395264,0.0003963025890148278,0.004668654543719633
910,836,2,0,1755377724,4283605925,2528228202,0.7645204566146084,60559,0.11394623789692428,0.11394623801273002,0.5366218252090318
911,836,0,0,1755377724,4279825310,2524447587,0.7666794217877815,65438,0.0021589649914087418,0.002158965173173397,0.021096017299909637
912,837,1,0,1738463818,4091497345,2353033528,0.8681252685731948,30543,1.1014458467061354,1.101445846785414,1.2310232878609355
913,837,0,1,1329443988,3712637245,2383193258,0.8497511986596322,33188,0.9816259291789836,0.9816259300864357,1.117928016132278
914,837,0,1,1329443988,3711982681,2382538694,0.8501475013691397,65518,0.0003963024539395264,0.0003963027095078106,0.004699172121844633
915,841,4,0,916473888,3791690871,2875216984,0.578976309981666,9886,2.7288288088602273,2.7288288086125276,1.534179078439814
916,841,0,0,916473888,3790769552,2874295665,0.5794386734705057,65515,0.0004623634480924974,0.00046236348883760205,0.005375545368984679
917,841,0,0,916473888,3790111677,2873637790,0.5797689184225732,65521,0.00033024448458043404,0.0003302449520683215,0.0039922782726164955
918,841,0,0,916473888,2763010670,1846536783,1.2178251447086943,42112,0.6380562262647586,0.6380562262861221,0.9939605384904804
919,841,0,0,916473888,2762221744,1845747857,1.2184416625322783,65508,0.0006165175324262582,0.0006165178235821115,0.006822244537338791
920,841,0,0,916473888,2761545810,1845071923,1.2189700907399903,65512,0.0005284274673163702,0.0005284282077140589,0.005921768420804585
921,841,0,0,916473888,2736742520,1820268633,1.2384957687227178,64655,0.0195256773867848,0.019525677982726024,0.12185431284972344
922,841,0,0,916473888,2736187018,1819713131,1.2389361115808875,65516,0.0004403427806028656,0.00044034285817140246,0.005158914338864347
923,841,0,0,916473888,2729023230,1812549343,1.2446268758889616,65278,0.0056907640339560394,0.005690764308073307,0.04056937134376351
924,841,0,0,916473888,2670362079,1753888192,1.2920903651572644,63415,0.04746348882356854,0.047463489268302815,0.28159632615716174
925,841,0,0,916473888,2669907121,1753433234,1.2924646483063533,65519,0.0003742827947452993,0.0003742831490882958,0.004452022505596219
926,841,0,0,916473888,2587340364,1670866477,1.3620506972744977,62450,0.06958604861731794,0.06958604896814359,0.31130553705645514
927,841,0,0,916473888,2454228885,1537754998,1.4818214810277688,60315,0.11977078359112098,0.11977078375327303,0.5799159295348242
928,841,0,0,916473888,2438625139,1522151252,1.4965354233953576,64871,0.01471394201780416,0.014713942367588925,0.10271955305036456
929,841,0,0,916473888,2438160615,1521686728,1.49697576646275,65516,0.0004403427806028656,0.00044034306739065154,0.005139915429900777
930,842,1,0,1832947776,3446628563,1613680788,1.4122919274451782,34749,0.9153161596158297,0.9153161609824273,1.5113058933566825
931,842,0,1,1518411904,4054611067,2536199164,0.7599791033625571,51501,0.34768717493072715,0.34768717591738085,1.4726764709722977
932,844,2,2,3195800,2481191175,2477995376,0.7934736506369582,8004,3.033494548094259,3.0334945472743997,2.2282304622031224
933,848,4,1,44983312,2439491535,2394508224,0.8429177554581422,7916,3.049444102952488,3.0494441048211844,2.6153060921195572
934,850,2,0,89966624,2258162835,2168196212,0.9861518260052975,29671,1.1432340697453103,1.1432340705471564,1.6711855128877084
935,851,1,0,179933248,3925444561,3745511314,0.19748446609639814,56606,0.21133263962890278,0.2113326400910996,0.8217862836482484
936,853,2,1,53023984,3791219847,3738195864,0.20030498446982392,8176,3.0028205190623787,3.002820518373427,3.2976432674627243
937,855,2,0,106047968,3310003985,3203956018,0.4227928025894663,28085,1.2224878175340272,1.2224878181196404,1.638021312003497
938,855,0,0,106047968,2248390445,2142342478,1.003458016151047,43821,0.58066521328856,0.5806652135615818,1.4049296110120635
939,855,0,0,106047968,2165751257,2059703290,1.0602106206811115,63008,0.05675260409844632,0.05675260453006398,0.28169922073434106
940,857,2,0,424191872,4040489771,3616297900,0.2481336183850189,28766,1.1879229965706828,1.1879229977039094,1.838848440865221
941,857,0,0,424191872,3919755215,3495563344,0.29712216735104136,63348,0.048988548608215506,0.04898854896602181,0.21377664831579385
942,857,0,0,424191872,3807211900,3383020029,0.3443354274530961,63426,0.04721325986779615,0.047213260102053116,0.22655903178046566
943,857,0,0,424191872,3599644707,3175452836,0.43568480368262286,61515,0.09134937606426528,0.09134937622952881,0.42545702064544527
944,857,0,0,424191872,3314447023,2890255152,0.5714502864101547,59650,0.13576548253004728,0.1357654827275293,0.5426622655260226
945,858,1,0,848383744,3592220939,2743837196,0.6464522634430381,31108,1.0750019765533039,1.075001977032886,1.443050592334909
946,866,8,0,597465600,2987604991,2390139392,0.8455523879403586,223,8.199100100079695,8.199100124497319,1.2331073447510073
947,866,0,0,597465600,2986620283,2389154684,0.8461468830042023,65509,0.0005944945118882062,0.0005944950638463978,0.0067112018661578485
948,866,0,0,597465600,2983193455,2385727856,0.8482176642512655,65442,0.002070780697928415,0.0020707812470622637,0.01876019123537994
949,871,5,0,912251360,3346905279,2434653920,0.8189304346442476,2090,4.970712773031755,4.970712770392981,2.3178478391050343
950,871,0,0,912251360,3206181569,2293930210,0.9048256462112256,61748,0.08589521147485071,0.08589521156697748,0.45179860202975725
951,871,0,0,912251360,3159103075,2246851716,0.9347422309532121,64191,0.029916584248835483,0.029916584741988363,0.14689430246426805
952,874,3,0,382293520,3610222943,3227929424,0.4120381103838895,11769,2.477295879201748,2.4772958794306748,2.7249224802832397
953,877,3,0,1005858992,4258218551,3252359560,0.40116038467895976,8254,2.9891222769929655,2.989122274295073,2.0049083309145206
954,878,1,0,448522298,2405615371,1957093074,1.1339347777826703,19718,1.7327743941104679,1.732774393103709,1.7619288813213287
955,878,0,0,448522298,2216254909,1767732612,1.280747077458141,59195,0.14681229898559423,0.14681229967547196,0.6651009037669017
956,878,0,0,448522298,2161148132,1712625835,1.3264371521823648,63493,0.0456900745808259,0.04569007472422312,0.24272805215528137
957,879,1,0,897044596,2691935843,1794891248,1.258750711839582,34342,0.9323135593847939,0.9323135596572171,1.9044418904311093
958,879,0,0,897044596,2540919144,1643874549,1.3855469409365746,60022,0.12679622850520178,0.12679622909699445,0.42678640967768194
959,879,0,0,897044596,2523160001,1626115406,1.4012174963771677,64828,0.015670555238124318,0.015670555440593387,0.09913067002228985
960,879,0,0,897044596,2519537368,1622492773,1.404435093909683,65390,0.0032175971660184,0.0032175975325138564,0.02866874639156918
961,879,0,0,897044596,2243988897,1346944302,1.6729569514048848,54406,0.2685218569727649,0.268521857495201,0.8496724344761243
962,880,1,2,733905824,3112268775,2378362952,0.8526782504869281,14465,2.179721297183038,2.179721299082043,3.148563414861637
963,880,0,2,733905824,3080115003,2346209180,0.8723155011489006,64650,0.019637250415020988,0.01963725066197363,0.12213909232017726
964,880,0,2,733905824,3079219995,2345314172,0.87286595076705,65511,0.0005504494793435254,0.0005504496181479287,0.0061959914526561535
965,880,0,2,733905824,3077609595,2343703772,0.8738569114385335,65491,0.0009909603271466795,0.0009909606714841406,0.009928704072776715
966,880,0,2,733905824,2372631682,1638725859,1.3900726185690075,45823,0.5162157064731479,0.5162157071304745,1.5654867837314803
967,884,4,0,1353695484,3773476655,2419781172,0.8277705598134197,24193,1.4376979417997564,1.437697941244413,2.2031665079601495
968,884,0,0,1353695484,3686523153,2332827670,0.8805674091241826,63181,0.052796848867131,0.052796849310760785,0.2261931232057588
969,884,0,0,1353695484,3663528056,2309832573,0.8948588635743846,64890,0.0142914544295028,0.01429145445020301,0.09758747331905329
970,884,0,0,1353695484,3586728660,2233033177,0.9436424600401843,63357,0.048783596074537465,0.048783596465801236,0.2811070722853253
971,884,0,0,1353695484,3586217559,2232522076,0.9439727046971385,65521,0.00033024448458043404,0.0003302446569517392,0.0039922782726164955
972,884,0,0,1353695484,3585706575,2232011092,0.9443029493423225,65521,0.00033024448458043404,0.00033024464518558355,0.0039922782726164955
973,887,3,0,66854840,4112374943,4045520104,0.0863219543039051,14848,2.1420190048724277,2.1420190049615817,1.7545641622236285
974,888,1,2,480438688,3417786535,2937347848,0.5481330227176997,5948,3.4618110679475813,3.4618110684137955,1.6484561257537487
975,888,0,2,480438688,3043894998,2563456311,0.7445568359285204,57194,0.1964238130320612,0.19642381321081942,0.9147358632199157
976,888,0,2,480438688,2200570442,1720131755,1.320128072362433,43976,0.5755712359622386,0.5755712364339117,1.559385164498721
977,888,0,2,480438688,2196974585,1716535898,1.3231471172504463,65399,0.0030190444530456694,0.0030190448880155615,0.028183940347356704
978,891,3,0,960877376,4290384977,3329507602,0.367338311864021,63559,0.044191194102540333,0.044191194613573494,0.2550037738265963
979,891,0,0,960877376,4154890031,3194012656,0.42727711669844837,62869,0.059938804789478106,0.05993880483442904,0.32790516274403647
980,891,0,0,960877376,4154158979,3193281604,0.427607361417639,65521,0.00033024448458043404,0.0003302447191895009,0.0039922782726164955
981,891,0,0,960877376,3578514617,2617637242,0.7143819667708513,53722,0.2867746050304772,0.28677460535321125,1.0131407802766519
982,891,0,0,960877376,3577875545,2616998170,0.7147342304672435,65520,0.0003522634716290214,0.0003522636963935333,0.004227909891679893
983,891,0,0,960877376,3577276561,2616399186,0.7150644753125555,65521,0.00033024448458043404,0.0003302448453124431,0.0039922782726164955
984,891,0,0,960877376,3549170710,2588293335,0.7306460167171736,64832,0.01558154119886184,0.015581541404617991,0.10796305888163005
985,891,0,0,960877376,3548380825,2587503450,0.7310863598096695,65516,0.0004403427806028656,0.0004403430924961988,0.005139915429900777
986,891,0,0,960877376,3547749110,2586871735,0.7314386234433279,65520,0.0003522634716290214,0.0003522636336557662,0.004227909891679893
987,891,0,0,960877376,3471843434,2510966059,0.7744046183375488,63613,0.0429659945792141,0.042965994894223244,0.21627768742649237
988,891,0,0,960877376,3471115462,2510238087,0.7748229409434941,65517,0.000418322449221962,0.0004183226059434647,0.00492328406377429
989,891,0,0,960877376,3470502610,2509625235,0.7751752049351097,65520,0.0003522634716290214,0.0003522639916177954,0.004227909891679893
990,891,0,0,960877376,3332108664,2371231289,0.8570107564037315,61922,0.08183555104374246,0.08183555146861993,0.3789105646797553
991,891,0,0,960877376,3331529750,2370652375,0.8573630199429623,65520,0.0003522634716290214,0.0003522635392307774,0.004227909891679893
992,891,0,0,960877376,3328635887,2367758512,0.8591251981996564,65456,0.0017621781119536897,0.0017621782566941257,0.01577017674379774
993,891,0,0,960877376,3213275582,2252398207,0.9311852384542583,62343,0.07206004006241623,0.07206004025460205,0.32390546670893144
994,891,0,0,960877376,3143300564,2182423189,0.976716267324587,63500,0.0455310285657471,0.04553102887032969,0.21806057195041087
995,891,0,0,960877376,3142168325,2181290950,0.9774649303098464,65502,0.0007486627160211863,0.0007486629852578221,0.00808972381319493
996,891,0,0,960877376,2192213719,1231336344,1.802422252963087,36995,0.8249573216723506,0.8249573226532425,1.537331292891932
997,892,1,0,1921754752,3747452879,1825698128,1.2341989049195696,48585,0.43177665159629486,0.4317766519564834,1.7117048475545442
998,892,0,1,1696025856,4037040205,2341014350,0.8755133680736868,42017,0.6413144627144827,0.641314463154116,1.7398639677880865
999,892,0,1,1696025856,4033539542,2337513687,0.8776723334801098,65438,0.0021589649914087418,0.002158965406423791,0.018065781963029822
1000,892,0,1,1696025856,3931458789,2235432934,0.9420928822790131,62674,0.06442054824335594,0.06442054879890176,0.26451346582041807
1001,892,0,1,1696025856,3930913029,2234887174,0.9424451457547391,65520,0.0003522634716290214,0.00035226347572672376,0.004227909891679893
1002,892,0,1,1696025856,3621235745,1925209890,1.157631406307381,56455,0.21518625989939089,0.21518626055264287,0.7883320920224519
1003,892,0,2,1244568064,4081503021,2836934958,0.5983140714841326,48286,0.44068266448154236,0.44068266517674987,1.4067357055674024
1004,892,0,2,1244568064,3815756809,2571188746,0.7402116264982084,59397,0.14189755465045945,0.14189755501407544,0.45472349439998805
1005,900,8,0,418529984,2188733183,1770203200,1.2787321705607582,705,6.538520552713844,6.538520544062552,0.75589413963401
1006,903,3,0,1199084488,3222760383,2023675896,1.0856688938642627,9365,2.8069367208695923,2.8069367233035054,1.2548436821614255
1007,903,0,1,250685328,4097571665,3846886338,0.1589559423283191,62290,0.07328704802621717,0.07328704846405651,0.33858500067920294
1008,903,0,1,250685328,4002244769,3751559442,0.19515672865088973,63912,0.03620078606822961,0.03620078632256789,0.19131927923277972
1009,903,0,1,250685328,3947919971,3697234644,0.21620053933117944,64587,0.021043810375024497,0.02104381068029219,0.13976833265661492
1010,903,0,1,250685328,3945212035,3694526708,0.21725758807152218,65488,0.001057048556915173,0.0010570487403410934,0.010449860127820544
1011,905,2,0,1832754426,3494998299,1662243874,1.3695150852053821,14743,2.1522574973242463,2.152257497133859,0.8869747145465928
1012,905,0,0,1832754426,3494541750,1661787325,1.3699113877326035,65518,0.0003963024539395264,0.0003963025272221784,0.004687653452683203
1013,905,0,0,1832754426,3488735028,1655980603,1.374961371799447,65307,0.005049983594034493,0.0050499840668445034,0.03810928894839593
1014,905,0,0,1832754426,3461975942,1629221517,1.398464372874404,64477,0.02350300105443071,0.023503001074955163,0.12885047046813802
1015,905,0,0,1832754426,3398458776,1565704351,1.4558353290515562,62981,0.057370955965677935,0.057370956177154216,0.2680114351246673
1016,905,0,1,1518025204,3361005625,1842980422,1.2206064007279842,38571,0.7647710703786409,0.7647710716764284,1.5326418674136104
1017,905,0,1,1518025204,3230014981,1711989778,1.3269730583358559,60878,0.10636665709985318,0.10636665760787048,0.39791464114756253
1018,905,0,1,1518025204,3229597014,1711571811,1.3273253224359607,65520,0.0003522634716290214,0.00035226410010477487,0.004227909891679893
1019,905,0,2,888566760,4289563577,3400996818,0.3366894897644457,65112,0.009364166996977705,0.009364167328485652,0.060795285077278036
1020,905,0,2,888566760,4162316808,3273750049,0.391702969844264,63084,0.05501347970696793,0.05501348007981867,0.23395928579158634
1021,905,0,2,888566760,4157321461,3268754702,0.39390602938159347,65436,0.002203059159570524,0.0022030595373281436,0.020527666882980317
1022,905,0,2,888566760,3805387666,2916820907,0.5582503386309092,58480,0.1643443091602003,0.16434430924931737,0.4989938990486999
1023,910,5,0,408800000,2570779559,2161979560,0.9902942625461861,6072,3.4320439245845336,3.432043923915276,2.3747283067814804
1024,910,0,0,408800000,2526738990,2117938991,1.0199861141194866,64201,0.02969185139261294,0.029691851573301547,0.17170462158254604
1025,910,0,0,408800000,2526124963,2117324964,1.0204044369080982,65517,0.000418322449221962,0.0004183227886104738,0.004904285154810719
1026,910,0,0,408800000,2525608037,2116808038,1.0207567010339815,65520,0.0003522634716290214,0.00035226412588343554,0.004227909891679893
1027,913,3,0,1681170296,4128471191,2447300896,0.8114556541266644,9471,2.7906989539658587,2.790698953092684,1.6406683615327577
1028,913,0,0,1681170296,3588605635,1907435340,1.171012993930315,51079,0.35955733952038743,0.3595573398036505,1.1280230019124622
1029,913,0,0,1681170296,3475619429,1794449134,1.2591061173518199,61654,0.0880931233413232,0.08809312342150494,0.3844110988042156
1030,914,1,2,873243520,2265080655,1391837136,1.6256567400221797,6354,3.366550625286507,3.3665506226703568,1.8628568525202942
1031,914,0,4,652870164,2489001015,1836130852,1.2259782698303,21614,1.6003215308470584,1.6003215298081204,1.08798083882431
1032,926,12,0,2022702848,4289176831,2266473984,0.9221975448470197,316,7.696219251822897,7.6962192750167215,0.46867391693031984
1033,926,0,0,2022702848,4087727078,2065024231,1.0564884356821231,59711,0.1342908902401737,0.13429089083510368,0.43624372212752577
1034,926,0,0,2022702848,3579569030,1556866183,1.464002199939081,49409,0.4075137634030402,0.40751376425695696,1.5319282575825188
1035,928,2,0,1788474240,3540043719,1751569480,1.2939989289480884,18433,1.8299967294655275,1.8299967290090065,2.157352730410137
1036,930,2,1,556512920,2821878959,2265366040,0.9229029648696887,10595,2.628904032740468,2.628904035921601,3.19202867455007
1037,930,0,1,556512920,2804249920,2247737001,0.9341739047386426,65026,0.01127093967793787,0.011270939868955254,0.07691104112925128
1038,930,0,1,556512920,2641781503,2085268584,1.0424139302816222,60799,0.10824002551368467,0.10824002554297986,0.3966431971363151
1039,930,0,1,556512920,2640986036,2084473117,1.0429643798740926,65511,0.0005504494793435254,0.0005504495924711595,0.00607310101373693
1040,932,2,0,1113025840,4126058955,3013033116,0.5114306164512854,47365,0.46846623596906883,0.46846623657719183,1.049175244601699
1041,932,0,0,1113025840,4125369326,3012343487,0.5117608611507478,65521,0.00033024448458043404,0.0003302446994606875,0.0039922782726164955
1042,932,0,0,1113025840,4106477828,2993451989,0.5208370145026251,65125,0.009076153059404728,0.009076153351879744,0.057187793677401844
1043,934,2,0,157136064,3401077715,3243941652,0.40489927563465855,17755,1.884062260091666,1.8840622611320326,2.8479812788474685
1044,934,0,0,157136064,3360340349,3203204286,0.42313133634919353,64713,0.0182320604493976,0.01823206071453572,0.12167724173112586
1045,934,0,0,157136064,3148947243,2991811180,0.521628019676438,61211,0.09849668290146302,0.09849668332724175,0.4740593078730947
1046,934,0,0,157136064,3052074938,2894938875,0.569114259168952,63414,0.047486239062723916,0.04748623949251494,0.2662612125651615
1047,934,0,1,298766778,2221187125,1922420348,1.15972332204041,21760,1.5906090638622983,1.5906090628714595,2.53998974039515
1048,936,2,0,597533556,3922109857,3324576302,0.36947665681434927,56668,0.2097533345550551,0.2097533347739364,0.7439282887627633
1049,936,0,0,597533556,2987174230,2389640675,0.8458534463720149,47106,0.47637678950965284,0.47637678955766677,1.6036569610845273
1050,936,0,0,597533556,2610401813,2012868258,1.0933943948919733,55203,0.24754094823848452,0.24754094851995775,0.9216271474212158
1051,941,5,0,355788128,3530380159,3174592032,0.4360759434919963,3230,4.342681550418713,4.342681548600023,1.758898417911908
1052,941,0,0,355788128,3529362909,3173574782,0.4365383073793687,65515,0.0004623634480924974,0.00046236388737273793,0.00532199045253682
1053,941,0,0,355788128,3496724520,3140936393,0.4514524186980502,64862,0.01491411090912449,0.014914111318682937,0.08549949908071658
1054,941,0,0,355788128,3407724292,3051936165,0.4929223592675953,63679,0.04146994013382394,0.04146994056954282,0.19073638520445288
1055,942,1,0,711576256,4033704887,3322128632,0.37053921083635544,35669,0.8776168508264838,0.8776168515687608,2.0273006327807477
1056,942,0,0,711576256,3996142366,3284566111,0.38694434193549654,64795,0.01640513069738539,0.016405131099141303,0.09259157297786799
1057,942,0,0,711576256,2808885185,2097308930,1.0341077624273254,41847,0.6471634203812298,0.6471634204918283,1.802944864990874
1058,948,6,0,348771712,3775332095,3426560384,0.3258860351330881,1673,5.291778269961648,5.291778272705763,1.670923694505747
1059,948,0,0,348771712,3469673037,3120901326,0.4606844019385754,59690,0.13479836666283443,0.1347983668054876,0.5176022910302518
1060,948,0,0,348771712,3333809824,2985038113,0.5248977940596511,62683,0.06421339179592485,0.0642133921210756,0.3429602794023422
1061,948,0,0,348771712,2876962712,2528191001,0.7645416849566686,55506,0.23964389038640233,0.23964389089701726,0.7081647360363093
1062,948,0,0,348771712,2437106239,2088334528,1.0402943118697152,54134,0.27575262669035167,0.2757526269130474,0.9051103333825572
1063,955,7,0,146401792,2467226623,2320824832,0.8880095089589517,569,6.847715157693418,6.847715197089238,1.2934286760550118
1064,956,1,0,292803584,3339098651,3046295068,0.4955914561507555,43011,0.6075819463112216,0.607581947191803,1.042447548444062
1065,956,0,0,292803584,3305956433,3013152850,0.5113732867740985,64823,0.015781830511095926,0.015781830623343727,0.09994003641104493
1066,957,1,0,585607168,3430024193,2844417026,0.5945141489762378,30933,1.0831408621853904,1.0831408622021383,1.5228488756916851
1067,957,0,0,585607168,3426682211,2841075044,0.596210206715508,65459,0.0016960575738423276,0.001696057739270554,0.01618617787233978
1068,957,0,0,585607168,3338722291,2753115124,0.641582207220381,63507,0.045372000082333615,0.0453720005048718,0.27991790957612134
1069,957,0,0,585607168,2205019931,1619412764,1.4071763921963907,38549,0.7655941847915175,0.765594184976011,1.0378145790503552
1070,957,0,0,585607168,2186264830,1600657663,1.4239823582738858,64777,0.016805965922635478,0.0168059660774938,0.11946521841553454
1071,957,0,0,585607168,2157175729,1571568562,1.4504419328018443,64345,0.026459573876566597,0.026459574527958333,0.14994730556581307
1072,957,0,0,585607168,2155808855,1570201688,1.4516972648655049,65479,0.0012553314127252556,0.0012553320636606664,0.01296087429892526
1073,957,0,0,585607168,2155425504,1569818337,1.4520495292364082,65520,0.0003522634716290214,0.0003522643709047953,0.004227909891679893
1074,957,0,0,585607168,2149988053,1564380886,1.457055331934228,65309,0.005005802328615196,0.005005802697819091,0.0375291095194447
1075,957,0,0,585607168,2149606124,1563998957,1.4574075954729686,65520,0.0003522634716290214,0.00035226353874005285,0.004227909891679893
1076,957,0,0,585607168,2149200423,1563593256,1.4577818788092891,65519,0.0003742827947452993,0.0003742833363209229,0.004463541174757649
1077,957,0,0,585607168,2148675535,1563068368,1.4582662633783912,65514,0.000484384451701118,0.0004843845691028641,0.005630173881020868
1078,957,0,0,585607168,2148198524,1562591357,1.4587066065187457,65516,0.0004403427806028656,0.00044034314035397865,0.005147395669702917
1079,957,0,0,585607168,2147507069,1561899902,1.459345148049568,65507,0.0006385408891551363,0.0006385415308232059,0.006874480119584336
1080,958,1,0,1171214336,4291963553,3120749218,0.46075471842161875,65472,0.0014095702546713536,0.001409570372049971,0.01410385549070608
1081,958,0,0,1171214336,4291058794,3119844459,0.4611730412284558,65517,0.000418322449221962,0.0004183228068366877,0.00492328406377429
1082,958,0,0,1171214336,4289963877,3118749542,0.4616794474289705,65513,0.0005064057914389884,0.0005064062005159653,0.005724733926613502
1083,958,0,0,1171214336,4288774168,3117559833,0.4622298971234997,65511,0.0005504494793435254,0.0005504496945272122,0.006116351545599367
1084,958,0,0,1171214336,4288060615,3116846280,0.4625601416922187,65521,0.00033024448458043404,0.0003302445687200703,0.0039922782726164955
1085,958,0,0,1171214336,4281354753,3110140418,0.4656674287514022,65395,0.003107286729684582,0.003107287059182779,0.02473766978225328
1086,958,0,0,1171214336,4279456473,3108242138,0.46654824919068005,65496,0.000880820004703256,0.0008808204392786541,0.009530587815830134
1087,958,0,0,1171214336,4278128488,3106914153,0.4671647670426289,65508,0.0006165175324262582,0.0006165178519501621,0.006948353279198081
1088,958,0,0,1171214336,4277322556,3106108221,0.4675390499716876,65519,0.0003742827947452993,0.00037428292905592576,0.004452022505596219
1089,958,0,0,1171214336,4038259905,2867045570,0.5830823104654606,60492,0.1155432602694797,0.1155432604937755,0.5883451615385591
1090,958,0,0,1171214336,3388694893,2217480558,0.9537256904163485,50688,0.37064337992039037,0.3706433799508873,1.4864976411367123
1091,961,3,0,726008760,3820790887,3094782128,0.47280929842163744,11433,2.5190836064666757,2.5190836080052876,2.8445039287634515
1092,961,0,0,726008760,3819090872,3093082113,0.47360201241021826,65500,0.0007927138004626774,0.000792713988581843,0.008084339268803174
1093,962,1,0,2014910876,3301681363,1286770488,1.7388923926508077,13632,2.2652903797741617,2.265290380240588,0.8137341958155291
1094,962,0,0,2014910876,3275822648,1260911773,1.7681798133360083,64219,0.029287420448740293,0.029287420685199825,0.19029557579322307
1095,962,0,0,2014910876,3275053048,1260142173,1.7690606339465447,65496,0.000880820004703256,0.000880820610537936,0.008843899265803166
1096,962,0,0,2014910876,3266246512,1251335637,1.7791783406107946,65078,0.010117706170575964,0.01011770666424893,0.06240775943815414
1097,962,0,1,1882338104,4287859783,2405521680,0.8362973441045014,62992,0.057119002840958936,0.057119003493706716,0.2523348558851539
1098,962,0,1,1882338104,4136670454,2254332351,0.9299469216334195,61417,0.09364957689004637,0.09364957752891824,0.39929812885558663
1099,962,0,1,1882338104,3308116631,1425778528,1.590897246539594,41449,0.6609503248198507,0.6609503249061748,1.9427389460930502
1100,962,0,2,1617192560,4118875189,2501682630,0.7797483689668709,57495,0.18885112159096354,0.18885112242727653,0.5433040940979215
1101,962,0,2,1617192560,3505097189,1887904630,1.1858612591218538,49457,0.4061128901523023,0.4061128901549842,1.24286633010016
1102,962,0,3,1086901472,3366352727,2279451256,0.9139605872076224,39564,0.7280993276084565,0.7280993280857684,0.9946707969824821
1103,962,0,4,26319296,3806460307,3780141012,0.18420709317622297,54341,0.27024650572308184,0.27024650596860195,1.0338242519353567
1104,962,0,4,26319296,2648238390,2621919095,0.7120239772515937,45456,0.5278168838104588,0.5278168840753713,1.6216560286550177
1105,962,0,4,26319296,2646398053,2620078758,0.7130369670493799,65490,0.00101298940069043,0.0010129897977835189,0.009801340879077396
1106,962,0,4,26319296,2645598468,2619279173,0.7134773100602665,65516,0.0004403427806028656,0.00044034301088658747,0.005086360513452917
1107,962,0,4,26319296,2453796698,2427477403,0.8231892801248115,60737,0.10971196963385227,0.10971197006454643,0.45239366241242657
1108,968,6,0,105277184,3787682171,3682404988,0.22199884413606696,24854,1.3988095627972232,1.3988095640112554,1.6011646609832169
1109,968,0,0,105277184,3487183179,3381905996,0.3448105870906346,60188,0.12281174253870354,0.12281174295456847,0.6015169631812723
1110,968,0,0,105277184,3486409122,3381131939,0.3451408316377993,65521,0.00033024448458043404,0.00033024454716200206,0.0039922782726164955
1111,968,0,0,105277184,3473356351,3368079168,0.3507210961074563,65283,0.00558026434097006,0.005580264469657412,0.043474099279297046
1112,969,1,0,210554368,3196476603,2985922236,0.5244705529451892,29050,1.1737494568207465,1.1737494568377327,1.854657752692208
1113,969,0,0,210554368,3048037048,2837482681,0.5980355592883058,62278,0.07356500609802086,0.07356500634311823,0.3821139200499923
1114,972,3,1,194449168,3774554271,3580105104,0.26264520355388754,5168,3.6646096453060752,3.6646096442655796,2.7074577314535966
1115,972,0,1,194449168,3744181064,3549731897,0.27493708068512035,64980,0.012291876783154302,0.01229187713123397,0.08492129628975455
1116,972,0,1,194449168,3742393631,3547944464,0.2756637187137869,65503,0.0007266376781842033,0.0007266380286667457,0.007551366044291256
1117,972,0,1,1942327203,3686036664,1743709462,1.3004874686569359,32209,1.024823750708913,1.0248237499431503,1.1181390384338123
1118,972,0,1,1942327203,3682710802,1740383600,1.3032418187768222,65411,0.0027543500024802443,0.0027543501198864814,0.022209097974002216
1119,972,0,1,1942327203,3682312459,1739985257,1.3035720639300195,65521,0.00033024448458043404,0.00033024515319776275,0.0039922782726164955
1120,972,0,1,1942327203,3681914207,1739587005,1.3039023092272402,65521,0.00033024448458043404,0.0003302452972209043,0.0039922782726164955
1121,972,0,2,1737170758,4172263417,2435092660,0.8186704753163632,45869,0.5147681651947715,0.5147681660891207,1.686648515353686
1122,972,0,2,1737170758,4171483129,2434312372,0.8191328388413943,65515,0.0004623634480924974,0.00046236352503142164,0.005289310559804943
1123,972,0,2,1737170758,4054700321,2317529564,0.8900594030360125,62392,0.07092656412318663,0.0709265641946177,0.2820949654571361
1124,972,0,3,1326857868,4098161529,2771303662,0.632082345097345,39184,0.7420229414360219,0.7420229420613323,2.2706357560710813
1125,972,0,3,1326857868,4000140870,2673283003,0.6840345716528908,63218,0.05195222639325787,0.05195222655554806,0.24952653663933622
1126,972,0,3,1326857868,3999488213,2672630346,0.6843868351336155,65520,0.0003522634716290214,0.0003522634807224057,0.004227909891679893
1127,972,0,3,1326857868,3998835715,2671977848,0.6847390987979658,65520,0.0003522634716290214,0.0003522636643500036,0.004227909891679893
1128,972,0,4,506232088,4188926653,3682694566,0.22188539753790337,45163,0.5371462986139798,0.5371462987399405,1.4546673268289037
1129,981,9,0,813532992,2575759871,1762226880,1.2852474683050943,980,6.063362060997429,6.063362070767191,1.6074153229827512
1130,984,3,1,362981952,2614811903,2251829952,0.931549260278139,5234,3.646301790951965,3.646301791973044,3.0578957939977127
1131,986,2,0,725963904,3483232371,2757268468,0.6394074003937504,40123,0.7078581400410104,0.707858140115612,0.9692517406323734
1132,986,0,0,725963904,2325647461,1599683558,1.4248605999357302,38022,0.785453199084994,0.7854531995419805,2.1965631148684
1133,992,6,0,1624226432,3305143935,1680917504,1.3533982242300162,1076,5.928537637443376,5.928537624294284,0.4705517374703511
1134,992,0,0,1624226432,3269158716,1644932285,1.3846189505671767,64133,0.03122072561084957,0.031220726337160186,0.19570975397273557
1135,996,4,0,502191888,3200908927,2698717040,0.6703734275969637,6720,3.2857544823338776,3.2857544770297866,2.5937794346491887
1136,996,0,0,502191888,3199508835,2697316948,0.6711220907206616,65502,0.0007486627160211863,0.0007486631236974879,0.007730107777817879
1137,996,0,0,502191888,3055086148,2552894261,0.750513362397232,62027,0.07939127129111954,0.07939127167657073,0.37857187945137494
1138,997,1,0,1004383776,4006574337,3002190562,0.5166315920641544,38535,0.7661182294906645,0.7661182296669249,1.094199305178551
1139,997,0,0,1004383776,3432806685,2428422910,0.8226274571097818,53011,0.3059958645704193,0.3059958650456274,1.0324213564087181
1140,997,0,0,1004383776,3432250863,2427867088,0.8229577016573089,65521,0.00033024448458043404,0.0003302445475243925,0.0039922782726164955
1141,997,0,0,1004383776,3235164484,2230780709,0.945098445783394,60216,0.12214074386967123,0.12214074412608636,0.5099226112526963
1142,997,0,0,1004383776,3230637295,2226253520,0.9480292535941857,65403,0.0029308075734053776,0.002930807810792859,0.028229301921380973
1143,997,0,0,1004383776,3215588614,2211204839,0.9578144679780856,65093,0.009785213899499923,0.009785214383897546,0.06865788310421012
1144,997,0,0,1004383776,3214070300,2209686525,0.9588054283903986,65491,0.0009909603271466795,0.000990960412315237,0.01049838816095218
1145,997,0,0,1004383776,3213530825,2209147050,0.9591576923522993,65520,0.0003522634716290214,0.0003522639618987589,0.004227909891679893
1146,997,0,0,1004383776,3212249886,2207866111,0.9599944588854399,65498,0.000836766229995985,0.0008367665331425485,0.008896626491425164
1147,997,0,0,1004383776,3211710856,2207327081,0.9603467224797768,65520,0.0003522634716290214,0.00035226359433740087,0.004227909891679893
1148,997,0,0,1004383776,3211171957,2206788182,0.9606989864658217,65520,0.0003522634716290214,0.000352263986044715,0.004227909891679893
1149,997,0,0,1004383776,3210532171,2206148396,0.9611173093125629,65517,0.000418322449221962,0.0004183228467405267,0.004934802732935719
1150,997,0,0,1004383776,3209926234,2205542459,0.9615136119272378,65518,0.0003963024539395264,0.00039630261467539567,0.004687653452683203
1151,997,0,0,1004383776,3209286809,2204903034,0.9619319348764499,65517,0.000418322449221962,0.0004183229492113296,0.004879723990344825
1152,997,0,0,1004383776,3208445705,2204061930,0.9624823845145407,65511,0.0005504494793435254,0.0005504496380899787,0.006231826955976417
1153,997,0,0,1004383776,3207672184,2203288409,0.9629887907842232,65513,0.0005064057914389884,0.0005064062696839586,0.005791725496522608
1154,997,0,0,1004383776,3207033413,2202649638,0.9634071133982012,65517,0.000418322449221962,0.00041832261397678396,0.004904285154810719
1155,997,0,0,1004383776,3206159559,2201775784,0.9639795852772828,65510,0.0005724718275307164,0.0005724718790813266,0.006308729272713119
1156,997,0,0,1004383776,3205622016,2201238241,0.9643318488039547,65520,0.0003522634716290214,0.00035226352667252196,0.004227909891679893
1157,997,0,0,1004383776,3204446427,2200062652,0.9651025375171294,65501,0.0007706880901105886,0.0007706887131727944,0.00807834153082843
1158,997,0,0,1004383776,3203372177,2198988402,0.9658071509255457,65504,0.0007046129765893727,0.0007046134084180611,0.007569841186638494
1159,997,0,0,1004383776,3202701098,2198317323,0.9662474943600969,65516,0.0004403427806028656,0.0004403434345521101,0.005147395669702917
1160,997,0,0,1004383776,3201929593,2197545818,0.9667539006849744,65513,0.0005064057914389884,0.0005064063248775454,0.005781730653504212
1161,997,0,0,1004383776,3019851440,2015467665,1.0915325084056704,60106,0.12477860724810444,0.12477860772069557,0.6100618573236324
1162,997,0,3,1788125936,4154430623,2366304688,0.8600112973717415,9618,2.7684787891242957,2.76847878896607,2.4556236854140554
1163,1001,4,0,2134960794,3964066367,1829105574,1.2315087977228742,25329,1.3714975005071097,1.3714975003511327,1.0624329457256105
1164,1001,0,0,2134960794,3910479289,1775518496,1.2744067566779513,63616,0.04289795843771383,0.042897958955078745,0.27347051965357916
1165,1003,2,1,810337768,3059862479,2249524712,0.9330269303819421,10379,2.6586201714117252,2.6586201737039907,0.8331089105437363
1166,1003,0,1,810337768,2977585398,2167247631,0.986783139972669,63139,0.05375620912600011,0.05375620959072529,0.2795689898359651
1167,1005,2,0,1620675536,3717881807,2097206272,1.0341783804512943,31709,1.0473952402585505,1.0473952404786244,1.2216348601225617
1168,1005,0,1,1093867424,3326949211,2233081788,0.9436110542885707,34891,0.9094326736959537,0.9094326738372783,2.01389660127199
1169,1005,0,1,1093867424,3326233654,2232366231,0.9440734179930956,65515,0.0004623634480924974,0.000462363704522786,0.005289310559804943
1170,1005,0,1,1093867424,3325484263,2231616840,0.9445578027554689,65514,0.000484384451701118,0.00048438476237360395,0.0054891046595572975
1171,1005,0,2,40251200,2214865373,2174614174,0.9818876892515789,31931,1.0373298851920951,1.0373298864961091,1.3257663914181383
1172,1008,3,0,80502400,4072692653,3992190254,0.1054666698370994,60156,0.1235789804964997,0.12357898058552115,0.6342804552647381
1173,1009,1,0,463001696,3196789449,2733787754,0.6517459067778759,22439,1.5462792371592573,1.5462792369407774,1.4203400259056944
1174,1011,2,0,1128553128,3863008307,2734455180,0.6513937306961743,16388,1.999647822519699,1.9996478239182993,1.0361267290119978
1175,1011,0,0,1128553128,3620338761,2491785634,0.7854671860256737,59720,0.13407345497809636,0.13407345532949905,0.6074484566783283
1176,1011,0,1,109622608,3030672459,2921049852,0.5561601659296826,38413,0.7706929797758018,0.7706929799040085,1.360667966017126
1177,1011,0,1,109622608,3000408285,2890785678,0.5711854942199857,64857,0.015025327850482615,0.015025328290303449,0.0858817708982881
1178,1011,0,1,109622608,2999702526,2890079919,0.5715377580798986,65520,0.0003522634716290214,0.0003522638599139201,0.004227909891679893
1179,1011,0,1,109622608,2965393410,2855770803,0.5887669490850875,64758,0.01722919062597389,0.017229191005187022,0.09697806702858547
1180,1011,0,2,830097318,2859326059,2029228742,1.08171564595186,23284,1.4929486977520838,1.4929486968667718,1.5653537038965417
1181,1011,0,2,830097318,2210855942,1380758625,1.6371860066867008,44593,0.5554703600332442,0.5554703607348429,1.7671308091318614
1182,1011,0,4,360173824,2397517559,2037343736,1.075957736948947,24175,1.438771730748434,1.4387717302622463,0.9587957353337114
1183,1011,0,4,360173824,2397051248,2036877425,1.0762879814514257,65521,0.00033024448458043404,0.00033024450247790986,0.0039922782726164955
1184,1017,6,0,1948004680,3427301827,1479297148,1.5377352687714705,11899,2.4614472868889052,2.4614472873200444,2.206164674428396
1185,1018,1,1,950666836,2245864443,1295197608,1.7294749196597294,14345,2.191739652343973,2.1917396508882603,1.6063537634357221
1186,1018,0,3,632440188,2487962543,1855522356,1.2108217627653985,23472,1.48134684432661,1.4813468431056698,1.0300372156462145
1187,1018,0,5,1055113036,2640302639,1585189604,1.4379917350554798,13997,2.2271699753454755,2.227169972290078,2.195430816838341
1188,1018,0,5,1055113036,2241392926,1186279891,1.8562027063507784,49044,0.4182109712581851,0.4182109712952991,1.351292889614826
1189,1018,0,5,1055113036,2241067104,1185954069,1.8565990094089884,65518,0.0003963024539395264,0.00039630305820958643,0.004699172121844633
1190,1018,0,5,1055113036,2240795660,1185682625,1.8569292546909715,65521,0.00033024448458043404,0.0003302452819859251,0.0039922782726164955
1191,1018,0,5,1055113036,2240524278,1185411243,1.8572595001296541,65521,0.00033024448458043404,0.0003302454386813589,0.0039922782726164955
1192,1024,6,0,2110226072,3597886793,1487660722,1.529601605118188,41123,0.6723421047697357,0.6723421049885326,1.7020888309476705
1193,1024,0,1,2072968496,3339622979,1266654484,1.761624103934441,27900,1.2320224983960877,1.2320224988162538,1.8057292124628197
1194,1024,0,2,1998453344,4033844329,2035390986,1.0773411921206097,52655,0.3157170876286954,0.31571708818616967,0.9856574491032118
1195,1024,0,3,1849423040,4060848511,2211425472,0.9576705237128671,35602,0.8803293312522896,0.8803293315922579,1.4207073679425797
1196,1024,0,3,1849423040,4048397094,2198974055,0.9658165636233385,65167,0.008146039256314585,0.008146039910468923,0.06016042949107322
1197,1024,0,3,1849423040,4047625359,2198202320,0.9663229696320386,65513,0.0005064057914389884,0.000506406008702429,0.005686139489769922
1198,1024,0,3,1849423040,4047122230,2197699191,0.9666532143905187,65521,0.00033024448458043404,0.0003302447584781083,0.0039922782726164955
1199,1024,0,3,1849423040,3674355747,1824932708,1.2348038785276891,54420,0.26815066386295905,0.26815066413717037,0.8448778694600518
1200,1024,0,3,1849423040,3667867567,1818444528,1.2399422292386042,65303,0.005138350184117335,0.005138350710914615,0.04600222918150226
1201,1024,0,3,1849423040,3666119489,1816696450,1.2413297647819839,65473,0.0013875351247936642,0.0013875355433798377,0.014205933175055242
1202,1024,0,3,1849423040,3665287871,1815864832,1.2419903296519657,65506,0.0006605645820851047,0.0006605648699827789,0.007419607444845779
1203,1024,0,3,1849423040,3664816836,1815393797,1.2423646130241117,65519,0.0003742827947452993,0.00037428337214516467,0.004452022505596219
1204,1024,0,3,1849423040,3664068916,1814645877,1.2429591081741087,65509,0.0005944945118882062,0.0005944951499999271,0.0066822081141758825
1205,1024,0,3,1849423040,3663515130,1814092091,1.2433994509760211,65516,0.0004403427806028656,0.00044034280191167425,0.005170433008025777
1206,1024,0,3,1849423040,3662961513,1813538474,1.2438397937795926,65516,0.0004403427806028656,0.0004403428035689922,0.005115354265434883
1207,1024,0,3,1849423040,3662297375,1812874336,1.2443682215455283,65512,0.0005284274673163702,0.000528427765937668,0.0060273544275572695
1208,1024,0,3,1849423040,3661578156,1812155117,1.244940693417373,65510,0.0005724718275307164,0.0005724718718460801,0.006444417876629747
1209,1024,0,3,1849423040,3660803919,1811380880,1.2455572115909455,65508,0.0006165175324262582,0.0006165181735719255,0.006768466113388147
1210,1024,0,3,1849423040,3660334047,1810911008,1.2459314950716909,65519,0.0003742827947452993,0.0003742834807433856,0.004463541174757649
1211,1024,0,3,1849423040,3659366916,1809943877,1.2467021833069758,65501,0.0007706880901105886,0.0007706882352844403,0.008220270382691897
1212,1024,0,3,1849423040,3658648859,1809225820,1.2472746556546674,65510,0.0005724718275307164,0.0005724723476919623,0.006420101042470913
1213,1024,0,3,1849423040,3658124333,1808701294,1.2476929786559197,65517,0.000418322449221962,0.0004183230012516651,0.00492328406377429
1214,1024,0,3,1849423040,3657655156,1808232117,1.2480672622039286,65519,0.0003742827947452993,0.00037428354801180916,0.004463541174757649
1215,1024,0,3,1849423040,3656523907,1807100868,1.2489701098156694,65495,0.0009028473965228007,0.0009028476117390214,0.009250940050095777
1216,1024,0,3,1849423040,3655503662,1806080623,1.2497848502015465,65499,0.0008147398470877202,0.0008147403858771711,0.008753193488069574
1217,1024,0,3,1849423040,3654924931,1805501892,1.2502472139146192,65515,0.0004623634480924974,0.0004623637130745106,0.00536402669982325
1218,1024,0,3,1849423040,3654070888,1804647849,1.2509298025672742,65505,0.0006825886112264284,0.0006825886526520732,0.007345733613122265
1219,1024,0,3,1849423040,3493201247,1643778208,1.38563149407722,59694,0.13470169072358434,0.13470169150994651,0.6388673209205525
1220,1024,0,4,1551362432,3494620493,1943258062,1.144169644449324,38738,0.7585381493324412,0.7585381503721059,2.1459839731609898
1221,1024,0,6,2089357648,4125959463,2036601816,1.0764832050991266,17171,1.932313559384794,1.9323135606498014,2.8371760341202
1222,1024,0,7,2031231648,3787527243,1756295596,1.290111465722628,28258,1.213628259951669,1.213628260623503,2.092434792641076
1223,1024,0,7,2031231648,3786991264,1755759617,1.2905518086013288,65516,0.0004403427806028656,0.0004403428787004193,0.005158914338864347
1224,1024,0,7,2031231648,3786482239,1755250592,1.2909701314227497,65517,0.000418322449221962,0.0004183228214211515,0.004904285154810719
1225,1024,0,7,2031231648,3704419131,1673187484,1.360048034718499,62472,0.0690779028747316,0.069077903295749,0.2990457814479445
1226,1024,0,7,2031231648,3703525552,1672293905,1.3608187232220068,65501,0.0007706880901105886,0.0007706885035072346,0.00790774802722137
1227,1024,0,7,2031231648,3252254224,1221022577,1.8145572696648316,47851,0.45373854568771543,0.45373854644282274,1.1340824068549857
1228,1024,0,8,1914979648,4088808231,2173828584,0.9824089640492808,58338,0.16785169323984714,0.16785169438445138,0.7208580066733182
1229,1038,14,0,595832640,2818487487,2222654848,0.950363213726007,1047,5.967954273069192,5.967954249676726,2.331058587178048
1230,1038,0,0,595832640,2817877016,2222044377,0.9507595165781275,65518,0.0003963024539395264,0.0003963028521214035,0.004699172121844633
1231,1038,0,0,595832640,2815707050,2219874411,0.9521690873449771,65472,0.0014095702546713536,0.0014095707668479542,0.013508287636576839
1232,1038,0,0,595832640,2815131215,2219298576,0.9525433707108029,65519,0.0003742827947452993,0.00037428336582636854,0.004463541174757649
1233,1039,1,0,1191665280,3880654883,2688989604,0.6755829684476673,39703,0.7230395974248556,0.7230395977368645,1.861636419540297
1234,1039,0,0,1191665280,3712305817,2520640538,0.7688567521412466,61433,0.09327378330787724,0.09327378369357939,0.39400539252174827
1235,1039,0,0,1191665280,3586227635,2394562356,0.842885141210072,62258,0.07402838859088778,0.0740283890688258,0.3188634143396991
1236,1041,2,0,471693824,3072477335,2600783512,0.7237008309937316,17795,1.8808156876028521,1.8808156897836588,2.9782011454880974
1237,1041,0,1,2045613476,3972231485,1926618010,1.1565765887588242,24274,1.432875757339857,1.4328757577650915,0.9981305691917542
1238,1041,0,1,2045613476,3317629384,1272015909,1.7555304316085483,43269,0.5989538417686755,0.5989538428497255,1.2929585261659307
1239,1041,0,1,2045613476,3228850685,1183237210,1.859907818418172,60962,0.10437738588128578,0.10437738680962334,0.5420865420199146
1240,1041,0,2,1943743304,3950061229,2006317926,1.0980969089965207,55562,0.23818908919909682,0.2381890905783499,0.8717410102270992
1241,1041,0,2,1943743304,3933866432,1990123129,1.1097894528818237,65007,0.011692543516532192,0.011692543885301082,0.07255723235647363
1242,1041,0,2,1943743304,3916952085,1973208782,1.1221035326688096,64979,0.012314079093743295,0.012314079786986808,0.08696228902041686
1243,1044,3,0,1752402508,3436988557,1684586050,1.3502530216576432,27975,1.2281494892488813,1.2281494889888327,1.2001320250383554
1244,1044,0,0,1752402508,3394215864,1641813357,1.3873570166052787,63872,0.03710399466273947,0.037103994947637074,0.20472938671876306
1245,1044,0,2,567159088,3656982879,3089823792,0.47512258026478804,30834,1.0877655624736886,1.0877655636595083,2.676750040424195
1246,1044,0,2,567159088,3177073876,2609914789,0.7186444409403911,55357,0.24352186032269763,0.2435218606756044,0.6732141839012232
1247,1044,0,2,567159088,3165086810,2597927723,0.7252858519176897,65235,0.006641410927413218,0.006641410977297203,0.047332875265128097
1248,1049,5,1,567830768,2747781343,2179950576,0.9783517195289662,3437,4.253065863627703,4.253065867611277,0.7585228245559191
1249,1049,0,3,783123816,2885238023,2102114208,1.0308060928700513,15799,2.05245437475056,2.0524543733410843,1.8016347102174803
1250,1049,0,3,783123816,2834847071,2051723256,1.0658109979741468,63965,0.03500490500212202,0.03500490510409436,0.17141973746077252
1251,1056,7,0,907003008,3354945279,2447942272,0.8110776095850234,4887,3.745266610753326,3.7452666116108766,1.848727813069328
1252,1058,2,0,2093840736,3241761907,1147921172,1.9036235707852818,7683,3.0925459616813753,3.0925459612002606,2.5216505521685977
1253,1062,4,1,20395968,2234404095,2214008128,0.9559866275059399,3950,4.0523630620481725,4.052363056720658,1.2670088909296915
1254,1062,0,1,20395968,2175993144,2155597177,0.994559543545666,63807,0.03857291571881099,0.038572916039724806,0.18042226803226244
1255,1064,2,0,40791936,2485310705,2444518770,0.8130966630313807,37160,0.8185371187299848,0.8185371194857147,1.430092738513201
1256,1065,1,0,81583872,3536794177,3455210306,0.3138736211630331,46316,0.5007769575670113,0.5007769581316512,1.6644740778470775
1257,1065,0,0,81583872,3265695980,3184112109,0.43175601357093996,60394,0.1178823920958262,0.11788239240790763,0.48310644614704873
1258,1065,0,0,81583872,3036079985,2954496114,0.5397350446533764,60810,0.10797903092458255,0.1079790310824382,0.5270714471557281
1259,1066,1,0,163167744,2731220669,2568052926,0.741972210184791,28482,1.2022371648494117,1.2022371655314132,1.8473482723590477
1260,1067,1,0,326335488,2334272621,2007937134,1.0969330449950832,25621,1.354960834588088,1.3549608348102937,2.390337654786076
1261,1067,0,0,326335488,2331392584,2005057097,1.0990038258493122,65442,0.002070780697928415,0.0020707808542272214,0.01913132013216687
1262,1068,1,0,652670976,3105696303,2453025328,0.8080850159130257,40089,0.7090811898173021,0.7090811900637138,1.200153689837097
1263,1068,0,0,652670976,3103450491,2450779516,0.8094064478071417,65476,0.0013214317544216249,0.001321431894115283,0.013872389169450203
1264,1068,0,0,652670976,3099075167,2446404192,0.8119843620913514,65419,0.002577914011629573,0.002577914284209806,0.022847060744190146
1265,1068,0,0,652670976,3097917962,2445246987,0.8126669512150819,65505,0.0006825886112264284,0.0006825891237310294,0.0074750373162090576
1266,1068,0,0,652670976,3097320977,2444650002,0.8130192152015034,65520,0.0003522634716290214,0.00035226398641992785,0.004227909891679893
1267,1068,0,0,652670976,3096313812,2443642837,0.813613709851996,65509,0.0005944945118882062,0.0005944946504944675,0.006693726783337312
1268,1068,0,0,652670976,3095605358,2442934383,0.8140320325484964,65517,0.000418322449221962,0.00041832269649839097,0.004934802732935719
1269,1068,0,0,652670976,3094934386,2442263411,0.8144283350213435,65518,0.0003963024539395264,0.0003963024728502224,0.004687653452683203
1270,1068,0,0,652670976,3094189066,2441518091,0.8148686780120293,65516,0.0004403427806028656,0.0004403429906857016,0.005139915429900777
1271,1068,0,0,652670976,3093443973,2440772998,0.8153090212709024,65516,0.0004403427806028656,0.00044034325887208023,0.005147395669702917
1272,1068,0,0,652670976,3092587378,2439916403,0.8158154273417288,65513,0.0005064057914389884,0.0005064060708250564,0.005760569429933765
1273,1068,0,0,652670976,3091880004,2439209029,0.8162337502494807,65517,0.000418322449221962,0.0004183229077533781,0.00492328406377429
1274,1068,0,0,652670976,3090949519,2438278544,0.8167842000830561,65511,0.0005504494793435254,0.0005504498335732461,0.006176748213385524
1275,1068,0,0,652670976,3090168210,2437497235,0.817246563686485,65515,0.0004623634480924974,0.00046236360343093573,0.005350984204518786
1276,1068,0,0,652670976,3089461538,2436790563,0.8176648862145477,65517,0.000418322449221962,0.0004183225280609634,0.004904285154810719
1277,1068,0,0,652670976,3088792253,2436121278,0.818061188954271,65518,0.0003963024539395264,0.00039630273972490244,0.004699172121844633
1278,1068,0,0,652670976,3087416879,2434745904,0.8188759290109218,65499,0.0008147398470877202,0.0008147400566518258,0.008493866309951331
1279,1068,0,0,652670976,3086339492,2433668517,0.8195144699291674,65507,0.0006385408891551363,0.0006385409182455113,0.0070040933642381556
1280,1068,0,0,652670976,3085633930,2432962955,0.8199327924635256,65517,0.000418322449221962,0.0004183225343559198,0.004904285154810719
1281,1068,0,0,652670976,3084705828,2432034853,0.8204832421130099,65511,0.0005504494793435254,0.0005504496494861911,0.0062529881795468645
1282,1068,0,0,652670976,2958643474,2305972499,0.8972718384849827,62139,0.07678859602731831,0.0767885963719727,0.41835035089776956
1283,1069,1,0,1305341952,3423630469,2118288518,1.0197480433975414,30101,1.1224762041939325,1.1224762049125565,2.459440855133474
1284,1069,0,1,463200256,2503397569,2040197314,1.0739384594231076,31560,1.0541904150991792,1.0541904160255675,2.2014615106465887
1285,1071,2,0,926400512,2275739993,1349339482,1.6703937826186568,21672,1.5964553217979855,1.5964553231955496,2.9248583148327834
1286,1071,0,0,926400512,2197109507,1270708996,1.7570134682251322,61717,0.08661968476213684,0.08661968560647468,0.3303701921572608
1287,1072,1,0,1852801024,3745175543,1892374520,1.182449505182106,48799,0.4254360363882661,0.4254360369569747,1.3235411983061702
1288,1072,0,0,1852801024,3655748603,1802947580,1.252289694431191,62439,0.06984018862149471,0.06984018924908277,0.28944653537556847
1289,1073,1,2,647075600,2346582583,1699506984,1.3375308554719219,7722,3.085241161058142,3.085241161040733,2.83107556806781
1290,1073,0,2,647075600,2268940921,1621865322,1.4049931213720548,62542,0.06746226521148516,0.06746226590013117,0.3111874523105516
1291,1076,3,1,440818752,3795023131,3354204380,0.35667654744271005,33884,0.9516834258415258,0.9516834260706547,1.5139713436325422
1292,1080,4,0,34035288,3022192463,2988157176,0.5233911106469726,7298,3.1667145644155186,3.1667145632042644,2.1393745900663137
1293,1080,0,0,34035288,3014851561,2980816274,0.5269396900934353,65375,0.0035485790909715823,0.003548579446463259,0.028042546537222653
1294,1080,0,0,34035288,2973052089,2939016802,0.5473135392896218,64617,0.020373848887694942,0.02037384919618572,0.10962821515528155
1295,1086,6,0,807227264,4087790015,3280562752,0.3887038281581141,1143,5.8413903117855215,5.841390288868491,0.7880330367084112
1296,1086,0,0,807227264,3757861592,2950634329,0.5416220068184003,58945,0.1529181784267972,0.1529181786602871,0.5747820545349959
1297,1086,0,0,807227264,3722068222,2914840959,0.5592299774838523,64741,0.017607970629464235,0.017607970665450966,0.10554665460494786
1298,1086,0,0,807227264,3721356590,2914129327,0.5595822414042573,65520,0.0003522634716290214,0.00035226392040617766,0.004227909891679893
1299,1086,0,0,807227264,3720556200,2913328937,0.5599785440936031,65518,0.0003963024539395264,0.0003963026893463135,0.004699172121844633
1300,1086,0,0,807227264,3585060798,2777833535,0.6286869993314816,62488,0.06870845471883583,0.06870845523787869,0.31489587851687956
1301,1086,0,0,807227264,3511181344,2703954081,0.6675764942738525,63793,0.03888949456917921,0.03888949494236965,0.22120127182787336
1302,1089,3,0,696020256,2297202047,1601181792,1.4235100308343185,4851,3.755933535805182,3.7559335365604674,1.7231839221894008
1303,1090,1,0,1392040512,4085288093,2693247582,0.6733002875422827,55117,0.24979025568317664,0.24979025670796162,1.0465449717127653
1304,1090,0,1,636597376,3711213021,3074615646,0.4822410738601839,37408,0.8089407854683437,0.8089407863179027,1.4521718075462133
1305,1090,0,1,636597376,3710509297,3073911922,0.48257131849783264,65521,0.00033024448458043404,0.00033024463765004035,0.0039922782726164955
1306,1092,2,1,293185804,2879857167,2586671364,0.7315503744204221,13787,2.2489790545323878,2.248979055922589,1.958605985933884
1307,1092,0,1,293185804,2877923162,2584737359,0.7326294535271352,65487,0.0010790786396167112,0.001079079106714002,0.010642378311223206
1308,1095,3,0,953546188,2911188147,1957641960,1.1335302164989436,12409,2.400900762288512,2.4009007629718058,0.7129610234174842
1309,1096,1,0,1907092376,4195289539,2288197164,0.9084357777829766,38301,0.7749055605142326,0.7749055612840329,1.2305396300544886
1310,1098,2,0,908360144,2219352987,1310992844,1.7119873353235526,9387,2.803551556037922,2.8035515575405765,1.6090467783274736
1311,1099,1,0,1816720288,3869827579,2053107292,1.0648381237344289,51317,0.3528507877398389,0.3528507884108756,1.0015975472707868
1312,1099,0,0,1816720288,3841663768,2024943481,1.0847655050875638,64637,0.019927380677069992,0.019927381353134675,0.14509426469797182
1313,1099,0,1,1485956928,3548287211,2062330284,1.0583717459309128,33373,0.9736062398762427,0.9736062408433489,1.0355653312859907
1314,1099,0,1,1485956928,3379174617,1893217690,1.181806838391676,60162,0.12343509229602248,0.12343509246076388,0.6238232772079031
1315,1099,0,2,824430208,3498380643,2673950436,0.6836744219436213,46281,0.5018675831560873,0.5018675835519474,1.1305854484232283
1316,1099,0,2,824430208,3479163256,2654733049,0.6940803502373569,65065,0.010405928135551967,0.010405928293735357,0.06859989983402245
1317,1099,0,2,824430208,3476408711,2651978504,0.695578064491702,65468,0.0014977141398913162,0.001497714254344048,0.01463102569443503
1318,1099,0,2,824430208,3461557696,2637127489,0.7036798276356464,65169,0.008101763076563719,0.008101763143945848,0.053765637335919624
1319,1099,0,2,824430208,3460833387,2636403180,0.7040761302550997,65518,0.0003963024539395264,0.0003963026194518953,0.004699172121844633
1320,1099,0,2,824430208,3460109277,2635679070,0.7044724328403369,65518,0.0003963024539395264,0.0003963025852364697,0.004699172121844633
1321,1099,0,2,824430208,2283030190,1458599983,1.5580628636279314,36268,0.8535904304122167,0.8535904307875949,1.159059905977067
1322,1099,0,2,824430208,2282228957,1457798750,1.558855577526547,65500,0.0007927138004626774,0.0007927138986172073,0.008745603240923133
1323,1099,0,2,824430208,2280249219,1455819012,1.560816135751903,65447,0.0019605579105596736,0.0019605582253535117,0.018687592093981978
1324,1099,0,2,824430208,2279582797,1455152590,1.5614767012693918,65506,0.0006605645820851047,0.0006605655174893842,0.007381609626918639
1325,1099,0,2,824430208,2279116515,1454686308,1.5619390655159329,65515,0.0004623634480924974,0.0004623642465402035,0.00532199045253682
1326,1099,0,2,824430208,2278428415,1453998208,1.5626216548243939,65505,0.0006825886112264284,0.0006825893084615122,0.007517606612565299
1327,1099,0,2,824430208,2277052867,1452622660,1.5639871555321747,65474,0.0013655003314663333,0.0013655007077830474,0.013872306512753117
1328,1099,0,2,824430208,2276543065,1452112858,1.5644935622740164,65513,0.0005064057914389884,0.0005064067418388397,0.005724733926613502
1329,1099,0,2,824430208,2275944812,1451514605,1.5650880577177375,65509,0.0005944945118882062,0.0005944954437221838,0.006722720535319278
1330,1099,0,2,824430208,2275258212,1450828005,1.565770647312874,65505,0.0006825886112264284,0.0006825895951359284,0.007548720809606738
1331,1099,0,2,824430208,2274439110,1450008903,1.5665853876531735,65499,0.0008147398470877202,0.0008147403402996754,0.008538072322330833
1332,1099,0,2,824430208,2273974477,1449544270,1.567047751121386,65515,0.0004623634480924974,0.00046236346821486204,0.005375545368984679
1333,1099,0,2,824430208,2272735852,1448305645,1.5682810505028328,65480,0.0012332986384842029,0.0012332993814444357,0.012100530272929524
1334,1099,0,2,824430208,2272050770,1447620563,1.5689636400106082,65505,0.0006825886112264284,0.0006825895077778488,0.007418573638388159
1335,1099,0,2,824430208,2271653169,1447222962,1.56935994260148,65518,0.0003963024539395264,0.0003963025908693203,0.004699172121844633
1336,1099,0,2,824430208,2271277760,1446847553,1.569734225607256,65519,0.0003742827947452993,0.00037428300577722987,0.004463541174757649
1337,1099,0,2,824430208,2270350520,1445920313,1.5706591007838995,65494,0.0009248751246666447,0.0009248751766439967,0.009426528303885537
1338,1099,0,2,824430208,2269313559,1444883352,1.571694119920327,65489,0.0010350188106098368,0.0010350191364248734,0.010805122437155253
1339,1099,0,2,824430208,2268762379,1444332172,1.572244570141624,65511,0.0005504494793435254,0.0005504502212994001,0.006233989270583294
1340,1099,0,2,824430208,2267616363,1443186156,1.5733897415303275,65484,0.001145170906201281,0.0011451713887030176,0.011478330705057842
1341,1099,0,2,824430208,2210735414,1386305207,1.631402231863575,62953,0.0580124898137338,0.05801249033324625,0.31883626821863864
1342,1102,3,1,1150237184,4166618671,3016381488,0.5098282452450178,35649,0.878426012653068,0.8784260133814451,1.873231524049917
1343,1107,5,0,2028722064,4226939519,2198217456,0.9663130358071328,2985,4.4564847838478325,4.456484790562112,1.8929236134606244
1344,1108,1,0,1869459676,3386235087,1516775412,1.5016396635802671,22610,1.5353266283611087,1.535326627773136,1.7648373554503376
1345,1108,0,0,1869459676,3368992690,1499533015,1.5181338598508098,64791,0.01649419556805643,0.016494196270544072,0.1154753324813313
1346,1108,0,0,1869459676,3319066221,1449606546,1.5669857707125843,63354,0.04885191035070095,0.048851910861771916,0.27649914683462745
1347,1108,0,1,1591435704,4102411885,2510976182,0.7743988021010431,56760,0.20741303105208628,0.20741303138845926,0.6556130255636667
1348,1108,0,1,1591435704,4074365703,2482930000,0.7906035571032568,64804,0.016204754839718692,0.016204755002215642,0.09491349921196635
1349,1108,0,1,1591435704,4073266994,2481831291,0.791242098196637,65507,0.0006385408891551363,0.0006385410933774528,0.007047343896100592
1350,1114,6,0,952860160,2512487519,1559627360,1.4614457772465386,1287,5.670203661779298,5.670203679049903,3.0407825340399173
1351,1114,0,0,952860160,2193665379,1240805220,1.7913704851748484,52139,0.3299247074826411,0.32992470792830814,1.2403815633327309
1352,1114,0,0,952860160,2191506995,1238646836,1.793882242296469,65422,0.0025117560775962753,0.002511757121620583,0.022651968159496806
1353,1115,1,0,1905720320,4106767925,2201047606,0.9644567966964139,58228,0.1705745541359067,0.1705745543999463,0.7255285074638383
1354,1115,0,0,1905720320,4106163389,2200443070,0.9648530992942952,65518,0.0003963024539395264,0.0003963025978806635,0.004699172121844633
1355,1115,0,0,1905720320,4105559019,2199838700,0.9652494019189533,65518,0.0003963024539395264,0.00039630262465889353,0.004699172121844633
1356,1115,0,0,1905720320,3999856930,2094136611,1.0362915864653743,62387,0.07104218414271404,0.07104218454642079,0.28212756557252955
1357,1115,0,0,1905720320,3998834402,2093114083,1.0369961996886552,65504,0.0007046129765893727,0.0007046132232817304,0.007607108720067583
1358,1115,0,0,1905720320,3998131757,2092411438,1.0374805844864277,65514,0.000484384451701118,0.00048438479777133676,0.005575095138429974
1359,1115,0,0,1905720320,3997620914,2091900595,1.0378328482089323,65520,0.0003522634716290214,0.00035226372250543174,0.004227909891679893
1360,1115,0,0,1905720320,3996056840,2090336521,1.0389119271066605,65487,0.0010790786396167112,0.0010790788977262118,0.011058105735811776
1361,1115,0,0,1905720320,3995546503,2089826184,1.0392641912239675,65520,0.0003522634716290214,0.0003522641173078514,0.004227909891679893
1362,1115,0,0,1905720320,3558901148,1653180829,1.3774026072073973,51843,0.33813841534735023,0.3381384159834297,0.7609559521042484
1363,1115,0,0,1905720320,3315525161,1409804842,1.6071516805283146,55888,0.22974907260513536,0.22974907332091637,1.032621332501013
1364,1116,1,0,930924758,2320465375,1389540618,1.6280391390890117,32297,1.020887458197907,1.0208874585607,1.0472622291904323
1365,1117,1,0,1861849516,3644657945,1782808430,1.2684954581587213,42042,0.6404563183852462,0.6404563190697099,1.9220562434234219
1366,1117,0,0,1861849516,3567617639,1705768124,1.332225600817928,62704,0.0637301423977904,0.06373014265920414,0.2741344863589269
1367,1118,1,2,12871840,3656369231,3643497392,0.23732318799343588,17498,1.9050975872485907,1.9050975871755074,1.47846574706676
1368,1122,4,1,1034125632,3653778911,2619653280,0.7132712671996551,5890,3.475948081282177,3.4759480792062214,2.550822039781528
1369,1122,0,1,1034125632,2984075678,1949950047,1.139209979920114,48782,0.4259387124408427,0.4259387127204587,0.9171084613367989
1370,1122,0,1,1034125632,2714237772,1680112141,1.354089615470901,56467,0.21487963513971897,0.2148796355507857,0.6423163115457778
1371,1130,8,0,2141181952,3381577215,1240395264,1.7918472233484692,378,7.437757575778927,7.437757607877567,0.878655300677508
1372,1130,0,1,2134880256,3623672543,1488792288,1.5285046586992088,39330,0.736657434169727,0.7366574353507408,1.721750539256284
1373,1130,0,1,2134880256,3257994298,1123114043,1.9351427170134556,49439,0.40663805822831667,0.40663805831424593,0.8077611155962774
1374,1130,0,1,2134880256,3249271381,1114391126,1.9463914712307506,65027,0.011248753414784887,0.011248754217294606,0.07614155486947513
1375,1130,0,2,2122276864,3681975525,1559698662,1.4613798225876806,45862,0.5149883495447912,0.5149883513569318,1.3952184063924622
1376,1130,0,2,2122276864,3681499542,1559222679,1.4618201660551158,65516,0.0004403427806028656,0.00044034346743634906,0.005086360513452917
1377,1130,0,2,2122276864,3681142664,1558865801,1.462150410771617,65521,0.00033024448458043404,0.00033024471650056997,0.0039922782726164955
1378,1134,4,1,1053459656,2957704047,1904244392,1.1734284990380033,10007,2.7112780872173516,2.7112780882663863,3.104187775562024
1379,1134,0,1,1053459656,2232251322,1178791667,1.8653383789633367,40569,0.6919098789815804,0.6919098799253336,1.7162369424642034
1380,1134,0,1,1053459656,2230218798,1176759143,1.8678280837156862,65423,0.002489704107082812,0.002489704752347615,0.02082705953955829
1381,1134,0,1,1053459656,2220594425,1167134770,1.879675986181315,65000,0.011847902309458449,0.011847902465630698,0.08557609192429302
1382,1136,2,0,2106919312,3472874463,1365955152,1.6527370291861416,38350,0.7730610427223419,0.7730610430048236,1.6818149253356633
1383,1136,0,0,2106919312,3455658292,1348738981,1.6710359728595527,64710,0.018298943231027483,0.018298943673412178,0.11625880765245404
1384,1136,0,1,2066354976,3822580403,1756225428,1.290169105819274,42668,0.6191331325434676,0.6191331329597204,1.2497356591729807
1385,1136,0,1,2066354976,3283032020,1216677045,1.8197008764083975,45402,0.5295317694865894,0.5295317705891267,1.7122439566142813
1386,1143,7,0,1018249344,4088457791,3070208448,0.48431053710007177,2584,4.664609645306075,4.6646096606916725,1.6717832444993226
1387,1143,0,0,1018249344,4087473990,3069224647,0.4847729005835113,65515,0.0004623634480924974,0.0004623634834382584,0.005375545368984679
1388,1143,0,0,1018249344,3235962720,2217713377,0.9535742260962046,47354,0.4688013249273797,0.4688013255126964,1.1489286981667808
1389,1143,0,0,1018249344,3234812172,2216562829,0.954322889397293,65502,0.0007486627160211863,0.0007486633010853988,0.0079488096449125
1390,1143,0,0,1018249344,3131249010,2112999667,1.0233546061036343,62474,0.06903171668098353,0.06903171670634152,0.3262007657206057
1391,1143,0,0,1018249344,2856161834,1837912491,1.2245790691614609,57004,0.2012244629680921,0.20122446305782823,0.5624926916044586
1392,1143,0,0,1018249344,2593358520,1575109177,1.4471953150789219,56165,0.2226162454542517,0.22261624591745943,0.6712602363332496
1393,1143,0,0,1018249344,2592949937,1574700594,1.44756959842557,65519,0.0003742827947452993,0.0003742833466482454,0.004463541174757649
1394,1143,0,0,1018249344,2564308532,1546059189,1.4740515938646936,64344,0.026481995296282625,0.026481995439124634,0.1656726682469831
1395,1143,0,0,1018249344,2560935020,1542685677,1.4772030040194153,65393,0.0031514098920848456,0.0031514101547201493,0.027001755833070636
1396,1146,3,0,660492728,2700521287,2040028560,1.0740577962277769,10833,2.596854794330204,2.5968547922083642,2.619804226245568
1397,1146,0,0,660492728,2700023233,2039530506,1.074410059807171,65520,0.0003522634716290214,0.00035226357939184967,0.004227909891679893
1398,1146,0,0,660492728,2456565482,1796072755,1.257801354313436,57713,0.1833912942476747,0.18339129450626476,0.6492631716378828
1399,1146,0,0,660492728,2456154393,1795661666,1.2581315992562594,65521,0.00033024448458043404,0.00033024494282544173,0.0039922782726164955
1400,1147,1,0,1320985456,3264988677,1944003222,1.1436165359385804,35475,0.8854849361647239,0.8854849366823188,2.308677188223345
1401,1147,0,0,1320985456,3263446193,1942460738,1.1447617075687297,65484,0.001145170906201281,0.0011451716301491297,0.011889859762630966
1402,1148,1,0,656580422,2207087107,1550506686,1.469907398948564,26156,1.3251456920533808,1.3251456913798372,1.02920564065035
1403,1148,0,0,656580422,2205218057,1548637636,1.4716475370079287,65457,0.0017401375958717572,0.0017401380593638819,0.017446376700455644
1404,1148,0,0,656580422,2198247108,1541666687,1.4781562620779667,65241,0.006508724912338639,0.00650872507003818,0.0451839554849305
1405,1148,0,5,1305097120,3715456863,2410359744,0.833398662565699,3202,4.355242407483743,4.355242400487731,0.2969349272326668
1406,1148,0,5,1305097120,3711006583,2405909464,0.8360647920682318,65415,0.002666129309875501,0.002666129502535307,0.02173412697408493
1407,1148,0,5,1305097120,3709024174,2403927055,0.8372540265812844,65482,0.0011892340994270377,0.0011892345130495936,0.012456294800389206
1408,1148,0,5,1305097120,3692774483,2387677364,0.8470392410709486,65093,0.009785213899499923,0.009785214489665024,0.06941919509564148
1409,1148,0,5,1305097120,3631603366,2326506247,0.8844820850721042,63857,0.03744284372149382,0.0374428440011575,0.21551711215201927
1410,1148,0,5,1305097120,3287753581,1982656462,1.1152124248287016,55850,0.23073033974196044,0.2307303397565944,0.6179908852867938
1411,1148,0,5,1305097120,3239984193,1934887074,1.1503977773361918,63957,0.03518535184226145,0.035185352507491836,0.17242514798504094
1412,1148,0,6,462710592,4057084551,3594373960,0.2569066308300201,60872,0.10650885291508673,0.10650885349382837,0.39731811949067924
1413,1148,0,6,462710592,4055603714,3592893123,0.25750112556684357,65509,0.0005944945118882062,0.0005944947368239374,0.006691564468730435
1414,1148,0,6,462710592,4054507250,3591796659,0.25794146836119936,65516,0.0004403427806028656,0.0004403427943561693,0.005086360513452917
1415,1148,0,6,462710592,4052369797,3589659206,0.258800261617683,65497,0.0008587929491977406,0.0008587932564815697,0.009220248121819517
1416,1148,0,6,462710592,4051438641,3588728050,0.2591745446155542,65519,0.0003742827947452993,0.0003742829978713649,0.004463541174757649
1417,1148,0,6,462710592,4050233928,3587523337,0.259658929399027,65514,0.000484384451701118,0.0004843847834734887,0.005524940162877561
1418,1148,0,6,462710592,4048536948,3585826357,0.26034151836529773,65505,0.0006825886112264284,0.0006825889662694794,0.007514164802122449
1419,1148,0,6,462710592,4047004917,3584294326,0.26095803617790736,65508,0.0006165175324262582,0.0006165178126120957,0.006946829453055047
1420,1148,0,6,462710592,4044981313,3582270722,0.26177277615823513,65499,0.0008147398470877202,0.0008147399803279425,0.008436982472940847
1421,1148,0,6,462710592,4043942751,3581232160,0.2621910989487013,65517,0.000418322449221962,0.0004183227904656354,0.00492328406377429
1422,1148,0,6,462710592,4042576619,3579866028,0.2627415485679556,65511,0.0005504494793435254,0.000550449619253052,0.006201309377851417
1423,1148,0,6,462710592,4040937886,3578227295,0.26340211330413865,65506,0.0006605645820851047,0.0006605647361840802,0.007147374567811115
1424,1148,0,6,462710592,4040009695,3577299104,0.26377639647648365,65519,0.0003742827947452993,0.0003742831723451185,0.004463541174757649
1425,1148,0,6,462710592,4039081745,3576371154,0.26415067955703364,65519,0.0003742827947452993,0.0003742830805500249,0.004463541174757649
1426,1148,0,6,462710592,4034497773,3571787182,0.26600102317497587,65452,0.0018503435436362735,0.0018503436179403282,0.0163017852495715
1427,1148,0,6,462710592,4032372228,3569661637,0.2668598162291467,65497,0.0008587929491977406,0.0008587930541708257,0.009289007848178717
1428,1148,0,6,462710592,4031228385,3568517794,0.2673221796801428,65515,0.0004623634480924974,0.0004623634509979752,0.00536402669982325
1429,1148,0,6,462710592,4029758200,3567047609,0.2679166745852868,65509,0.0005944945118882062,0.0005944949051439703,0.006617134528566593
1430,1148,0,6,462710592,3896570860,3433860269,0.3228158117762696,63089,0.05489913709470983,0.054899137190980836,0.291986520949019
1431,1148,0,6,462710592,3244338611,2781628020,0.626717641152414,53088,0.30390182904413676,0.30390182937614457,1.1062591867874538
1432,1155,7,0,925421184,4159505175,3234083992,0.409289998659073,38098,0.7825723567428837,0.7825723575066619,1.8277179281146765
1433,1155,0,0,925421184,4158419514,3232998331,0.40977438332507177,65514,0.000484384451701118,0.00048438466599675723,0.0054891046595572975
1434,1155,0,0,925421184,3134639997,2209218814,0.9591108272577777,44783,0.5493364433062471,0.5493364439327058,0.9093313007533183
1435,1155,0,0,925421184,3134066926,2208645743,0.9594851106626869,65519,0.0003742827947452993,0.0003742834049107823,0.004463541174757649
1436,1155,0,0,925421184,3069764922,2144343739,1.002110957195093,63628,0.0426258459523787,0.042625846532406246,0.2362536271297982
1437,1158,3,3,28306624,3607099071,3578792448,0.263174268904816,1709,5.261063318323861,5.261063311709724,1.7897150774212758
1438,1162,4,0,56613248,2945815377,2889202130,0.571976006926814,26454,1.3088017376630963,1.308801738021997,2.2703589836022564
1439,1162,0,0,56613248,2247761993,2191148746,0.9709597210956922,49702,0.398983713692623,0.39898371416887607,1.0041532818197954
1440,1163,1,0,113226496,3492763165,3379536670,0.3458216775277556,50540,0.37486195616786255,0.3748619564320641,1.1159778489346674
1441,1164,1,0,226452992,4035960619,3809507628,0.17304260198174148,36937,0.8272209241594385,0.8272209244539873,2.1359924810203816
1442,1164,0,0,226452992,3286742726,3060289735,0.48897889850108456,52647,0.3159362963873005,0.31593629651934196,1.0206823712420479
1443,1164,0,0,226452992,3285622014,3059169023,0.48950732616983217,65512,0.0005284274673163702,0.0005284276687467949,0.005880722950591376
1444,1164,0,1,720138118,2441387485,1721249368,1.3191910213751754,18437,1.8296836955525253,1.8296836952053437,2.2297958567079212
1445,1164,0,1,720138118,2438708538,1718570421,1.3214381764996759,65434,0.002247154675456557,0.002247155124501256,0.021855541128411825
1446,1166,2,0,1440276236,3928448167,2488171932,0.787560967268039,47442,0.4661227899666845,0.4661227907683623,0.8534012116328329
1447,1166,0,0,1440276236,3920627069,2480350834,0.7921029485168027,65330,0.004541980711492849,0.004541981248766066,0.03827657450967472
1448,1173,7,0,894594816,3796411519,2901816704,0.5656907529294983,599,6.773587807211214,6.773587804412694,0.20680877223386515
1449,1173,0,0,894594816,3789504118,2894909303,0.5691289964734345,65380,0.0034382433453716316,0.0034382435439353726,0.026024295943462106
1450,1173,0,0,894594816,3788841525,2894246710,0.5694592413786523,65521,0.00033024448458043404,0.0003302449052177366,0.0039922782726164955
1451,1173,0,0,894594816,3465658886,2571064071,0.7402815833870093,58218,0.17082234195935028,0.17082234200835983,0.8148937199298139
1452,1175,2,1,395355800,2435070815,2039715016,1.0742795495641673,6499,3.3339979673550997,3.333997966177155,2.942064597947325
1453,1175,0,1,395355800,2402266560,2006910761,1.0976706785534098,64482,0.023391128673161322,0.023391128989243698,0.12706056429820048
1454,1177,2,0,790711600,3053753365,2263041766,0.9243839352290628,36950,0.8267132560791244,0.8267132566756547,1.5820968116735934
1455,1177,0,0,790711600,2734200928,1943489329,1.143997959633797,56282,0.2196140243065507,0.21961402440473266,0.7542021739644358
1456,1177,0,0,790711600,2317781293,1527069694,1.4918812391548713,51494,0.3478832789222175,0.34788327952107456,0.7874937739093271
1457,1177,0,0,790711600,2316662833,1525951234,1.492938288422252,65488,0.001057048556915173,0.0010570492673798756,0.010603021448990977
1458,1177,0,5,318164864,3152500063,2834335200,0.5996367586890585,3804,4.106698469139436,4.106698470266807,2.868242927936667
1459,1177,0,5,318164864,3149472666,2831307803,0.6011785469916653,65466,0.0015417881020707706,0.001541788302606918,0.014607673952353975
1460,1183,6,0,636329728,3837622271,3201292544,0.4239926251773376,37050,0.8228140779194415,0.8228140781856731,1.0710592356735622
1461,1183,0,0,636329728,3826729200,3190399473,0.4289100694737762,65313,0.004917443856606503,0.004917444296440634,0.042593846780920736
1462,1183,0,0,636329728,2796236401,2159906674,0.9916781687482121,44368,0.5627680989605214,0.5627680992744352,1.3987943827245148
1463,1183,0,0,636329728,2477503835,1841174108,1.222021086478911,55865,0.23034291771728369,0.23034291773069873,0.7130736735212512
1464,1184,1,1,397835264,3057221567,2659386304,0.6915537868757404,23665,1.469532698374274,1.4695327003968306,2.3120651025162564
1465,1184,0,1,397835264,3029790153,2631954890,0.7065123835861016,64860,0.014958596656831226,0.014958596710361009,0.09664779483299066
1466,1184,0,1,397835264,3029147585,2631312322,0.7068646475447053,65520,0.0003522634716290214,0.0003522639586019485,0.004227909891679893
1467,1184,0,1,397835264,3026537793,2628702530,0.7082962534967976,65471,0.0014316057211096818,0.0014316059520921576,0.013896420616866344
1468,1184,0,1,397835264,2897260628,2499425365,0.7810506984689987,62313,0.07275444469696658,0.07275444497220201,0.43686452139762083
1469,1186,2,0,795670528,2222420753,1426750226,1.5899143544736667,18705,1.8088636545618113,1.8088636560046683,2.6073432364682585
1470,1186,0,1,939576516,2296748285,1357171770,1.662043819476274,31170,1.0721294654872697,1.072129465002606,1.0018109402547855
1471,1188,2,0,1879153032,3848228357,1969075326,1.1251288441353609,47542,0.46308502450319544,0.46308502465908596,1.7748364386594109
1472,1188,0,1,1610822416,3664746811,2053924396,1.0642640683125073,34180,0.9391352234364982,0.9391352241771489,1.8364672252691732
1473,1188,0,1,1610822416,3662239579,2051417164,1.0660262464745962,65456,0.0017621781119536897,0.0017621781620889311,0.01605141787291962
1474,1188,0,1,1610822416,3661644838,2050822423,1.066444569139147,65517,0.000418322449221962,0.0004183226645484031,0.004879723990344825
1475,1188,0,1,1610822416,3661175441,2050353026,1.0667748143264042,65521,0.00033024448458043404,0.0003302451872573414,0.0039922782726164955
1476,1190,2,1,1060891952,3585163855,2524271904,0.7667798262540728,20171,1.7000050114982541,1.7000050119276684,1.2418959441958781
1477,1196,6,0,218752896,2227816959,2009064064,1.0961235772927154,1630,5.32934375088156,5.329343751038643,1.2114503659763582
1478,1196,0,0,218752896,2227234497,2008481602,1.096541899878023,65517,0.000418322449221962,0.000418322585306454,0.004904285154810719
1479,1196,0,0,218752896,2225732794,2006979899,1.097620978619755,65487,0.0010790786396167112,0.0010790787417345302,0.011069933946540232
1480,1197,1,0,437505792,4232809635,3795303844,0.17843175663526978,61966,0.08081077730507301,0.08081077801551306,0.38222809323887447
1481,1197,0,0,437505792,4227076372,3789570581,0.18061276879447874,65437,0.002181011907029251,0.002181012159211378,0.02018763827202071
1482,1197,0,0,437505792,3814095520,3376589729,0.34708025002478493,58394,0.16646748105317027,0.1664674812303059,0.6802998775583163
1483,1197,0,1,1994065240,3946259221,1952193982,1.1375507309383437,18945,1.790470480603929,1.7904704809135574,2.0191881018150024
1484,1197,0,1,1994065240,3935654651,1941589412,1.1454089997877972,65180,0.007858268374073475,0.007858268849454007,0.05971180392304987
1485,1197,0,1,1994065240,3935151003,1941085764,1.145783283209969,65519,0.0003742827947452993,0.0003742834221725991,0.004452022505596219
1486,1197,0,1,1994065240,3932722276,1938657037,1.1475895435916499,65454,0.0018062601543034325,0.0018062603816793154,0.015882925864519025
1487,1197,0,1,1994065240,3630812886,1636747647,1.391815241114415,55330,0.2442256966698133,0.2442256975227669,0.7650530853891435
1488,1199,2,1,649999040,3314509123,2664510084,0.688776852938588,26672,1.2969616110135833,1.2969616118241698,1.4293910275901185
1489,1199,0,1,649999040,2355365180,1705366141,1.3325656278225857,41945,0.6437887741507416,0.643788774883998,1.1365868251373894
1490,1201,2,0,1299998080,3245701769,1945703690,1.1423551262938005,37386,0.80978949771304,0.8097894984712167,0.9940230836812766
1491,1201,0,1,452512512,4026721735,3574209224,0.26502305791512626,60194,0.12266793083508502,0.12266793162132641,0.5791527635859176
1492,1201,0,1,452512512,2767218747,2314706236,0.8918180362251,42442,0.6267949782860821,0.6267949783099722,1.8168803086138012
1493,1201,0,1,452512512,2766406395,2313893884,0.8923244425611436,65513,0.0005064057914389884,0.0005064063360433231,0.005762731744540642
1494,1201,0,1,452512512,2674784162,2222271651,0.9506119631319088,62941,0.05828752024478053,0.05828752057076654,0.3331825954836332
1495,1201,0,1,452512512,2672986975,2220474464,0.9517791659595147,65483,0.0011672023345903715,0.0011672028276035176,0.01096040685944143
1496,1201,0,1,452512512,2665261935,2212749424,0.9568070591859481,65308,0.0050278927921983,0.005027893226435232,0.03921504440545434
1497,1201,0,3,192862252,4215220411,4022358160,0.09460559777415511,29783,1.1377985385542329,1.1377985385882083,0.9997685246106324
1498,1201,0,3,192862252,4213931508,4021069257,0.0950679613626626,65515,0.0004623634480924974,0.000462363588505233,0.005375545368984679
1499,1201,0,3,192862252,4183437254,3990575003,0.10605050628080548,65039,0.010982544866205108,0.010982544918142434,0.06968662820300398
1500,1201,0,3,192862252,4182097644,3989235393,0.10653489090298862,65514,0.000484384451701118,0.0004843846221833607,0.005586613807591404
1501,1201,0,3,192862252,4181062838,3988200587,0.10690917394245147,65519,0.0003742827947452993,0.0003742830394624695,0.004452022505596219
1502,1201,0,3,192862252,4179176329,3986314078,0.10759176275042037,65505,0.0006825886112264284,0.0006825888079707985,0.007548476479299678
1503,1201,0,3,192862252,4176682449,3983820198,0.10849461038169039,65495,0.0009028473965228007,0.0009028476312697177,0.009452522366040918
1504,1201,0,3,192862252,4175588260,3982726009,0.10889091287288366,65518,0.0003963024539395264,0.00039630249119359596,0.004668654543719633
1505,1201,0,3,192862252,4174251285,3981389034,0.10937529744292007,65514,0.000484384451701118,0.0004843845700364958,0.005607136542698008
1506,1201,0,3,192862252,4172732505,3979870254,0.1099257471447892,65511,0.0005504494793435254,0.00055044970186698,0.006241469510385434
1507,1201,0,3,192862252,4171275032,3978412781,0.11045417496862697,65512,0.0005284274673163702,0.000528427823838382,0.005960362857648164
1508,1201,0,3,192862252,4170182328,3977320077,0.11085047752931132,65518,0.0003963024539395264,0.0003963025606842715,0.004687653452683203
1509,1201,0,3,192862252,4168604411,3975742160,0.1114229496143686,65510,0.0005724718275307164,0.0005724720850576758,0.006383382720379747
1510,1201,0,3,192862252,4167269780,3974407529,0.11190733434132838,65514,0.000484384451701118,0.0004843847269614509,0.005557620055609438
1511,1201,0,3,192862252,4166238821,3973376570,0.11228161714178597,65519,0.0003742827947452993,0.00037428280045736926,0.004463541174757649
1512,1201,0,3,192862252,4165147500,3972285249,0.11267791978855968,65518,0.0003963024539395264,0.00039630264677341544,0.004699172121844633
1513,1201,0,3,192862252,4163086683,3970224432,0.11342658252923243,65502,0.0007486627160211863,0.0007486627406729704,0.007897217360283874
1514,1201,0,3,192862252,4161087516,3968225265,0.1141532202199329,65503,0.0007266376781842033,0.0007266376906994051,0.007903038933634228
1515,1201,0,3,192862252,4159815959,3966953708,0.1146155838288827,65515,0.0004623634480924974,0.00046236360894980543,0.0053394655353573555
1516,1201,0,3,192862252,4157818438,3964956187,0.11534222186180187,65503,0.0007266376781842033,0.0007266380329180715,0.007714797177644346
1517,1201,0,3,192862252,4045590140,3852727889,0.1567668512836775,63681,0.04142462935992295,0.04142462942187778,0.24180639644057275
1518,1201,0,3,192862252,3630782278,3437920027,0.3211111608232571,58480,0.1643443091602003,0.16434430953957865,0.6947735246793085
1519,1201,0,3,192862252,2589008995,2396146744,0.8419308821448404,45677,0.5208197207841814,0.520819721321584,1.6454013062839705
1520,1205,4,0,385724504,2163383417,1777658914,1.2726686105336817,24310,1.4307377270839088,1.4307377283888407,2.2507584802529856
1521,1205,0,0,385724504,2162678169,1776953666,1.273241082375634,65510,0.0005724718275307164,0.0005724718419508956,0.0064696175295594835
1522,1205,0,0,385724504,2162271456,1776546953,1.2735713273332898,65521,0.00033024448458043404,0.00033024495765669677,0.0039922782726164955
1523,1215,10,0,834521088,2416757759,1582236672,1.440681730790505,57,10.167109985835259,10.167110403457215,0.12660760872305027
1524,1215,0,0,834521088,2407800700,1573279613,1.448872047771708,65165,0.008190316794939088,0.008190316981204447,0.06812759833282712
1525,1216,1,0,1669042176,4142607615,2473565440,0.7960550784498395,51519,0.34718302989092403,0.3471830306781305,1.2494376163435186
1526,1216,0,2,233717760,3524054987,3290337228,0.38441169207427706,21794,1.5883566121309196,1.588356613624438,2.573599997342137
1527,1216,0,2,233717760,3521293626,3287575867,0.38562295832157645,65481,0.001211266200721556,0.0012112662472992248,0.012253480015104885
1528,1219,3,0,467435520,4041650919,3574215400,0.265020565034515,35625,0.879397606285809,0.8793976067129392,1.3782222472174095
1529,1220,1,0,506662042,2941356313,2434694272,0.8189065235875752,22321,1.5538859578567736,1.5538859585530571,1.688799464404535
1530,1220,0,0,506662042,2909406894,2402744853,0.8379636889130424,64676,0.01905716487045185,0.01905716532546989,0.12186595063934924
1531,1224,4,2,1221950016,3282116031,2060166016,1.0598865460764486,878,6.221922870464642,6.221922857163407,1.3442175560725398
1532,1224,0,2,1221950016,3281550189,2059600174,1.0602828488833609,65518,0.0003963024539395264,0.00039630280691248265,0.004687653452683203
1533,1227,3,0,221669396,2166246733,1944577338,1.1431905325168508,30938,1.0829076842758643,1.082907683633488,1.1466446253741849
1534,1227,0,1,989647840,2148810105,1159162266,1.889564609033112,19533,1.7463740761035473,1.7463740765162623,0.9599500220178694
1535,1229,2,0,1979295680,4292986107,2313690428,0.8924513013896984,65405,0.0028866911572534176,0.0028866923565844874,0.024447475448100355
1536,1229,0,0,1979295680,4292385937,2313090258,0.8928255842210255,65519,0.0003742827947452993,0.0003742828313287899,0.004452022505596219
1537,1229,0,0,1979295680,4291856512,2312560833,0.8931558291142672,65521,0.00033024448458043404,0.00033024489324058696,0.0039922782726164955
1538,1235,6,0,834805056,2573742399,1738937344,1.3044411944669712,770,6.411285364417736,6.411285365352704,2.037617530558156
1539,1235,0,4,1137735632,3243480063,2105744432,1.0283167946737208,4960,3.7238755947257625,3.7238756002067506,2.39942424860182
1540,1235,0,5,127987616,2783366815,2655379200,0.6937292469821905,41321,0.6654124514948293,0.6654124523084685,1.5440866894359486
1541,1241,6,0,255975232,2946361871,2690386640,0.6748336261956922,33200,0.9811043788783506,0.981104379213501,2.0973651984756465
1542,1241,0,0,255975232,2921607489,2665632258,0.688169381398481,64933,0.013335754915136128,0.013335755202791719,0.08771496600511365
1543,1241,0,0,255975232,2920916025,2664940794,0.6885436644932312,65519,0.0003742827947452993,0.00037428309475065415,0.004452022505596219
1544,1242,1,0,511950464,3171279655,2659329192,0.6915847699953481,32699,1.003041104516211,1.0030411055021142,1.7343628014746524
1545,1242,0,0,511950464,3169778263,2657827800,0.6923995102235025,65499,0.0008147398470877202,0.0008147402281545542,0.008378997487885202
1546,1242,0,0,511950464,2881957768,2370007305,0.857755640109179,58439,0.16535612929381446,0.16535612988567672,0.5087509573651996
1547,1243,1,0,1023900928,3422694331,2398793404,0.840338235093224,33166,0.9825825947021647,0.9825825949840461,1.379716240436926
1548,1243,0,0,1023900928,3187888122,2163987195,0.988955183708832,59121,0.1486169483474134,0.14861694861560867,0.7596625397080424
1549,1243,0,0,1023900928,3099659151,2075758224,1.0490087318696588,62864,0.0600535475413133,0.060053548160825275,0.32416721855517316
1550,1243,0,0,1023900928,2774815151,1750914224,1.2945387370800496,55280,0.24553000472437914,0.2455300052103908,0.9707642502365031
1551,1246,3,0,737974528,4284473519,3546498992,0.27625160846946173,16593,1.9817128725629187,1.9817128713894128,1.11824309434965
1552,1246,0,0,737974528,4282146561,3544172034,0.2771985120488729,65493,0.0009469031891450585,0.000946903579411092,0.010259503022383617
1553,1246,0,0,737974528,4279712971,3541738444,0.27818947245501846,65491,0.0009909603271466795,0.0009909604061460065,0.010255369459698726
1554,1246,0,0,737974528,4278361905,3540387378,0.2787399219360793,65511,0.0005504494793435254,0.0005504494810596149,0.0062529881795468645
1555,1246,0,0,737974528,4277227442,3539252915,0.27920228558463833,65515,0.0004623634480924974,0.00046236364855973253,0.005350984204518786
1556,1246,0,0,737974528,4275391281,3537416754,0.2799509486005256,65502,0.0007486627160211863,0.00074866301588854,0.008201799282676534
1557,1246,0,0,737974528,4274419700,3536445173,0.2803472512464644,65518,0.0003963024539395264,0.0003963026459382129,0.004699172121844633
1558,1246,0,0,737974528,4273124615,3535150088,0.28087567875368435,65512,0.0005284274673163702,0.0005284275072197298,0.005960362857648164
1559,1246,0,0,737974528,4271776062,3533801535,0.2814261283402253,65511,0.0005504494793435254,0.0005504495865406361,0.006295024426833294
1560,1246,0,0,737974528,4270158416,3532183889,0.28208669293605837,65506,0.0006605645820851047,0.0006605645958336175,0.00737009095775721
1561,1246,0,0,737974528,4268379819,3530405292,0.2828133310173975,65503,0.0007266376781842033,0.0007266380813393407,0.007755107138028086
1562,1246,0,0,737974528,4267248555,3529274028,0.28327569450523526,65515,0.0004623634480924974,0.00046236348783765236,0.005375545368984679
1563,1246,0,0,737974528,4265525276,3527550749,0.2839803077542129,65504,0.0007046129765893727,0.0007046132489759866,0.007560484832083941
1564,1246,0,0,737974528,4263802839,3525828312,0.28468492077615437,65504,0.0007046129765893727,0.0007046130219427258,0.007607108720067583
1565,1246,0,0,737974528,4262834441,3524859914,0.28508122336569386,65518,0.0003963024539395264,0.00039630258953729004,0.004699172121844633
1566,1246,0,0,737974528,4261920094,3523945567,0.28545550632569316,65519,0.0003742827947452993,0.00037428296000104435,0.004463541174757649
1567,1246,0,0,737974528,4259123994,3521149467,0.2866006774826957,65484,0.001145170906201281,0.0011451711570014524,0.011373200000928063
1568,1246,0,0,737974528,4257243497,3519268970,0.28737136569820265,65501,0.0007706880901105886,0.0007706882155088977,0.008362994576971827
1569,1246,0,0,737974528,4256008401,3518033874,0.28787777189728914,65513,0.0005064057914389884,0.0005064061990841718,0.005810724405486178
1570,1246,0,0,737974528,4254344291,3516369764,0.28856036090207837,65505,0.0006825886112264284,0.0006825890047909655,0.007556595207565661
1571,1246,0,0,737974528,4097831067,3359856540,0.35424751225050954,62619,0.06568715104392067,0.06568715134843138,0.3372918758487708
1572,1246,0,0,737974528,3365374548,2627400021,0.7090112788583625,51249,0.3547637662542454,0.3547637666078533,1.2971832293235956
1573,1250,4,0,1131023568,4002176527,2871152960,0.5810169541815817,4476,3.872005679023606,3.872005675323219,2.146511444179451
1574,1250,0,0,1131023568,3581772721,2450749154,0.8094243210502796,55940,0.22840736663644595,0.2284073668686966,1.0045007983767757
1575,1250,0,0,1131023568,3505485973,2374462406,0.8550462313027367,63496,0.04562190985595253,0.045621910252457175,0.27440430432806817
1576,1250,0,0,1131023568,3395704767,2264681200,0.9233391701571776,62506,0.06829293859941388,0.06829293885444035,0.33452157003676314
1577,1250,0,3,1587501416,4146325775,2558824360,0.7471660231199309,9256,2.82382685089251,2.823826852962756,3.1214334045923637
1578,1250,0,3,1587501416,4137970238,2550468823,0.7518846807143653,65322,0.004718657078353454,0.004718657594434151,0.03625454075945314
1579,1261,11,0,299650304,3178890495,2879240192,0.5769589995740105,289,7.825074317499321,7.8250743188596426,2.1593896567264563
1580,1261,0,1,2097085472,3254475357,1157389886,1.8917722039135434,13172,2.3148132034046522,2.3148132043395333,1.6432405262816043
1581,1270,9,0,491654656,2856166143,2364511488,0.8611049948543652,523,6.969332863753059,6.969332790940823,1.1331766327595973
1582,1270,0,0,491654656,2753591891,2261937236,0.9250882478830924,62693,0.06398325284685194,0.06398325302872862,0.26082978657198813
1583,1274,4,0,1458732432,3373868751,1915136320,1.1652000587259828,3468,4.240111816778165,4.240111810842891,1.761292427317471
1584,1279,5,0,1811638592,3604273503,1792634912,1.2605654471428593,1917,5.0953653783318495,5.095365388416877,2.712758244427043
1585,1279,0,1,1475793536,4279247393,2803453858,0.6154418213075665,51245,0.3548763734344995,0.35487637416470785,1.1131063923109572
1586,1279,0,1,1475793536,4126361283,2650567748,0.6963457299250244,61962,0.080903908480684,0.08090390861745589,0.4212360352142259
1587,1279,0,1,1475793536,3307522864,1831729329,1.2294408110064907,45290,0.533095081062526,0.5330950810814665,1.0522804388852205
1588,1279,0,2,804103424,2954853725,2150750302,0.9978071056679134,38475,0.7683662938970651,0.7683662946614239,1.918158839039772
1589,1279,0,2,804103424,2954263003,2150159580,0.9982034086496938,65518,0.0003963024539395264,0.00039630298178046553,0.004699172121844633
1590,1279,0,2,804103424,2953606826,2149503403,0.9986437516788769,65516,0.0004403427806028656,0.0004403430291805322,0.005158914338864347
1591,1279,0,2,804103424,2930844445,2126741022,1.0140027822139928,64842,0.015359030125902133,0.015359030535116466,0.08713341399385946
1592,1279,0,2,804103424,2929578836,2125475413,1.0148615756972639,65497,0.0008587929491977406,0.0008587934832724108,0.009084783025405675
1593,1279,0,2,804103424,2928995056,2124891633,1.0152578786551736,65518,0.0003963024539395264,0.00039630295790982336,0.004699172121844633
1594,1279,0,2,804103424,2928443860,2124340437,1.0156321616913182,65519,0.0003742827947452993,0.0003742830361430187,0.004452022505596219
1595,1279,0,2,804103424,2921993302,2117889879,1.0200195685582898,65337,0.004387406636999922,0.004387406866971631,0.03670345481724013
1596,1279,0,2,804103424,2921346973,2117243550,1.0204599115443855,65516,0.0004403427806028656,0.0004403429860966741,0.005115354265434883
1597,1279,0,2,804103424,2888620414,2084516991,1.0429340143416326,64523,0.022474102221969505,0.02247410279724847,0.127444095974857
1598,1279,0,4,647698640,2424703571,1777004932,1.2731994605041734,13967,2.230265445795404,2.2302654461625386,2.3291847741977936
1599,1284,5,1,443310912,3081920283,2638609372,0.7028693606363134,24328,1.4296698989692023,1.4296699001321422,2.422782293181338
1600,1284,0,1,443310912,2875617877,2432306966,0.8203218323722155,60412,0.11745247121560211,0.11745247173590169,0.5094936442633002
1601,1284,0,1,443310912,2674571019,2231260108,0.9447884411953886,60119,0.12446660831935163,0.12446660882317266,0.4180164820126493
1602,1284,0,1,443310912,2337954980,1894644069,1.1807202992633101,55649,0.235931857555432,0.23593185806792075,0.8009666849154679
1603,1287,3,1,1311376824,4006480255,2695103432,0.6723065045869596,11653,2.4915862039440304,2.4915862053236495,2.021067129083215
1604,1287,0,1,1311376824,3990441889,2679065066,0.6809175259175788,65146,0.008611021201645142,0.008611021330618586,0.060862597266583364
1605,1287,0,1,1311376824,3262872308,1951495485,1.13806702106708,47738,0.4571494949718569,0.4571494951495018,1.306091813417134
1606,1290,3,0,20663672,2181911571,2161247900,0.9907825839558093,18145,1.8527155636333035,1.8527155628887304,2.31544034584762
1607,1290,0,0,20663672,2180592449,2159928778,0.991663404606598,65496,0.000880820004703256,0.0008808206507882498,0.009030790415576992
1608,1290,0,0,20663672,2162168984,2141505313,1.0040218895042585,64977,0.012358484739992882,0.012358484897661108,0.09192677205352777
1609,1290,0,0,20663672,2161319387,2140655716,1.0045943618547533,65510,0.0005724718275307164,0.000572472350496073,0.006308729272713119
1610,1291,1,0,41327344,4263125305,4221797962,0.024789607166439964,64625,0.020195245022978328,0.020195245311684398,0.11937945775275297
1611,1291,0,0,41327344,2722210277,2680882934,0.6799389234202593,41616,0.6551493160570088,0.6551493162538196,1.4115478139191204
1612,1291,0,0,41327344,2721146694,2679819351,0.6805113954055422,65510,0.0005724718275307164,0.0005724719852848548,0.006542171354970913
1613,1291,0,0,41327344,2719388389,2678061046,0.6814582989595515,65493,0.0009469031891450585,0.0009469035540080702,0.009820205210402375
1614,1291,0,0,41327344,2718448517,2677121174,0.6819647051402136,65513,0.0005064057914389884,0.00050640618066313,0.005822243074647608
1615,1291,0,0,41327344,2717672374,2676345031,0.682383027633378,65517,0.000418322449221962,0.00041832249316152653,0.004904285154810719
1616,1291,0,0,41327344,2716692267,2675364924,0.6829114551962085,65512,0.0005284274673163702,0.000528427562830757,0.00603483466735941
1617,1291,0,0,41327344,2715794164,2674466821,0.683395840058477,65514,0.000484384451701118,0.0004843848622678726,0.005618655211859437
1618,1291,0,0,41327344,2714937172,2673609829,0.6838582037080556,65515,0.0004623634480924974,0.0004623636495800305,0.00532199045253682
1619,1291,0,0,41327344,2714039658,2672712315,0.684342588664375,65514,0.000484384451701118,0.0004843849563180905,0.005618655211859437
1620,1291,0,0,41327344,2713020099,2671692756,0.6848930382322855,65511,0.0005504494793435254,0.0005504495679113707,0.0062704632623674
1621,1291,0,0,41327344,2711878628,2670551285,0.6855095561462718,65508,0.0006165175324262582,0.0006165179139855536,0.0067799847825495765
1622,1291,0,0,41327344,2711145139,2669817796,0.6859058586989413,65518,0.0003963024539395264,0.0003963025526703007,0.004687653452683203
1623,1291,0,0,41327344,2710004469,2668677126,0.6865223766506787,65508,0.0006165175324262582,0.0006165179517367655,0.0067861228341640645
1624,1291,0,0,41327344,2708986449,2667659106,0.6870728263822876,65511,0.0005504494793435254,0.0005504497316101282,0.0061959914526561535
1625,1291,0,0,41327344,2708294459,2666967116,0.6874471096049177,65519,0.0003742827947452993,0.0003742832226284129,0.004463541174757649
1626,1291,0,0,41327344,2707561954,2666234611,0.687843412385746,65518,0.0003963024539395264,0.00039630278083102914,0.004699172121844633
1627,1291,0,0,41327344,2706097347,2664770004,0.68863612650307,65500,0.0007927138004626774,0.0007927141173233139,0.008356948823957613
1628,1291,0,0,41327344,2704958834,2663631491,0.6892526442657143,65508,0.0006165175324262582,0.0006165177626442024,0.0068836319821981694
1629,1291,0,0,41327344,2704024026,2662696683,0.6897590504936346,65513,0.0005064057914389884,0.0005064062279203253,0.005810724405486178
1630,1291,0,0,41327344,2702886399,2661559056,0.6903755681579682,65508,0.0006165175324262582,0.0006165176643322858,0.006872357643343801
1631,1291,0,0,41327344,2610250043,2568922700,0.7414836664423845,63255,0.05110809811234792,0.0511080982844187,0.2731806818472383
1632,1292,1,0,82654688,3931726885,3849072198,0.15813641362318975,49097,0.41665274697678617,0.416652747180803,1.604703283976864
1633,1293,1,0,165309376,2908454609,2743145234,0.6468161392760372,23353,1.488679725457325,1.4886797256528466,2.1613238968198494
1634,1294,1,0,330618752,2883063153,2552444402,0.7507676097225975,30490,1.1039514701028894,1.1039514704465618,2.5517571736896976
1635,1294,0,0,330618752,2554738166,2224119415,0.9494128962601849,57106,0.19864528614987279,0.19864528653758748,0.5702491485484449
1636,1294,0,0,330618752,2310762420,1980143669,1.1170420374086483,58347,0.16762914097702417,0.16762914114846347,0.6883543676528205
1637,1294,0,2,744918584,2720348775,1975430192,1.1204802809357517,16345,2.0034382433453715,2.0034382435271048,0.9011037815729244
1638,1294,0,2,744918584,2455665966,1710747383,1.3280204055902516,56755,0.20754012395098262,0.20754012465449814,0.6703945778499806
1639,1297,3,0,1489837168,3858508087,2368670920,0.858569367470178,45370,0.5305489607618933,0.5305489618799284,1.4131401032583673
1640,1297,0,0,1489837168,3307290432,1817453265,1.2407288796513285,50285,0.38215951173105217,0.38215951218115013,0.8932720769349544
1641,1297,0,0,1489837168,3252353070,1762515903,1.2850108711543768,63555,0.04428199102759124,0.044281991503047076,0.2339715961563005
1642,1297,0,0,1489837168,3243262945,1753425778,1.2924707829893762,65198,0.007459911122067875,0.007459911835000571,0.0555327708918674
1643,1298,1,4,453708672,2541894943,2088186272,1.0403967359716475,2439,4.747925957203816,4.74792595298227,0.2935444804353999
1644,1298,0,4,453708672,2540907183,2087198512,1.041079325267674,65505,0.0006825886112264284,0.0006825892960250533,0.007386532234120125
1645,1298,0,4,453708672,2524855729,2071147058,1.0522171529018927,65032,0.0111378272165518,0.011137827634220611,0.07956518732866634
1646,1303,5,0,907417344,3625734649,2718317306,0.6599332759740015,43007,0.6077161224177974,0.6077161230721085,1.4851453493713624
1647,1303,0,0,907417344,3001943542,2094526199,1.0360232160079264,50497,0.3760899397877963,0.3760899400339229,1.3299302602142937
1648,1303,0,1,2060446936,3842916345,1782469410,1.2687698280654658,27886,1.2327466130842342,1.2327466120575408,1.0183882463852874
1649,1303,0,1,2060446936,3842372378,1781925443,1.269210171255132,65516,0.0004403427806028656,0.0004403431896660775,0.005139915429900777
1650,1303,0,1,2060446936,3841774197,1781327262,1.2696945560809105,65514,0.000484384451701118,0.00048438482578012833,0.005575095138429974
1651,1303,0,1,2060446936,3406934207,1346487272,1.673446553537147,49538,0.403751996685148,0.4037519974562344,1.2285829907913506
1652,1303,0,3,1799336800,3880211903,2080875104,1.0454567701991202,25320,1.3720102156842964,1.372010216661974,2.4372085037785105
1653,1303,0,3,1799336800,3849920843,2050584044,1.066612271708646,64582,0.021155500876740042,0.02115550150952579,0.1134331127595124
1654,1303,0,3,1799336800,3840064672,2040727873,1.0735633313296304,65221,0.006951059094611086,0.006951059620984311,0.054315624879824914
1655,1303,0,3,1799336800,3793760925,1994424126,1.1066749060810963,64049,0.03311157457220427,0.03311157475146694,0.1980180281946199
1656,1303,0,3,1799336800,3793304437,1993967638,1.1070051509595693,65521,0.00033024448458043404,0.00033024487847229365,0.0039922782726164955
1657,1303,0,3,1799336800,3792756777,1993419978,1.1074014537257675,65518,0.0003963024539395264,0.00039630276619760174,0.004668654543719633
1658,1303,0,3,1799336800,3755495737,1956158938,1.1346235519255963,64311,0.02722209770028457,0.02722209819983076,0.1806389167841003
1659,1307,4,1,409617300,4190959447,3781342148,0.18374875109477173,31671,1.049125199808023,1.0491251991691746,1.1078574130918075
1660,1307,0,1,409617300,4187670620,3778053321,0.18500408287945547,65479,0.0012553314127252556,0.0012553317846817976,0.012742432683255
1661,1307,0,1,409617300,3948371618,3538754319,0.27940554109258287,61385,0.09440145784236618,0.09440145821313037,0.3570526178461767
1662,1307,0,1,409617300,3946913696,3537296397,0.2800000356640844,65509,0.0005944945118882062,0.0005944945715014644,0.006747281699785172
1663,1307,0,1,409617300,3943891103,3534273804,0.2812333346552123,65480,0.0012332986384842029,0.0012332989911257686,0.012706607079066606
1664,1307,0,1,409617300,3942542884,3532925585,0.28178378435440976,65511,0.0005504494793435254,0.0005504496991992698,0.0062704632623674
1665,1307,0,1,409617300,3941302996,3531685697,0.28229019021761204,65513,0.0005064057914389884,0.0005064058632020272,0.005724733926613502
1666,1307,0,1,409617300,3939632429,3530015130,0.28297277896793815,65505,0.0006825886112264284,0.0006825887503242988,0.007578994057424677
1667,1307,0,1,409617300,3938447426,3528830127,0.2834571635677854,65514,0.000484384451701118,0.0004843845998474994,0.005618655211859437
1668,1307,0,1,409617300,3937047438,3527430139,0.28402963558419714,65510,0.0005724718275307164,0.0005724720164130468,0.006351979804575556
1669,1307,0,1,409617300,3935648005,3526030706,0.28460210777055295,65510,0.0005724718275307164,0.0005724721863533693,0.006511653776845913
1670,1307,0,1,409617300,3933926310,3524309011,0.2853067208778626,65504,0.0007046129765893727,0.0007046131073111984,0.007753232855242959
1671,1307,0,1,409617300,3932151679,3522534380,0.28603335868011825,65503,0.0007266376781842033,0.00072663780225388,0.007714797177644346
1672,1307,0,1,409617300,3931184186,3521566887,0.2864296611491106,65518,0.0003963024539395264,0.00039630246899223726,0.004687653452683203
1673,1307,0,1,409617300,3929518405,3519901106,0.2871122500737826,65505,0.0006825886112264284,0.0006825889246752548,0.0074185736383881595
1674,1307,0,1,409617300,3927960831,3518343532,0.2877507911981354,65507,0.0006385408891551363,0.0006385411243505138,0.00697035748317309
1675,1307,0,1,409617300,3926994489,3517377190,0.28814709368797153,65518,0.0003963024539395264,0.0003963024898386549,0.004687653452683203
1676,1307,0,1,409617300,3925813728,3516196429,0.2886314784822339,65514,0.000484384451701118,0.0004843847942604841,0.005618655211859437
1677,1307,0,1,409617300,3923613959,3513996660,0.2895343259263363,65495,0.0009028473965228007,0.0009028474441024681,0.009262458719257207
1678,1307,0,1,409617300,3921683662,3512066363,0.2903270401306628,65500,0.0007927138004626774,0.0007927142043252348,0.008574260771641622
1679,1307,0,1,409617300,3920343915,3510726616,0.29087748961199367,65511,0.0005504494793435254,0.0005504494813312089,0.006233989270583294
1680,1307,0,1,409617300,3916594054,3506976755,0.29241927788590516,65466,0.0015417881020707706,0.001541788273913772,0.014283777043966463
1681,1307,0,1,409617300,3819148304,3409531005,0.3330738417479502,63715,0.040654563854650744,0.040654563862043525,0.2209803909134325
1682,1307,0,1,409617300,3638932614,3229315315,0.4114188313618179,62072,0.07834498921494688,0.07834498961386929,0.46347697116133213
1683,1309,2,0,830448110,2148566161,1318118052,1.7041675606389148,13375,2.292748728936766,2.2927487292770974,1.485814636535133
1684,1312,3,2,1312244640,3276549471,1964304832,1.1286283133625652,3052,4.424460753165469,4.424460752723649,2.211887710398827
1685,1312,0,2,1312244640,3262522147,1950277508,1.1389677241259406,65068,0.010339410263475958,0.010339410763377185,0.06494842271735582
1686,1312,0,3,477005632,2763439369,2286433738,0.9095480362911204,38416,0.7705803117695835,0.7705803121651787,1.4531737390834818
1687,1312,0,3,477005632,2692197643,2215192012,0.9552153895566597,63494,0.04566735264801516,0.04566735326554006,0.27402536824882817
1688,1312,0,3,477005632,2433585062,1956579431,1.1343134656837108,57885,0.17909807585022708,0.17909807612705053,0.6764315879821461
1689,1316,4,0,954011264,4174533363,3220522100,0.4153525539403269,53936,0.28103908801578975,0.28103908825661694,0.9716339823955605
1690,1318,2,0,844726412,3696885571,2852159160,0.5905926547874003,14510,2.175240101045893,2.1752401008470703,2.1981470428975873
1691,1318,0,0,844726412,3696102202,2851375791,0.5909889572869211,65518,0.0003963024539395264,0.0003963024995207877,0.004699172121844633
1692,1318,0,0,844726412,2306787447,1462061036,1.5546436059296376,33604,0.9636546482592532,0.9636546486427165,1.6061198317070988
1693,1318,0,0,844726412,2258510163,1413783752,1.6030856791731658,63372,0.048442073207405345,0.048442073243529615,0.24956056010991845
1694,1319,1,0,1689452824,3896332671,2206879848,0.9606390607610642,51150,0.35755338047994667,0.35755338158789746,1.0994489109604333
1695,1319,0,0,1689452824,3895625510,2206172687,0.9611014244734584,65515,0.0004623634480924974,0.0004623637123967687,0.00539454427794825
1696,1319,0,0,1689452824,3894851248,2205398425,0.9616078308900669,65513,0.0005064057914389884,0.0005064064166071811,0.005865803148077072
1697,1319,0,0,1689452824,3888053602,2198600779,0.9660614819957161,65334,0.004453650641001229,0.004453651105647427,0.03280628861103496
1698,1319,0,0,1689452824,3887047162,2197594339,0.9667220468629907,65506,0.0006605645820851047,0.0006605648672752849,0.007228201609874416
1699,1319,0,0,1689452824,3885907052,2196454229,0.9674707099942808,65502,0.0007486627160211863,0.0007486631312900239,0.00818092425896055
1700,1319,0,0,1689452824,3885236747,2195783924,0.9679110530144932,65516,0.0004403427806028656,0.0004403430202117247,0.005170433008025777
1701,1319,0,0,1689452824,3883092426,2193639603,0.9693206237701233,65472,0.0014095702546713536,0.0014095707556323765,0.014192906700429395
1702,1319,0,0,1689452824,3882456452,2193003629,0.9697389466169284,65517,0.000418322449221962,0.00041832284680445365,0.004934802732935719
1703,1319,0,0,1689452824,3463839578,1774386755,1.2753266444316473,53026,0.3055876971240056,0.3055876978147203,0.8574443575343589
1704,1319,0,2,315360352,2919974695,2604614344,0.7215773724303247,24050,1.4462507264552333,1.4462507279986743,2.4611274982092093
1705,1319,0,2,315360352,2917351639,2601991288,0.7230310143885603,65470,0.0014536415241189304,0.001453641958236803,0.01387926047718025
1706,1319,0,2,315360352,2375084838,2059724487,1.0601957735671732,51878,0.33716475854983224,0.3371647591786127,1.0846340008540993
1707,1324,5,0,828681296,3417165623,2588484328,0.7305395625976416,10295,2.6703437904803833,2.670343789030467,2.304490445009557
1708,1325,1,0,141413808,2461317609,2319903802,0.88858216275354,29368,1.1580426009004527,1.1580426001559005,1.1215614084685002
1709,1325,0,0,141413808,2456361759,2314947952,0.8916673889151028,65396,0.003085225654520128,0.003085226161561597,0.027800277000002163
1710,1325,0,0,141413808,2148554501,2007140694,1.0975053975634061,56822,0.20583800857635715,0.20583800864830554,0.5688095011934136
1711,1327,2,1,1559216,2512690191,2511130976,0.7743098671065454,10249,2.676804468321862,2.6768044695431374,2.5397648231463266
1712,1327,0,1,1559216,2409119832,2407560617,0.8350750236482796,62833,0.06076515636529971,0.06076515654173474,0.28580276517123776
1713,1327,0,1,1559216,2408017738,2406458523,0.8357355883572808,65506,0.0006605645820851047,0.000660564709001615,0.00738908986672078
1714,1327,0,1,1559216,2407430223,2405871008,0.8360878522559609,65520,0.0003522634716290214,0.00035226389867891857,0.004227909891679893
1715,1327,0,1,1559216,2405851663,2404292448,0.8370347559470019,65493,0.0009469031891450585,0.0009469036910420626,0.009890948132321359
1716,1327,0,1,1559216,2405264677,2403705462,0.8373870197421738,65520,0.0003522634716290214,0.0003522637951722408,0.004227909891679893
1717,1327,0,1,1559216,2404714512,2403155297,0.8377172645153976,65521,0.00033024448458043404,0.00033024477322349184,0.0039922782726164955
1718,1329,2,0,3118432,3959362707,3956244276,0.11851563880101068,53945,0.2807983736101368,0.28079837428561105,0.7983989442792001
1719,1330,1,0,159267472,3588020559,3428753088,0.3249631296211106,28399,1.2064474907361231,1.206447490820101,1.0349753819091672
1720,1330,0,0,159267472,3587078823,3427811352,0.3253594324276996,65518,0.0003963024539395264,0.00039630280659044983,0.004687653452683203
1721,1330,0,0,159267472,3455638241,3296370770,0.3817686225592283,63023,0.05640918976839235,0.05640919013152537,0.2825284906785998
1722,1330,0,0,159267472,3454632268,3295364797,0.38220896554777184,65516,0.0004403427806028656,0.000440342988544839,0.005086360513452917
1723,1330,0,0,159267472,3453727169,3294459698,0.38260526801319017,65518,0.0003963024539395264,0.0003963024654192752,0.004699172121844633
1724,1331,1,0,771015978,2541707635,1770691658,1.2783341378786197,17612,1.8957288710631066,1.8957288698654282,1.6405932085751678
1725,1331,0,0,771015978,2490534386,1719518409,1.3206425847109173,63642,0.04230844624068053,0.04230844683230015,0.2429724589535664
1726,1331,0,0,771015978,2483161572,1712145595,1.3268417572108397,65255,0.0061991716593663634,0.006199172499920376,0.0469099462025645
1727,1331,0,0,771015978,2482639066,1711623089,1.3272821005228224,65516,0.0004403427806028656,0.0004403433119823596,0.005158914338864347
1728,1331,0,0,771015978,2470494523,1699478546,1.337554996417044,65071,0.010272895458176494,0.010272895894221964,0.0648326005725575
1729,1331,0,2,687624940,3387663179,2700038240,0.6696673060458949,26030,1.3321123087085254,1.3321123096288514,1.0464016914247007
1730,1331,0,2,687624940,3387003989,2699379050,0.6700195700394538,65520,0.0003522634716290214,0.0003522639935571427,0.004227909891679893
1731,1331,0,2,687624940,3351251715,2663626776,0.6892551980398238,64668,0.019235627889097155,0.019235628000371593,0.1126020905940764
1732,1331,0,2,687624940,2630313425,1942688486,1.1445925655916227,47798,0.45533736731664537,0.45533736755179893,0.9452540183486317
1733,1334,3,0,1375249880,3235708477,1860458598,1.2069888604276073,31381,1.0623962938917075,1.0623962948359842,1.9276477733463662
1734,1334,0,1,603016112,4248249977,3645233866,0.23663577000883507,64203,0.029646909021938953,0.029646909581228145,0.17047171291648786
1735,1334,0,1,603016112,4191738172,3588722061,0.25917695223956017,64520,0.022541181956994987,0.022541182230725588,0.11866280152162446
1736,1334,0,1,603016112,4190369183,3587353072,0.25972740178995934,65511,0.0005504494793435254,0.000550449550397964,0.006306543095994724
1737,1334,0,1,603016112,4188453329,3585437218,0.2604980901884346,65501,0.0007706880901105886,0.0007706883984746945,0.008351252400307612
1738,1334,0,1,603016112,4186976174,3583960063,0.2610925848550707,65509,0.0005944945118882062,0.0005944946666374182,0.006672565559766865
1739,1334,0,1,603016112,4185827749,3582811638,0.2615549484228339,65515,0.0004623634480924974,0.0004623635677645691,0.00532199045253682
1740,1334,0,1,603016112,4184351676,3581335565,0.2621494429710012,65509,0.0005944945118882062,0.0005944945481667414,0.006691564468730435
1741,1334,0,1,603016112,4176427883,3573411772,0.2653449776283203,65391,0.003195534403982369,0.003195534657318058,0.02954637806199824
1742,1334,0,1,603016112,4175228312,3572212201,0.26582936224069087,65514,0.000484384451701118,0.00048438461237005324,0.0054891046595572975
1743,1334,0,1,603016112,4173920128,3570904017,0.2663577900396703,65512,0.0005284274673163702,0.0005284277989806198,0.0060593958318253035
1744,1334,0,1,603016112,4172231010,3569214899,0.26704037872935515,65505,0.0006825886112264284,0.0006825886896855044,0.007592036552729142
1745,1334,0,1,603016112,4170270381,3567254270,0.2678330928123316,65500,0.0007927138004626774,0.0007927140829742846,0.008368467493119043
1746,1334,0,1,603016112,4169127309,3566111198,0.268295456426614,65515,0.0004623634480924974,0.00046236361428329755,0.005350984204518786
1747,1334,0,1,603016112,4167440458,3564424347,0.26897804516134727,65505,0.0006825886112264284,0.0006825887347335354,0.0074133636714952145
1748,1334,0,1,603016112,4165863182,3562847071,0.2696165863833677,65507,0.0006385408891551363,0.0006385412220205586,0.00697035748317309
1749,1334,0,1,603016112,4164938981,3561922870,0.2699908694038733,65519,0.0003742827947452993,0.00037428302050576055,0.004463541174757649
1750,1334,0,1,603016112,4163417163,3560401052,0.270607387085235,65508,0.0006165175324262582,0.0006165176813611282,0.006958348122216477
1751,1334,0,1,603016112,4160918102,3557901991,0.2716203765682401,65490,0.00101298940069043,0.0010129894830061138,0.010183324519003056
1752,1334,0,1,603016112,4159235134,3556219023,0.2723029653597706,65505,0.0006825886112264284,0.0006825887915289627,0.007562157463067985
1753,1334,0,1,603016112,4157824280,3554808169,0.2728754373925639,65510,0.0005724718275307164,0.0005724720327932192,0.006445056365093589
1754,1334,0,1,603016112,4155166418,3552150307,0.2739545163033199,65487,0.0010790786396167112,0.0010790789107553195,0.010835108371342633
1755,1334,0,1,603016112,4068877610,3465861499,0.30943314261151755,63944,0.03547862610276203,0.03547862630819825,0.2063754966666122
1756,1334,0,1,603016112,3925982746,3322966635,0.37017533861776997,62834,0.06074219576242196,0.06074219600625198,0.3582579475434139
1757,1340,6,0,1924461216,3402597247,1478136032,1.5388681000337243,911,6.16869275619795,6.168692761415956,1.943046038716982
1758,1343,3,0,1101505288,3476230423,2374725136,0.8548866085187861,13161,2.316018508259613,2.3160185084850604,1.5919883178908185
1759,1344,1,2,705153504,2948271559,2243118056,0.9371415941032843,7738,3.0822549865567836,3.082254985584499,1.0155118862105181
1760,1344,0,2,705153504,2619176403,1914022900,1.1660390552081914,55921,0.2288974607003377,0.22889746110490788,0.924160112597964
1761,1344,0,2,705153504,2589853908,1884700405,1.1883119374123616,64532,0.0222728817285512,0.022272882204171205,0.15623353244216792
1762,1344,0,2,705153504,2577545378,1872391875,1.1977647362243609,65108,0.009452798238958521,0.009452798811996394,0.06116659161111991
1763,1347,3,0,1410307008,3707426933,2297119926,0.9028209683884363,40201,0.7050562315563661,0.7050562321640756,1.8271741230207612
1764,1347,0,0,1410307008,3705358908,2295051901,0.9041203664623865,65477,0.0012993979706836883,0.0012993980739494126,0.013161838724007358
1765,1347,0,0,1410307008,3680214754,2269907747,0.9200134809425435,64818,0.015893114367407146,0.015893114480157216,0.09853346306100359
1766,1353,6,0,502120832,2206768319,1704647488,1.3331737175532261,769,6.413160212038173,6.413160236610683,0.302690861234512
1767,1354,1,0,1004241664,4228495405,3224253742,0.4136818606093584,61979,0.08050814249769343,0.08050814305613306,0.32410222174192793
1768,1354,0,0,1004241664,2907966311,1903724648,1.173822321618026,38695,0.7601404608310293,0.7601404610086683,1.4491745091384842
1769,1354,0,0,1004241664,2815882461,1811640798,1.245350211774987,62366,0.07152788943468824,0.07152789015696116,0.3675198688380359
1770,1356,2,0,539631888,2639538531,2099906644,1.0323219548995013,18991,1.7869717456605299,1.7869717431245136,0.9114570845073584
1771,1356,0,0,539631888,2318285112,1778653225,1.27186188292929,55510,0.23953992735105512,0.239539928029791,0.9736647070370308
1772,1356,0,0,539631888,2315489682,1775857795,1.274131086095025,65433,0.002269202938821913,0.0022692031657331906,0.01915972467823676
1773,1356,0,0,539631888,2315083220,1775451333,1.2744613309107464,65521,0.00033024448458043404,0.0003302448157199439,0.0039922782726164955
1774,1357,1,1,11043904,4026832199,4015788296,0.09696393059991948,37058,0.8225025984469974,0.822502599689175,2.3217751924999877
1775,1357,0,1,11043904,3985715958,3974672055,0.11181131558985058,64865,0.014847384859444186,0.014847384989931626,0.0849505714530883
1776,1357,0,1,11043904,2784386855,2773342952,0.6310211147223832,45728,0.5192097989041835,0.5192097991325334,1.5740269523374424
1777,1357,0,1,11043904,2758699916,2747656013,0.644445745715938,64929,0.013424630493294187,0.013424630993553451,0.0874294407464774
1778,1357,0,2,1514611102,3349540195,1834929094,1.2269228310166511,21883,1.5824770857737087,1.582477085300712,0.9627725945785717
1779,1357,0,3,881738556,3726080241,2844341686,0.5945523621084483,50794,0.3676295305687934,0.36762953109179775,1.1360715265124672
1780,1357,0,3,881738556,2213331073,1331592518,1.689494476667008,30681,1.0949421144177414,1.0949421145585603,1.852302639653061
1781,1361,4,1,1379470576,4204390783,2824920208,0.6044370279189941,34758,0.9149425496070374,0.9149425512519846,2.0338207664319854
1782,1363,2,0,951814046,2549021585,1597207540,1.4270953583272536,18527,1.8226583297771237,1.8226583304082595,1.9814754597943067
1783,1363,0,0,951814046,2505518541,1553704496,1.466935006936442,63751,0.039839648146102045,0.0398396486091878,0.24001363671563733
1784,1363,0,0,951814046,2505115510,1553301465,1.4673092906266447,65519,0.0003742827947452993,0.0003742836902049096,0.004463541174757649
1785,1363,0,0,951814046,2155589498,1203775453,1.8350808428329337,50789,0.3677715518757103,0.3677715522062895,1.1716354213080504
1786,1364,1,0,1903628092,3932905197,2029277106,1.0816812616214797,55239,0.24660041794545343,0.24660041878854516,0.7480482141810081
1787,1365,1,2,225682584,2755095247,2529412664,0.7638447196336564,10211,2.6821634589954217,2.682163458012178,2.588015293056708
1788,1365,0,2,225682584,2233357570,2007674987,1.097121408893802,52018,0.33327668917330155,0.3332766892601429,0.8117652420418114
1789,1368,3,0,451365168,2265673995,1814308828,1.2432270965959908,29612,1.1461056867523856,1.14610568770219,2.7352684895601267
1790,1368,0,0,451365168,2260801583,1809436416,1.247106734038688,65360,0.0038796369669542195,0.0038796374426972756,0.033584676811645946
1791,1369,1,0,902730336,3935005173,3032274838,0.502246624216518,54913,0.25513988988418435,0.25513989017782973,1.0180581398051107
1792,1370,1,0,1805460672,4174055237,2368594566,0.8586158734291516,25596,1.3563692489382724,1.356369249212632,2.980806609928724
1793,1370,0,1,1463437696,3604699805,2141262110,1.0041857404575119,29623,1.145569866861031,1.1455698670283605,2.174130857502405
1794,1370,0,1,1463437696,3596335499,2132897804,1.0098323041957862,65280,0.005646563141142063,0.005646563738277727,0.0450717237229053
1795,1370,0,2,779391744,3919375569,3139983826,0.45189001817380614,48240,0.4420577132125529,0.44205771397801935,1.151231659560182
1796,1373,3,0,1558783488,3968008137,2409224650,0.8340782209595972,25142,1.3821882023820666,1.3821882027857886,2.730682685542072
1797,1373,0,0,1558783488,3959075007,2400291520,0.8394375114643218,65293,0.005359290342117367,0.00535929050472446,0.04061672452356441
1798,1373,0,1,970083328,4074830521,3104747194,0.4681713451399503,42385,0.6287338333607048,0.6287338336756303,1.4796767855881159
1799,1373,0,1,970083328,3966437247,2996353920,0.5194391055039489,63248,0.051267760180386306,0.05126776036399896,0.23212200953865053
1800,1375,2,0,705470862,2688561909,1983091048,1.1148962296760985,21687,1.5954571241238396,1.59545712417215,1.9344314314349031
1801,1375,0,0,705470862,2687744900,1982274039,1.1154907246713783,65509,0.0005944945118882062,0.0005944949952803589,0.0067417194442828485
1802,1375,0,0,705470862,2687049216,1981578355,1.1159971309485925,65513,0.0005064057914389884,0.0005064062772116095,0.005877321817238502
1803,1375,0,0,705470862,2686172357,1980701496,1.1166356724949154,65507,0.0006385408891551363,0.000638541546322636,0.00697035748317309
1804,1375,0,0,705470862,2685235440,1979764579,1.1173182616191433,65505,0.0006825886112264284,0.0006825891242306799,0.007463828188614655
1805,1375,0,0,705470862,2684570846,1979099985,1.117802646200385,65514,0.000484384451701118,0.00048438458124103786,0.0056111749720572975
1806,1375,0,0,705470862,2683755481,1978284620,1.118397141391565,65509,0.0005944945118882062,0.0005944951911793213,0.0066806842880328485
1807,1375,0,0,705470862,2680163319,1974692458,1.1210191630363724,65417,0.0026220209864989156,0.0026220216448078638,0.024034720497690815
1808,1375,0,0,705470862,2679590822,1974119961,1.1214374855601967,65517,0.000418322449221962,0.0004183225238233635,0.004934802732935719
1809,1375,0,0,705470862,2621604662,1916133801,1.1644488400026098,63611,0.043011353789457696,0.043011354442414704,0.2550431911438547
1810,1375,0,0,705470862,2414454271,1708983410,1.3295087539305825,58451,0.1650599133548721,0.16505991392797018,0.6996727697353998
1811,1375,0,0,705470862,2411220720,1705749859,1.3322410489703636,65412,0.0027322943235718405,0.0027322950397828125,0.02284628551372421
1812,1375,0,0,705470862,2410648111,1705177250,1.3327254335063152,65514,0.000484384451701118,0.0004843845359514873,0.0056111749720572975
1813,1375,0,0,705470862,2409295126,1703824265,1.3338706045153614,65484,0.001145170906201281,0.0011451710090462435,0.011345819976824077
1814,1375,0,0,705470862,2328362433,1622891572,1.4040805316875584,62423,0.07020992674487199,0.07020992717219575,0.33196382049595957
1815,1375,0,0,705470862,2149075705,1443604844,1.5729712567106695,58296,0.1688907246429788,0.16889072502311017,0.7456521716106197
1816,1376,1,0,1410941724,4235020131,2824078408,0.6048670017168156,64103,0.03189574435778882,0.03189574500614842,0.19257323492612072
1817,1376,0,0,1410941724,3699731099,2288789376,0.9080624398616806,53114,0.3031954379815861,0.30319543814486277,0.7677467102624307
1818,1376,0,0,1410941724,3622443945,2211502222,0.9576204542330764,63323,0.049558014018459655,0.04955801437139653,0.3065819184680248
1819,1376,0,1,674399800,3396933967,2722534168,0.6576969910312123,40340,0.7000765364996762,0.700076536798138,1.124198736576014
1820,1376,0,1,674399800,3100112271,2425712472,0.8242385930011018,58391,0.16654160161871584,0.16654160196988899,0.6590584140768332
1821,1376,0,1,674399800,3086676394,2412276595,0.8322518078650489,65173,0.00801321479334929,0.008013214863945977,0.053928160762265906
1822,1376,0,1,674399800,3085535332,2411135533,0.8329343970677847,65505,0.0006825886112264284,0.0006825892027347854,0.007665228866604415
1823,1376,0,1,674399800,3084247646,2409847847,0.833705085578476,65501,0.0007706880901105886,0.0007706885106917122,0.008333777317487075
1824,1376,0,1,674399800,3083365133,2408965334,0.8342335132618217,65512,0.0005284274673163702,0.0005284276833450299,0.00604635333652084
1825,1376,0,1,674399800,3082519701,2408119902,0.8347399193171725,65513,0.0005064057914389884,0.0005064060553534835,0.005724733926613502
1826,1376,0,1,674399800,3081417351,2407017552,0.8354004840139453,65506,0.0006605645820851047,0.0006605646967717411,0.00731249761195006
1827,1376,0,1,674399800,3079874767,2405474968,0.8363253595764206,65494,0.0009248751246666447,0.0009248755624758601,0.010021962492433166
1828,1376,0,1,674399800,3078957151,2404557352,0.8368758091287845,65511,0.0005504494793435254,0.0005504495523640161,0.0061573970158125746
1829,1376,0,1,674399800,3078039885,2403640086,0.8374262587068202,65511,0.0005504494793435254,0.0005504495780356579,0.0062704632623674
1830,1376,0,1,674399800,3076866232,2402466433,0.8381308720522753,65504,0.0007046129765893727,0.0007046133454547222,0.0077918272920865375
1831,1376,0,1,674399800,3075399882,2401000083,0.8390116925729885,65496,0.000880820004703256,0.0008808205207114071,0.009085869158167885
1832,1376,0,1,674399800,3074740427,2400340628,0.8394079954064821,65518,0.0003963024539395264,0.0003963028334949295,0.004668654543719633
1833,1376,0,1,674399800,3073788143,2399388344,0.8399804674899514,65510,0.0005724718275307164,0.0005724720834694275,0.006362507696663764
1834,1376,0,1,674399800,3072579954,2398180155,0.8407071057092779,65503,0.0007266376781842033,0.0007266382193262642,0.007714797177644346
1835,1376,0,1,674399800,3071957867,2397558068,0.8410813887886306,65519,0.0003742827947452993,0.00037428307935195295,0.004463541174757649
1836,1376,0,1,674399800,3071299358,2396899559,0.8414776912480804,65518,0.0003963024539395264,0.0003963024594501327,0.004699172121844633
1837,1376,0,1,674399800,3069397521,2394997722,0.8426228622697636,65484,0.001145170906201281,0.0011451710216841785,0.011203544374382344
1838,1376,0,1,674399800,3068337722,2393937923,0.8432614036492865,65507,0.0006385408891551363,0.0006385413795215279,0.007128901787457197
1839,1376,0,1,674399800,3067314921,2392915122,0.843877921407028,65508,0.0006165175324262582,0.0006165177577419866,0.0068546382302162034
1840,1376,0,1,674399800,3065708349,2391308550,0.8448468533396714,65492,0.0009689315899683129,0.0009689319326430717,0.010125183524053685
1841,1376,0,1,674399800,3005210461,2330810662,0.8818153307738967,63878,0.03696847732024712,0.03696847743422566,0.21029221969498915
1842,1376,0,1,674399800,2966301970,2291902171,0.9061016815111174,64442,0.024286350718509556,0.02428635073722013,0.18013807136757837
1843,1378,2,0,1348799600,4165486375,2816686776,0.6086480053879129,40271,0.7025463230581572,0.7025463238767983,1.3868157038569437
1844,1378,0,0,1348799600,4163982101,2815182502,0.6094186939761705,65501,0.0007706880901105886,0.0007706885882544549,0.008276717898244686
1845,1378,0,0,1348799600,3548289797,2199490198,0.9654779741034147,51203,0.3560592797891767,0.3560592801272466,0.7717552225510546
1846,1378,0,0,1348799600,3547551442,2198751843,0.9659623590449407,65514,0.000484384451701118,0.00048438494152546727,0.005630173881020868
1847,1378,0,0,1348799600,3531581503,2182781904,0.976479157570644,65060,0.01051679807150578,0.010516798525702512,0.07026843998724594
1848,1380,2,0,1511354380,3822699795,2311345416,0.893914268418385,17349,1.9174351124953553,1.91743511084774,1.593251629943837
1849,1380,0,0,1511354380,3801503527,2290149148,0.9072055878342837,64935,0.013291319179127166,0.01329131941589919,0.08815125851421055
1850,1380,0,0,1511354380,3790985111,2279630732,0.9138469989299942,65235,0.006641410927413218,0.0066414110957106615,0.05108054740153401
1851,1380,0,1,875225112,4284722869,3409497758,0.33308790981649494,49009,0.41924091075163583,0.4192409108865014,0.8222920618970531
1852,1380,0,1,875225112,4046241153,3171016042,0.43770197003672706,60952,0.10461406010149421,0.10461406022023338,0.4528514874413218
1853,1385,5,0,954667440,3776531087,2821863648,0.6059988671879672,3645,4.168296900785701,4.168296897151238,0.45187717958954654
1854,1385,0,0,954667440,3495705362,2541037923,0.7572292393687228,59014,0.1512303721691133,0.15123037218075686,0.7135806870766652
1855,1385,0,0,954667440,3494774806,2540107367,0.7577576669041939,65512,0.0005284274673163702,0.0005284275354695612,0.0060288782537003035
1856,1385,0,0,954667440,3493224447,2538557008,0.7586384871928438,65496,0.000880820004703256,0.0008808202886516207,0.008966800873393755
1857,1386,1,0,1909334880,4173723391,2264388512,0.9235256364973168,29229,1.1648871488064063,1.1648871493044701,1.5670052594606514
1858,1387,1,1,1017807980,3852439839,2834631860,0.5994857647225409,20510,1.6759601286327857,1.6759601282252254,1.5665600425550459
1859,1387,0,1,1017807980,3831116085,2813308106,0.6103795845957549,65043,0.010893819598060787,0.010893819873214597,0.08075300471829311
1860,1387,0,1,1017807980,3830257531,2812449552,0.6108199276332797,65516,0.0004403427806028656,0.00044034303752496154,0.005158914338864347
1861,1387,0,1,1017807980,3826824365,2809016386,0.6125821057673022,65456,0.0017621781119536897,0.001762178134022125,0.01647352283067777
1862,1387,0,1,1017807980,3505657986,2487850007,0.7877476383106412,58043,0.17516553224385276,0.17516553254333964,0.6356343850450301
1863,1387,0,1,1017807980,3502089597,2484281618,0.7898184193705156,65442,0.002070780697928415,0.002070781059873998,0.019605675367867614
1864,1387,0,1,1017807980,3329839602,2312031623,0.893486015461793,60992,0.1036675960900581,0.10366759609127676,0.48071105826770844
1865,1387,0,1,1017807980,3329028189,2311220210,0.8939924215869688,65513,0.0005064057914389884,0.0005064061251764871,0.005835285569952072
1866,1387,0,1,1017807980,3328146528,2310338549,0.894542871352602,65511,0.0005504494793435254,0.0005504497656332456,0.006325542004958294
1867,1387,0,1,1017807980,3326066602,2308258623,0.895842269856832,65477,0.0012993979706836883,0.0012993985042290886,0.012649345838091745
1868,1387,0,1,1017807980,3325080407,2307272428,0.8964587877143799,65508,0.0006165175324262582,0.000616517857546697,0.006823235314412013
1869,1387,0,1,1017807980,3323812984,2306005005,0.8972515017660996,65500,0.0007927138004626774,0.000792714051720825,0.008598086426278047
1870,1387,0,1,1017807980,3323109247,2305301268,0.8976918446224467,65516,0.0004403427806028656,0.00044034285634713506,0.005158914338864347
1871,1387,0,1,1017807980,3322089139,2304281160,0.8983303860954699,65507,0.0006385408891551363,0.0006385414730223902,0.00716498162108452
1872,1387,0,1,1017807980,3321245286,2303437307,0.8988588135854165,65512,0.0005284274673163702,0.0005284274899470956,0.006070914500986733
1873,1387,0,1,1017807980,3315902841,2298094862,0.9022087944560404,65384,0.003349980824106516,0.003349980870622763,0.02835569304375368
1874,1389,2,3,178710480,2749479679,2570769200,0.7404470531358136,4582,3.838238256695325,3.838238258679774,1.1441421031118664
1875,1389,0,3,178710480,2729827039,2551116560,0.7515183291226286,65035,0.01107127559125969,0.011071275986816575,0.07051721157281883
1876,1389,0,3,178710480,2728931719,2550221240,0.7520247350059144,65513,0.0005064057914389884,0.0005064058832846288,0.005854284478915642
1877,1389,0,3,178710480,2728231279,2549520800,0.7524210379219696,65518,0.0003963024539395264,0.00039630291605677277,0.004687653452683203
1878,1393,4,0,357420960,3537708515,3180287556,0.4334899286615439,40875,0.6810688898398304,0.6810688907395727,1.4977462816667555
1879,1394,1,0,714841920,3046192241,2331350322,0.8814813376698751,24021,1.4479914084157213,1.4479914090083326,2.087813191575572
1880,1394,0,0,714841920,3044804871,2329962952,0.8823401307868899,65497,0.0008587929491977406,0.0008587931170152446,0.008731177319401446
1881,1394,0,0,714841920,3043169459,2328327540,0.8833531208025178,65490,0.00101298940069043,0.0010129900156279957,0.01054691044762508
1882,1394,0,0,714841920,3038799581,2323957662,0.8860633601366246,65413,0.002710238981841788,0.0027102393341065377,0.024387633215222842
1883,1394,0,0,714841920,3038196747,2323354828,0.8864376433934673,65519,0.0003742827947452993,0.00037428325684091306,0.004463541174757649
1884,1394,0,0,714841920,3037523166,2322681247,0.8868559664367908,65517,0.000418322449221962,0.00041832304332485283,0.004904285154810719
1885,1394,0,0,714841920,3033518298,2318676379,0.8893456710027934,65423,0.002489704107082812,0.002489704565999805,0.02365653104805389
1886,1394,0,0,714841920,3026194597,2311352678,0.8939097356320431,65329,0.004564064074153165,0.004564064629251963,0.033709457870787586
1887,1394,0,0,714841920,3024995469,2310153550,0.8946583989346415,65502,0.0007486627160211863,0.0007486633025970792,0.008138664504171337
1888,1394,0,0,714841920,2997923357,2283081438,0.9116648242946361,64768,0.01700642530568987,0.017006425359994377,0.1083854111161532
1889,1394,0,0,714841920,2994753184,2279911265,0.9136694707621729,65445,0.0020046460149816775,0.002004646467536991,0.019777595634135288
1890,1394,0,0,714841920,2993222481,2278380562,0.9146384028946457,65492,0.0009689315899683129,0.0009689321324719552,0.010178388911951265
1891,1394,0,0,714841920,2992283817,2277441898,0.9152328974909167,65509,0.0005944945118882062,0.000594494596272555,0.006705245452498742
1892,1394,0,0,714841920,2991380290,2276538371,0.9158053698611575,65510,0.0005724718275307164,0.0005724723702411782,0.006351979804575556
1893,1394,0,0,714841920,2990303436,2275461517,0.9164879586101762,65505,0.0006825886112264284,0.0006825887490192462,0.0075070787204770915
1894,1394,0,0,714841920,2981796843,2266954924,0.9218914411142158,65291,0.005403482434287977,0.00540348250404019,0.045537172679785576
1895,1394,0,0,714841920,2980897477,2266055558,0.9224639131569461,65510,0.0005724718275307164,0.0005724720427281032,0.006351979804575556
1896,1394,0,0,714841920,2979998468,2265156549,0.9230363850750116,65510,0.0005724718275307164,0.0005724719180675981,0.006506091521343589
1897,1394,0,0,714841920,2978926998,2264085079,0.9237189737338909,65505,0.0006825886112264284,0.000682588658878956,0.007575199958372449
1898,1394,0,0,714841920,2977441468,2262599549,0.9246658772702112,65493,0.0009469031891450585,0.0009469035363199571,0.009733704146677503
1899,1394,0,0,714841920,2976750977,2261909058,0.9251062203154952,65516,0.0004403427806028656,0.0004403430452849075,0.005139915429900777
1900,1394,0,0,714841920,2975888127,2261046208,0.9256566699033968,65511,0.0005504494793435254,0.0005504495879010096,0.0061654738745311535
1901,1394,0,0,714841920,2974542594,2259700675,0.926515463325817,65497,0.0008587929491977406,0.0008587934224202671,0.008908230589231219
1902,1394,0,0,714841920,2973956428,2259114509,0.9268897467393451,65519,0.0003742827947452993,0.0003742834135262302,0.004463541174757649
1903,1394,0,0,714841920,2973094644,2258252725,0.927440196350279,65511,0.0005504494793435254,0.0005504496109337832,0.006295024426833294
1904,1394,0,0,714841920,2971268359,2256426440,0.9286073988735026,65483,0.0011672023345903715,0.0011672025232234075,0.011439163558560454
1905,1394,0,0,714841920,2970201018,2255359099,0.92928998787648,65505,0.0006825886112264284,0.0006825890029800128,0.007548476479299678
1906,1394,0,0,714841920,2969168596,2254326677,0.9299505528025129,65506,0.0006605645820851047,0.0006605649260323617,0.007293212503132026
1907,1394,0,0,714841920,2968239842,2253397923,0.9305450473326218,65509,0.0005944945118882062,0.0005944945301076726,0.006544357195652378
1908,1394,0,0,714841920,2913190860,2198348941,0.9662267444877806,63935,0.03568169705873508,0.035681697155157795,0.19888596650436471
1909,1394,0,0,714841920,2777102272,2062260353,1.0584206667164118,61479,0.09219392169990896,0.09219392222863196,0.44941476504009914
1910,1394,0,0,714841920,2200332710,1485490791,1.5317074845090843,47207,0.47328681771716885,0.47328681779267257,1.2647364634542113
1911,1395,1,1,711884032,3117374519,2405490488,0.8363160514127124,26531,1.304608566148484,1.3046085669036271,2.3040379753778213
1912,1400,5,2,2019040640,4011087487,1992046848,1.1083955696004537,848,6.272079545436801,6.272079518187742,0.10753757691763258
1913,1400,0,2,2019040640,3879107088,1860066449,1.2072929849329057,61194,0.09889741515672713,0.09889741533245228,0.47248913570800594
1914,1400,0,2,2019040640,3859296199,1840255560,1.2227410158495253,64838,0.015448030436904386,0.015448030916618581,0.08863965597538086
1915,1400,0,2,2019040640,3820264899,1801224260,1.2536693319832857,64146,0.03092831554223722,0.030928316133760965,0.19190341527764504
1916,1400,0,3,1890597632,3653288619,1762690988,1.2848675636724316,32067,1.0311982304243883,1.0311982316891473,1.3339405890209621
1917,1410,10,0,1022449664,3607959295,2585509632,0.7321984665984509,751,6.447330902485728,6.447330902926019,1.5636085648506537
1918,1410,0,0,1022449664,3604526993,2582077330,0.7341149378020582,65449,0.0019164711534089207,0.0019164712036077436,0.017308008307200553
1919,1410,0,0,1022449664,3518124167,2495674504,0.7832173616880596,63343,0.049102423709180686,0.04910242388600198,0.23780601699234027
1920,1410,0,0,1022449664,2747365317,1724915654,1.3161213281988715,45296,0.532903966094253,0.5329039665108123,1.6131224637134378
1921,1410,0,0,1022449664,2572731293,1550281630,1.470116821290631,58901,0.1539954926292112,0.1539954930917573,0.6442037956187822
1922,1410,0,0,1022449664,2503562843,1481113180,1.5359652569157802,62612,0.06584843483622035,0.06584843562514817,0.2968752682528232
1923,1411,1,0,2044899328,3719739651,1674840324,1.358623587610026,37054,0.8226583297771236,0.822658330694246,1.773924941899053
1924,1411,0,0,2044899328,3644707131,1599807804,1.4247485514456066,62600,0.06612496329265698,0.06612496383558199,0.28229129613139475
1925,1411,0,0,2044899328,3636041179,1591141852,1.4325846868034056,65181,0.007836134529734796,0.007836135357799647,0.05439474998034469
1926,1411,0,0,2044899328,3598894465,1553995138,1.4666651560353365,64006,0.03408046901740184,0.034080469231930643,0.17622984572752082
1927,1412,1,2,297235360,2205014791,1907779432,1.1707527622773064,10057,2.7040876066184145,2.7040876062419676,1.9328089742656402
1928,1415,3,0,594470720,3964756843,3370286124,0.34977607028812585,57888,0.17902330737875902,0.17902330801082084,0.6315395361440304
1929,1415,0,0,594470720,3212850205,2618379486,0.7139729414370031,50915,0.36419687107351256,0.3641968711488765,1.1548778159491901
1930,1417,2,0,829797364,4256671831,3426874468,0.32575380146068156,21443,1.611780859134975,1.611780860023678,0.9190370564349964
1931,1417,0,0,829797364,4255573741,3425776378,0.3262161653098268,65515,0.0004623634480924974,0.0004623638491472949,0.00539454427794825
1932,1417,0,0,829797364,4254423730,3424626367,0.3267005500223803,65514,0.000484384451701118,0.00048438471255272703,0.005557620055609438
1933,1418,1,0,661959032,3923443253,3261484222,0.39711849676507427,31207,1.0704179460883438,1.0704179467426924,1.2303871402752908
1934,1418,0,0,661959032,3777428929,3115469898,0.46319736851490845,62602,0.06607887153562396,0.0660788717498355,0.33156144893095846
1935,1423,5,0,962986048,3967406463,3004420416,0.5155604391403941,1975,5.0523630620481725,5.0523630706254865,0.2928076720320862
1936,1423,0,0,962986048,3951315283,2988329236,0.5233080417360121,65185,0.007747602548000805,0.007747602595618337,0.0546648620151099
1937,1423,0,0,962986048,3939778916,2976792869,0.5288883064541636,65283,0.00558026434097006,0.005580264718151409,0.048773680694251594
1938,1423,0,0,962986048,2729820901,1766834854,1.281479948483991,38898,0.7525916416981804,0.7525916420298259,1.2459342428682736
1939,1423,0,0,962986048,2729281705,1766295658,1.2819202919123818,65516,0.0004403427806028656,0.00044034342839260394,0.005115354265434883
1940,1423,0,0,962986048,2728688771,1765702724,1.2824046765903425,65514,0.000484384451701118,0.0004843846779601254,0.0056111749720572975
1941,1423,0,0,962986048,2728203806,1765217759,1.2828009792588801,65518,0.0003963024539395264,0.00039630266853802714,0.004687653452683203
1942,1423,0,0,962986048,2727314948,1764328901,1.2835276170848076,65503,0.0007266376781842033,0.0007266378259259877,0.007905777044353269
1943,1423,0,0,962986048,2701093385,1738107338,1.3051299664974536,64562,0.021602349372193973,0.021602349412647097,0.11830800939709973
1944,1423,0,0,962986048,2700536435,1737550388,1.305592330212896,65515,0.0004623634480924974,0.000462363715442922,0.00539454427794825
1945,1423,0,0,962986048,2699767560,1736781513,1.3062308714917847,65507,0.0006385408891551363,0.0006385412788873223,0.007057871788188801
1946,1423,0,0,962986048,2699131531,1736145484,1.3067592994692312,65512,0.0005284274673163702,0.0005284279774454383,0.00604635333652084
1947,1423,0,0,962986048,2698548718,1735562671,1.3072436843283413,65514,0.000484384451701118,0.000484384859109355,0.005524940162877561
1948,1423,0,0,962986048,2697886653,1734900606,1.3077941341257286,65511,0.0005504494793435254,0.0005504497973879521,0.0062529881795468645
1949,1423,0,0,962986048,2697092478,1734106431,1.3084546991473012,65506,0.0006605645820851047,0.0006605650215720022,0.007393522454236852
1950,1423,0,0,962986048,2696457429,1733471382,1.3089831268294887,65512,0.0005284274673163702,0.0005284276821876887,0.005921768420804585
1951,1423,0,0,962986048,2695822612,1732836565,1.3095115549795615,65512,0.0005284274673163702,0.0005284281500746801,0.0060593958318253035
1952,1423,0,0,962986048,2695082264,1732096217,1.310128072800591,65508,0.0006165175324262582,0.0006165178210296519,0.006936834610036652
1953,1423,0,0,962986048,2694183654,1731197607,1.3108767359436406,65502,0.0007486627160211863,0.0007486631430474132,0.007897217360283874
1954,1423,0,0,962986048,2693681750,1730695703,1.3112950587237115,65517,0.000418322449221962,0.00041832278007182766,0.004904285154810719
1955,1423,0,0,962986048,2692889500,1729903453,1.3119556236227865,65506,0.0006605645820851047,0.0006605648990758414,0.007150905655379885
1956,1423,0,0,962986048,2692150405,1729164358,1.312572141578336,65508,0.0006165175324262582,0.0006165179555496712,0.0067799847825495765
1957,1423,0,0,962986048,2691701860,1728715813,1.3129464250229574,65519,0.0003742827947452993,0.00037428344462146827,0.004463541174757649
1958,1423,0,0,962986048,2691174297,1728188250,1.3133867684724123,65516,0.0004403427806028656,0.0004403434494533917,0.005158914338864347
1959,1423,0,0,962986048,2689908534,1726922487,1.314443817130897,65488,0.001057048556915173,0.0010570486584864508,0.010526476601798774
1960,1423,0,0,962986048,2689197063,1726211016,1.3150383123608513,65509,0.0005944945118882062,0.000594495229952111,0.0067112018661578485
1961,1423,0,0,962986048,2688433206,1725447159,1.315676853414434,65507,0.0006385408891551363,0.0006385410535841785,0.007057585588334336
1962,1423,0,0,962986048,2687195778,1724209731,1.3167118730540999,65489,0.0010350188106098368,0.0010350196396647967,0.01035530848430558
1963,1423,0,0,962986048,2668410900,1705424853,1.3325159598649776,64822,0.01580408659564863,0.015804086810878176,0.10510362927928409
1964,1423,0,0,962986048,2652406928,1689420881,1.3461183582594103,64921,0.013602398076531994,0.013602398394434004,0.10557145910335064
1965,1423,0,0,962986048,2223787528,1260801481,1.7683060114446114,48909,0.4221876530103736,0.4221876531852021,1.3205490650046572
1966,1426,3,0,1027418000,3522549055,2495131056,0.783531551342719,16212,2.015225539953159,2.015225539898106,1.7163918778649163
1967,1426,0,0,1027418000,3521064220,2493646221,0.7843903446042155,65497,0.0008587929491977406,0.0008587932614951927,0.008819728026050574
1968,1426,0,0,1027418000,3071465163,2044047164,1.071218660851759,53720,0.28682831568519535,0.28682831624754607,0.9596230545319862
1969,1426,0,0,1027418000,3042022100,2014604101,1.0921507899607903,64592,0.020932128519489973,0.020932129109028814,0.14082313302648403
1970,1426,0,0,1027418000,3029418528,2002000529,1.1012047906282554,65126,0.009054000522519524,0.009054000667467284,0.06190911735561221
1971,1426,0,0,1027418000,2989247771,1961829772,1.130447281697112,64221,0.029242490674806765,0.029242491068856118,0.18569992506411107
1972,1426,0,0,1027418000,2919289333,1891871334,1.182833171560631,63199,0.05238588968194985,0.05238588986351773,0.30892885794636904
1973,1426,0,0,1027418000,2918654244,1891236245,1.1833175562841909,65514,0.000484384451701118,0.00048438472356243537,0.0056111749720572975
1974,1426,0,0,1027418000,2631575109,1604157110,1.4208317007807771,55588,0.23751414413841723,0.23751414449658645,0.8160983080912455
1975,1426,0,0,1027418000,2618993676,1591575677,1.4321913894565412,65022,0.011359688142587471,0.011359688675761715,0.07299063657955598
1976,1426,0,0,1027418000,2604568078,1577150079,1.445327194872661,64942,0.013135804880275152,0.013135805416120833,0.08777086940256293
1977,1426,0,0,1027418000,2603894246,1576476247,1.4459437131275799,65508,0.0006165175324262582,0.0006165182549192559,0.006929354370234511
1978,1426,0,0,1027418000,2603076371,1575658372,1.4466923767321944,65502,0.0007486627160211863,0.0007486636046150479,0.00830703300081984
1979,1426,0,0,1027418000,2602210836,1574792837,1.4474850905378034,65500,0.0007927138004626774,0.0007927138056068425,0.00864593177828215
1980,1426,0,0,1027418000,2601465923,1574047924,1.4481676797143344,65505,0.0006825886112264284,0.0006825891765326176,0.0074753468577760844
1981,1426,0,0,1027418000,2600385110,1572967111,1.4491586401000944,65491,0.0009909603271466795,0.0009909603857580546,0.010308466648143177
1982,1426,0,0,1027418000,2599713065,1572295066,1.4497751585007528,65508,0.0006165175324262582,0.000616518400659265,0.006938710724789064
1983,1426,0,0,1027418000,2599161264,1571743265,1.4502815649059038,65513,0.0005064057914389884,0.0005064064051523528,0.005835285569952072
1984,1426,0,0,1027418000,2598561691,1571143692,1.4508320148686806,65511,0.0005504494793435254,0.00055044996277572,0.0063140233357968645
