position,stable_bits,released_bits,pending_underflow,low,high_inclusive,residual_width,residual_information_bits,selected_frequency,selected_information_bits,effective_interval_information_bits,table_entropy_bits
1,3,3,0,993001472,2588934143,1595932672,1.4282473564964562,3044,4.428247356496454,4.428247356496454,2.689557374772614
2,9,6,0,589080576,3706136575,3117056000,0.4624630718343674,2000,5.034215715337913,5.034215715337913,3.7605894774522115
3,9,0,0,589080576,2944518262,2355437687,0.8666519799366696,49523,0.404188907796054,0.4041889081023018,1.6605663195292075
4,9,0,0,589080576,2395912902,1806832327,1.2491845148689897,50272,0.3825325347058037,0.3825325349323218,1.5437840717024298
5,13,4,0,1650353008,3961827967,2311474960,0.893833411940637,5240,3.6446489035751872,3.6446488970716477,3.5486174351640885
6,19,6,1,1639763200,3423030015,1783266816,1.2681245679407454,395,7.374291156935535,7.374291156000107,0.9054424263492404
7,19,0,3,116601856,2691911675,2575309820,0.7379011413334133,23661,1.4697765719396418,1.469776573392667,2.963249322504475
8,23,4,0,233203712,2825882411,2592678700,0.7282037160036445,32989,0.9903025744939625,0.9903025746702304,2.267384742126155
9,23,0,0,233203712,2687299746,2454096035,0.8074554395934719,62033,0.07925172316517914,0.07925172358982938,0.3152860432127846
10,24,1,1,1474591464,3948758839,2474167376,0.7957040449083337,16518,1.9882486046832826,1.9882486053148591,3.106281962737285
11,26,2,0,1803252026,3599983191,1796731166,1.2572725827377589,23796,1.461568537049996,1.4615685378294274,0.9531744885695113
12,26,0,0,1803252026,3598831721,1795579696,1.258197458217328,65494,0.0009248751246666447,0.0009248754795686636,0.009252355022327404
13,26,0,0,1803252026,3553460017,1750207992,1.2951207661296387,63880,0.036923307701405034,0.0369233079123097,0.24605428482385838
14,28,2,0,1071377768,2666797467,1595419700,1.4287111486952604,14935,2.133590382801847,2.1335903825656235,2.6911195908159167
15,28,0,0,1071377768,2661466093,1590088326,1.4335402396594823,65317,0.004829090795818638,0.004829090964221554,0.037163986730511786
16,28,0,2,1356219752,3675066211,2318846460,0.8892398494148992,23893,1.455699610800526,1.4556996097554145,1.5076155235404292
17,28,0,2,1356219752,3316673941,1960454190,1.1314592152696576,55407,0.24221936570451646,0.2422193658547594,0.8542199474916589
18,28,0,3,564955856,3753625501,3188669646,0.4296925074280047,53297,0.2982332920989467,0.29823329215834665,1.2073595993647923
19,28,0,3,564955856,3748176114,3183220259,0.4321601600819953,65424,0.0024676524736343256,0.002467652653992423,0.020883834057460363
20,28,0,3,564955856,3506918560,2941962705,0.5458681882220127,60569,0.11370802789689677,0.11370802814001671,0.6562887412070347
21,32,4,1,112339776,3163117747,3050777972,0.4934699580179327,16990,1.9476017679284172,1.9476017697959218,3.0465185922732063
22,34,2,0,224679552,3103125063,2878445512,0.57735724322999,30917,1.0838872848586043,1.0838872852120551,2.6536524781720057
23,34,0,0,224679552,3002852066,2778172515,0.6285109574909349,63253,0.05115371404307196,0.05115371426094574,0.28985157564925973
24,34,0,0,224679552,2998782477,2774102926,0.6306258298464336,65440,0.00211487217088883,0.0021148723554993126,0.01802215246165915
25,35,1,0,449359104,3309475473,2860116370,0.5865732986581698,33784,0.9559474681986979,0.9559474688117336,2.492581559326012
26,35,0,0,449359104,3291320437,2841961334,0.595760219732103,65120,0.009186920846390613,0.009186921073936524,0.0623838478959362
27,35,0,0,449359104,2848781749,2399422646,0.8399598426620933,55331,0.24419962253274735,0.24419962292998978,1.0144114342689852
28,35,0,2,1897893524,4275788147,2377894624,0.8529623623015183,16237,2.0130025202509505,2.0130025196394254,1.3652384318245259
29,35,0,2,1897893524,3427981051,1530087528,1.4890329619849076,42170,0.6360705988335041,0.6360705996833887,2.0211508026627056
30,40,5,0,1527411264,4050972367,2523561104,0.7671861263991886,13511,2.278153162541215,2.278153164414282,2.917198036351348
31,40,0,0,1527411264,4047853341,2520442078,0.7689703457003176,65455,0.0017842189647608187,0.0017842193011282223,0.016886213900108103
32,40,0,1,907338880,3872058099,2964719220,0.5347516682559323,38544,0.7657813217615294,0.7657813225556152,1.245296537087373
33,40,0,1,907338880,2719619406,1812280527,1.2448408553168129,40061,0.710089186393427,0.7100891870608806,1.4300226381504475
34,40,0,3,747863252,3309545671,2561682420,0.7455555147878812,23159,1.50071466100026,1.5007146594710665,1.6477999229124647
35,45,5,0,1877365780,4178877327,2301511548,0.9000654646074757,14720,2.1545099490556248,2.154509949819594,1.0861259967903374
36,45,0,0,1877365780,4080791973,2203426194,0.9628985731258624,62743,0.06283310845664598,0.06283310851838854,0.3024778855861963
37,47,2,0,491802108,3146295895,2654493788,0.6942103807178803,19738,1.7313118077718106,1.7313118075920177,1.1506855076073823
38,47,0,0,491802108,2218259980,1726457873,1.3148320143451606,42624,0.6206216329287378,0.6206216336272796,1.2244001418849564
39,55,8,0,1699050240,3782938879,2083888640,1.0433689618773343,309,7.728536972095625,7.728536947532175,2.0867622924506306
40,55,0,1,1250616832,3742977661,2492360830,0.78513419724759,39191,0.7417652351441412,0.7417652353702532,1.6261143813573797
41,55,0,1,1250616832,3643794356,2393177525,0.8437197265975591,62928,0.05858552905708927,0.05858552934997138,0.3077376816228351
42,55,0,1,1250616832,3557504706,2306887875,0.8966992616775329,63173,0.05297953497667299,0.05297953507997193,0.34478047974160886
43,55,0,2,353750016,4079069801,3725319786,0.2052828724190192,52916,0.3085836101995889,0.30858361074148905,0.8472789423583394
44,55,0,2,353750016,2601072368,2247322353,0.9344400683498009,39535,0.7291571958004783,0.7291571959307788,2.247736747052716
45,55,0,2,353750016,2598054723,2244304708,0.9363785828669471,65448,0.0019385143635805371,0.0019385145171459794,0.01883581060037906
46,62,7,0,1400002272,3334180895,1934178624,1.1509261102170036,1765,5.214547531841458,5.214547527350059,2.5299944113113217
47,62,0,0,1400002272,3332557667,1932555396,1.1521373769404377,65481,0.001211266200721556,0.001211266723432795,0.011850210891551076
48,62,0,1,652520896,2204203403,1551682508,1.468813750209872,26310,1.3166763719467485,1.3166763732694344,3.0486053219096387
49,66,4,1,722351248,3359756911,2637405664,0.7035276542842901,6962,3.2347139012763173,3.234713904074417,3.5707563778723297
50,71,5,0,761462368,2610093151,1848630784,1.216190033376435,2871,4.512662384792819,4.512662379092147,2.8791525625662384
51,71,0,0,761462368,2609500785,1848038418,1.2166523974405195,65515,0.0004623634480924974,0.0004623640640843993,0.00539454427794825
52,71,0,0,761462368,2606568106,1845105739,1.2189436496414991,65432,0.0022912515391492285,0.0022912522009803735,0.02193429853813987
53,72,1,1,898365824,3902406079,3004040256,0.5157430000249263,26675,1.2967993494008503,1.2967993503834256,2.677717646488701
54,72,0,1,898365824,2951908966,2053543143,1.0645318887195039,44800,0.5487888881676712,0.5487888886945758,1.426130291694423
55,72,0,1,898365824,2517360987,1618995164,1.4075484697516636,51668,0.34301658042545635,0.34301658103216287,1.3397469074462431
56,74,2,0,1796731648,4256499537,2459767890,0.8041249604267655,49785,0.3965764903131816,0.3965764906751007,1.4064790355534813
57,74,0,0,1796731648,3801223284,2004491637,1.0994107476239812,53406,0.29528578707742065,0.29528578719721477,0.7001172314800771
58,74,0,2,744475648,4202419471,3457943824,0.31273271413444803,28264,1.2133219661093475,1.2133219665104658,2.1665658674659007
59,74,0,2,744475648,3090786773,2346311126,0.8722528154367168,44468,0.5595201011887817,0.5595201013022699,1.2724516374378179
60,79,5,2,1805455040,3920342879,2114887840,1.0220659918725126,1846,5.149813162354226,5.1498131764357975,1.5415962587839984
61,79,0,2,1805455040,3706259536,1900804497,1.176036991572225,58902,0.1539709992794506,0.15397099969971273,0.47820779095859595
62,79,0,2,1805455040,3705737464,1900282425,1.1764332943695983,65518,0.0003963024539395264,0.00039630279737294145,0.004687653452683203
63,79,0,2,1805455040,3683265557,1877810518,1.1935956519961302,64761,0.017162357418128847,0.017162357626530553,0.09875725633957648
64,83,4,1,997281952,3494228967,2496947016,0.7824819377091856,10893,2.5888862844786367,2.588886285713057,2.9068280253124317
65,83,0,1,997281952,2320279817,1322997866,1.6988364114672159,34724,0.9163544731355872,0.9163544737580306,1.3397388673570438
66,85,2,0,1994563904,4074869843,2080305940,1.0458514322321797,51525,0.347015020686019,0.34701502076496066,1.282610429915233
67,85,0,0,1994563904,4074361955,2079798052,1.0462036962640262,65520,0.0003522634716290214,0.0003522640318493602,0.004227909891679893
68,85,0,0,1994563904,3812483086,1817919183,1.2403590811773881,57284,0.19415538450551784,0.19415538491336,0.6819518257331071
69,86,1,1,147799328,2246772547,2098973220,1.0329633860628817,18917,1.7926043070530868,1.7926043048854938,2.0790648114371817
70,91,5,0,219195520,3001769887,2782574368,0.6262268999879055,5430,3.593263517308276,3.5932635139250246,2.76671480742459
71,92,1,0,438391040,4045598575,3607207536,0.2517647169152255,42479,0.6255378164558952,0.6255378169273182,2.1832946560267485
72,92,0,0,438391040,4026389050,3587998011,0.25946805551164687,65187,0.007703338594360387,0.007703338596421879,0.05196067268245872
73,98,6,0,286235200,3432741247,3146506048,0.4488964300507874,898,6.189428365258853,6.189428374539142,1.837721541557686
74,98,0,0,286235200,2708962275,2422727076,0.8260152539271459,50461,0.3771188235547747,0.37711882387635937,1.2376304199308215
75,98,0,0,286235200,2693916347,2407681148,0.835002799039632,65129,0.008987544952699829,0.008987545112485522,0.0611879958540882
76,98,0,0,286235200,2617059825,2330824626,0.881806687543655,63444,0.046803887897901866,0.04680388850402053,0.24544321605760988
77,98,0,0,286235200,2614499104,2328263905,0.8833925513173142,65464,0.0015858634107395607,0.001585863773661086,0.015223185132699553
78,98,0,0,286235200,2591229254,2304994055,0.8978841163279228,64881,0.014491564706665157,0.014491565010608946,0.10560547892699941
79,98,0,0,286235200,2586797655,2300562456,0.9006605225487299,65410,0.0027764060185773093,0.0027764062208058505,0.024439457715461885
80,99,1,0,572470400,3283255829,2710785430,0.6639362236629189,38611,0.7632757008157346,0.7632757011141906,1.918178907768291
81,99,0,0,572470400,3120243051,2547772652,0.7534106001565064,61595,0.08947437615334412,0.08947437649358593,0.44033123114061673
82,99,0,0,572470400,2208602598,1636132199,1.392357823689867,42086,0.6389472230165903,0.6389472235333612,1.7814647688132799
83,99,0,0,572470400,2204683030,1632212631,1.3958181342268787,65379,0.003460309819433334,0.0034603105370133017,0.02908523724218779
84,102,3,1,668597792,3970082575,3301484784,0.3795321491917889,8285,2.983714017891186,2.98371401496491,1.736023736212102
85,102,0,1,668597792,3847012394,3178414603,0.43433981910003183,63093,0.05480766952935996,0.054807669908241284,0.30979456020645957
86,102,0,1,668597792,3821793039,3153195248,0.4458326405658646,65016,0.01149282107682941,0.011492821465834066,0.07732172179272989
87,106,4,1,1972759024,3263752287,1290993264,1.734165672881531,1677,5.288333026435653,5.288333032315665,3.194758127626914
88,106,0,2,1798034400,3559085055,1761050656,1.2862107376345655,44699,0.5520450644598246,0.5520450647530332,1.425615660865225
89,106,0,3,1448585152,3854068131,2405482980,0.8363205543493564,44759,0.5501098162889922,0.5501098167147932,1.7463356309116327
90,106,0,3,1448585152,3367032705,1918447554,1.1627078205405006,52267,0.3263872659993325,0.32638726619114494,1.3368612270112064
91,110,4,4,666414304,2841529183,2175114880,0.9815555462342225,2322,4.818847743134434,4.818847725693721,1.2740900219935472
92,110,0,6,1633777984,4118352871,2484574888,0.7896481189504421,18715,1.808092572212676,1.8080925727162176,1.4267155244370775
93,110,0,6,1633777984,4117215522,2483437539,0.7903086840415448,65506,0.0006605645820851047,0.0006605650911050531,0.007147374567811115
94,110,0,6,1633777984,4114790290,2481012307,0.7917182543126842,65472,0.0014095702546713536,0.0014095702711394334,0.013142100936037506
95,110,0,7,1120072320,3387342629,2267270310,0.9216907427388961,29945,1.1299724881342508,1.1299724884262117,1.72587442756043
96,119,9,0,185321984,3321500387,3136178404,0.45363951537272484,22663,1.531948770825825,1.5319487726338286,2.364350659299083
97,119,0,0,185321984,3306904830,3121582847,0.46036939049645653,65231,0.006729875050868586,0.006729875123731177,0.04978131803803629
98,119,0,0,185321984,3306095093,3120773110,0.4607436734014776,65519,0.0003742827947452993,0.00037428290501966737,0.004452022505596219
99,119,0,0,185321984,3113284876,2927962893,0.5527498760065761,61487,0.09200620216209533,0.0920062026050982,0.4022885686429025
100,119,0,0,185321984,2769360035,2584038052,0.733019831002224,57838,0.18026995474465693,0.1802699549956478,0.7888264103091586
101,119,0,0,185321984,2402076184,2216754201,0.9541983364119453,56221,0.22117850536249312,0.2211785054097233,0.825405363748236
102,124,5,1,270076928,4229494335,3959417408,0.1173589794518719,1829,5.1631606402512835,5.163160643039928,1.9609436623973675
103,128,4,1,1443199408,4242631247,2799431840,0.6175130919821541,2896,4.500154112916794,4.50015411253028,0.43424095477163027
104,128,0,1,1443199408,3917776523,2474577116,0.7954651439635114,57931,0.17795205154666616,0.1779520519813592,0.736452703612998
105,128,0,2,738915168,3087226019,2348310852,0.8710237516393136,31096,1.0755586076608028,1.0755586076758017,2.189763517198032
106,134,6,0,836025952,2441316575,1605290624,1.419812637546162,2800,4.548788888167671,4.548788885906847,1.9835068504814701
107,140,6,0,362588032,2282979647,1920391616,1.161246603374508,1225,5.741433966110067,5.741433965828349,2.2785562832115875
108,141,1,0,725176064,2934493785,2209317722,0.9590462384148566,37698,0.7977996345327392,0.7977996350403483,2.097089679599113
109,147,6,0,1824482816,4010067647,2185584832,0.9746277695691781,1013,6.015581541198862,6.015581531154321,0.7878513023975913
110,149,2,1,680244728,2436556367,1756311640,1.2900982865667032,6583,3.3154705175815127,3.3154705169975243,1.7096766396756327
111,151,2,0,1360489456,4247083683,2886594228,0.5732788255530288,53856,0.283180538670051,0.28318053898632517,0.9513943599984613
112,151,0,0,1360489456,4245982534,2885493079,0.5738292753769336,65511,0.0005504494793435254,0.0005504498239051406,0.0061573970158125746
113,153,2,0,1601357452,4153285839,2551928388,0.751059301129942,14490,2.1772300255557084,2.1772300257530097,2.5324785464510406
114,154,1,1,965786240,3544504891,2578718652,0.7359927678095062,16556,1.9849334667697094,1.9849334666795617,1.5811601670661455
115,154,0,1,965786240,2373229285,1407443046,1.6095706030445314,35769,0.8735778352235776,0.8735778352350269,2.319221275565275
116,154,0,1,965786240,2371446787,1405660548,1.611398904977417,65453,0.001828301680591821,0.0018283019328874312,0.015658258703339888
117,154,0,1,965786240,2371125056,1405338817,1.6117291503172133,65521,0.00033024448458043404,0.0003302453397936154,0.0039922782726164955
118,154,0,5,470135840,3670232303,3200096464,0.42453175151458566,9327,2.8128025979377798,2.812802601197372,2.3245094386066674
119,162,8,1,791017088,4289560047,3498542960,0.29589293882629164,4478,3.8713611871474023,3.8713611873117064,1.5970166524937413
120,162,0,1,791017088,4023443154,3232426067,0.41002977334627033,60551,0.1141368342200008,0.11413683451998069,0.4616085498493308
121,162,0,1,791017088,2920040389,2129023302,1.0124554059483444,43165,0.6024256319591123,0.602425632602075,1.328803927555325
122,167,5,0,456881584,2849953663,2393072080,0.8437832941049663,4604,3.8313278818677694,3.8313278881566215,2.660430852318147
123,167,0,0,456881584,2848785170,2391903587,0.8444879075480607,65504,0.0007046129765893727,0.0007046134430941456,0.007467652601872967
124,167,0,0,456881584,2846631814,2389750231,0.8457873057691501,65477,0.0012993979706836883,0.0012993982210866373,0.012502345892335447
125,167,0,2,580856808,3165036787,2584179980,0.7329405933150568,17717,1.8871532858317117,1.887153287545907,1.9623200574906152
126,167,0,4,224587888,2722018659,2497430772,0.7822024584971565,15834,2.0492618639525753,2.0492618651821024,2.4212965606632264
127,173,6,0,898351552,4257017907,3358666356,0.35475865810774465,22034,1.5725561982068068,1.5725561996105855,2.2896375167690826
128,175,2,1,1431472808,4016071527,2584598720,0.7327068382414481,6304,3.3779481805436236,3.3779481801337035,3.272003867310393
129,175,0,1,1431472808,3429039179,1997566372,1.1044037064577594,50651,0.37169686809147634,0.37169686821631426,0.9339541989470571
130,175,0,2,715461968,3884696601,3169234634,0.43851267254246906,51988,0.33410896524250905,0.3341089660847082,1.4129021773698436
131,178,3,0,1430923936,3755235663,2324311728,0.8858435754294689,24032,1.4473309024857282,1.4473309028869996,2.5619821318855363
132,178,0,0,1430923936,3743957417,2313033482,0.8928609963536225,65218,0.007017420920804633,0.0070174209241546945,0.05170826230610566
133,179,1,0,925866962,2747889063,1822022102,1.2371066861864009,25812,1.3442456898557829,1.3442456898327788,1.558776757152898
134,180,1,0,1851733924,3997313965,2145580042,1.0012794234208044,38587,0.7641727365445579,0.7641727372344032,1.5909253512936101
135,180,0,0,1851733924,3683936704,1832202781,1.2290679619275267,55964,0.22778853832803492,0.2277885385067208,0.7673745386820524
136,180,0,0,1851733924,3493268628,1641534705,1.3876018946090163,58716,0.1585339318458033,0.15853393268149124,0.6476263948577591
137,180,0,1,1555984200,3854072671,2298088472,0.9022128059676078,45874,0.5146109112307289,0.5146109113585917,1.572815378128847
138,180,0,1,1555984200,3682424369,2126440170,1.0142068824719281,60641,0.11199407599257749,0.11199407650431782,0.41415045890963603
139,180,0,2,964484752,3187357113,2222872362,0.9502220352540043,34254,0.9360151522836657,0.9360151527820794,1.344132743636359
140,180,0,2,964484752,2349234919,1384750168,1.6330214324825327,40826,0.6827993965773117,0.6827993972285283,2.208643047050082
141,183,3,1,1710455360,3371327279,1660871920,1.3707063234692747,19651,1.7376848902398323,1.7376848909867415,2.3309497904063083
142,183,0,2,1273427072,3478309559,2204882488,0.9619453784383474,43501,0.5912390544671515,0.5912390549690724,2.056004591862597
143,183,0,3,399370496,2706059233,2306688738,0.8968238045156092,34281,0.9348784259943476,0.9348784260772612,1.787074969099146
144,183,0,3,399370496,2670967547,2271597052,0.9189402014167811,64539,0.022116396301210837,0.022116396901173417,0.11622166919596584
145,183,0,3,399370496,2570309620,2170939125,0.9843278739031192,62632,0.06538767182860257,0.0653876724863371,0.26693325511593524
146,183,0,5,792132064,3149503763,2357371700,0.8654678916820338,17791,1.8811400162819878,1.8811400177789128,1.2694767883330351
147,183,0,5,792132064,2335380324,1543248261,1.4766769803441306,42903,0.6112090884880124,0.6112090886620972,1.6963178812274389
148,183,0,6,1022368224,2193980373,1171612150,1.8741520863882783,24877,1.397475103875976,1.3974751060441493,1.5530059732695032
149,190,7,0,2044736448,4193097275,2148360828,0.9994108244557616,60086,0.12525873739127688,0.12525873806748236,0.4813571770883059
150,190,0,0,2044736448,3675872587,1631136140,1.3967699468540786,49758,0.3973591222824665,0.39735912239831606,0.8382932321755759
151,190,0,1,1941989248,3740529891,1798540644,1.2558203836854602,36131,0.8590504355646138,0.8590504368313842,1.268374709719408
152,192,2,1,276562116,2723758563,2447196448,0.811517228013038,22293,1.5556968453113247,1.5556968443275756,1.9830932893684579
153,194,2,0,553124232,4026234301,3473110070,0.30641901259669524,46505,0.49490178407050534,0.494901784583658,1.4602391586714263
154,195,1,0,1106248464,3765772323,2659523860,0.6914791658150463,25092,1.3850601526892645,1.385060153218352,1.6809487839613675
155,195,0,0,1106248464,3765163606,2658915143,0.691809410460344,65521,0.00033024448458043404,0.0003302446452969281,0.0039922782726164955
156,195,0,1,65013280,3569282973,3504269694,0.2935333347665363,43186,0.6017239238965317,0.6017239243061928,1.6717642625027564
157,195,0,1,65013280,3538216373,3473203094,0.30638037187885914,64955,0.012847037078183148,0.012847037112320539,0.0830992537649379
158,195,0,1,65013280,3335291344,3270278065,0.39323383569067616,61707,0.086853463450892,0.08685346381182,0.3332827382770753
159,195,0,2,887848842,2292248039,1404399198,1.6126940685515265,14072,2.219460232528039,2.2194602328608477,2.097463668221495
160,195,0,2,887848842,2291926597,1404077756,1.6130243135839422,65521,0.00033024448458043404,0.0003302450324172765,0.0039922782726164955
161,198,3,0,1775697684,4132824067,2357126384,0.8656180311754262,55010,0.2525937174673098,0.2525937175914843,1.1257177697807008
162,198,0,0,1775697684,3311951638,1536253955,1.4832304212732197,42713,0.6176123894542253,0.6176123900977926,1.643491710996161
163,198,0,1,1403911720,3435481927,2031570208,1.0800519232201644,43333,0.5968215007274588,0.5968215019469466,1.549699890994118
164,198,0,1,1403911720,3426027140,2022115421,1.086781798351506,65231,0.006729875050868586,0.006729875131341739,0.05138253007937928
165,198,0,1,1403911720,3352098481,1948186762,1.1405151586879825,63140,0.053733359799652596,0.05373336033647511,0.2341750513933645
166,198,0,2,660339792,3517874591,2857534800,0.5878760778516003,48063,0.44736091892316915,0.44736091916361903,0.8822188613235086
167,206,8,1,755649536,4132228735,3376579200,0.3470847486938524,605,6.759208667838043,6.759208670842252,1.7774531410888528
168,208,2,0,1511299072,3327055359,1815756288,1.2420765698655707,17621,1.8949918202499252,1.8949918211717185,2.851956503305295
169,208,0,0,1511299072,3326196465,1814897394,1.242759158868047,65505,0.0006825886112264284,0.0006825890024752343,0.007345733613122265
170,208,0,1,875114496,4032076669,3156962174,0.4441101713018796,56999,0.20135101183450912,0.20135101243383227,0.6472044480759209
171,208,0,1,875114496,3821712078,2946597583,0.5435971010429554,61169,0.09948692957732932,0.09948692974107677,0.47268835555666633
172,208,0,1,875114496,2717232560,1842118065,1.2212816164349611,40971,0.6776845146122134,0.6776845153920031,0.9609457744601549
173,208,0,1,875114496,2227104802,1351990307,1.667562337657813,48099,0.44628072042691586,0.44628072122285306,1.6928812692376154
174,208,0,1,875114496,2225805128,1350690633,1.6689498735310693,65473,0.0013875351247936642,0.0013875358732542541,0.013436375337682775
175,208,0,1,875114496,2199836649,1324722154,1.6969573441341552,64276,0.028007469902421717,0.02800747060308864,0.1909780363560281
176,210,2,0,1750228992,4130791247,2380562256,0.8513447875466973,58885,0.15438744278960723,0.15438744341254254,0.7846662633703154
177,210,0,2,558465024,2342288435,1783823412,1.267674341989526,12277,2.4163295527297284,2.416329554442827,3.574300021437776
178,213,3,1,86376448,2544686311,2458309864,0.8049803706282823,22579,1.537306028360369,1.5373060286387574,2.622977089427618
179,213,0,1,86376448,2544123648,2457747201,0.8053106154210532,65521,0.00033024448458043404,0.00033024479276918753,0.0039922782726164955
180,215,2,0,172752896,3836347317,3663594422,0.22938734720667497,48845,0.42407673163241066,0.4240767317856229,1.238752551023116
181,215,0,0,172752896,3405622295,3232869400,0.40983191871616853,57831,0.1804445713713858,0.18044457150949333,0.643115839857682
182,220,5,0,155824832,3664940383,3509115552,0.2915396908491523,2223,4.88170776697301,4.881707772132986,2.7246139526106172
183,220,0,3,819964208,3677117623,2857153416,0.5880686415700396,6670,3.2965289539280525,3.296528950720886,3.4552127055051973
184,220,0,3,819964208,3411744502,2591780295,0.7287037197465338,59449,0.14063507805194428,0.14063507817649576,0.7357808976517904
185,220,0,3,819964208,2296507009,1476542802,1.5404239681140872,37336,0.8117202480358565,0.8117202483675519,1.5770235244638051
186,224,4,1,1132373184,3423339647,2290966464,0.9066908059110936,25421,1.366266836895072,1.3662668377970062,2.522878549513945
187,224,0,2,117262720,3465689747,3348427028,0.35916361815768383,47893,0.4524728121565488,0.45247281224659125,1.3325882581868589
188,224,0,2,117262720,3459354222,3342091503,0.361895912579584,65412,0.0027322943235718405,0.0027322944218999825,0.02161827496041517
189,224,0,2,117262720,3458487285,3341224566,0.36227019555670736,65519,0.0003742827947452993,0.00037428297712251466,0.004452022505596219
190,224,0,2,117262720,3105837591,2988574872,0.5231894593285134,58619,0.16091926360266828,0.1609192637718059,0.623544823348917
191,224,0,2,117262720,2659849702,2542586983,0.7563500158655998,55756,0.23316055614449846,0.233160556537088,0.6392191721187638
192,224,0,2,117262720,2659267750,2542005031,0.7566802603634066,65521,0.00033024448458043404,0.0003302444978043222,0.0039922782726164955
193,230,6,0,937376992,2685626063,1748249072,1.2967364066323839,2817,4.54005615162507,4.540056146268978,3.0889414027474165
194,230,0,0,937376992,2455490797,1518113806,1.500367199003783,56909,0.2036307916690986,0.20363079237139853,0.817291643080629
195,231,1,1,1602024320,3924782915,2322758596,0.8868079231847013,25068,1.3864407222117356,1.3864407241809178,2.5167981969908686
196,231,0,2,1056564992,4149276097,3092711106,0.47377507023505316,43630,0.5869671467361378,0.5869671470503529,1.3589530055748655
197,236,5,0,543198296,3567576799,3024378504,0.5060084404256564,8011,3.0322333722054866,3.032233370190604,2.046911022309019
198,237,1,1,25309536,2564207355,2538897820,0.7584448122908825,13754,2.252436369744882,2.2524363718652265,3.355378787515516
199,239,2,0,50619072,3246323433,3195704362,0.4265131968231266,41245,0.6680683838174327,0.6680683845322442,1.56382698602752
200,240,1,0,101238144,3114960561,3013722418,0.5111006038679662,30902,1.0845874070229238,1.0845874070448374,1.4165395104341152
201,240,0,0,101238144,2212352168,2111114025,1.0246426427150261,45908,0.5135420386057266,0.5135420388470622,1.6744665715523075
202,241,1,0,202476288,3800866533,3598390246,0.2552954904307967,55853,0.23065284701349822,0.23065284771577046,0.7148650913732226
203,242,1,0,404952576,3997742299,3592789724,0.2575426451350502,32717,1.0022471546754566,1.0022471547042544,2.4888885273535895
204,243,1,0,504636112,2253445807,1748809696,1.2962738410736137,15950,2.038731196460406,2.0387311959385634,1.71627275548847
205,243,0,0,504636112,2235086720,1730450609,1.3114993817237064,64848,0.01522553995315929,0.015225540650089332,0.11053948690835233
206,243,0,0,504636112,2228247933,1723611822,1.3172122471857577,65277,0.005712864988203938,0.0057128654620537695,0.039364910544885924
207,243,0,6,43227328,3214403775,3171176448,0.4376289930839974,1884,5.120416750387217,5.120416745898239,0.49904002913462386
208,243,0,8,2042409136,4006393959,1963984824,1.12886336423513,10147,2.6912343683964752,2.691234371151133,2.3581144119512456
209,243,0,8,2042409136,4005914470,1963505335,1.129215628087053,65520,0.0003522634716290214,0.0003522638519219825,0.004227909891679893
210,243,0,8,2042409136,3926398735,1883989600,1.1888561450066923,62882,0.05964051633692712,0.05964051691964116,0.2527319196566602
211,243,0,8,2042409136,3924961365,1882552230,1.18995725406916,65486,0.001101109058724726,0.00110110906246662,0.01139349441249215
212,243,0,9,1937334624,3500976713,1563642090,1.457736821394775,27217,1.2677795662334037,1.2677795673256158,2.413823725207808
213,243,0,9,1937334624,3445503875,1508169252,1.5098488040654914,63211,0.05211198191290197,0.05211198267071571,0.30137142515055226
214,243,0,9,1937334624,3441131436,1503796813,1.5140374970035886,65346,0.00418869287333474,0.004188692938096848,0.03412308035097307
215,243,0,9,1937334624,3262518850,1325184227,1.6964542090519785,57752,0.18241671132238413,0.18241671204838902,0.8205417178136031
216,243,0,10,1727185600,3231808375,1504622776,1.5132453117922218,37205,0.8167911015239289,0.8167911027402427,1.019322877923732
217,243,0,11,1306887552,3559964649,2253077098,0.9307504640430757,49068,0.41750515175247815,0.41750515225085383,1.3833335801891165
218,257,14,0,79253960,3895348287,3816094328,0.17055031302045265,13875,2.239799848987807,2.239799848977377,2.1847187828399095
219,257,0,0,79253960,3396617087,3317363128,0.3726102037428234,56971,0.20205989069662408,0.20205989072237154,0.855421974639179
220,257,0,0,79253960,2221852629,2142598670,1.0032855017964302,42328,0.6306752975926608,0.6306752980536087,1.4366078278651357
221,257,0,0,79253960,2221362227,2142108268,1.003615746336731,65521,0.00033024448458043404,0.0003302445403006141,0.0039922782726164955
222,257,0,0,79253960,2189101166,2109847207,1.025508621813497,64549,0.021892875130571452,0.02189287547676585,0.12893988434656264
223,259,2,0,317015840,2779191043,2462175204,0.8027137209303845,19120,1.7772050971318891,1.7772050991168866,3.292470268013505
224,261,2,1,851257072,2338420511,1487163440,1.5300839370093762,4948,3.72737021502363,3.727370216078991,0.6192104770891385
225,265,4,1,1340189536,3748479359,2408289824,0.834638123315262,6633,3.304554189462618,3.3045541863058854,2.8009612707050855
226,265,0,1,1340189536,3746641979,2406452444,0.835739232780881,65486,0.001101109058724726,0.0011011094656194996,0.01067569308289823
227,270,5,0,756411200,2844431711,2088020512,1.0405112614932364,3554,4.204772033971322,4.204772028712357,0.5750974931947576
228,270,0,0,756411200,2587857779,1831446580,1.2296635251709525,57483,0.18915226338423752,0.1891522636777151,0.6362947597992388
229,272,2,0,816205996,2183754667,1367548672,1.6510549655710847,12234,2.4213914392622473,2.42139144040013,2.954040067986154
230,273,1,0,1632411992,3489420221,1857008230,1.2096669369041777,44496,0.558611970653313,0.5586119713330938,1.016985684415882
231,273,0,2,87197024,2538461487,2451264464,0.8091210027642859,21627,1.5994540654278213,1.5994540658601106,2.4156398860003914
232,273,0,2,87197024,2471846160,2384649137,0.8488701336810927,63755,0.03974913036395142,0.03974913091680475,0.2663096511350687
233,273,0,2,87197024,2342709200,2255512177,0.929192071151288,61987,0.08032193724233093,0.08032193747019738,0.447517811935188
234,278,5,0,1332687144,3907583367,2574896224,0.7381328574606201,9352,2.8089407854683435,2.8089407863093294,3.392859490127914
235,278,0,2,1283089420,3357276451,2074187032,1.0501011564078908,13198,2.311968297586066,2.3119682989472734,3.0432734694896886
236,278,0,3,418695192,3267410803,2848715612,0.5923355417742435,45004,0.5422343851482464,0.5422343853663506,1.1701465973967895
237,278,0,3,418695192,2889370036,2470674845,0.7977419898078928,56839,0.2054064477792852,0.20540644803364866,0.8388007264000531
238,278,0,3,418695192,2603532379,2184837188,0.9751213705517543,57954,0.17737938059915542,0.17737938074386278,0.7208411528411723
239,282,4,0,837390384,4180988723,3343598340,0.3612455963503898,50147,0.3861242249886085,0.38612422579863387,1.0106815672293974
240,283,1,0,1598596228,3401514899,1802918672,1.2523128264196366,17669,1.891067229449856,1.891067230069249,1.9916036653196858
241,283,0,0,1598596228,3395462620,1796866393,1.2571640055700684,65316,0.004851178553749898,0.0048511791504325325,0.04048114966735129
242,283,0,0,1598596228,3365823756,1767227529,1.2811593484401236,64455,0.023995342617542926,0.0239953428700522,0.14419472469181197
243,283,0,0,1598596228,3325617819,1727021592,1.3143610258124525,64045,0.033201676843433704,0.033201677372331435,0.15917777514401427
244,283,0,0,1598596228,3240157445,1641561218,1.3875785933260119,62293,0.07321756687512107,0.07321756751355726,0.34302959613427925
245,283,0,1,1049708808,2325365387,1275656580,1.7514071531297226,25464,1.363828558364079,1.3638285598037123,2.114119981528861
246,286,3,1,1193845864,3956315063,2762469200,0.6366887666698418,17740,1.8852816108115737,1.8852816135401176,2.32165389227301
247,286,0,2,240208080,3688404953,3448196874,0.3168049988967532,40902,0.6801162315735841,0.6801162322269116,1.7978113367066553
248,286,0,3,289695844,2163537447,1873841604,1.196648139004747,17807,1.8798431388052408,1.8798431401079936,3.003309408541597
249,286,0,3,289695844,2162365152,1872669309,1.197550986628805,65495,0.0009028473965228007,0.0009028476240582975,0.009285370672876707
250,290,4,0,579391688,3702945573,3123553886,0.45945872723744685,54656,0.2619077403795096,0.2619077406086434,0.9920028178994101
251,291,1,1,170083104,4029151567,3859068464,0.15439450695522083,20242,1.6949357786627757,1.6949357797177753,2.9125945637628035
252,291,0,1,170083104,4028209411,3858126308,0.15474677065617826,65520,0.0003522634716290214,0.0003522637009574481,0.004227909891679893
253,291,0,1,170083104,3925539545,3755456442,0.19365888099311235,63792,0.03891211000266933,0.03891211033693337,0.2386899810693416
254,291,0,1,170083104,3873278554,3703195451,0.2138764504747357,64624,0.02021756929691341,0.020217569481622,0.10844650555542175
255,291,0,1,170083104,3500111092,3330027989,0.36711284276470835,58932,0.15323639208353418,0.15323639228997282,0.6639197203898435
256,291,0,1,170083104,3310479981,3140396878,0.4517002500368186,61804,0.0845874070229238,0.08458740727211077,0.41713955295536775
257,294,3,0,1819532104,3983730171,2164198068,0.9888146049613376,11291,2.537114354786753,2.53711435492452,2.7663905427945044
258,294,0,0,1819532104,3983135756,2163603653,0.9892109075802686,65518,0.0003963024539395264,0.0003963026189307148,0.004687653452683203
259,295,1,1,1876956512,3294180291,1417223780,1.5995795678522668,10732,2.610368660739479,2.610368660271997,2.508524869363315
260,295,0,3,1065375104,2251988615,1186613512,1.8557970300023996,13718,2.2562174596692435,2.2562174621501345,3.211454480099809
261,299,4,0,2130750208,3684197057,1553446850,1.4671742644208479,42898,0.6113772328036406,0.6113772344184458,1.179781075849889
262,299,0,1,2114016768,4007849003,1893832236,1.1813386098276446,39948,0.7141643441385807,0.7141643454067983,1.9417845255381634
263,299,0,1,2114016768,4006837587,1892820820,1.1821092982749875,65501,0.0007706880901105886,0.000770688447342155,0.008387555741437722
264,303,4,1,1895374224,3927291487,2031917264,1.0798054866433198,4397,3.8976961827873526,3.897696188368333,2.1645198483020747
265,303,0,1,1895374224,3865065260,1969691037,1.1246777977255498,63529,0.04487231036891607,0.04487231108222977,0.25301298871161765
266,303,0,1,1895374224,3403358813,1507984590,1.5100254601420247,50174,0.3853476624135842,0.38534766241647467,1.373029354301852
267,303,0,1,1895374224,3402921622,1507547399,1.51044378320697,65517,0.000418322449221962,0.00041832306494592116,0.004934802732935719
268,303,0,2,1643264800,3633790487,1990525688,1.1094976562920493,43266,0.5990538726261182,0.5990538730850782,1.5831104819572275
269,303,0,2,1643264800,3633334891,1990070092,1.1098279013754713,65521,0.00033024448458043404,0.00033024508342269557,0.0039922782726164955
270,303,0,3,1139045952,4109757575,2970711624,0.5318385808328472,48915,0.4220106786430161,0.4220106794573753,1.0748008645661422
271,308,5,0,542167748,3315424235,2773256488,0.6310660940598609,15295,2.0992275135544354,2.0992275132270133,2.2338357248298895
272,308,0,0,542167748,3274377195,2732209448,0.6525790628218111,64566,0.021512968600163093,0.021512968761950284,0.14698362263050277
273,308,0,0,542167748,3253532091,2711364344,0.6636281553155357,65036,0.011049092398374,0.011049092493724438,0.07441160371307472
274,309,1,0,1084335496,4123284415,3038948920,0.4990747204072399,36727,0.8354465643451787,0.8354465650917039,2.2107983807102287
275,309,0,1,21187344,3837123385,3815936042,0.1706101551374779,41146,0.6715354342910633,0.6715354347302388,0.9701887797990356
276,309,0,1,21187344,3833629791,3812442448,0.17193158697195088,65476,0.0013214317544216249,0.0013214318344750256,0.012167185611231613
277,309,0,2,938166708,3091158879,2152992172,0.9963040719509095,18505,1.8243724848124172,1.8243724849789575,2.60805953451971
278,309,0,3,2003394536,4001062199,1997667664,1.104330552562498,30404,1.1080264809744442,1.1080264806115863,1.0723723404374723
279,309,0,3,2003394536,3913548407,1910153872,1.1689582871087865,62665,0.064627734440634,0.06462773454629166,0.26400431829764587
280,309,0,4,1859305424,4051890187,2192584764,0.970014528548468,37613,0.8010562406207284,0.8010562414396797,2.033015941358472
281,309,0,4,1859305424,4018500910,2159195487,0.9921532795138646,64538,0.02213875032308798,0.02213875096539571,0.12338989486311341
282,309,0,4,1859305424,4003707837,2144402414,1.0020714817267375,65087,0.009918201612688788,0.009918202212872585,0.06245766639976648
283,309,0,4,1859305424,3564952161,1705646738,1.3323282696444352,52127,0.33025678774978673,0.3302567879176991,0.7505492951466369
284,316,7,0,820550496,2695262799,1874712304,1.1959779314390957,9004,2.863649658545844,2.863649661794661,0.6230157786724887
285,316,0,0,820550496,2694833711,1874283216,1.1963081762361938,65521,0.00033024448458043404,0.00033024479709592485,0.0039922782726164955
286,316,0,0,820550496,2693889934,1873339439,1.1970348141886937,65503,0.0007266376781842033,0.0007266379525016855,0.007607090725832188
287,316,0,0,820550496,2606134317,1785583822,1.2662512849851808,62466,0.06921647032822036,0.06921647079648591,0.32339719046476656
288,316,0,0,820550496,2347925425,1527374930,1.4915928970703511,56059,0.2253416111480792,0.22534161208517195,0.7773577303057679
289,316,0,0,820550496,2347575836,1527025341,1.491923142142447,65521,0.00033024448458043404,0.0003302450720950291,0.0039922782726164955
290,318,2,0,782496044,2227783031,1445286988,1.5712911515199863,15507,2.0793680123327394,2.0793680093775384,2.8962827356523766
291,321,3,0,229417632,3160746159,2931328528,0.5510924791955638,16615,1.979801327420606,1.97980132767558,2.384851330506977
292,321,0,1,931011790,3501291673,2570279884,0.7407216794843379,28732,1.189629199816272,1.1896292002887716,1.5519856846121323
293,321,0,1,931011790,3239776989,2308765200,0.8955256866392958,58868,0.1548040065436603,0.1548040071549599,0.6834020501707054
294,323,2,0,1862023580,3931725047,2069701468,1.0532244564029938,29375,1.1576987687729132,1.1576987697636973,1.768281779771827
295,323,0,0,1862023580,3928724838,2066701259,1.0553172832821147,65441,0.002092826265968833,0.0020928268791203875,0.018716802252186616
296,323,0,0,1862023580,3928251807,2066228228,1.055647528200648,65521,0.00033024448458043404,0.0003302449185321424,0.0039922782726164955
297,325,2,1,59043992,3487540127,3428496136,0.32507124976206114,13593,2.269423723765455,2.269423721561416,1.5168364244901387
298,325,0,1,59043992,3483093377,3424049386,0.3269436357397879,65451,0.0018723857434470804,0.0018723859777258474,0.017667878590653482
299,325,0,1,59043992,2256546389,2197502398,0.966782406319318,42060,0.6398387703808583,0.6398387705795281,2.0798515253018834
300,325,0,1,59043992,2256043420,2196999429,0.9671126512088435,65521,0.00033024448458043404,0.0003302448895258442,0.0039922782726164955
301,325,0,3,383918744,2236430163,1852511420,1.2131647098110605,13815,2.2460520583001458,2.246052058602217,1.0270743973621865
302,329,4,0,767837488,2662410323,1894572836,1.1807745413394102,33512,0.9676098311334766,0.96760983152835,2.2899265815063865
303,329,0,0,767837488,2624019320,1856181833,1.2103091011097042,64208,0.02953455922000469,0.029534559770295322,0.18683150152244393
304,329,0,0,767837488,2574368948,1806531461,1.249424766287138,63783,0.03911566485886436,0.03911566517743412,0.20218436404776285
305,332,3,0,1141129560,4264629511,3123499952,0.45948363828075145,14164,2.2100588716090837,2.210058871993611,2.74135945346739
306,335,3,0,244891744,3740527431,3495635688,0.2970923097173035,9168,2.8376086712430952,2.8376086714365543,2.78883859908789
307,335,0,0,244891744,3731779807,3486888064,0.30070709451860367,65372,0.0036147845889704113,0.0036147848012993387,0.027099348366940175
308,335,0,0,244891744,3678095266,3433203523,0.32309176208892154,64527,0.022384667426690097,0.022384667570319417,0.12753747837164686
309,335,0,0,244891744,3676890375,3431998632,0.3235981682366571,65513,0.0005064057914389884,0.0005064061477326817,0.005686139489769922
310,335,0,0,244891744,3675895380,3431003637,0.3240164908033698,65517,0.000418322449221962,0.0004183225667141425,0.00492328406377429
311,338,3,0,19071840,2775769343,2756697504,0.6397061787824647,6582,3.315689688875651,3.315689687979096,2.6432571354632435
312,338,0,0,19071840,2775054257,2755982418,0.6400804617252049,65519,0.0003742827947452993,0.00037428294274018884,0.004452022505596219
313,338,0,0,19071840,2774213197,2755141358,0.6405208049836162,65516,0.0004403427806028656,0.00044034325840920397,0.005158914338864347
314,338,0,2,505882724,4203395427,3697512704,0.21609204183576125,21988,1.5755712359622385,1.575571236852146,1.200483311372492
315,343,5,0,1082498112,3617767743,2535269632,0.7605079565511339,5617,3.5444159124213894,3.544415914715372,1.3348692641430326
316,345,2,1,34490440,2890382551,2855892112,0.5887056667946773,9228,2.828197711317017,2.828197710243543,2.7800236332814965
317,345,0,1,34490440,2586516955,2552026516,0.7510038269803267,58563,0.16229816016425747,0.1622981601856499,0.5337148119343766
318,347,2,0,68980880,3955509785,3886528906,0.14416489971210922,49903,0.39316107232238107,0.393161072731784,1.5022402162339024
319,352,5,0,1910724896,4224044575,2313319680,0.892682498767563,1219,5.748517589379788,5.748517599055453,0.8715072464286582
320,352,0,0,1910724896,4154153630,2243428735,0.9369417900784036,63556,0.04425929126060147,0.0442592913108417,0.21990438135290855
321,354,2,0,1346837252,3369401083,2022563832,1.0864619112661948,14771,2.1495201202649508,2.1495201211877917,1.059046297811575
322,354,0,0,1346837252,3320423287,1973586036,1.1218277329367687,63949,0.03536582125483259,0.03536582167057201,0.19153449666024847
323,354,0,1,546190856,2990828415,2444637560,0.8130265577893425,40589,0.6911988239678574,0.6911988248525732,1.095793381726449
324,358,4,4,809311232,3316019711,2506708480,0.7768529196515885,525,6.963826387446515,6.963826361862246,2.5557427646602595
325,358,0,6,1273485224,4142338419,2868853196,0.5821730011283535,18751,1.805320083158278,1.8053200814767658,1.7322362648582075
326,358,0,6,1273485224,3936200880,2662715657,0.6897487700894303,60827,0.10757576849859705,0.10757576896107629,0.4651423689246027
327,358,0,6,1273485224,3935591432,2662106209,0.690079014981464,65521,0.00033024448458043404,0.00033024489203406054,0.0039922782726164955
328,358,0,6,1273485224,3901023371,2627538148,0.7089354358582938,64685,0.018856420358752804,0.018856420876829347,0.10729907549111894
329,358,0,6,1273485224,3271281829,1997796606,1.1042374349814317,49829,0.3953019990583899,0.3953019991231378,0.9411905081773717
330,358,0,7,399486800,3319910847,2920424048,0.5564692811791154,47901,0.4522318459091023,0.4522318461976822,1.6720712938772502
331,371,13,0,868150784,3948285503,3080134720,0.47965369261779855,1080,5.923184402949169,5.923184411438683,2.3100089456834367
332,371,0,0,868150784,2947157120,2079006337,1.046752990345336,44235,0.5670992973297446,0.5670992977275374,1.8531460541243887
333,371,0,0,868150784,2945031671,2076880888,1.0482286680205455,65469,0.0014756776637093812,0.0014756776752097472,0.013199331006981506
334,371,0,0,868150784,2343700878,1475550095,1.5413942448431115,46561,0.4931655768188673,0.4931655768225673,1.4593313921405087
335,372,1,0,1736301568,3760860045,2024558478,1.0850398311287037,44960,0.5436455848917116,0.5436455862855911,1.8965810830073937
336,375,3,0,779783440,3626571655,2846788216,0.5933119768153396,11519,2.5082721430506627,2.5082721456866355,1.6529157320350745
337,375,0,0,779783440,2800066537,2020283098,1.088089677064616,46509,0.49477769995054244,0.49477770024927764,1.5729296210902584
338,375,0,0,779783440,2796737213,2016953774,1.0904691264085145,65428,0.002379449310284077,0.0023794493439003328,0.023023071741884994
339,375,0,0,779783440,2578502666,1798719227,1.255677140874024,58445,0.1652080137219152,0.16520801446550715,0.66632617841998
340,378,3,0,557071088,3429708247,2872637160,0.5802713670404742,13083,2.324594224197238,2.3245942261664516,0.7375055239710703
341,378,0,0,557071088,3427034436,2869963349,0.5816148329990369,65475,0.00134346587467908,0.0013434659585626393,0.013402616451110912
342,378,0,0,2026517196,3234567869,1208050674,1.8299661734739487,27586,1.2483513409441431,1.248351340474912,1.366757848297738
343,378,0,0,2026517196,3234272934,1207755739,1.8303184378455555,65520,0.0003522634716290214,0.0003522643716060364,0.004227909891679893
344,378,0,0,2026517196,3230587155,1204069960,1.834727926662957,65336,0.004409487633700345,0.0044094888174025055,0.033959100468707065
345,378,0,1,1905550744,4246483509,2340932766,0.8755636466562144,63707,0.040835718762630153,0.040835719993255554,0.238211301945751
346,378,0,1,1905550744,3974120039,2068569296,1.0540138580945388,57911,0.17845021112789697,0.17845021143832493,0.6769788147152821
347,378,0,1,1905550744,3928920587,2023369844,1.0858870973301329,64104,0.03187323864373392,0.03187323923559283,0.18959151001058755
348,382,4,0,821972456,2847318247,2025345792,1.084478902305694,8200,2.9985918056071914,2.9985918049755638,2.0802723251664252
349,382,0,0,821972456,2846854682,2024882227,1.084809146887686,65521,0.00033024448458043404,0.00033024458199025866,0.0039922782726164955
350,382,0,0,821972456,2637000554,1815028099,1.2426552628207226,58744,0.1578461153651283,0.15784611593303868,0.7403421773266754
351,382,0,0,821972456,2636418956,1814446501,1.2431176264683828,65515,0.0004623634480924974,0.0004623636476600822,0.005345027790859679
352,383,1,0,1643944912,3589568893,1945623982,1.142414229173859,35137,0.8992966012694165,0.8992966027054765,1.9334263906498055
353,383,0,0,1643944912,3588915759,1944970848,1.1428986143297877,65514,0.000484384451701118,0.00048438515592621426,0.005630173881020868
354,383,0,0,1643944912,3471895799,1827950888,1.2324198363347492,61593,0.08952122146428401,0.08952122200496078,0.4715981910663349
355,383,0,1,1140406176,4163040785,3022634610,0.5068405561323566,54184,0.2744207195803996,0.27442071979760707,0.6681986576315264
356,383,0,2,133328704,3544954101,3411625398,0.3321879009158657,36985,0.8253473446649636,0.8253473447835105,1.0865818755518777
357,386,3,0,796149880,2772243935,1976094056,1.1199955296096675,18980,1.7878076280915283,1.7878076286938038,0.9016025710554418
358,386,0,0,796149880,2451237200,1655087321,1.3757398116094208,54890,0.25574428113807984,0.2557442819997508,1.0746563260702706
359,386,0,0,796149880,2450858380,1654708501,1.3760700565956157,65521,0.00033024448458043404,0.00033024498619727027,0.0039922782726164955
360,386,0,0,796149880,2438435946,1642286067,1.386941696428,65044,0.010871639133588283,0.010871639832383895,0.07685700843381692
361,386,0,0,796149880,2437784404,1641634525,1.3875141685072307,65510,0.0005724718275307164,0.0005724720792302532,0.006263474722486623
362,386,0,0,796149880,2437283416,1641133537,1.3879545120801566,65516,0.0004403427806028656,0.00044034357292710473,0.005086360513452917
363,386,0,0,796149880,2436832665,1640682786,1.388350814720198,65518,0.0003963024539395264,0.00039630264003956514,0.004668654543719633
364,386,0,0,796149880,2434930017,1638780138,1.3900248334273755,65460,0.0016740180678742555,0.0016740187071789879,0.014593827079453468
365,391,5,0,203826400,2343522751,2139696352,1.0052410702032262,2674,4.615216249906648,4.615216236775848,1.9466867764523128
366,392,1,1,1653523732,4208386995,2554863264,0.749401065664113,19563,1.7441599948818645,1.744159995460888,2.6580737200956883
367,392,0,1,1653523732,4070266259,2416742528,0.8295833648273323,61993,0.08018229907081792,0.08018229916321827,0.3433220334543707
368,392,0,1,1653523732,4069381221,2415857490,0.8301117925652441,65512,0.0005284274673163702,0.0005284277379123189,0.005880722950591376
369,395,3,0,696163896,3292797831,2596633936,0.7260045035576148,17610,1.8958927112814292,1.8958927109923696,0.9239465444044297
370,400,5,1,6410368,2194784447,2188374080,0.9727877729510865,863,6.246783250821045,6.246783269393475,0.11871193912734143
371,402,2,0,12820736,3777361093,3764540358,0.19017342021753691,56369,0.21738564651121123,0.21738564726644913,0.7881267728421844
372,402,0,0,12820736,2177994375,2165173640,0.988164416894719,37693,0.7979909962394421,0.7979909966771812,1.6312104593681271
373,403,1,0,25641472,2707858681,2682217210,0.6792210724175156,40593,0.691056655010004,0.6910566555227966,1.1100106950064623
374,404,1,0,51282944,2501114451,2449831508,0.8099646175744155,29929,1.1307435447265508,1.1307435451569003,2.2633345057944774
375,404,0,2,1736445772,3476478075,1740032304,1.3035330558087104,11637,2.4935684387474333,2.493568438234294,1.549496819831553
376,404,0,2,1736445772,3474938129,1738492358,1.3048104206794235,65478,0.0012773645234549914,0.00127736487071327,0.011771000412700575
377,404,0,2,1736445772,3445598948,1709153177,1.3293654466033438,64430,0.024555025691206545,0.024555025923921166,0.13003579461064302
378,404,0,4,503332144,3255356675,2752024532,0.6421538154951669,26381,1.3127883679271621,1.3127883688918243,1.6653016815503088
379,404,0,4,503332144,3052154668,2548822525,0.7528162242881145,60697,0.11066240861671874,0.1106624087929449,0.5614006511841678
380,409,5,0,1006664288,3560931683,2554267396,0.7497375831148219,32838,0.9969213580713556,0.9969213588267094,2.3636064749869
381,409,0,0,1006664288,3436094670,2429430383,0.8220290543857409,62333,0.07229147113880346,0.07229147127091719,0.28580361299042234
382,410,1,0,2013328576,3598374721,1585046146,1.4381223033548984,21379,1.6160932476906176,1.6160932489691573,2.842389054416866
383,410,0,0,2013328576,3446197133,1432868558,1.5837408737612293,59244,0.14561856953774713,0.14561857040633408,0.5460466070649054
384,410,0,1,1879173504,3749712391,1870538888,1.199193186571641,42777,0.6154523122553518,0.6154523128104099,1.875116505413117
385,414,4,0,1709506952,3234343223,1524836272,1.4939928031772993,6678,3.2947996219368845,3.2947996166056575,2.9905251583939902
386,417,3,0,1266102728,3475551775,2209449048,0.9589604844573145,11870,2.464967685470731,2.4649676812800156,1.1947592470187918
387,418,1,0,667982732,2609207039,1941224308,1.1456803152665955,28790,1.1867198315492031,1.1867198308092808,1.0705377492779757
388,423,5,0,586580832,3126854815,2540273984,0.7576630371891753,2680,4.611982714654865,4.611982721922581,2.1796262449516184
389,423,0,0,586580832,3126273392,2539692561,0.7579932819161783,65521,0.00033024448458043404,0.00033024472700396624,0.0039922782726164955
390,423,0,0,586580832,2833109722,2246528891,0.9349495305648468,57971,0.17695624812780028,0.17695624864866716,0.8142046894921107
391,423,0,2,733552992,4062896743,3329343752,0.3674093107705687,24281,1.4324597810096669,1.4324597802057213,1.347819813258703
392,427,4,1,953357904,2361176111,1407818208,1.6091860956675603,3464,4.2417767852732755,4.241776784896991,2.68004218762972
393,427,0,1,953357904,2249450303,1296092400,1.7284785726446543,60335,0.1192924760721475,0.119292476977094,0.5929720968666922
394,427,0,3,605199524,2520938635,1915739112,1.1647460397678095,24217,1.4362674652941558,1.4362674671231572,1.0118347380135326
395,427,0,5,1460373060,3462755403,2002382344,1.1009296707777452,17125,1.9361836323773862,1.9361836310099343,1.0136153476905765
396,427,0,5,1460373060,3462235986,2001862927,1.1013039537117493,65519,0.0003742827947452993,0.0003742829340068243,0.004463541174757649
397,433,6,0,567038478,2502127839,1935089362,1.1502469547668426,31675,1.0489430010844658,1.0489430010550926,1.2117426566503042
398,433,0,0,567038478,2148068138,1581029661,1.4417827122983482,53545,0.29153575718349667,0.2915357575315056,0.6974253517733502
399,433,0,0,567038478,2147706269,1580667792,1.442112956808959,65521,0.00033024448458043404,0.0003302445106097472,0.0039922782726164955
400,437,4,0,619694752,2812794127,2193099376,0.9696759596228048,5683,3.5275629999486706,3.5275630028138454,1.8843256462629356
401,437,0,0,619694752,2811823669,2192128918,0.970314501050062,65507,0.0006385408891551363,0.0006385414272559265,0.006824120164363979
402,438,1,0,1239389504,3298256677,2058867174,1.060796387239641,30776,1.0904818857033851,1.09048188618958,2.624482254569829
403,438,0,1,331295360,2319162779,1987867420,1.1114256058574021,31638,1.0506292178990113,1.0506292186177628,2.0616769579313647
404,438,0,1,331295360,2318707792,1987412433,1.1117558505273166,65521,0.00033024448458043404,0.000330244669914168,0.0039922782726164955
405,440,2,2,572844120,3150269623,2577425504,0.7367164164079156,10624,2.624960568653075,2.6249605658806,2.9344876120155576
406,440,0,2,572844120,2857312430,2284468311,0.9107887156714654,58087,0.1740722990597202,0.17407229926354684,0.7691097154817955
407,440,0,2,572844120,2856789556,2283945437,0.9111189605974772,65521,0.00033024448458043404,0.00033024492601353527,0.0039922782726164955
408,443,3,1,143892832,4079460919,3935568088,0.12607524634560363,28232,1.2149562852202758,1.2149562857481275,2.239656792369278
409,443,0,1,143892832,2747147173,2603254342,0.7223308738351797,43350,0.5962556270034403,0.5962556274895734,1.105315581729238
410,448,5,0,697558128,2946169903,2248611776,0.933612545452295,3538,4.2112816673095415,4.211281671617116,2.2348979938214515
411,448,0,0,697558128,2945655236,2248097109,0.9339427903273076,65521,0.00033024448458043404,0.00033024487501436434,0.0039922782726164955
412,448,0,0,697558128,2944351712,2246793585,0.9347795571326536,65498,0.000836766229995985,0.0008367668053462519,0.008730136475095804
413,449,1,1,642748864,3315615911,2672867048,0.6842590682387417,19491,1.749479509432429,1.7494795111060863,2.9893539438175707
414,449,0,1,642748864,3314881786,2672132923,0.6846553707679455,65518,0.0003963024539395264,0.00039630252920452267,0.004668654543719633
415,449,0,1,642748864,2877708183,2234959320,0.9423985738303706,54814,0.25774320261128697,0.25774320306242493,0.973695819826116
416,449,0,1,642748864,2869080181,2226331318,0.9479788384789742,65283,0.00558026434097006,0.005580264648602893,0.04747781866411771
417,449,0,2,1450564100,3566013681,2115449582,1.0216828439948955,31136,1.0737040052188884,1.073704005515923,1.0452963810529499
418,449,0,2,1450564100,3565303538,2114739439,1.0221672288717727,65514,0.000484384451701118,0.00048438487687447443,0.0054891046595572975
419,449,0,2,1450564100,3447330402,1996766303,1.1049816531076893,61880,0.08281442366360198,0.08281442423591699,0.4596036187276083
420,449,0,2,1450564100,3446873378,1996309279,1.1053118979266046,65521,0.00033024448458043404,0.00033024481891529234,0.0039922782726164955
421,449,0,2,1450564100,3271842965,1821278866,1.2376953078323787,59790,0.13238340955242348,0.1323834099057745,0.5026423409712051
422,449,0,3,753644552,4179936533,3426291982,0.32599904566180626,61645,0.0883037374645693,0.08830373782942975,0.3703619235974496
423,449,0,3,753644552,4160122008,3406477457,0.33436648651973755,65157,0.008367440539841852,0.008367440857930697,0.0548052075294209
424,449,0,3,753644552,4014061802,3260417251,0.39759054124185056,62726,0.06322405467993929,0.06322405472211115,0.3616421381102925
425,449,0,3,753644552,2504596472,1750951921,1.2945076763411691,35195,0.8969171344167749,0.8969171350993212,1.4902602251137138
426,449,0,5,487723420,3262058859,2774335440,0.6305049140958019,25960,1.3359972371134992,1.3359972377546303,1.2015545715269897
427,456,7,1,1120879952,3813597367,2692717416,0.6735843101312895,7951,3.0430793952789124,3.0430793960354876,2.591934876676804
428,456,0,1,1120879952,3313479013,2192599062,0.9700051206629539,53364,0.2964208099273357,0.2964208105316657,0.7321528622012454
429,456,0,1,1120879952,3266974607,2146094656,1.0009334367738312,64146,0.03092831554223722,0.03092831611087758,0.15175917856106752
430,456,0,2,94276256,3254932443,3160656188,0.442423036694894,48259,0.4414895994262731,0.4414895999210623,1.1287736738758898
431,456,0,2,94276256,3254160798,3159884543,0.4427753003595818,65520,0.0003522634716290214,0.00035226366468852824,0.004227909891679893
432,456,0,2,94276256,2734199327,2639923072,0.7021512563016508,54752,0.2593759555105866,0.25937595594206936,0.8673178453361619
433,456,0,2,94276256,2391439539,2297163284,0.9027937378635755,57027,0.20064248111420283,0.2006424815619219,0.756774505452987
434,459,3,0,188552512,4055902049,3867349538,0.1513019823300752,55166,0.24850824373835476,0.24850824446650277,1.0492411316142825
435,460,1,0,377105024,4119705157,3742600134,0.1986062296251312,31711,1.0473042471938159,1.0473042472950558,1.495550166730548
436,462,2,0,466960932,3123147111,2656186180,0.6932908729926908,11628,2.4946846438637627,2.494684643367559,2.407618016265842
437,462,0,0,466960932,3122539158,2655578227,0.6936211176025111,65521,0.00033024448458043404,0.0003302446098203097,0.0039922782726164955
438,462,0,0,466960932,2872727760,2405766829,0.8361503251734064,59371,0.14252920748055367,0.14252920757089574,0.5370148374570376
439,462,0,0,466960932,2634852866,2167891935,0.986354302940633,59056,0.1502039777543914,0.15020397776722663,0.5476353947548416
440,463,1,0,933921864,3907826597,2973904734,0.5302887131449658,44951,0.5439344095163151,0.5439344102043309,1.229870707157974
441,463,0,0,933921864,3907145924,2973224061,0.5306189577385183,65521,0.00033024448458043404,0.0003302445935526298,0.0039922782726164955
442,463,0,0,933921864,3728759739,2794837876,0.6198825489111499,61604,0.08926359107568767,0.08926359117263265,0.39582414633857715
443,463,0,0,933921864,2474417599,1540495736,1.4792524569244776,36123,0.8593699074381231,0.8593699080133266,2.0148139241347587
444,463,0,0,933921864,2415088203,1481166340,1.535913476745904,63012,0.056661018950604804,0.05666101982142618,0.29578475105481405
445,464,1,0,1867843728,3462375703,1594531976,1.429514117000501,35276,0.8936006396948568,0.893600640254599,1.2776654036871335
446,464,0,0,1867843728,3461986412,1594142685,1.4298663813470789,65520,0.0003522634716290214,0.0003522643465776412,0.004227909891679893
447,468,4,0,798940336,3229073871,2430133536,0.8216115538156998,6244,3.391745178022091,3.3917451724686187,0.685147196556654
448,468,0,0,798940336,3227516473,2428576138,0.8225364291834403,65494,0.0009248751246666447,0.000924875367739696,0.009321976179857982
449,471,3,0,1651880608,3999227519,2347346912,0.8716160739707703,7918,3.0490796479699034,3.049079644787333,2.926536795556668
450,471,0,0,1651880608,3301463462,1649582855,1.380545902821062,46055,0.5089298282246725,0.5089298288502888,1.0972404751210922
451,471,0,0,1651880608,3299751858,1647871251,1.3820436175701722,65468,0.0014977141398913162,0.0014977147491115302,0.015635985327500556
452,471,0,1,1156277568,4107791591,2951514024,0.5411919493045971,58691,0.1591483309287768,0.15914833173442577,0.7357975209794709
453,471,0,1,1156277568,4062980243,2906702676,0.5632636389695627,64541,0.022071689296531433,0.022071689664964797,0.1165866009891011
454,471,0,1,1156277568,3491450538,2335172971,0.8791177287719236,52650,0.31585408919955843,0.31585408980236124,1.261387302763307
455,471,0,2,165071488,3755485445,3590413958,0.25849695635974257,50382,0.3793792269847727,0.3793792275878195,1.3576174935406162
456,471,0,2,165071488,3719601028,3554529541,0.27298852112847527,64881,0.014491564706665157,0.01449156476873298,0.09258666765801085
457,471,0,2,165071488,3542460319,3377388832,0.34673886252104325,62270,0.07375034123536525,0.07375034139256603,0.3821758728817866
458,477,6,0,1327672368,3484715631,2157043264,0.9935920329681771,2616,4.646853174501917,4.6468531704471365,2.993768378449888
459,487,10,0,372378624,2765347839,2392969216,0.8438453083557995,71,9.850252880495319,9.85025327538762,1.3264765256758881
460,487,0,4,1092604048,3708745679,2616141632,0.7152064988119555,4478,3.8713611871474023,3.871361190456157,2.163632410733718
461,496,9,1,642926208,2995920767,2352994560,0.8681491608829326,921,6.1529426539086645,6.152942662070977,2.8882249932707915
462,500,4,0,848442368,4199851119,3351408752,0.3578794915452228,11668,2.4897303291018225,2.4897303306622915,3.645032621529358
463,501,1,1,801068164,2945405199,2144337036,1.0021154669198182,10483,2.6442359774527606,2.6442359753745928,1.9679195263509879
464,501,0,1,801068164,2190522390,1389454227,1.6281288376125929,42465,0.6260133704857344,0.6260133706927768,1.1814533669087823
465,503,2,0,1602136328,3467561735,1865425408,1.2031424731600424,43993,0.5750136346253945,0.5750136355474493,1.7026886811493551
466,503,0,0,1602136328,3382340121,1780203794,1.2706047386627688,62542,0.06746226521148516,0.06746226550272631,0.430181449150189
467,503,0,0,1602136328,3359631222,1757494895,1.2891266473098852,64700,0.018521908232767767,0.018521908647116492,0.1346963005785196
468,503,0,1,1056789008,3905263017,2848474010,0.5924579031596302,53109,0.3033312555580012,0.3033312558497436,0.775725383872409
469,503,0,1,1056789008,3435457786,2378668779,0.8524927503171469,54727,0.26003484674359284,0.26003484715751696,0.9978151127373086
470,503,0,1,1056789008,3393209701,2336420694,0.8783470779163949,64372,0.025854327224215885,0.025854327599249532,0.19419035636308396
471,503,0,1,1056789008,3370000932,2313211925,0.8927497014227832,64885,0.014402623378961697,0.01440262350638819,0.11102518181435607
472,503,0,1,1056789008,3212930114,2156141107,0.9941955487639476,61086,0.10144584670613548,0.10144584734116492,0.3962935990453393
473,503,0,1,1056789008,3059023435,2002234428,1.1010362466085475,60858,0.10684069766431037,0.1068406978445999,0.47500131824598035
474,503,0,1,1056789008,3045397388,1988608381,1.1108879535109217,65090,0.009851706223742459,0.009851706902374103,0.08245462499013972
475,503,0,1,1056789008,3035687386,1978898379,1.117949617446918,65216,0.007061663834186175,0.007061663935995338,0.06071652064442629
476,503,0,1,1056789008,2931542785,1874753778,1.1959460152500618,62087,0.07799639707553499,0.07799639780314194,0.34038774927251964
477,503,0,1,1056789008,2828931368,1772142361,1.277152641861786,61949,0.08120662632817725,0.08120662661172472,0.3917242524007869
478,503,0,1,1056789008,2819331903,1762542896,1.2849887763925807,65181,0.007836134529734796,0.007836134530796396,0.06636544390894564
479,503,0,1,1056789008,2809999591,1753210584,1.2926478525711467,65189,0.007659075998759904,0.007659076178565648,0.06501903188461043
480,503,0,1,1056789008,2771262882,1714473875,1.324881225231067,64088,0.03223337220548642,0.032233372659918304,0.17754229531353677
481,514,11,0,862094336,3139130367,2277036032,0.9154900250370446,85,9.590609063862297,9.590608799805977,0.18463224751804774
482,516,2,0,2118254388,4016294003,1898039616,1.1781370413205359,13657,2.2626470153333695,2.2626470162834913,3.1236833092662364
483,516,0,1,2089025128,3404179835,1315154708,1.7074146253280773,22705,1.5292775836883037,1.5292775840075412,3.124732118688097
484,516,0,1,2089025128,3243096661,1154071534,1.8959144952118336,57509,0.18849986892719153,0.18849986988375883,0.7650506754761529
485,516,0,2,2030566608,4198148777,2167582170,0.9865604609843821,61545,0.09064596549894643,0.09064596577254677,0.5145790144988803
486,516,0,2,2030566608,4186208817,2155642210,0.99452940423771,65175,0.007968942689718941,0.007968943253328519,0.06680781714288073
487,516,0,2,2030566608,4091083736,2060517129,1.05964068927684,62644,0.06511128464281092,0.06511128503913036,0.3838794974692581
488,516,0,2,2030566608,4085738766,2055172159,1.0633878944268176,65366,0.003747204700206792,0.0037472051499786224,0.033840689463291974
489,516,0,2,2030566608,4042023708,2011457101,1.0944061765485955,64142,0.031018281558784767,0.031018282121776125,0.2075735469378648
490,516,0,2,2030566608,4040673242,2010106635,1.0953751084378922,65492,0.0009689315899683129,0.0009689318892959545,0.010261578587753221
491,516,0,2,2030566608,3880719840,1850153233,1.2150023837400958,60321,0.11962727468412022,0.11962727530220402,0.6329892742025416
492,516,0,2,2030566608,3876965103,1846398496,1.217933192077055,65403,0.0029308075734053776,0.0029308083369612224,0.027343205343805514
493,516,0,2,2030566608,3776159228,1745592621,1.2989302378126837,61958,0.08099704566863689,0.0809970457356268,0.4613142603134893
494,516,0,2,2030566608,3773122766,1742556159,1.3014419940777273,65422,0.0025117560775962753,0.002511756265045377,0.023449713849533274
495,516,0,2,2030566608,3723533727,1692967120,1.3430931918431384,63671,0.041651197461539585,0.04165119776540852,0.2701929607793048
496,516,0,2,2030566608,3721647945,1691081338,1.3447010935354307,65463,0.0016079015700331673,0.001607901692294222,0.015750234488688307
497,516,0,2,2030566608,3694347468,1663780861,1.3681817194866497,64478,0.023480625884163286,0.023480625951218945,0.1650398466789383
498,516,0,2,2030566608,3693458913,1662892306,1.36895240771371,65501,0.0007706880901105886,0.0007706882270602158,0.008406331142898505
499,516,0,2,2030566608,3665852302,1635285695,1.3931044401049633,64448,0.024152031993215327,0.024152032391251802,0.16982545982124292
500,516,0,2,2030566608,3662284097,1631717490,1.396255850381479,65393,0.0031514098920848456,0.0031514102765157407,0.026606061438677206
501,521,5,2,1711831904,4160204863,2448372960,0.810823805892273,3073,4.414567948407038,4.414567955510795,1.1279438285611016
502,521,0,2,1711831904,3604374588,1892542685,1.1823213064403255,50658,0.37149750050710983,0.371497500548054,1.451723548496048
503,521,0,4,404876672,2236429207,1831552536,1.2295800623084432,15856,2.0472587528135118,2.047258755868117,3.4220078261584144
504,528,7,0,353005576,4226497719,3873492144,0.14901233233115363,17325,1.9194322680880616,1.919432270022709,2.5313541999577422
505,528,0,0,353005576,2788418840,2435413265,0.8184805421753794,41205,0.6694682093156253,0.669468209844228,1.7905729199150568
506,528,0,0,353005576,2326241795,1973236220,1.1220834717448582,53099,0.3036029290750908,0.303602929569477,0.7790555473182953
507,528,0,0,353005576,2319828536,1966822961,1.126780043395879,65323,0.004696571349226168,0.004696571651022245,0.0374478889080432
508,529,1,0,706011152,3599464143,2893452992,0.5698549402188107,48206,0.44307489657779797,0.443074896822932,0.9648705798948529
509,529,0,0,706011152,3597830571,2891819420,0.5706696801716227,65499,0.0008147398470877202,0.0008147399528092277,0.008975909878015668
510,529,0,0,706011152,2255572042,1549560891,1.4707876983385901,35117,0.9001180178890325,0.9001180181669679,1.2768375295555845
511,529,0,0,706011152,2245263073,1539251922,1.480417776026183,65100,0.009630077059639806,0.00963007768759478,0.07011877280620425
512,530,1,1,676560960,3838397103,3161836144,0.4418845412408743,33655,0.9614667637772726,0.9614667652146897,1.2193993712395303
513,532,2,0,1353121920,3868560957,2515439038,0.7718369198730528,26069,1.3299523779189009,1.3299523786321805,2.2628720782654903
514,532,0,1,558760192,3772838471,3214078280,0.418242079230815,41869,0.6464051593169123,0.6464051593577608,1.8865630328915464
515,532,0,1,558760192,2517976701,1959216510,1.1323703095906943,39949,0.7141282302659455,0.7141282303598787,1.7353949408037308
516,532,0,1,558760192,2202521796,1643761605,1.3856460661080554,54984,0.2532757559741688,0.2532757565173612,0.9650041833552118
517,534,2,0,1117520384,3917102029,2799581646,0.6174358911060054,55809,0.23178982441108392,0.23178982499794887,0.6986009980470969
518,534,0,0,1117520384,3901168130,2783647747,0.6256704872011021,65163,0.008234595692520642,0.008234596095098004,0.06237278989673937
519,534,0,0,1117520384,3530572936,2413052553,0.8317878101837088,56811,0.20611732260484092,0.20611732298260665,0.6194122637803675
520,534,0,0,1117520384,3527406393,2409886010,0.8336822388518783,65450,0.0018944282800345323,0.001894428668171288,0.01871331014126552
521,534,0,0,1117520384,3445515277,2327994894,0.8835592520325584,63309,0.0498770128600595,0.04987701318067849,0.23564720906789266
522,534,0,0,1117520384,3440861844,2323341461,0.8864459437012187,65405,0.0028866911572534176,0.002886691668659835,0.02519897922405224
523,534,0,1,87557120,3212454219,3124897100,0.4588384620834596,44073,0.5723925178489216,0.5723925183822433,1.1172717466082995
524,539,5,1,1216079392,3571958847,2355879456,0.8663814237724203,1544,5.407542962731919,5.407542961688959,2.776694556890238
525,543,4,1,1697748064,4164059375,2466311312,0.8002922295124044,4288,3.9339108095422275,3.9339108057399836,2.6180111385507265
526,543,0,1,1697748064,3295905449,1598157386,1.4262376546308637,42467,0.6259454245976754,0.6259454251184607,2.058849732786796
527,543,0,3,348541312,2978614403,2630073092,0.7075442521993374,26963,1.281306595580089,1.2813065975684723,2.7851419005987266
528,547,4,0,697082624,4138539041,3441456418,0.3196279059822018,42877,0.6120836530068232,0.6120836537828644,1.9638583290085074
529,547,0,0,697082624,3751102129,3054019506,0.49193786936698913,58158,0.17230996329232393,0.17230996338478993,0.6343812822048003
530,547,0,0,697082624,3714008020,3016925397,0.5095681242751837,64740,0.017630254903464555,0.0176302549081929,0.1034954129929908
531,547,0,0,697082624,3638741402,2941658779,0.5460172367407097,63901,0.03644911206775955,0.036449112465527726,0.23238175553615412
532,547,0,0,697082624,3507135207,2810052584,0.6120500184265332,62604,0.06603278125110049,0.0660327816858214,0.401236512617699
533,547,0,0,697082624,3492728199,2795645576,0.6194656744842284,65200,0.007415655994197752,0.007415656057696157,0.05835972106504697
534,547,0,0,697082624,3464957732,2767875109,0.6338682983032946,64885,0.014402623378961697,0.014402623819066259,0.08822159998066538
535,547,0,0,697082624,3352571933,2655489310,0.6936694243182799,62875,0.05980112553238586,0.0598011260149832,0.35088090839754754
536,547,0,0,697082624,3233039256,2535956633,0.7601170716290042,62586,0.06644764683005969,0.06644764731072517,0.38688507705006125
537,547,0,0,697082624,3222436654,2525354031,0.7661614916286936,65262,0.006044419936665017,0.006044419999689729,0.04887663287222791
538,547,0,0,697082624,3212456388,2515373765,0.7718743567792146,65277,0.005712864988203938,0.005712865150521556,0.04165903578649967
539,547,0,0,697082624,3161984639,2464902016,0.8011168478245558,64221,0.029242490674806765,0.029242491045340584,0.1911847686897922
540,547,0,0,697082624,3080856806,2383774183,0.8493995714957592,63379,0.04828272353290195,0.04828272367120302,0.29363242597320915
541,547,0,0,697082624,3069981127,2372898504,0.8559967525646428,65237,0.006597180899790373,0.006597181068885252,0.0531895832389647
542,547,0,0,697082624,3053796348,2356713725,0.8658706240002303,65089,0.00987387101285464,0.009873871435585437,0.06598165295062787
543,547,0,0,697082624,2930487458,2233404835,0.9434023630531456,62107,0.07753173854022402,0.07753173905291502,0.428302613335772
544,547,0,0,697082624,2745472277,2048389654,1.0681569685554528,60107,0.12475460493486173,0.12475460550230735,0.6041512383473217
545,547,0,0,697082624,2735157814,2038075191,1.0754398679733335,65206,0.007282898755244913,0.007282899417880519,0.057781154313158826
546,547,0,0,697082624,2722998277,2025915654,1.084073035097287,65145,0.008633166937588794,0.00863316712395307,0.05890045792748061
547,547,0,0,697082624,2426233288,1729150665,1.3125835661148884,55936,0.22851053049940162,0.22851053101760335,0.9166753475405456
548,547,0,0,697082624,2200485407,1503402784,1.514415565481709,56980,0.2018319987887865,0.20183199936681923,0.9090992822278948
549,547,0,0,697082624,2190047658,1492965035,1.5244667678304964,65081,0.010051201585822957,0.010051202348788547,0.07487564743347631
550,547,0,0,697082624,2185537051,1488454428,1.5288320947467398,65338,0.004365325978252387,0.004365326916244165,0.03399857676124987
551,547,0,0,697082624,2150469704,1453387081,1.5632281584815253,63992,0.034396063490018426,0.03439606373478646,0.21159969636423795
552,548,1,0,1394165248,4223852411,2829687164,0.6020045812580328,63798,0.03877642271915629,0.03877642277650734,0.23589388852587334
553,548,0,0,1394165248,4218843809,2824678562,0.6045604425189524,65420,0.0025558610298593507,0.0025558612609172787,0.023767758140818843
554,548,0,0,1394165248,4214318185,2820152938,0.60687374335021,65431,0.0023133004764488018,0.0023133008312572947,0.02023217009248108
555,548,0,0,1394165248,4172103676,2777938429,0.6286325226342306,64555,0.02175877904909348,0.021758779284023245,0.1475016840512946
556,548,0,0,1394165248,4106868580,2712703333,0.6629158659620913,63997,0.03428334325299627,0.034283343327857735,0.20373647785355023
557,548,0,0,1394165248,4101321975,2707156728,0.6658687327264623,65402,0.0029528662873829327,0.0029528667643720237,0.027091598897983144
558,548,0,0,1394165248,4093638699,2699473452,0.6699691173563274,65350,0.004100384429842091,0.004100384629864085,0.03204579735504813
559,554,6,0,741235264,3155998655,2414763392,0.8307653109532076,916,6.160796211903056,6.160796193596882,0.4321603639743381
560,554,0,0,741235264,2674416661,1933181398,1.1516701283733433,52466,0.3209048171315341,0.32090481742013466,1.1797938573767461
561,554,0,0,741235264,2609639037,1868403774,1.2008408816516791,63340,0.0491707530844477,0.049170753278334395,0.2691095780584946
562,559,5,0,697829504,2870031327,2172201824,0.9834889927071586,2381,4.782648094729666,4.782648111055481,1.2640379967928457
563,560,1,0,1395659008,4226786799,2831127792,0.6012702746493943,42708,0.6177812817690584,0.617781281942237,2.2037781773456615
564,560,0,0,1395659008,4088893733,2693234726,0.6733071741470766,62344,0.07203689899653254,0.07203689949768037,0.43555236291250155
565,560,0,0,1395659008,4085564997,2689905990,0.6750913933548155,65455,0.0017842189647608187,0.0017842192077392684,0.017557862153053307
566,560,0,0,1395659008,4066315028,2670656021,0.6854529763884862,65067,0.010361582546734381,0.010361583033671724,0.0708249866248872
567,560,0,0,1395659008,4065092498,2669433491,0.6861135413453816,65506,0.0006605645820851047,0.000660564956893564,0.007412127205043639
568,560,0,0,1395659008,4026233862,2630574855,0.7072690423767867,64582,0.021155500876740042,0.021155501031405396,0.12222402919490476
569,560,0,0,1395659008,4025190237,2629531230,0.7078415147214407,65510,0.0005724718275307164,0.0005724723446537484,0.0065001351076844835
570,560,0,0,1395659008,4010344555,2614685548,0.7160096930861641,65166,0.008168177855762418,0.008168178364724906,0.05764630148812698
571,560,0,0,1395659008,4009706204,2614047197,0.7163619565777353,65520,0.0003522634716290214,0.00035226349157073514,0.004227909891679893
572,560,0,0,1395659008,3862243244,2466584237,0.8001325879629206,61839,0.08377063085638267,0.08377063138518616,0.3516266045164209
573,560,0,0,1395659008,3861377590,2465718583,0.8006389943176515,65513,0.0005064057914389884,0.0005064063547292211,0.005835285569952072
574,560,0,0,1395659008,3804941770,2409282763,0.8340434220769843,64036,0.03340442753072332,0.03340442775933279,0.16994797336084372
575,560,0,0,1395659008,3804280040,2408621033,0.834439724965474,65518,0.0003963024539395264,0.00039630288848996293,0.004699172121844633
576,560,0,0,1395659008,3790240531,2394581524,0.8428735927666615,65154,0.008433867550968028,0.008433867801187486,0.05786509333751038
577,560,0,0,1395659008,3789692454,2394033447,0.8432038377239905,65521,0.00033024448458043404,0.00033024495732762954,0.0039922782726164955
578,560,0,0,1395659008,3778879558,2383220551,0.8497346766045482,65240,0.006530838400753308,0.006530838880559461,0.04740429589642264
579,560,0,0,1395659008,3778334082,2382675075,0.8500649211526117,65521,0.00033024448458043404,0.000330244548062371,0.0039922782726164955
580,560,0,0,1395659008,3743976966,2348317959,0.871019385429392,64591,0.02095446419896665,0.020954464276782433,0.11921623035158381
581,560,0,0,1395659008,3743009488,2347350481,0.8716138804412772,65509,0.0005944945118882062,0.0005944950118836715,0.006544357195652378
582,560,0,0,1395659008,3644833101,2249174094,0.933251810896369,62795,0.06163793016136048,0.06163793045509293,0.2937429494569694
583,566,6,0,1594567104,3261679551,1667112448,1.365295727531862,759,6.432043924584534,6.432043916635494,0.24574523237646254
584,571,5,0,946727392,4233739135,3287011744,0.3858705350532894,4038,4.020574804668526,4.020574807521427,2.1713139177107212
585,575,4,1,1704918688,3325954751,1621036064,1.4057309584431756,1010,6.019860422360843,6.019860423389886,0.24112952076991132
586,581,6,0,64834304,3011668895,2946834592,0.5434810628163405,3723,4.137750099148487,4.137750104373165,3.487439958264849
587,582,1,0,129668608,3291256647,3161588040,0.4419977515523108,35156,0.898516688434726,0.8985166887359682,1.940352744417306
588,584,2,0,917576148,4112547655,3194971508,0.42684408039714583,16557,1.9848463290871479,1.9848463288448357,1.1461979170785435
589,585,1,0,978523478,2706760475,1728236998,1.313346074117515,17725,1.8865019929857592,1.8865019937203684,2.1027628351573724
590,586,1,0,1957046956,4268025975,2310979020,0.8941429835164385,43817,0.5807969091320883,0.580796909398923,1.5371423581914738
591,586,0,0,1957046956,4266015998,2308969043,0.8953983153918692,65479,0.0012553314127252556,0.0012553318754308308,0.013173328327174893
592,586,0,0,1957046956,4243291311,2286244356,0.9096675375841379,64891,0.014269221667528129,0.01426922219226866,0.09963207287625662
593,586,0,0,1957046956,4242349407,2285302452,0.9102620323169255,65509,0.0005944945118882062,0.0005944947327867576,0.0067127256923008825
594,586,0,0,1957046956,4217033098,2259986143,0.9263332191637481,64810,0.016071186394156996,0.01607118684682547,0.1113554198078923
595,586,0,0,1957046956,4216205466,2259158511,0.9268616468583026,65512,0.0005284274673163702,0.000528427694551997,0.0060593958318253035
596,586,0,0,1957046956,4202968209,2245921254,0.9353398008465916,65152,0.008478153924304704,0.00847815398829006,0.06473537975417104
597,586,0,0,1957046956,4202351348,2245304393,0.9357361034958736,65518,0.0003963024539395264,0.00039630264928158646,0.004699172121844633
598,586,0,0,1957046956,4113787629,2156740674,0.9937944284054154,62951,0.05805832457803074,0.058058324909542866,0.3123838528245447
599,586,0,0,1957046956,4113162353,2156115398,0.9942127510091154,65517,0.000418322449221962,0.00041832260369817283,0.004934802732935719
600,586,0,0,1957046956,4088257272,2131210317,1.0109741745163667,64779,0.016761423175375496,0.016761423507253962,0.11390690860414636
601,586,0,0,1957046956,4087541838,2130494883,1.0114585595430832,65514,0.000484384451701118,0.0004843850267161978,0.005586613807591404
602,586,0,0,1957046956,4076391329,2119344374,1.0190291145589931,65193,0.0075705548813454395,0.00757055501590986,0.05890899681553365
603,586,0,0,1957046956,4075873910,2118826955,1.019381378670623,65520,0.0003522634716290214,0.0003522641116288719,0.004227909891679893
604,586,0,0,1957046956,4068567164,2111520209,1.024365091020126,65310,0.004983712203274822,0.004983712349503763,0.04150569733106798
605,586,0,0,1957046956,4068083875,2111036920,1.0246953357629955,65521,0.00033024448458043404,0.0003302447428701649,0.0039922782726164955
606,586,0,0,1957046956,4050882737,2093835782,1.0364988488188338,65002,0.011803512375734265,0.011803513055838868,0.08447946564769501
607,586,0,0,1957046956,4050211799,2093164844,1.0369612127017618,65515,0.0004623634480924974,0.0004623638829276805,0.005289310559804943
608,590,4,1,1541101376,4165733855,2624632480,0.7105317256739347,2568,4.6735705128776965,4.673570512972172,0.8632978523636293
609,590,0,2,934719104,3348374959,2413655856,0.83142715767395,30134,1.1208954308524361,1.1208954320000155,2.037993939405341
610,590,0,2,934719104,2691595099,1756875996,1.2896347795219008,47703,0.4582076215358001,0.4582076218479492,1.2070570130796763
611,590,0,4,980567840,3865516071,2884948232,0.5741017148750274,26904,1.2844669364734171,1.2844669353531284,1.3036744547674044
612,590,0,4,980567840,2252153145,1271585306,1.7560188956138063,28886,1.1819171804698159,1.1819171807387763,2.1817818127300246
613,595,5,0,1961135680,4016829037,2055693358,1.0630220681970215,52974,0.30700317161729274,0.30700317258321635,1.1626108961668786
614,595,0,0,1961135680,3955788093,1994652414,1.106509780161577,63590,0.04348771161893891,0.04348771196455476,0.2630524152737032
615,595,0,0,1961135680,3955118501,1993982822,1.1069941649246537,65514,0.000484384451701118,0.0004843847630761911,0.005586613807591404
616,595,0,0,1961135680,3943739265,1982603586,1.1152509009649734,65162,0.008256735650946383,0.008256736040322905,0.06265316068238586
617,595,0,0,1961135680,3943043466,1981907787,1.1157573067651434,65513,0.0005064057914389884,0.0005064058001693074,0.005842765809754212
618,595,0,0,1961135680,3930735170,1969599491,1.1247448519117285,65129,0.008987544952699829,0.008987545146583448,0.06688288123611182
619,595,0,0,1961135680,3929953773,1968818094,1.1253173242650654,65510,0.0005724718275307164,0.0005724723533384798,0.006401102133507343
620,595,0,0,1961135680,3924215793,1963080114,1.1295280951087676,65345,0.0042107708288315554,0.004210770843701151,0.035405970130575004
621,595,0,0,1961135680,3923706571,1962570892,1.1299023780275022,65519,0.0003742827947452993,0.0003742829187358128,0.004463541174757649
622,595,0,0,1961135680,3898970798,1937835119,1.1482013219689406,64710,0.018298943231027483,0.018298943941435598,0.12097615034106633
623,595,0,0,1961135680,3898468124,1937332445,1.1485756052891176,65519,0.0003742827947452993,0.0003742833201786737,0.004463541174757649
624,595,0,0,1961135680,3881499910,1920364231,1.1612671765144178,64962,0.012691570660454976,0.012691571225299318,0.08603337309273289
625,595,0,0,1961135680,3880943163,1919807484,1.1616854995484722,65517,0.000418322449221962,0.00041832303405593414,0.00492328406377429
626,595,0,0,1961135680,3871715572,1910579893,1.1686365591767398,65221,0.006951059094611086,0.006951059628265942,0.05350016696101574
627,595,0,0,1961135680,3871249121,1910113442,1.1689888232758747,65520,0.0003522634716290214,0.00035226409913422,0.004227909891679893
628,595,0,0,1961135680,3864662120,1903526441,1.1739725361689146,65310,0.004983712203274822,0.004983712893041851,0.04055590207003248
629,595,0,0,1961135680,3864226437,1903090758,1.1743027809365856,65521,0.00033024448458043404,0.0003302447676689205,0.0039922782726164955
630,595,0,0,1961135680,3850984716,1889849037,1.1843761508636916,65080,0.010073369440109838,0.010073369927107499,0.07137636751350222
631,595,0,0,1961135680,3850090774,1888955095,1.1850587402063795,65505,0.0006825886112264284,0.0006825893426862922,0.007190339640459158
632,595,0,0,1961135680,3579671817,1618536138,1.4079575682137353,56154,0.22289882712788692,0.22289882800735764,0.7750429675290583
633,595,0,1,1774787712,3565411857,1790624146,1.2621846002066661,36252,0.854227030550903,0.85422703199293,1.3158823904458323
634,603,8,2,1172904448,3229324799,2056420352,1.062511950664554,147,8.800327655163636,8.80032735045789,0.8316267409842667
635,607,4,0,1511835960,4155159483,2643323524,0.700294134615028,21060,1.6377821840869207,1.6377821839504736,1.1049658886614815
636,607,0,0,1511835960,3229012102,1717176143,1.3226091115667273,42574,0.6223149769115981,0.6223149769516985,1.5435108977136431
637,607,0,1,876188272,4269141351,3392953080,0.34010566636843365,64746,0.017496554422307842,0.01749655480170523,0.1222193701270837
638,609,2,0,1490061550,4203657781,2713596232,0.6624410742719107,26207,1.3223354072969313,1.3223354079034795,1.027593239112517
639,609,0,0,1490061550,4130741475,2640679926,0.7017377014404502,63775,0.03929662662280303,0.03929662716853744,0.24947883060707302
640,609,0,0,1490061550,4118008704,2627947155,0.7087108810026486,65220,0.006973179364172301,0.006973179562199701,0.057071738332920015
641,609,0,0,1490061550,4117327016,2627265467,0.7090851638236444,65519,0.0003742827947452993,0.000374282820996661,0.004463541174757649
642,609,0,0,1490061550,4115322571,2625261022,0.7101862731688975,65486,0.001101109058724726,0.0011011093452527767,0.011136791484408711
643,609,0,0,1490061550,4114721696,2624660147,0.710516517893943,65521,0.00033024448458043404,0.00033024472504398166,0.0039922782726164955
644,609,0,0,1490061550,4111557814,2621496265,0.7122566556505312,65457,0.0017401375958717572,0.0017401377565898367,0.01617938591583855
645,609,0,0,1490061550,4110917800,2620856251,0.7126089192671685,65520,0.0003522634716290214,0.0003522636166372521,0.004227909891679893
646,609,0,0,1490061550,4109238174,2619176625,0.713533794450619,65494,0.0009248751246666447,0.0009248751834501941,0.009561826594705437
647,609,0,0,1490061550,4108638692,2618577143,0.713864038960228,65521,0.00033024448458043404,0.0003302445096073258,0.0039922782726164955
648,609,0,0,1490061550,4101766205,2611704656,0.7176553867310282,65364,0.003791347438400061,0.00379134777080195,0.031052994784260095
649,609,0,0,1490061550,4101168433,2611106884,0.7179856313500963,65521,0.00033024448458043404,0.000330244619068957,0.0039922782726164955
650,609,0,0,1490061550,4098259942,2608198393,0.7195935334572994,65463,0.0016079015700331673,0.0016079021072027326,0.015071836342765915
651,609,0,0,1490061550,4097662972,2607601423,0.7199237783642012,65521,0.00033024448458043404,0.0003302449068992797,0.0039922782726164955
652,609,0,0,1490061550,4095633741,2605572192,0.7210469182649888,65485,0.001123139814249491,0.001123139900789811,0.011343417588940424
653,609,0,0,1490061550,4095037372,2604975823,0.7213771632219945,65521,0.00033024448458043404,0.00033024495700641253,0.0039922782726164955
654,609,0,0,1490061550,4093685913,2603624364,0.7221258262681189,65502,0.0007486627160211863,0.0007486630461232693,0.008087453540285734
655,609,0,0,1490061550,4093089990,2603028441,0.7224560711270733,65521,0.00033024448458043404,0.00033024485895431397,0.0039922782726164955
656,609,0,0,1490061550,4090111060,2600049511,0.7241080502238262,65461,0.0016519788985902288,0.0016519790967527274,0.015546647142808722
657,609,0,0,1490061550,4089476282,2599414733,0.7244603138549373,65520,0.0003522634716290214,0.00035226363111242546,0.004227909891679893
658,610,1,0,1713416850,3758647277,2045230428,1.0703837509616392,25782,1.3459234375049052,1.3459234371067,1.1420059016186017
659,610,0,0,1713416850,3658720094,1945303245,1.1426520777140077,62334,0.07226832636045924,0.07226832675236784,0.4487936693765146
660,610,0,0,1713416850,3644858146,1931441297,1.1529693161342855,65069,0.010317238320970486,0.01031723842027768,0.07914811297841406
661,610,0,0,1713416850,3265678401,1552261552,1.468275477676091,52670,0.31530616095868086,0.31530616154180596,0.7914416214058395
662,610,0,1,1279350052,3643934023,2364583972,0.8610607697765502,49916,0.3927852914462434,0.39278529210046087,1.317032160749537
663,610,0,1,1279350052,3495750637,2216400586,0.9544284924215951,61429,0.09336772252692942,0.09336772264504338,0.4704705732621611
664,610,0,1,1279350052,3478570285,2199220234,0.9656550604247478,65028,0.011226567492814685,0.011226568003154937,0.08543975434143128
665,610,0,1,1279350052,3477899136,2198549085,0.966095403367401,65516,0.0004403427806028656,0.0004403429426510386,0.005170433008025777
666,610,0,1,1279350052,3475785662,2196435611,0.9674829388901784,65473,0.0013875351247936642,0.0013875355227772161,0.013464460950252525
667,610,0,1,1279350052,3475249422,2195899371,0.9678352029118145,65520,0.0003522634716290214,0.0003522640216378672,0.004227909891679893
668,610,0,1,1279350052,3472200306,2192850255,0.9698398491618576,65445,0.0020046460149816775,0.002004646250042191,0.018244071752740676
669,610,0,1,1279350052,3471664942,2192314891,0.9701921127441828,65520,0.0003522634716290214,0.00035226358232482216,0.004227909891679893
670,610,0,1,1279350052,3470059242,2190709191,0.9712491617073873,65488,0.001057048556915173,0.0010570489632041314,0.010693670164510389
671,610,0,1,1279350052,3469557828,2190207777,0.9715794064938876,65521,0.00033024448458043404,0.00033024478650249165,0.0039922782726164955
672,610,0,1,1279350052,3464578260,2185228209,0.9748631940679537,65387,0.0032837874765994056,0.003283787574064373,0.027609187252584613
673,610,0,1,1279350052,3464078100,2184728049,0.9751934391835562,65521,0.00033024448458043404,0.0003302451156030345,0.0039922782726164955
674,610,0,1,1279350052,3461111168,2181761117,0.9771539976913495,65447,0.0019605579105596736,0.0019605585077917278,0.01761837879802014
675,610,0,1,1279350052,3460578511,2181228460,0.9775062614786663,65520,0.0003522634716290214,0.00035226378731856485,0.004227909891679893
676,610,0,1,1279350052,3457915878,2178565827,0.9792684399896352,65456,0.0017621781119536897,0.0017621785109684885,0.016381079078887806
677,610,0,1,1279350052,3457417243,2178067192,0.979598685039754,65521,0.00033024448458043404,0.0003302450501189782,0.0039922782726164955
678,610,0,1,1279350052,3455489632,2176139581,0.9808760497388214,65478,0.0012773645234549914,0.0012773646990683271,0.012579598144035751
679,610,0,1,1279350052,3454991553,2175641502,0.9812062943410673,65521,0.00033024448458043404,0.0003302446022459962,0.0039922782726164955
680,610,0,1,1279350052,3451472601,2172122550,0.9835416444876621,65430,0.002335349750730934,0.0023353501465917144,0.02057697818077551
681,610,0,1,1279350052,3450710289,2171360238,0.9840480508932963,65513,0.0005064057914389884,0.0005064064056339968,0.005686139489769922
682,610,0,1,1279350052,3238166405,1958816354,1.132664999859422,59121,0.1486169483474134,0.14861694896612723,0.5508908409824205
683,610,0,2,411216456,3518434327,3107217872,0.4670237420712553,51979,0.3343587417177451,0.3343587422118338,1.1925414935463488
684,613,3,1,959390388,2420640003,1461249616,1.5554445003808226,7705,3.0884207585978523,3.0884207583095677,3.798809217583094
685,617,4,0,583619944,2166878199,1583258256,1.4397505435636475,8876,2.8843060478029887,2.8843060431828236,0.5940141474226921
686,618,1,1,186996128,3694438855,3507442728,0.29222759931894515,36296,0.8524770556492556,0.8524770557553002,1.7015628915533747
687,618,0,1,186996128,3380387433,3193391306,0.42755779992181075,59668,0.13533020015969247,0.13533020060286458,0.5204179810335952
688,618,0,1,186996128,3334876149,3147880022,0.44826659086216836,64602,0.020708790741610174,0.02070879094035718,0.14683606579484604
689,618,0,1,186996128,3334011557,3147015430,0.4486628937422239,65518,0.0003963024539395264,0.000396302880054786,0.004699172121844633
690,618,0,1,186996128,3320518036,3133521909,0.4548620657979967,65255,0.0061991716593663634,0.006199172055773199,0.04996613858954666
691,618,0,1,186996128,3319561761,3132565634,0.45530240858014537,65516,0.0004403427806028656,0.0004403427821488305,0.005158914338864347
692,618,0,1,186996128,3302162867,3115166740,0.46333776012140504,65172,0.008035351354643047,0.008035351541259011,0.06196494206789459
693,618,0,1,186996128,3300926991,3113930864,0.46391023219138816,65510,0.0005724718275307164,0.0005724720699845395,0.006506091521343589
694,618,0,1,186996128,3292896987,3105900860,0.46763536621417146,65367,0.003725133837594948,0.0037251340227830326,0.03201226854290977
695,618,0,1,186996128,3292138710,3105142583,0.4679876298822627,65520,0.0003522634716290214,0.00035226366809203884,0.004227909891679893
696,618,0,1,186996128,3249732969,3062736842,0.4878257337133789,64641,0.01983810361267547,0.019838103831114347,0.12808196048213838
697,618,0,1,186996128,3248798295,3061802168,0.48826607691403723,65516,0.0004403427806028656,0.000440343200660389,0.005115354265434883
698,618,0,1,186996128,3231605558,3044609431,0.4963899780133545,65168,0.00812390099658516,0.008123901099314797,0.05928800594567952
699,618,0,1,186996128,3230676416,3043680289,0.4968303212387042,65516,0.0004403427806028656,0.0004403432253511261,0.005115354265434883
700,618,0,1,186996128,3221666498,3034670371,0.5011073280337008,65342,0.004277006722584219,0.004277006794994511,0.035198662748623155
701,618,0,1,186996128,3220925611,3033929484,0.501459591828187,65520,0.0003522634716290214,0.0003522637944858993,0.004227909891679893
702,618,0,1,186996128,3214166673,3027170546,0.5046771894021944,65390,0.0032175971660184,0.0032175975740102686,0.02780120929566043
703,618,0,1,186996128,3213427617,3026431490,0.5050294532031856,65520,0.0003522634716290214,0.0003522638009885206,0.004227909891679893
704,618,0,1,186996128,3202067415,3015071288,0.5104550325689026,65290,0.0054255789880119825,0.005425579365720105,0.04252270759510349
705,618,0,1,186996128,3200963262,3013967135,0.5109834604751562,65512,0.0005284274673163702,0.0005284279062528444,0.005880722950591376
706,618,0,1,186996128,2967244680,2780248553,0.6274332809961436,60454,0.11644982044274242,0.11644982052098729,0.4793591199632893
707,618,0,1,186996128,2808836353,2621840226,0.7120673750920474,61802,0.08463409391647314,0.0846340940959023,0.4066630785424713
708,618,0,1,186996128,2497948895,2310952768,0.8941593721746663,57765,0.1820919965944959,0.1820919970826192,0.8647739645901293
709,618,0,3,1816835308,3515774887,1698939580,1.3380125996624948,12045,2.443853226874167,2.4438532274878275,0.7303998198840479
710,622,4,1,506938964,2962748659,2455809696,0.8064483773554976,23683,1.468435777195469,1.4684357776930046,1.4031648804780452
711,622,0,1,506938964,2925538285,2418599322,0.8284753614180502,64543,0.022026983677213643,0.022026984062550502,0.1486988213541208
712,622,0,1,506938964,2924763282,2417824319,0.8289377249648915,65515,0.0004623634480924974,0.00046236354684301383,0.00539454427794825
713,622,0,1,506938964,2922217660,2415278697,0.830457475966611,65467,0.0015197509526750181,0.0015197510017195396,0.014684410022230367
714,622,0,1,506938964,2921627992,2414689029,0.8308097396469734,65520,0.0003522634716290214,0.0003522636803628768,0.004227909891679893
715,622,0,1,506938964,2918754064,2411815101,0.8325278370739397,65458,0.0017180974165047324,0.001718097426964837,0.01627852508619977
716,622,0,1,506938964,2918165241,2411226278,0.8328801011162845,65520,0.0003522634716290214,0.0003522640423450665,0.004227909891679893
717,622,0,1,506938964,2916546375,2409607412,0.8338490331259898,65492,0.0009689315899683129,0.0009689320097051834,0.01008283961776438
718,622,0,1,506938964,2915958091,2409019128,0.834201297160817,65520,0.0003522634716290214,0.00035226403482639055,0.004227909891679893
719,622,0,1,506938964,2911510286,2404571323,0.8368674267818861,65415,0.002666129309875501,0.002666129621071278,0.02363348665628703
720,622,0,1,506938964,2910959923,2404020960,0.8371976714470719,65521,0.00033024448458043404,0.0003302446651853087,0.0039922782726164955
721,622,0,1,506938964,2908575563,2401636600,0.8386292776682858,65471,0.0014316057211096818,0.0014316062212152982,0.013789294603789599
722,622,0,1,506938964,2907915933,2400976970,0.8390255806070677,65518,0.0003963024539395264,0.00039630293877915165,0.004687653452683203
723,622,0,1,506938964,2905424684,2398485721,0.8405232953022761,65468,0.0014977141398913162,0.0014977146952090449,0.014526730660434547
724,622,0,1,506938964,2904875714,2397936751,0.8408535398979851,65521,0.00033024448458043404,0.00033024459570790796,0.0039922782726164955
725,622,0,1,506938964,2902790106,2395851143,0.842108871412524,65479,0.0012553314127252556,0.0012553315145407006,0.012543675854677751
726,622,0,1,506938964,2902241739,2395302776,0.8424391160125992,65521,0.00033024448458043404,0.0003302446000761391,0.0039922782726164955
727,622,0,1,506938964,2899061939,2392122976,0.8443555874539399,65449,0.0019164711534089207,0.0019164714413401668,0.017738197896921708
728,622,0,1,506938964,2898331921,2391392958,0.8447959302357226,65516,0.0004403427806028656,0.00044034278178112506,0.005086360513452917
729,622,0,1,506938964,2554999762,2048060799,1.0683886020069657,56127,0.22359267144446435,0.22359267177124315,0.6815501797745803
730,622,0,1,506938964,2374088141,1867149178,1.2018099480891387,59747,0.13342134574680725,0.13342134608217518,0.5835763484349247
731,624,2,0,1013877928,3437388327,2423510400,0.8255488724649744,42532,0.6237389234403125,0.6237389243758327,1.9676594319294047
732,625,1,0,1058532948,2518053035,1459520088,1.5571530786072394,19734,1.7316042064434416,1.7316042061422665,0.9904799884119767
733,626,1,0,2117065896,4085199871,1968133976,1.12581871398908,44187,0.568665635317236,0.5686656353818412,1.4639562570675708
734,626,0,0,2117065896,4053666962,1936601067,1.149120351564644,64486,0.02330163701375114,0.023301637575564794,0.159280144974927
735,626,0,0,2117065896,4052869106,1935803211,1.14971484678167,65509,0.0005944945118882062,0.0005944952170262454,0.0066806842880328485
736,626,0,0,2117065896,4049974380,1932908485,1.1518738123249648,65438,0.0021589649914087418,0.002158965543294004,0.019670207900475484
737,626,0,0,2117065896,4049472984,1932407089,1.1522480956210792,65519,0.0003742827947452993,0.00037428329611405764,0.004463541174757649
738,626,0,0,2117065896,4046966657,1929900762,1.1541204818630781,65451,0.0018723857434470804,0.0018723862419992394,0.01741387978942661
739,626,0,0,2117065896,4046466041,1929400146,1.1544947653107087,65519,0.0003742827947452993,0.0003742834476281835,0.004463541174757649
740,626,0,0,2117065896,4045141227,1928075332,1.1554857256804851,65491,0.0009909603271466795,0.0009909603697796036,0.010224851881573726
741,626,0,0,2117065896,4044699925,1927634030,1.1558159705977964,65521,0.00033024448458043404,0.000330244917311037,0.0039922782726164955
742,626,0,0,2117065896,4041582108,1924516213,1.1581513208945147,65430,0.002335349750730934,0.002335350296718375,0.020840890823145598
743,626,0,0,2117065896,4041141621,1924075726,1.1584815655259675,65521,0.00033024448458043404,0.00033024463145143285,0.0039922782726164955
744,626,0,0,2117065896,4039468154,1922402259,1.1597368971325608,65479,0.0012553314127252556,0.0012553316065937014,0.012227910028967403
745,626,0,0,2117065896,4038940150,1921874255,1.1601331999241964,65518,0.0003963024539395264,0.00039630279163611117,0.004687653452683203
746,626,0,0,2117065896,4037268597,1920202702,1.1613885320806467,65479,0.0012553314127252556,0.0012553321564486922,0.0123685418052523
747,626,0,0,2117065896,4036829097,1919763202,1.1617187769260902,65521,0.00033024448458043404,0.0003302448454446147,0.0039922782726164955
748,626,0,0,2117065896,4035393727,1918327832,1.1627978556967804,65487,0.0010790786396167112,0.001079078770689848,0.01096128899195523
749,626,0,0,2117065896,4034954656,1917888761,1.163128100635621,65521,0.00033024448458043404,0.0003302449388389862,0.0039922782726164955
750,626,0,0,2117065896,4032847600,1915781705,1.164713964405145,65464,0.0015858634107395607,0.0015858637695268468,0.015083823647592063
751,626,0,0,2117065896,4032321414,1915255519,1.1651102674913183,65518,0.0003963024539395264,0.0003963030861737303,0.004668654543719633
752,626,0,0,2117065896,3869774856,1752708961,1.2930606909207683,59974,0.1279504230726243,0.12795042342944996,0.4858688088209877
753,626,0,0,2117065896,3663068808,1546002913,1.4741041084025355,57807,0.18104341745102198,0.18104341748176425,0.7223190870025903
754,631,5,0,604991328,3390514143,2785522816,0.6246990129683638,3690,4.150594899052241,4.150594904565828,2.5715209609854788
755,631,0,0,604991328,2191739644,1586748317,1.436573833600729,37332,0.811874819744462,0.811874820632367,1.004116413847983
756,632,1,0,1209982656,4266632861,3056650206,0.490695682092138,63123,0.05412184757268685,0.05412184849140819,0.274473134099135
757,632,0,0,1209982656,4257537908,3047555253,0.49499476848031776,65341,0.004299086029623652,0.004299086388179947,0.03250491891071539
758,632,0,0,1209982656,4254375771,3044393116,0.4964924830050954,65468,0.0014977141398913162,0.001497714524779058,0.014687908513538612
759,632,0,0,1209982656,4253678964,3043696309,0.4968227278282491,65521,0.00033024448458043404,0.00033024482315199274,0.0039922782726164955
760,632,0,0,1209982656,4252239227,3042256572,0.497505316573001,65505,0.0006825886112264284,0.000682588744752346,0.007463518647047627
761,632,0,0,1209982656,4251542909,3041560254,0.4978355614040346,65521,0.00033024448458043404,0.0003302448310327842,0.0039922782726164955
762,632,0,0,1209982656,4249964951,3039982296,0.4985842241696723,65502,0.0007486627160211863,0.000748662765639334,0.008070372615621981
763,632,0,0,1209982656,4249269154,3039286499,0.4989144687828322,65521,0.00033024448458043404,0.00033024461315952494,0.0039922782726164955
764,632,0,0,1209982656,4248109758,3038127103,0.49946491836202966,65511,0.0005504494793435254,0.0005504495791984649,0.0062203082868149875
765,632,0,0,1209982656,4247414385,3037431730,0.4997951632697415,65521,0.00033024448458043404,0.0003302449077110536,0.0039922782726164955
766,632,0,0,1209982656,4245467788,3035485133,0.5007200387449195,65494,0.0009248751246666447,0.0009248754751773152,0.009618429163439364
767,632,0,0,1209982656,4244773020,3034790365,0.5010502835098798,65521,0.00033024448458043404,0.0003302447649617258,0.0039922782726164955
768,632,0,0,1209982656,4243337495,3033354840,0.5017328725934433,65505,0.0006825886112264284,0.0006825890835638053,0.007411093398586019
769,632,0,0,1209982656,4242643215,3032660560,0.5020631171613559,65521,0.00033024448458043404,0.00033024456791262203,0.0039922782726164955
770,632,0,0,1209982656,4241116148,3031133493,0.5027897553074823,65503,0.0007266376781842033,0.0007266381461252255,0.007846265714246303
771,632,0,0,1209982656,4240422376,3030439721,0.5031200000782512,65521,0.00033024448458043404,0.0003302447707689452,0.0039922782726164955
772,632,0,0,1209982656,4239127632,3029144977,0.5037365178330298,65508,0.0006165175324262582,0.0006165177547773902,0.006841243446302362
773,632,0,0,1209982656,4238434315,3028451660,0.5040667626683906,65521,0.00033024448458043404,0.0003302448353600021,0.0039922782726164955
774,632,0,0,1209982656,4236724526,3026741871,0.5048815026644604,65499,0.0008147398470877202,0.0008147399960698185,0.008596262287054422
775,632,0,0,1209982656,4235985575,3026002920,0.5052337663019557,65520,0.0003522634716290214,0.0003522636374960104,0.004227909891679893
776,632,0,0,1209982656,4180485460,2970502805,0.5319399951613377,64334,0.026706228660772793,0.02670622885938196,0.14045056056335267
777,632,0,0,1209982656,4169697806,2959715151,0.5371888113805987,65298,0.005248816033658596,0.005248816219261477,0.04351458219217768
778,632,0,0,1209982656,4165452609,2955469954,0.5392595921261822,65442,0.002070780697928415,0.0020707807455838294,0.020804470804618086
779,632,0,0,1209982656,3584920310,2374937655,0.8547575045713707,52663,0.3154979121724712,0.31549791244518977,0.7250667535349022
780,632,0,0,1209982656,3562053707,2352071052,0.8687155038582723,64905,0.013957998969590239,0.013957999286899121,0.087943225522146
781,632,0,0,1209982656,3561012904,2351030249,0.8693540447933081,65507,0.0006385408891551363,0.0006385409350361732,0.007076870697152371
782,632,0,0,1209982656,3560474795,2350492140,0.8696842898181814,65521,0.00033024448458043404,0.0003302450248727617,0.0039922782726164955
783,632,0,0,1209982656,3559793347,2349810692,0.8701026125059954,65517,0.000418322449221962,0.00041832268781426713,0.00492328406377429
784,632,0,0,1209982656,3559255518,2349272863,0.8704328569996065,65521,0.00033024448458043404,0.00033024449361360154,0.0039922782726164955
785,632,0,0,1209982656,3558466882,2348484227,0.8709172418816529,65514,0.000484384451701118,0.000484384882043657,0.005557620055609438
786,632,0,0,1209982656,3557929356,2347946701,0.8712474867462419,65521,0.00033024448458043404,0.00033024486458930975,0.0039922782726164955
787,632,0,0,1209982656,3557176992,2347194337,0.8717098506293475,65515,0.0004623634480924974,0.00046236388310761056,0.005350984204518786
788,632,0,0,1209982656,3556639761,2346657106,0.8720400956370185,65521,0.00033024448458043404,0.0003302450076693069,0.0039922782726164955
789,632,0,0,1209982656,3555780389,2345797734,0.8725685234125926,65512,0.0005284274673163702,0.0005284277755734198,0.0059961983609684265
790,632,0,0,1209982656,3555243478,2345260823,0.872898768209609,65521,0.00033024448458043404,0.0003302447970193454,0.0039922782726164955
791,632,0,0,1209982656,3554491975,2344509320,0.8733611318767132,65515,0.0004623634480924974,0.0004623636671026221,0.005350984204518786
792,632,0,0,1209982656,3553955359,2343972704,0.8736913766090098,65521,0.00033024448458043404,0.00033024473229467503,0.0039922782726164955
793,632,0,0,1209982656,3553061204,2343078549,0.8742418263183467,65511,0.0005504494793435254,0.0005504497093389395,0.0062203082868149875
794,632,0,0,1209982656,3552524915,2342542260,0.8745720713448648,65521,0.00033024448458043404,0.00033024502651841816,0.0039922782726164955
795,632,0,0,1209982656,3551702794,2341720139,0.8750784776051717,65513,0.0005064057914389884,0.0005064062603076022,0.005793249322665642
796,632,0,0,1209982656,3551166816,2341184161,0.8754087225798592,65521,0.00033024448458043404,0.0003302449746847238,0.0039922782726164955
797,632,0,0,1209982656,3550130830,2340148175,0.8760472638248515,65507,0.0006385408891551363,0.0006385412449938466,0.007028344987137022
798,632,0,0,1209982656,3549523796,2339541141,0.876421547195914,65519,0.0003742827947452993,0.0003742833710642084,0.004452022505596219
799,632,0,0,1209982656,3469202025,2259219370,0.9268227829209259,63286,0.05040123555930575,0.050401235725011734,0.2328753575468785
800,632,0,0,1209982656,3452413697,2242431042,0.9375835251475841,65049,0.010760741926082935,0.01076074222665755,0.08103367157030637
801,632,0,0,1209982656,3444954438,2234971783,0.9423905288257011,65318,0.004807003376047257,0.004807003678117619,0.043156948389913255
802,632,0,1,272481664,2677490819,2405009156,0.8366047595898785,35261,0.8942142304611084,0.8942142307641742,1.0694779861008425
803,634,2,0,544963328,3798125735,3253162408,0.40080429800681827,44324,0.5641995378052147,0.5641995384169411,1.217457733172271
804,634,0,0,544963328,3669013866,3124050539,0.45922935329732084,62935,0.05842505512437457,0.05842505529050402,0.30334060971552695
805,634,0,0,544963328,3653235351,3108272024,0.4665343776276565,65205,0.0073050241133959465,0.007305024330334503,0.058379869706562594
806,634,0,0,544963328,3652381638,3107418311,0.46693068035601115,65518,0.0003963024539395264,0.0003963027283557022,0.004699172121844633
807,634,0,0,544963328,3649489296,3104525969,0.4682741462898363,65475,0.00134346587467908,0.0013434659338240561,0.013285990908552892
808,634,0,0,544963328,3648683983,3103720656,0.46864842944840035,65519,0.0003742827947452993,0.00037428315856568895,0.004463541174757649
809,634,0,0,544963328,3645700364,3100737037,0.4700359649527073,65473,0.0013875351247936642,0.0013875355043062817,0.013554844736237717
810,634,0,0,544963328,3644896034,3099932707,0.4704102480403911,65519,0.0003742827947452993,0.00037428308768398425,0.004463541174757649
811,634,0,0,544963328,3643145888,3098182561,0.4712249883002819,65499,0.0008147398470877202,0.0008147402598892762,0.008673889707354054
812,634,0,0,544963328,3642436770,3097473443,0.47155523291870693,65521,0.00033024448458043404,0.00033024461842684336,0.0039922782726164955
813,634,0,0,544963328,3639175575,3094212248,0.4730749839279653,65467,0.0015197509526750181,0.0015197510092566486,0.014517924531894747
814,634,0,0,544963328,3638467366,3093504039,0.4734052284218251,65521,0.00033024448458043404,0.00033024449385984125,0.0039922782726164955
815,634,0,0,544963328,3636437631,3091474304,0.47435213189069714,65493,0.0009469031891450585,0.0009469034688716044,0.009631633271411172
816,634,0,0,544963328,3635730048,3090766721,0.4746823766952737,65521,0.00033024448458043404,0.0003302448045771575,0.0039922782726164955
817,634,0,0,544963328,3633749270,3088785943,0.4756072522812431,65494,0.0009248751246666447,0.0009248755859688288,0.009576392916152934
818,634,0,0,544963328,3633042303,3088078976,0.47593749676701336,65521,0.00033024448458043404,0.00033024448577093963,0.0039922782726164955
819,634,0,0,544963328,3631440211,3086476884,0.4766861595980636,65502,0.0007486627160211863,0.0007486628310515209,0.00805936128825107
820,634,0,0,544963328,3630733772,3085770445,0.47701640431838044,65521,0.00033024448458043404,0.00033024472031512226,0.0039922782726164955
821,634,0,0,544963328,3628379515,3083416188,0.4781175138376099,65486,0.001101109058724726,0.0011011095192311434,0.011040210985891398
822,634,0,0,544963328,3627579678,3082616351,0.4784917969354048,65519,0.0003742827947452993,0.0003742830977919753,0.004452022505596219
823,634,0,0,544963328,3584305644,3039342317,0.49888797321805,64616,0.02039617592554004,0.020396176282646058,0.12558215467504533
824,634,0,0,544963328,3486543595,2941580268,0.5460557418666987,63428,0.04716776835657826,0.04716776864865047,0.2870679414440816
825,636,2,2,329186976,2619396815,2290209840,0.9071673550024641,3189,4.361111617747739,4.3611116131357655,3.1628559151923565
826,639,3,0,658373952,3960614993,3302241042,0.3792017146159914,47248,0.4720343588660458,0.47203435961352624,0.9645036331991733
827,639,0,0,658373952,3661964134,3003590183,0.5159591644820942,59609,0.1367574495766736,0.13675744986610197,0.5486540690610036
828,639,0,0,658373952,3646519036,2988145085,0.5233969482451997,65199,0.007437783388440303,0.007437783763105768,0.052891166157937
829,639,0,0,658373952,3640272455,2981898504,0.5264159931099712,65399,0.0030190444530456694,0.0030190448647735265,0.027099091038341308
830,639,0,0,658373952,3639544452,2981170501,0.5267682567923799,65520,0.0003522634716290214,0.0003522636824057201,0.004227909891679893
831,639,0,0,658373952,3637952335,2979578384,0.5275389449724557,65501,0.0007706880901105886,0.0007706881800768957,0.008305997850081116
832,639,0,0,658373952,3637224898,2978850947,0.5278912088659666,65520,0.0003522634716290214,0.00035226389351069004,0.004227909891679893
833,639,0,0,658373952,3635043122,2976669171,0.5289482576187119,65488,0.001057048556915173,0.001057048752746479,0.010839453241766588
834,639,0,0,658373952,3634316396,2975942445,0.5293005211524786,65520,0.0003522634716290214,0.0003522635337658391,0.004227909891679893
835,639,0,0,658373952,3632590843,2974216892,0.530137287593405,65498,0.000836766229995985,0.0008367664409250555,0.008951836380689382
836,639,0,0,658373952,3631864715,2973490764,0.5304895514673014,65520,0.0003522634716290214,0.00035226387389724744,0.004227909891679893
837,639,0,0,658373952,3629278518,2970904567,0.5317448831248761,65479,0.0012553314127252556,0.0012553316575742851,0.012613065651472391
838,639,0,0,658373952,3628598531,2970224580,0.5320751280506393,65521,0.00033024448458043404,0.0003302449257639312,0.0039922782726164955
839,639,0,0,658373952,3627012259,2968638308,0.5328458165967405,65501,0.0007706880901105886,0.0007706885461012781,0.008288522767260581
840,639,0,0,658373952,3626287493,2967913542,0.5331980804514558,65520,0.0003522634716290214,0.000352263854715572,0.004227909891679893
841,639,0,0,658373952,3624159014,2965785063,0.5342330997316935,65489,0.0010350188106098368,0.0010350192802364457,0.010686055147334821
842,639,0,0,658373952,3623434945,2965060994,0.5345853633887536,65520,0.0003522634716290214,0.00035226365706074903,0.004227909891679893
843,639,0,0,658373952,3621579972,2963206021,0.5354882108578884,65495,0.0009028473965228007,0.0009028474691343266,0.009575141889878841
844,639,0,0,658373952,3620901747,2962527796,0.5358184558127235,65521,0.00033024448458043404,0.00033024495483495334,0.0039922782726164955
845,639,0,0,658373952,3618370290,2959996339,0.5370517545209381,65480,0.0012332986384842029,0.0012332987082144694,0.012426388144393875
846,639,0,0,658373952,3617421804,2959047853,0.5375141183810044,65515,0.0004623634480924974,0.0004623638600685525,0.005289310559804943
847,639,0,0,658373952,3570644863,2912270912,0.5605025785199231,64500,0.022988459914658838,0.02298846013891844,0.12768130588214213
848,639,0,0,658373952,3521363423,2862989472,0.5851247808533202,64427,0.02462220225318531,0.024622202333397892,0.1554745046627787
849,644,5,1,774330560,3466770879,2692440320,0.6737327793294057,963,6.0886080121565405,6.0886079984760855,0.7178730189248512
850,644,0,1,774330560,2361217152,1586886593,1.4364481164938425,38626,0.7627153365891229,0.7627153371644354,1.0057922903602652
851,644,0,4,1896020296,3410264983,1514244688,1.5040487956167574,7817,3.0676006775662072,3.0676006791229145,0.8294520636429219
852,649,5,3,1769501552,3244928927,1475427376,1.5415142363337715,3991,4.037465436488729,4.037465440717015,1.2557140247969905
853,649,0,4,1391519456,3945150685,2553631230,0.7500969455866837,56714,0.20858270825595926,0.20858270925291195,0.6001229792854952
854,649,0,5,635555264,3459995467,2824440204,0.60468218819965,36243,0.8545852416119336,0.8545852426129679,1.3583318236698505
855,649,0,7,738444244,3626496411,2888052168,0.5725503435964328,16753,1.9678681548754104,1.9678681553967803,2.1627319052942666
856,649,0,7,738444244,3438237151,2699792908,0.6697983987598377,61264,0.09724805514983934,0.09724805516340743,0.3701447040472932
857,649,0,7,738444244,3119342239,2380897996,0.851141332972599,57795,0.18134293373193147,0.18134293421276035,0.681334627847703
858,649,0,7,738444244,3075419728,2336975485,0.8780045457631047,64327,0.026863212755349815,0.02686321279050437,0.16604194470596914
859,649,0,7,738444244,2701031519,1962587276,1.1298903341227557,55037,0.2518857878211475,0.2518857883596508,0.6764596578774731
860,657,8,0,1476888488,3911435837,2434547350,0.8189935858684443,40648,0.6891032512022872,0.6891032517456902,1.604680753776592
861,657,0,0,1476888488,3252017349,1775128862,1.274723387976497,47785,0.4557298018635251,0.4557298021080525,1.6679105255396367
862,657,0,1,806293328,3903722005,3097428678,0.4715760830442619,57177,0.19685269475689937,0.19685269506776457,0.581976041609573
863,657,0,1,806293328,2658767036,1852473709,1.2131940786051558,39195,0.7416179950714606,0.7416179955608925,1.8090885618959622
864,659,2,1,1077689664,3950923419,2873233756,0.5799717758709946,25412,1.3667776961992117,1.3667776972658392,2.854970399784915
865,659,0,1,1077689664,3638987106,2561297443,0.7457723434402084,58421,0.16580056726987766,0.16580056756921654,0.5248361252259829
866,659,0,2,7895680,4246917985,4239022306,0.018915588049388532,54232,0.2731432445492718,0.27314324460917966,0.8384245741242663
867,659,0,2,7895680,3961604151,3953708472,0.11944064862024462,61125,0.10052506038567922,0.10052506057085588,0.4922859315756113
868,659,0,2,7895680,3946883922,3938988243,0.1248220351777789,65292,0.005381386218993227,0.00538138655753363,0.03878166315560497
869,659,0,2,7895680,3898500048,3890604369,0.1426528642127245,64731,0.017830828860395675,0.017830829034945254,0.11898323201564062
870,659,0,2,7895680,3883599204,3875703525,0.14818893113570297,65285,0.005536066833433702,0.005536066922977986,0.04735991134194043
871,659,0,2,7895680,3875260669,3867364990,0.15129621805171922,65395,0.003107286729684582,0.003107286916018438,0.02473766978225328
872,659,0,2,7895680,3853721542,3845825863,0.1593537063400774,65171,0.008057488255603087,0.008057488288356182,0.0632504471320143
873,659,0,2,7895680,3846034115,3838138436,0.16224039765688758,65405,0.0028866911572534176,0.002886691316810203,0.02720308615366718
874,659,0,2,7895680,3798479055,3790583376,0.1802272477771183,64724,0.01798685010787264,0.017986850120230977,0.10082480783615232
875,659,0,2,7895680,3531895821,3524000142,0.2854331636218461,60927,0.10520591557336495,0.10520591584472656,0.48963023126396255
876,659,0,2,7895680,3522593269,3514697590,0.2892465830818196,65363,0.0038134193140021496,0.0038134194599756927,0.03490644223942208
877,659,0,2,7895680,3311666364,3303770685,0.378533593364903,61603,0.08928701011910113,0.08928701028308318,0.34872611090047695
878,664,5,0,1323933496,3237152255,1913218760,1.1666453032114887,4744,3.7881117054539963,3.7881117098465835,1.5841800235108048
879,666,2,0,495569996,2464372995,1968803000,1.1253283847700892,16860,1.9586830841705554,1.9586830815586034,2.1339855093135136
880,669,3,1,343953328,2817454367,2473501040,0.7960926399263286,5146,3.6707642582662,3.6707642551562376,2.476678530607442
881,669,0,5,1500746464,3473025375,1972278912,1.1227835595585383,3266,4.326690924438305,4.326690919632211,3.166808538868742
882,669,0,5,1500746464,3341241174,1840494711,1.222553542135305,61157,0.09976998208531948,0.09976998257676464,0.5495560432413467
883,669,0,5,1500746464,3338011546,1837265083,1.2250873506264455,65421,0.00253380838518502,0.0025338084911402407,0.02466283369844947
884,669,0,5,1500746464,3244236343,1743489880,1.3006691559261867,62191,0.07558180528493022,0.07558180529974087,0.39513664470465026
885,669,0,5,1500746464,3237585456,1736838993,1.3061831252795457,65286,0.005513968587407905,0.005513969353360669,0.04715899372107959
886,669,0,5,1500746464,3229210805,1728464342,1.3131563047220212,65220,0.006973179364172301,0.006973179442473361,0.05668394303225491
887,669,0,5,1500746464,3227179985,1726433522,1.3148523631270486,65459,0.0016960575738423276,0.001696058405029977,0.01698825876743769
888,669,0,5,1500746464,3226047223,1725300760,1.3157992669412266,65493,0.0009469031891450585,0.0009469038141763971,0.010290372889117997
889,669,0,5,1500746464,3224388684,1723642221,1.317186802883711,65473,0.0013875351247936642,0.0013875359424866298,0.014425540908879817
890,669,0,6,854009280,4249796963,3395787684,0.3389008864207206,64557,0.021714083124903496,0.021714083537006983,0.1616777217099698
891,669,0,6,854009280,4235184961,3381175682,0.3451221670597526,65254,0.00622128040345171,0.0062212806390344,0.05126838377110646
892,669,0,6,854009280,4224298912,3370289633,0.3497745682155795,65325,0.0046524009052545294,0.004652401155824261,0.04256419377545375
893,669,0,6,854009280,4217664888,3363655609,0.3526171445295532,65407,0.002842576090103573,0.0028425763139747467,0.02739061163627446
894,669,0,6,854009280,3428589550,2574580271,0.7383098944185562,50162,0.3856927497316597,0.38569274988900487,1.6511207619731243
895,669,0,6,854009280,2712856548,1858847269,1.2082389090044678,47317,0.46992901385494434,0.4699290145859116,1.6354047732854697
896,669,0,6,854009280,2704545966,1850536687,1.2147034085770052,65243,0.006464498952343484,0.00646449957253571,0.0547506278855549
897,669,0,6,854009280,2697769098,1843759819,1.219996413514334,65296,0.005293004741899457,0.005293004937327085,0.04410645056682076
898,669,0,6,854009280,2696784424,1842775145,1.2207671016235437,65501,0.0007706880901105886,0.000770688109212251,0.008522135500172372
899,669,0,6,854009280,2695322261,1841312982,1.2219122726113767,65484,0.001145170906201281,0.0011451709878332998,0.012156867075299829
900,669,0,6,854009280,2694535567,1840526288,1.2225287903170887,65508,0.0006165175324262582,0.0006165177057113265,0.006982909286682371
901,669,0,6,854009280,2692625841,1838616562,1.2240265046431844,65468,0.0014977141398913162,0.0014977143260956457,0.014443171497802278
902,669,0,6,854009280,2691587803,1837578524,1.224841245036238,65499,0.0008147398470877202,0.0008147403930540153,0.008925754902463254
903,669,0,6,854009280,2690410155,1836400876,1.2257661206562283,65494,0.0009248751246666447,0.0009248756199884363,0.009888767668928518
904,669,0,6,854009280,2689569517,1835560238,1.226426685546386,65506,0.0006605645820851047,0.0006605648901599877,0.007319050644525605
905,669,0,6,854009280,2688589222,1834579943,1.2271973736939756,65501,0.0007706880901105886,0.0007706881475875313,0.008356814655809935
906,669,0,6,854009280,2685873855,1831864576,1.2293342925542028,65439,0.0021369184126987005,0.0021369188602291585,0.019768495047858162
907,669,0,6,854009280,2683721548,1829712269,1.2310303503590454,65459,0.0016960575738423276,0.001696057804842933,0.017091994366717253
908,669,0,6,854009280,2679198638,1825189359,1.2346009981205377,65374,0.003570647252730634,0.003570647761491737,0.03134230376387814
909,669,0,6,854009280,2676497170,1822487891,1.2367379170046178,65439,0.0021369184126987005,0.0021369188840804952,0.021074677596713755
910,669,0,6,854009280,2673104477,1819095198,1.2394261010514356,65414,0.0026881839772797777,0.0026881840468149813,0.025252588120568114
911,669,0,6,854009280,2672077460,1818068181,1.2402408416708646,65499,0.0008147398470877202,0.0008147406194300653,0.00891831653220852
912,669,0,6,854009280,2669164600,1815155321,1.2425541425591113,65431,0.0023133004764488018,0.002313300888247063,0.02284111565601813
913,669,0,6,854009280,2666201013,1812191734,1.2449115421432353,65429,0.0023573993620059253,0.0023573995841248154,0.022636657466582312
914,669,0,6,854009280,2662080887,1808071608,1.2481953297314838,65387,0.0032837874765994056,0.003283787588246793,0.02967917131584582
915,669,0,6,854009280,2660729026,1806719747,1.2492744090254497,65487,0.0010790786396167112,0.001079079293967271,0.011496967520088832
916,669,0,6,854009280,2659543586,1805534307,1.2502213127842126,65493,0.0009469031891450585,0.0009469037587612826,0.01023834179881317
917,669,0,6,854009280,2657890569,1803881290,1.251542745315902,65476,0.0013214317544216249,0.0013214325316909113,0.013465857284265078
918,669,0,6,854009280,2656569366,1802560087,1.2525997945797762,65488,0.001057048556915173,0.0010570492638727585,0.011071086986543114
919,669,0,6,854009280,2653406304,1799397025,1.2551336032246496,65421,0.00253380838518502,0.002533808644875602,0.02444484020921947
920,669,0,6,854009280,2634021930,1780012651,1.270759651187177,64830,0.015626047531974187,0.01562604796252605,0.1094946468057984
921,669,0,6,854009280,2632962657,1778953378,1.27161844440786,65497,0.0008587929491977406,0.0008587932206834382,0.009312930524180769
922,669,0,6,854009280,2632202606,1778193327,1.2722349620362543,65508,0.0006165175324262582,0.0006165176283949883,0.006946829453055047
923,669,0,6,854009280,2631497146,1777487867,1.2728074338645037,65510,0.0005724718275307164,0.0005724718282490495,0.0065306526858094835
924,669,0,6,854009280,2630005418,1775996139,1.2740187007286536,65481,0.001211266200721556,0.0012112668641484766,0.012903311352127656
925,669,0,6,854009280,2628081349,1774072070,1.275582527062685,65465,0.0015638255880888565,0.0015638263340327378,0.015878117389286017
926,669,0,6,854009280,2627160962,1773151683,1.2763311901766343,65502,0.0007486627160211863,0.0007486631139485677,0.00827651542269484
927,669,0,6,854009280,2626268109,1772258830,1.2770578279624978,65503,0.0007266376781842033,0.0007266377858645856,0.008132442586532732
928,669,0,6,854009280,2615829694,1761820415,1.2855802703325985,65150,0.0085224416571408,0.008522442370100091,0.05911971116479784
929,669,0,6,854009280,2612334872,1758325593,1.2884449037956927,65406,0.0028646334550583873,0.0028646334630960313,0.02743409390571854
930,669,0,6,854009280,2611395824,1757386545,1.289215592561895,65501,0.0007706880901105886,0.000770688766199563,0.008523020837851563
931,669,0,6,854009280,2609974597,1755965318,1.2903827954704958,65483,0.0011672023345903715,0.0011672029086021516,0.012277672679277292
932,669,0,6,854009280,2607750702,1753741423,1.2922110979208803,65453,0.001828301680591821,0.0018283024503843034,0.018682277741819832
933,669,0,6,854009280,2606733823,1752724544,1.2930478642522338,65498,0.000836766229995985,0.0008367663313531879,0.009163935601421348
934,669,0,6,854009280,2604380311,1750371032,1.2949863786480087,65448,0.0019385143635805371,0.0019385143957767212,0.01914548186520306
935,669,0,6,854009280,2603579054,1749569775,1.2956469438314322,65506,0.0006605645820851047,0.0006605651834229744,0.00731249761195006
936,669,0,6,854009280,2601443348,1747434069,1.2974091225281263,65456,0.0017621781119536897,0.001762178696692016,0.015970206906989866
937,669,0,6,854009280,2600430126,1746420847,1.2982458890400963,65498,0.000836766229995985,0.0008367665119716408,0.009207495674850814
938,669,0,6,854009280,2599683974,1745674695,1.2988624069982038,65508,0.0006165175324262582,0.0006165179581053355,0.006939349213252907
939,669,0,6,854009280,2598325493,1744316214,1.2999855468297525,65485,0.001123139814249491,0.0011231398315518484,0.01177512341977599
940,669,0,6,854009280,2596941453,1742932174,1.301130717765158,65484,0.001145170906201281,0.0011451709354025408,0.012229379031163853
941,669,0,6,854009280,2596090411,1742081132,1.3018353314865898,65504,0.0007046129765893727,0.0007046137214341913,0.00783425769752975
942,669,0,6,854009280,2595399277,1741389998,1.3024078039258704,65510,0.0005724718275307164,0.0005724724392780623,0.006511653776845913
943,669,0,6,854009280,2594548988,1740539709,1.3031124176609126,65504,0.0007046129765893727,0.000704613735045149,0.007852862448336537
944,669,0,6,854009280,2587590653,1733581374,1.3088915880360759,65274,0.005779169882435751,0.005779170375160578,0.042452007055992044
945,669,0,6,854009280,2586347392,1732338113,1.3099266072065383,65489,0.0010350188106098368,0.0010350191704623054,0.010790098387704347
946,669,0,6,854009280,2584497055,1730487776,1.3114683955340531,65466,0.0015417881020707706,0.0015417883275148565,0.015254653341106135
947,669,0,6,854009280,2583229607,1729220328,1.3125254448405386,65488,0.001057048556915173,0.0010570493064850348,0.011247952207346274
948,669,0,6,854009280,2582438032,1728428753,1.313186010051286,65506,0.0006605645820851047,0.0006605652107486983,0.007325892395863903
949,669,0,6,854009280,2581673193,1727663914,1.3138245516395521,65507,0.0006385408891551363,0.0006385415882668417,0.00710798489419381
950,669,0,6,854009280,2580908693,1726899414,1.3144630927644627,65507,0.0006385408891551363,0.0006385411249087977,0.00723753544649595
951,669,0,6,854009280,2580249933,1726240654,1.3150135423714566,65511,0.0005504494793435254,0.0005504496069954299,0.0063180617651561535
952,669,0,6,854009280,2579591424,1725582145,1.31556399222681,65511,0.0005504494793435254,0.000550449855352361,0.006325542004958294
953,669,0,6,854009280,2578906836,1724897557,1.3161364643529545,65510,0.0005724718275307164,0.000572472126144627,0.006511653776845913
954,669,0,6,854009280,2574090303,1720081024,1.3201706216852926,65353,0.00403415664435244,0.004034157332340191,0.03341649738228822
955,669,0,6,854009280,2573407897,1719398618,1.3207430941912897,65510,0.0005724718275307164,0.0005724725059971485,0.006445056365093589
956,669,0,6,854009280,2572699526,1718690247,1.3213375892048873,65509,0.0005944945118882062,0.0005944950135956472,0.006734239204480708
957,669,0,6,854009280,2572279923,1718270644,1.3216898534228676,65520,0.0003522634716290214,0.00035226421798104736,0.004227909891679893
958,669,0,6,854009280,2571414704,1717405425,1.3224164918846455,65503,0.0007266376781842033,0.0007266384617768314,0.008103448834550768
959,669,0,6,854009280,2409281107,1555271828,1.4654803916163246,59349,0.14306389904495503,0.14306389973167902,0.5181318200521616
960,669,0,6,854009280,2369649393,1515640114,1.5027199171649173,63866,0.037239524736041064,0.03723952554859465,0.21251150236864255
961,669,0,6,854009280,2369209983,1515200704,1.5031382397825865,65517,0.000418322449221962,0.00041832261766675953,0.004904285154810719
962,669,0,6,854009280,2368701340,1514692061,1.5036226244110154,65514,0.000484384451701118,0.00048438462842845487,0.005618655211859437
963,669,0,6,854009280,2367892407,1513883128,1.5043933126603939,65501,0.0007706880901105886,0.000770688249381119,0.008349557923510581
964,669,0,6,854009280,2367268706,1513259427,1.5049878075254917,65509,0.0005944945118882062,0.0005944948650956915,0.006734239204480708
965,669,0,6,854009280,2366552900,1512543621,1.5056703964245841,65505,0.0006825886112264284,0.0006825888990929229,0.007548124190690299
966,669,0,6,854009280,2365883592,1511874313,1.5063089373731309,65507,0.0006385408891551363,0.0006385409485477983,0.007193975373066486
967,669,0,6,854009280,2365214580,1511205301,1.5069474784859622,65507,0.0006385408891551363,0.0006385411128319816,0.007193975373066486
968,669,0,6,854009280,2364338331,1510329052,1.507784245488839,65498,0.000836766229995985,0.0008367670028756284,0.008953074006977953
969,669,0,6,854009280,2363946552,1509937273,1.5081585287889006,65519,0.0003742827947452993,0.0003742833000626644,0.004463541174757649
970,669,0,6,854009280,2363485755,1509476476,1.5085988722510315,65516,0.0004403427806028656,0.00044034346212921445,0.005158914338864347
971,669,0,6,854009280,2362725673,1508716394,1.5093255100786855,65503,0.0007266376781842033,0.000726637827655107,0.007854253295838961
972,669,0,6,854009280,2361666698,1507657419,1.5103384999389675,65490,0.00101298940069043,0.0010129898602813895,0.010903809660177032
973,669,0,6,854009280,2361160587,1507151308,1.5108228847890963,65514,0.000484384451701118,0.00048438485012953857,0.005599656302895868
974,669,0,6,854009280,2360562657,1506553378,1.5113953567111977,65510,0.0005724718275307164,0.0005724719220997491,0.0065001351076844835
975,669,0,6,854009280,2359895999,1505886720,1.5120338983418868,65507,0.0006385408891551363,0.0006385416306922549,0.007069390457350231
976,669,0,6,854009280,2359436438,1505427159,1.5124742419310806,65516,0.0004403427806028656,0.0004403435891933024,0.005158914338864347
977,669,0,6,854009280,2358655424,1504646145,1.5132229047948407,65502,0.0007486627160211863,0.0007486628637602584,0.008076990859457494
978,669,0,6,854009280,2358104406,1504095127,1.5137513323817053,65512,0.0005284274673163702,0.0005284275868623733,0.0060578720056822695
979,669,0,6,854009280,2357645392,1503636113,1.5141916757327536,65516,0.0004403427806028656,0.0004403433510499775,0.005170433008025777
980,669,0,6,854009280,2357140631,1503131352,1.514676060512656,65514,0.000484384451701118,0.0004843847799019107,0.005586613807591404
981,669,0,6,854009280,2356383744,1502374465,1.5154026983639781,65503,0.0007266376781842033,0.0007266378513200033,0.008149523511196487
982,669,0,6,854009280,2355627238,1501617959,1.5161293363334707,65503,0.0007266376781842033,0.0007266379694938481,0.007985416951410057
983,669,0,6,854009280,2355191893,1501182614,1.5165476592035425,65517,0.000418322449221962,0.00041832287007240046,0.00492328406377429
984,669,0,6,854009280,2354687955,1500678676,1.5170320445832175,65514,0.000484384451701118,0.0004843853796757761,0.005630173881020868
985,669,0,6,854009280,2354275781,1500266502,1.5174283473173595,65518,0.0003963024539395264,0.000396302734139796,0.004699172121844633
986,669,0,6,854009280,2353611905,1499602626,1.518066888925496,65507,0.0006385408891551363,0.0006385416081396028,0.007054429977745949
987,669,0,6,854009280,2353062734,1499053455,1.5185953165048893,65512,0.0005284274673163702,0.0005284275793932517,0.0060578720056822695
988,669,0,6,854009280,2352673880,1498664601,1.5189695996963692,65519,0.0003742827947452993,0.0003742831914785422,0.004463541174757649
989,669,0,6,854009280,2352102184,1498092905,1.5195200499696746,65511,0.0005504494793435254,0.0005504502733039631,0.0062819819315288305
990,669,0,6,854009280,2351530706,1497521427,1.5200705003248949,65511,0.0005504494793435254,0.0005504503552221618,0.006238421858099366
991,669,0,6,854009280,2350959446,1496950167,1.520620950681952,65511,0.0005504494793435254,0.0005504503570563426,0.006325542004958294
992,669,0,6,854009280,2350159988,1496150709,1.521391639119937,65501,0.0007706880901105886,0.0007706884379844334,0.008313985431673776
993,669,0,6,854009280,2349429445,1495420166,1.5220962527348192,65504,0.0007046129765893727,0.0007046136148831291,0.007712187385029751
994,669,0,6,854009280,2348699259,1494689980,1.5228008660705363,65504,0.0007046129765893727,0.0007046133357166762,0.007877817770959215
995,669,0,6,854009280,2347878201,1493868922,1.5235935801334186,65500,0.0007927138004626774,0.0007927140628828894,0.008666207664173406
996,669,0,6,854009280,2347422308,1493413029,1.5240339232856037,65516,0.0004403427806028656,0.0004403431521835182,0.005139915429900777
997,669,0,6,854009280,2346761465,1492752186,1.5246724646025278,65507,0.0006385408891551363,0.0006385413169245019,0.007193975373066486
998,669,0,6,854009280,2346283135,1492273856,1.525134828625557,65515,0.0004623634480924974,0.0004623640230305455,0.005375545368984679
999,669,0,6,854009280,2336537450,1482528171,1.534587626891124,65108,0.009452798238958521,0.009452798265567615,0.06353468562847123
1000,669,0,6,854009280,2335858802,1481849523,1.53524819192182,65506,0.0006605645820851047,0.000660565030694892,0.00732401628111149
1001,669,0,6,854009280,2335451799,1481442520,1.5356444952256467,65518,0.0003963024539395264,0.00039630330382481375,0.004687653452683203
1002,669,0,6,854009280,2335067513,1481058234,1.5360187786811643,65519,0.0003742827947452993,0.00037428345551914865,0.004463541174757649
1003,669,0,6,854009280,2334683327,1480674048,1.5363930618285337,65519,0.0003742827947452993,0.000374283147370333,0.004463541174757649
1004,669,0,6,854009280,2333937748,1479928469,1.537119699830395,65503,0.0007266376781842033,0.0007266380018618713,0.008124962346730592
1005,669,0,6,854009280,2333553855,1479544576,1.53749398303691,65519,0.0003742827947452993,0.00037428320651484184,0.004463541174757649
1006,669,0,6,854009280,2332515356,1478506077,1.5385069727349077,65490,0.00101298940069043,0.0010129896979980196,0.010296505749963098
1007,669,0,6,854009280,2332109272,1478099993,1.538903275362177,65518,0.0003963024539395264,0.0003963026272676797,0.004699172121844633
1008,669,0,6,854009280,2331590529,1477581250,1.5394096817705503,65513,0.0005064057914389884,0.0005064064083719653,0.005846804239113502
1009,669,0,6,854009280,2331071968,1477062689,1.5399160882318519,65513,0.0005064057914389884,0.000506406461303139,0.005793249322665642
1010,669,0,6,854009280,2330598666,1476589387,1.5403784517306782,65515,0.0004623634480924974,0.00046236349882620347,0.005350984204518786
1011,669,0,6,854009280,2329945267,1475935988,1.5410169935839626,65507,0.0006385408891551363,0.0006385418532841001,0.007162819306477643
1012,669,0,6,854009280,2329494847,1475485568,1.5414573364445339,65516,0.0004403427806028656,0.00044034286057230247,0.005158914338864347
1013,669,0,6,854009280,2328886965,1474877686,1.5420518316193679,65509,0.0005944945118882062,0.0005944951748339908,0.006777799277910172
1014,669,0,6,854009280,2328391858,1474382579,1.5425362164183625,65514,0.000484384451701118,0.0004843847989925726,0.005618655211859437
1015,669,0,6,854009280,2327671944,1473662665,1.5432408300130298,65504,0.0007046129765893727,0.000704613594669889,0.007869699042693232
1016,669,0,6,854009280,2326974868,1472965589,1.5439234190744209,65505,0.0006825886112264284,0.0006825890613910516,0.007559642859851729
1017,669,0,6,854009280,2310500200,1456490921,1.5601504375111723,64803,0.01622701744962275,0.016227018436750083,0.10551219655895223
1018,669,0,6,854009280,2309566779,1455557500,1.561075313542883,65494,0.0009248751246666447,0.0009248760317104874,0.009859487717092087
1019,669,0,6,854009280,2308745007,1454735728,1.5618900537273035,65499,0.0008147398470877202,0.000814740184421191,0.008804078748120038
1020,669,0,6,854009280,2308256661,1454247382,1.562374439048508,65514,0.000484384451701118,0.00048438532120338403,0.005575095138429974
1021,669,0,6,854009280,2307724099,1453714820,1.5629028672133778,65512,0.0005284274673163702,0.0005284281648690368,0.0060288782537003035
1022,669,0,6,854009280,2306725912,1452716633,1.5638938277880108,65491,0.0009909603271466795,0.0009909605746341156,0.010466083745200687
1023,669,0,6,854009280,2289746222,1435736943,1.5808557045090588,64770,0.016961876368976208,0.016961876721046515,0.1099905986950483
1024,669,0,6,854009280,2287686906,1433677627,1.5829264861395416,65442,0.002070780697928415,0.002070781630484631,0.019600373786150684
1025,669,0,6,854009280,2285564916,1431555637,1.5850634046571308,65439,0.0021369184126987005,0.002136918517588857,0.019673562381108907
1026,669,0,6,854009280,2280322402,1426313123,1.5903564100877574,65296,0.005293004741899457,0.00529300543062829,0.037972356218868374
1027,669,0,6,854009280,2279865361,1425856082,1.5908187745145739,65515,0.0004623634480924974,0.00046236442681649875,0.00539454427794825
1028,669,0,6,854009280,2279451981,1425442702,1.5912370970583432,65517,0.000418322449221962,0.00041832254376695166,0.00492328406377429
1029,669,0,6,854009280,2278777714,1424768435,1.5919196862621057,65505,0.0006825886112264284,0.0006825892037637322,0.0074448292796510844
1030,669,0,6,854009280,2278277688,1424268409,1.5924260925161633,65513,0.0005064057914389884,0.0005064062540585672,0.005810724405486178
1031,669,0,6,854009280,2277756105,1423746826,1.592954520318571,65512,0.0005284274673163702,0.0005284278024058565,0.00604635333652084
1032,669,0,6,854009280,2277234713,1423225434,1.593482948130628,65512,0.0005284274673163702,0.0005284278120566699,0.006070914500986733
1033,669,0,6,854009280,2276735228,1422725949,1.5939893549119937,65513,0.0005064057914389884,0.0005064067813679396,0.005854284478915642
1034,669,0,6,854009280,2274759702,1420750423,1.5959940010908618,65445,0.0020046460149816775,0.002004646178866694,0.019428830180013585
1035,669,0,6,854009280,2274174370,1420165091,1.5965884964790291,65509,0.0005944945118882062,0.0005944953881672567,0.006724244361462312
1036,669,0,6,854009280,2273719300,1419710021,1.5970508599365658,65515,0.0004623634480924974,0.0004623634575355407,0.00539454427794825
1037,669,0,6,854009280,2273351028,1419341749,1.5974251427845871,65519,0.0003742827947452993,0.00037428284802169077,0.004463541174757649
1038,669,0,6,854009280,2272939536,1418930257,1.5978434659549308,65517,0.000418322449221962,0.00041832317034438347,0.00492328406377429
1039,669,0,6,854009280,2272441559,1418432280,1.5983498721306546,65513,0.0005064057914389884,0.0005064061757245962,0.005822243074647608
1040,669,0,6,854009280,2271922113,1417912834,1.5988783001931566,65512,0.0005284274673163702,0.0005284280625012923,0.006051915592023164
1041,669,0,6,854009280,2271446129,1417436850,1.5993626847236904,65514,0.000484384451701118,0.00048438453053491724,0.005575095138429974
1042,669,0,6,854009280,2270645879,1416636600,1.6001774248901164,65499,0.0008147398470877202,0.0008147401664237902,0.008921716473103965
1043,669,0,6,854009280,2270213555,1416204276,1.6006177685048826,65516,0.0004403427806028656,0.0004403436147674938,0.005158914338864347
1044,669,0,6,854009280,2269716535,1415707256,1.6011241743643048,65513,0.0005064057914389884,0.0005064058594220989,0.005760569429933765
1045,669,0,6,854009280,2268982067,1414972788,1.6018728378293368,65502,0.0007486627160211863,0.0007486634650330883,0.00825003627392913
1046,669,0,6,854009280,2268485479,1414476200,1.6023792438860376,65513,0.0005064057914389884,0.0005064060566982734,0.005846804239113502
1047,669,0,6,854009280,2267600568,1413591289,1.6032820913307724,65495,0.0009028473965228007,0.0009028474447366629,0.009457529872174207
1048,669,0,6,854009280,2267126034,1413116755,1.603766476590451,65514,0.000484384451701118,0.0004843852596787036,0.005630173881020868
1049,669,0,6,854009280,2266759472,1412750193,1.604140759734193,65519,0.0003742827947452993,0.0003742831437402295,0.004463541174757649
1050,669,0,6,854009280,2266285221,1412275942,1.6046251443307007,65514,0.000484384451701118,0.0004843845965085683,0.005618655211859437
1051,669,0,6,854009280,2265638732,1411629453,1.6052857093002189,65506,0.0006605645820851047,0.0006605649695169989,0.00730501737214792
1052,669,0,6,854009280,2265186397,1411177118,1.6057480728738405,65515,0.0004623634480924974,0.0004623635736223098,0.00536402669982325
1053,669,0,6,854009280,2264820338,1410811059,1.60612235616194,65519,0.0003742827947452993,0.0003742832881010102,0.004463541174757649
1054,669,0,6,854009280,2264389792,1410380513,1.6065626995899187,65516,0.0004403427806028656,0.00044034342797667227,0.005170433008025777
1055,669,0,6,854009280,2264023940,1410014661,1.606936982508799,65519,0.0003742827947452993,0.0003742829188798442,0.004463541174757649
1056,669,0,6,854009280,2263529092,1409519813,1.607443388633289,65513,0.0005064057914389884,0.000506406124491354,0.005781730653504212
1057,669,0,6,854009280,2262926880,1408917601,1.608059906335523,65508,0.0006165175324262582,0.0006165177022344437,0.006982909286682371
1058,669,0,6,854009280,2262324925,1408315646,1.6086764243377019,65508,0.0006165175324262582,0.0006165180021775264,0.006958348122216477
1059,669,0,6,854009280,2261938119,1407928840,1.6090727273605872,65518,0.0003963024539395264,0.00039630302288691266,0.004699172121844633
1060,669,0,6,854009280,2261572903,1407563624,1.6094470102412863,65519,0.0003742827947452993,0.0003742828807007934,0.004463541174757649
1061,669,0,6,854009280,2260434584,1406425305,1.6106142126058067,65483,0.0011672023345903715,0.0011672023645175993,0.011840377468185621
1062,669,0,6,854009280,2259855154,1405845875,1.611208707763538,65509,0.0005944945118882062,0.0005944951577331413,0.006735763030623742
1063,669,0,6,854009280,2259404672,1405395393,1.6116710716028635,65515,0.0004623634480924974,0.00046236383932628635,0.005406062947109679
1064,669,0,6,854009280,2258761333,1404752054,1.6123316362306142,65506,0.0006605645820851047,0.0006605646277501913,0.007379447312311762
1065,669,0,6,854009280,2258032549,1404023270,1.6130802992349444,65502,0.0007486627160211863,0.0007486630043279433,0.008151706999475799
1066,669,0,6,854009280,2257604075,1403594796,1.613520642120065,65516,0.0004403427806028656,0.0004403428851201231,0.005147395669702917
1067,669,0,6,854009280,2255912119,1401902840,1.6152607803366976,65457,0.0017401375958717572,0.0017401382166342821,0.016231748264201026
1068,669,0,6,854009280,2255527074,1401517795,1.6156570837016488,65518,0.0003963024539395264,0.00039630336495128786,0.004687653452683203
1069,669,0,6,854009280,2254906895,1400897616,1.6162956251390526,65507,0.0006385408891551363,0.0006385414374027852,0.007176500290245949
1070,669,0,6,854009280,2254500750,1400491471,1.6167139485945157,65517,0.000418322449221962,0.0004183234554645715,0.004934802732935719
1071,669,0,6,854009280,2254137463,1400128184,1.61708823173241,65519,0.0003742827947452993,0.00037428313789293985,0.004463541174757649
1072,669,0,6,854009280,2253517899,1399508620,1.6177267730772193,65507,0.0006385408891551363,0.0006385413448116179,0.007003783822671129
1073,669,0,6,854009280,2252578287,1398569008,1.6186957051827129,65492,0.0009689315899683129,0.0009689321054918817,0.010082193678814341
1074,669,0,6,854009280,2252215499,1398206220,1.6190699879968555,65519,0.0003742827947452993,0.00037428281414227316,0.004463541174757649
1075,669,0,6,854009280,2251362101,1397352822,1.6199508086715397,65496,0.000880820004703256,0.0008808206746858219,0.009466047279290657
1076,669,0,6,854009280,2250914340,1396905061,1.6204131729963684,65515,0.0004623634480924974,0.0004623643248267606,0.00539454427794825
1077,669,0,6,854009280,2250274887,1396265608,1.6210737382087537,65506,0.0006605645820851047,0.0006605652123855977,0.00732401628111149
1078,669,0,6,854009280,2249934001,1395924722,1.6214260025503826,65520,0.0003522634716290214,0.0003522643416301826,0.004227909891679893
1079,669,0,6,854009280,2248954195,1394944916,1.622438992405634,65490,0.00101298940069043,0.0010129898552495992,0.010066753204858449
1080,669,0,6,854009280,2248592347,1394583068,1.622813275310179,65519,0.0003742827947452993,0.00037428290454719955,0.004463541174757649
1081,669,0,6,854009280,2248102915,1394093636,1.6233196811803836,65513,0.0005064057914389884,0.0005064058702031704,0.005846804239113502
1082,669,0,6,854009280,2247634927,1393625648,1.62380406565698,65514,0.000484384451701118,0.000484384476595614,0.005586613807591404
1083,669,0,6,854009280,2245146917,1391137638,1.62638198002535,65419,0.002577914011629573,0.002577914368372643,0.02383709758496791
1084,669,0,6,854009280,2244701148,1390691869,1.6268443438974494,65515,0.0004623634480924974,0.0004623638720980703,0.00539454427794825
1085,669,0,6,854009280,2244234301,1390225022,1.627328729360574,65514,0.000484384451701118,0.00048438546312598135,0.005586613807591404
1086,669,0,6,854009280,2243491840,1389482561,1.6280994182163226,65501,0.0007706880901105886,0.000770688855746638,0.008416263293565221
1087,669,0,6,854009280,2242940592,1388931313,1.6286718907149513,65510,0.0005724718275307164,0.0005724724986276252,0.006431619711632343
1088,669,0,6,854009280,2242029275,1388019996,1.6296187942919147,65493,0.0009469031891450585,0.0009469035769657537,0.010068097187412254
1089,669,0,6,854009280,2240101940,1386092661,1.6316234404168632,65445,0.0020046460149816775,0.0020046461249479917,0.017837299546836285
1090,669,0,6,854009280,2239509737,1385500458,1.6322399582877196,65508,0.0006165175324262582,0.0006165178708552523,0.006915673386466204
1091,669,0,6,854009280,2238896646,1384887367,1.6328784994708485,65507,0.0006385408891551363,0.0006385411831305697,0.00718398053004809
1092,669,0,6,854009280,2235431046,1381421767,1.6364932845922588,65372,0.0036147845889704113,0.0036147851214105844,0.029361461081074416
1093,669,0,6,854009280,2232606483,1378597204,1.639446151582085,65402,0.0029528662873829327,0.002952866989826146,0.026873927072595553
1094,669,0,6,854009280,2232038518,1378029239,1.6400406465689379,65509,0.0005944945118882062,0.0005944949868517145,0.006766280608748742
1095,669,0,6,854009280,2229599379,1375590100,1.6425965079473457,65420,0.0025558610298593507,0.0025558613784079694,0.023567945683267585
1096,669,0,6,854009280,2229200572,1375191293,1.6430148304550265,65517,0.000418322449221962,0.0004183225076823839,0.00492328406377429
1097,669,0,6,854009280,2228696961,1374687682,1.6435432588745797,65512,0.0005284274673163702,0.0005284284195525439,0.006070914500986733
1098,669,0,6,854009280,2228151583,1374142304,1.6441157309083856,65510,0.0005724718275307164,0.0005724720338044616,0.0065306526858094835
1099,669,0,6,854009280,2227501582,1373492303,1.6447983203868972,65505,0.0006825886112264284,0.0006825894785117559,0.007634711288479415
1100,669,0,6,854009280,2226872847,1372863568,1.6454588850951772,65506,0.0006605645820851047,0.0006605647082800332,0.007412127205043639
1101,669,0,6,854009280,2226307244,1372297965,1.646053380278758,65509,0.0005944945118882062,0.0005944951835797449,0.006753238113444278
1102,669,0,6,854009280,2225909391,1371900112,1.6464717032554645,65517,0.000418322449221962,0.00041832297670854504,0.00492328406377429
1103,669,0,6,854009280,2225155783,1371146504,1.6472644178563662,65500,0.0007927138004626774,0.0007927146009016006,0.008549610330049808
1104,669,0,6,854009280,2224695498,1370686219,1.6477488025437061,65514,0.000484384451701118,0.00048438468733938303,0.0056111749720572975
1105,669,0,6,854009280,2224298112,1370288833,1.6481671258079906,65517,0.000418322449221962,0.00041832326428310914,0.00492328406377429
1106,669,0,6,854009280,2223859024,1369849745,1.6486294893472788,65515,0.0004623634480924974,0.0004623635392909185,0.00539454427794825
1107,669,0,6,854009280,2223294663,1369285384,1.649223984170753,65509,0.0005944945118882062,0.0005944948234734011,0.006628653197728023
1108,669,0,6,854009280,2222772322,1368763043,1.6497744337333415,65511,0.0005504494793435254,0.0005504495625889294,0.006306543095994724
1109,669,0,6,854009280,2222312837,1368303558,1.6502588185392142,65514,0.000484384451701118,0.00048438480587055597,0.005586613807591404
1110,669,0,6,854009280,2221937021,1367927742,1.650655121207702,65518,0.0003963024539395264,0.0003963026684886808,0.004699172121844633
1111,669,0,6,854009280,2221415197,1367405918,1.6512055717192133,65511,0.0005504494793435254,0.0005504505115106493,0.006306543095994724
1112,669,0,6,854009280,2220830978,1366821699,1.65182208942365,65508,0.0006165175324262582,0.0006165177044362986,0.006891356552307371
1113,669,0,6,854009280,2220413857,1366404578,1.6522624323311383,65516,0.0004403427806028656,0.00044034290749103163,0.005139915429900777
1114,669,0,6,854009280,2220017713,1366008434,1.6526807548803077,65517,0.000418322449221962,0.0004183225491696553,0.00492328406377429
1115,669,0,6,854009280,2219663371,1365654092,1.6530550378996658,65519,0.0003742827947452993,0.00037428301935559226,0.004463541174757649
1116,669,0,6,854009280,2219246606,1365237327,1.653495381151103,65516,0.0004403427806028656,0.0004403432514385029,0.005158914338864347
1117,669,0,6,854009280,2218871632,1364862353,1.6538916839950097,65518,0.0003963024539395264,0.0003963028439049205,0.004699172121844633
1118,669,0,6,854009280,2218434282,1364425003,1.654354048414163,65515,0.0004623634480924974,0.00046236441915593267,0.00538302560878682
1119,669,0,6,854009280,2218038712,1364029433,1.6547723708708588,65517,0.000418322449221962,0.00041832245669419857,0.004934802732935719
1120,669,0,6,854009280,2217601629,1363592350,1.655234735180958,65515,0.0004623634480924974,0.00046236431009925334,0.005375545368984679
1121,669,0,6,854009280,2217102266,1363092987,1.6557631632485332,65512,0.0005284274673163702,0.0005284280675748152,0.0060273544275572695
1122,669,0,6,854009280,2216478291,1362469012,1.6564237284121184,65506,0.0006605645820851047,0.0006605651635851638,0.007282970810898281
1123,669,0,6,854009280,2216124867,1362115588,1.6567980115633851,65519,0.0003742827947452993,0.000374283151267191,0.004452022505596219
1124,669,0,6,854009280,2213693111,1359683832,1.6593759261808572,65419,0.002577914011629573,0.002577914617473088,0.02316379166772526
1125,669,0,6,854009280,2213215927,1359206648,1.659882332012593,65513,0.0005064057914389884,0.000506405831734777,0.005854284478915642
1126,669,0,6,854009280,2212801130,1358791851,1.6603226748455562,65516,0.0004403427806028656,0.00044034283296443585,0.005158914338864347
1127,669,0,6,854009280,2212386459,1358377180,1.660763018300912,65516,0.0004403427806028656,0.00044034345535334113,0.005139915429900777
1128,669,0,6,854009280,2211971915,1357962636,1.6612033612757848,65516,0.0004403427806028656,0.0004403429748742089,0.005139915429900777
1129,669,0,6,854009280,2211391730,1357382451,1.6618198796248116,65508,0.0006165175324262582,0.0006165183490256792,0.006860838974182371
1130,669,0,6,854009280,2210832505,1356823226,1.662414374841216,65509,0.0005944945118882062,0.0005944952164046848,0.006598135619603023
1131,669,0,6,854009280,2210397731,1356388452,1.6628767392812343,65515,0.0004623634480924974,0.0004623644400193271,0.00539454427794825
1132,669,0,6,854009280,2210025187,1356015908,1.6632730425703883,65518,0.0003963024539395264,0.0003963032891545369,0.004687653452683203
1133,669,0,6,854009280,2209611363,1355602084,1.6637133861873714,65516,0.0004403427806028656,0.0004403436169822179,0.005158914338864347
1134,669,0,6,854009280,2209135611,1355126332,1.6642197925496554,65513,0.0005064057914389884,0.0005064063622818675,0.005793249322665642
1135,669,0,6,854009280,2208473928,1354464649,1.6649244057613224,65504,0.0007046129765893727,0.0007046132116692453,0.0077613097139615375
1136,669,0,6,854009280,2208060578,1354051299,1.6653647487470984,65516,0.0004403427806028656,0.00044034298577527226,0.005128396760739348
1137,669,0,6,854009280,2207564709,1353555430,1.6658931768585852,65512,0.0005284274673163702,0.0005284281114877702,0.006082433170148164
1138,669,0,6,854009280,2207069022,1353059743,1.6664216045359765,65512,0.0005284274673163702,0.0005284276773897614,0.00604635333652084
1139,669,0,6,854009280,2206656100,1352646821,1.6668619483147324,65516,0.0004403427806028656,0.00044034377875625425,0.005139915429900777
1140,669,0,6,854009280,2206181385,1352172106,1.6673683548445979,65513,0.0005064057914389884,0.0005064065298649914,0.005835285569952072
1141,669,0,6,854009280,2205624307,1351615028,1.6679628496324845,65509,0.0005944945118882062,0.0005944947878880528,0.006766280608748742
1142,669,0,6,854009280,2205129330,1351120051,1.6684912779470373,65512,0.0005284274673163702,0.0005284283145515796,0.006017359584538874
1143,669,0,6,854009280,2204634535,1350625256,1.6690197054778544,65512,0.0005284274673163702,0.0005284275308171228,0.0060288782537003035
1144,669,0,6,854009280,2204263574,1350254295,1.6694160086734051,65518,0.0003963024539395264,0.0003963031955500122,0.004699172121844633
1145,669,0,6,854009280,2203789699,1349780420,1.6699224148434588,65513,0.0005064057914389884,0.0005064061700560657,0.005810724405486178
1146,669,0,6,854009280,2203274798,1349265519,1.670472864998846,65511,0.0005504494793435254,0.0005504501553876219,0.0062529881795468645
1147,669,0,6,854009280,2202677741,1348668462,1.671111406336891,65507,0.0006385408891551363,0.000638541338042986,0.00715346295192309
1148,669,0,6,854009280,2202307318,1348298039,1.6715077089444996,65518,0.0003963024539395264,0.00039630260761005983,0.004699172121844633
1149,669,0,6,854009280,2201957570,1347948291,1.6718819920375374,65519,0.0003742827947452993,0.0003742830930368569,0.004463541174757649
1150,669,0,6,854009280,2201422800,1347413521,1.6724544643740558,65510,0.0005724718275307164,0.0005724723365186228,0.0064696175295594835
1151,669,0,6,854009280,2199510729,1345501450,1.6745032002924276,65443,0.0020487354667572794,0.002048735918370606,0.018268926544446742
1152,669,0,6,854009280,2196492712,1342483433,1.6777428613607555,65389,0.003239660265459703,0.003239661068328945,0.02875248008585038
1153,669,0,6,854009280,2195878171,1341868892,1.6784034268613084,65506,0.0006605645820851047,0.0006605655005529639,0.007358572288595779
1154,669,0,6,854009280,2194137770,1340128491,1.680275813657964,65451,0.0018723857434470804,0.0018723867966561,0.017705756039226413
1155,669,0,6,854009280,2193831038,1339821759,1.6806060591445835,65521,0.00033024448458043404,0.0003302454866199163,0.0039922782726164955
1156,669,0,6,854009280,2193503933,1339494654,1.6809583227006222,65520,0.0003522634716290214,0.0003522635560360514,0.004227909891679893
1157,669,0,6,854009280,2193033834,1339024555,1.681464729002066,65513,0.0005064057914389884,0.0005064063014457071,0.005810724405486178
1158,669,0,6,854009280,2192461740,1338452461,1.682081247600994,65508,0.0006165175324262582,0.0006165185989276392,0.006687639071324846
1159,669,0,6,854009280,2192053276,1338043997,1.6825215911628142,65516,0.0004403427806028656,0.0004403435618195175,0.005158914338864347
1160,669,0,6,854009280,2191706188,1337696909,1.682895874142183,65519,0.0003742827947452993,0.00037428297937046166,0.004463541174757649
1161,669,0,6,854009280,2191297955,1337288676,1.6833362172472093,65516,0.0004403427806028656,0.0004403431050260609,0.005139915429900777
1162,669,0,6,854009280,2190889846,1336880567,1.6837765609812898,65516,0.0004403427806028656,0.00044034373408060814,0.005139915429900777
1163,669,0,6,854009280,2190543059,1336533780,1.6841508448168767,65519,0.0003742827947452993,0.00037428383558448414,0.004463541174757649
1164,669,0,6,854009280,2190216756,1336207477,1.6845031091604845,65520,0.0003522634716290214,0.0003522643436083009,0.004227909891679893
1165,669,0,6,854009280,2189441977,1335432698,1.6853398759248712,65498,0.000836766229995985,0.0008367667643865554,0.008555588057285408
1166,669,0,6,854009280,2189115943,1335106664,1.6856921400734457,65520,0.0003522634716290214,0.00035226414857692385,0.004227909891679893
1167,669,0,6,854009280,2188769617,1334760338,1.6860664229910292,65519,0.0003742827947452993,0.0003742829175827607,0.004463541174757649
1168,669,0,6,854009280,2188403014,1334393735,1.6864627255789948,65518,0.0003963024539395264,0.000396302587962854,0.004687653452683203
1169,669,0,6,854009280,2188036511,1334027232,1.6868590289137622,65518,0.0003963024539395264,0.00039630333476976386,0.004699172121844633
1170,669,0,6,854009280,2187690465,1333681186,1.6872333118358043,65519,0.0003742827947452993,0.0003742829220397229,0.004463541174757649
1171,669,0,6,854009280,2187324158,1333314879,1.687629614854469,65518,0.0003963024539395264,0.0003963030186668409,0.004699172121844633
1172,669,0,6,854009280,2186957952,1332948673,1.6880259174503394,65518,0.0003963024539395264,0.00039630259587028157,0.004699172121844633
1173,669,0,6,854009280,2186612185,1332602906,1.688400201214293,65519,0.0003742827947452993,0.00037428376395410456,0.004463541174757649
1174,669,0,6,854009280,2186144505,1332135226,1.6889066071650696,65513,0.0005064057914389884,0.0005064059507748794,0.005749050760772335
1175,669,0,6,854009280,2185798949,1331789670,1.6892808909379298,65519,0.0003742827947452993,0.0003742837728601786,0.004463541174757649
1176,669,0,6,854009280,2185473805,1331464526,1.689633154450295,65520,0.0003522634716290214,0.0003522635123676523,0.004227909891679893
1177,669,0,6,854009280,2185169056,1331159777,1.689963399969681,65521,0.00033024448458043404,0.0003302455193850144,0.0039922782726164955
1178,669,0,6,854009280,2184823753,1330814474,1.6903376837767539,65519,0.0003742827947452993,0.00037428380707364006,0.004463541174757649
1179,669,0,6,854009280,2184478540,1330469261,1.6907119671193342,65519,0.0003742827947452993,0.0003742833425793188,0.004463541174757649
1180,669,0,6,854009280,2184113115,1330103836,1.691108270336283,65518,0.0003963024539395264,0.00039630321694708993,0.004699172121844633
1181,669,0,6,854009280,2183707199,1329697920,1.6915486136840094,65516,0.0004403427806028656,0.00044034334772717035,0.005170433008025777
1182,669,0,6,854009280,2183362276,1329352997,1.6919228966292508,65519,0.0003742827947452993,0.0003742829452404711,0.004463541174757649
1183,669,0,6,854009280,2182855168,1328845889,1.692473346190809,65511,0.0005504494793435254,0.0005504495615610383,0.0062529881795468645
1184,669,0,6,854009280,2182510466,1328501187,1.6928476291538956,65519,0.0003742827947452993,0.0003742829630838607,0.004463541174757649
1185,669,0,6,854009280,2182125310,1328116031,1.6932659526152456,65517,0.000418322449221962,0.0004183234613528952,0.00492328406377429
1186,669,0,6,854009280,2181416019,1327406740,1.694036641267406,65501,0.0007706880901105886,0.0007706886521605843,0.008349557923510581
1187,669,0,6,854009280,2181031181,1327021902,1.694454963967253,65517,0.000418322449221962,0.0004183226998464618,0.004934802732935719
1188,669,0,6,854009280,2180686952,1326677673,1.6948292470840727,65519,0.0003742827947452993,0.00037428311681853704,0.004463541174757649
1189,669,0,6,854009280,2180342812,1326333533,1.6952035305194642,65519,0.0003742827947452993,0.00037428343539096313,0.004463541174757649
1190,669,0,6,854009280,2179978523,1325969244,1.695599833642632,65518,0.0003963024539395264,0.0003963031231672897,0.004699172121844633
1191,669,0,6,854009280,2179614334,1325605055,1.6959961368257979,65518,0.0003963024539395264,0.00039630318316809086,0.004699172121844633
1192,669,0,6,854009280,2179128882,1325119603,1.6965245653056904,65512,0.0005284274673163702,0.0005284284798921188,0.006078394740788874
1193,669,0,6,854009280,2178643608,1324634329,1.6970529935439842,65512,0.0005284274673163702,0.0005284282382937948,0.006017359584538874
1194,669,0,6,854009280,2178077663,1324068384,1.697669511247792,65508,0.0006165175324262582,0.0006165177038055948,0.0067799847825495765
1195,669,0,6,854009280,2177572570,1323563291,1.6982199618123524,65511,0.0005504494793435254,0.0005504505645618507,0.0061959914526561535
1196,669,0,6,854009280,2177229238,1323219959,1.6985942451062783,65519,0.0003742827947452993,0.0003742832939241077,0.004463541174757649
1197,669,0,6,854009280,2176724469,1322715190,1.6991446952880978,65511,0.0005504494793435254,0.0005504501818224509,0.0061959914526561535
1198,669,0,6,854009280,2176240076,1322230797,1.6996731230066153,65512,0.0005284274673163702,0.0005284277185159963,0.0060899134099503035
1199,669,0,6,854009280,2175897090,1321887811,1.7000474059170507,65519,0.0003742827947452993,0.0003742829104356639,0.004452022505596219
1200,669,0,6,854009280,2175413000,1321403721,1.700575833630527,65512,0.0005284274673163702,0.0005284277134754809,0.0060273544275572695
1201,669,0,6,854009280,2175070228,1321060949,1.700950117134063,65519,0.0003742827947452993,0.0003742835035362318,0.004463541174757649
1202,669,0,6,854009280,2174687229,1320677950,1.701368440657287,65517,0.000418322449221962,0.0004183235232262763,0.00492328406377429
1203,669,0,6,854009280,2174223734,1320214455,1.70187484670668,65513,0.0005064057914389884,0.0005064060493918968,0.005846804239113502
1204,669,0,6,854009280,2173861126,1319851847,1.7022711494558038,65518,0.0003963024539395264,0.00039630274912409497,0.004699172121844633
1205,669,0,6,854009280,2173297224,1319287945,1.7028876674847417,65508,0.0006165175324262582,0.0006165180289380515,0.006811716645250584
1206,669,0,6,854009280,2172955001,1318945722,1.7032619508046203,65519,0.0003742827947452993,0.0003742833198765122,0.004463541174757649
1207,669,0,6,854009280,2172572616,1318563337,1.7036802734982928,65517,0.000418322449221962,0.00041832269367423226,0.004934802732935719
1208,669,0,6,854009280,2171948905,1317939626,1.704362863122551,65505,0.0006825886112264284,0.0006825896242574783,0.0075070787204770915
1209,669,0,6,854009280,2171405930,1317396651,1.7049573582977935,65509,0.0005944945118882062,0.0005944951752441985,0.006628653197728023
1210,669,0,6,854009280,2171064198,1317054919,1.7053316411808765,65519,0.0003742827947452993,0.00037428288308091604,0.004463541174757649
1211,669,0,6,854009280,2170521588,1316512309,1.7059261357955506,65509,0.0005944945118882062,0.0005944946146738907,0.006544357195652378
1212,669,0,6,854009280,2170159997,1316150718,1.7063224383534248,65518,0.0003963024539395264,0.00039630255787409465,0.004699172121844633
1213,669,0,6,854009280,2169798505,1315789226,1.7067187412555391,65518,0.0003963024539395264,0.00039630290211547565,0.004699172121844633
1214,669,0,6,854009280,2169236339,1315227060,1.707335258999663,65508,0.0006165175324262582,0.0006165177441236878,0.006927192055627634
1215,669,0,6,854009280,2168895169,1314885890,1.7077095427503757,65519,0.0003742827947452993,0.0003742837507117086,0.004452022505596219
1216,669,0,6,854009280,2168534024,1314524745,1.708105846086859,65518,0.0003963024539395264,0.00039630333648374747,0.004699172121844633
1217,669,0,6,854009280,2168193037,1314183758,1.7084801289380032,65519,0.0003742827947452993,0.0003742828511456818,0.004463541174757649
1218,669,0,6,854009280,2167852138,1313842859,1.708854412285305,65519,0.0003742827947452993,0.0003742833473003119,0.004463541174757649
1219,669,0,6,854009280,2167531375,1313522096,1.7092066763975424,65520,0.0003522634716290214,0.00035226411223847267,0.004227909891679893
1220,669,0,6,854009280,2167210690,1313201411,1.7095589408519132,65520,0.0003522634716290214,0.00035226445436914715,0.004227909891679893
1221,669,0,6,854009280,2166890084,1312880805,1.709911204528776,65520,0.0003522634716290214,0.0003522636768637206,0.004227909891679893
1222,669,0,6,854009280,2165988600,1311979321,1.7109021651780658,65491,0.0009909603271466795,0.000990960649287894,0.010465839414893627
1223,669,0,6,854009280,2165588215,1311578936,1.7113425087129492,65516,0.0004403427806028656,0.0004403435348839349,0.005147395669702917
1224,669,0,6,854009280,2165247992,1311238713,1.7117167917194962,65519,0.0003742827947452993,0.00037428300654945596,0.004452022505596219
1225,669,0,6,854009280,2164867841,1310858562,1.712135114846987,65517,0.000418322449221962,0.0004183231274907749,0.004911765394612859
1226,669,0,6,854009280,2164487800,1310478521,1.7125534382083245,65517,0.000418322449221962,0.000418323361334706,0.00492328406377429
1227,669,0,6,854009280,2164127866,1310118587,1.7129497410192585,65518,0.0003963024539395264,0.0003963028109337272,0.004668654543719633
1228,669,0,6,854009280,2163768031,1309758752,1.713346043674786,65518,0.0003963024539395264,0.00039630265552870257,0.004687653452683203
1229,669,0,6,854009280,2163388309,1309379030,1.713764366875587,65517,0.000418322449221962,0.0004183232008025836,0.00492328406377429
1230,669,0,6,854009280,2163008697,1308999418,1.7141826901734412,65517,0.000418322449221962,0.00041832329785434065,0.00492328406377429
1231,669,0,6,854009280,2162689117,1308679838,1.7145349537155852,65520,0.0003522634716290214,0.00035226354214420427,0.004227909891679893
1232,669,0,6,854009280,2162369615,1308360336,1.7148872172825165,65520,0.0003522634716290214,0.0003522635669284388,0.004227909891679893
1233,669,0,6,854009280,2161790659,1307781380,1.715525758351312,65507,0.0006385408891551363,0.0006385410687961339,0.007071905060566486
1234,669,0,6,854009280,2158178775,1304169496,1.719515764828369,65355,0.003990006476313711,0.003990006477056394,0.030748989017565367
1235,669,0,6,854009280,2156825571,1302816292,1.721013479840419,65468,0.0014977141398913162,0.0014977150120505929,0.014874366774669268
1236,669,0,6,854009280,2156288827,1302279548,1.7216079746041757,65509,0.0005944945118882062,0.0005944947637583922,0.006722720535319278
1237,669,0,6,854009280,2155573463,1301564184,1.7224006889353127,65500,0.0007927138004626774,0.0007927143311352599,0.008569402215863109
1238,669,0,6,854009280,2155136536,1301127257,1.722885073993119,65514,0.000484384451701118,0.0004843850578075603,0.005630173881020868
1239,669,0,6,854009280,2154640195,1300630916,1.723435523850764,65511,0.0005504494793435254,0.0005504498576444862,0.006306543095994724
1240,669,0,6,854009280,2154302812,1300293533,1.7238098067592098,65519,0.0003742827947452993,0.0003742829084461403,0.004463541174757649
1241,669,0,6,854009280,2153925834,1299916555,1.7242281301073454,65517,0.000418322449221962,0.0004183233481361259,0.00492328406377429
1242,669,0,6,854009280,2153529130,1299519851,1.7246684739423586,65516,0.0004403427806028656,0.00044034383501213723,0.005170433008025777
1243,669,0,6,854009280,2153033402,1299024123,1.7252189239967457,65511,0.0005504494793435254,0.0005504500543855784,0.0062875441870311535
1244,669,0,6,854009280,2152577506,1298568227,1.7257253305582765,65513,0.0005064057914389884,0.0005064065615333273,0.005865803148077072
1245,669,0,6,854009280,2152201029,1298191750,1.7261436530135867,65517,0.000418322449221962,0.00041832245530959655,0.004934802732935719
1246,669,0,6,854009280,2151804852,1297795573,1.7265839961482286,65516,0.0004403427806028656,0.0004403431346429289,0.005170433008025777
1247,669,0,6,854009280,2151349387,1297340108,1.7270904028909335,65513,0.0005064057914389884,0.0005064067427042288,0.005846804239113502
1248,669,0,6,854009280,2151012857,1297003578,1.727464686504515,65519,0.0003742827947452993,0.0003742836135810149,0.004452022505596219
1249,669,0,6,854009280,2150656624,1296647345,1.7278609893231973,65518,0.0003963024539395264,0.0003963028186833427,0.004687653452683203
1250,669,0,6,854009280,2149884998,1295875719,1.7287197828683354,65497,0.0008587929491977406,0.0008587935451387221,0.009182405357073516
1251,669,0,6,854009280,2149529075,1295519796,1.7291160854375853,65518,0.0003963024539395264,0.00039630256924890237,0.004699172121844633
1252,669,0,6,854009280,2149173249,1295163970,1.729512388850285,65518,0.0003963024539395264,0.0003963034127009035,0.004699172121844633
1253,669,0,6,854009280,2148718708,1294709429,1.7300187951121266,65513,0.0005064057914389884,0.0005064062618404992,0.005822243074647608
1254,669,0,6,854009280,2148343349,1294334070,1.7304371183823655,65517,0.000418322449221962,0.00041832327023968557,0.00492328406377429
1255,669,0,6,854009280,2147948349,1293939070,1.73087746181967,65516,0.0004403427806028656,0.0004403434373045333,0.005158914338864347
1256,676,7,0,1708018560,4292026885,2584008326,0.7330364274294396,65438,0.0021589649914087418,0.002158965609769046,0.01926818746074719
1257,676,0,0,1708018560,4291396023,2583377464,0.7333886912318341,65520,0.0003522634716290214,0.00035226380239244465,0.004227909891679893
1258,676,0,0,1708018560,4290725896,2582707337,0.7337629742497569,65519,0.0003742827947452993,0.00037428301792537185,0.004463541174757649
1259,676,0,0,1708018560,4289701262,2581682703,0.7343354462739349,65510,0.0005724718275307164,0.0005724720241783503,0.006308729272713119
1260,676,0,0,1708018560,4288992181,2580973622,0.7347317491011331,65518,0.0003963024539395264,0.00039630282719670465,0.004699172121844633
1261,676,0,0,1708018560,4288283295,2580264736,0.7351280517913992,65518,0.0003963024539395264,0.000396302690264828,0.004699172121844633
1262,676,0,0,1708018560,4287613975,2579595416,0.7355023350555712,65519,0.0003742827947452993,0.00037428326417321596,0.004463541174757649
1263,676,0,0,1708018560,4286866106,2578847547,0.7359206577598556,65517,0.000418322449221962,0.0004183227042862566,0.004934802732935719
1264,676,0,0,1708018560,4286157804,2578139245,0.7363169604189466,65518,0.0003963024539395264,0.0003963026590886872,0.004687653452683203
1265,676,0,0,1708018560,4285489036,2577470477,0.7366912433203083,65519,0.0003742827947452993,0.0003742829013607255,0.004463541174757649
1266,676,0,0,1708018560,4284741783,2576723224,0.737109566056116,65517,0.000418322449221962,0.00041832273580766187,0.004904285154810719
1267,676,0,0,1708018560,4284073382,2576054823,0.7374838491339553,65519,0.0003742827947452993,0.00037428307784194653,0.004463541174757649
1268,676,0,0,1708018560,4283444462,2575425903,0.7378361128103172,65520,0.0003522634716290214,0.00035226367636178126,0.004227909891679893
1269,676,0,0,1708018560,4282776398,2574757839,0.7382103956217598,65519,0.0003742827947452993,0.0003742828114431667,0.004463541174757649
1270,676,0,0,1708018560,4281872781,2573854222,0.7387168015279357,65513,0.0005064057914389884,0.0005064059061753786,0.005793249322665642
1271,676,0,0,1708018560,4281126576,2573108017,0.7391351244961406,65517,0.000418322449221962,0.0004183229682051468,0.004934802732935719
1272,676,0,0,1708018560,4280223538,2572204979,0.7396415304072015,65513,0.0005064057914389884,0.0005064059110587941,0.005822243074647608
1273,676,0,0,1708018560,4279281568,2571263009,0.7401699581007435,65512,0.0005284274673163702,0.0005284276935444708,0.006070914500986733
1274,676,0,0,1708018560,4278575349,2570556790,0.740566260847757,65518,0.0003963024539395264,0.00039630274701053434,0.004699172121844633
1275,676,0,0,1708018560,4277437865,2569419306,0.7412048017755843,65507,0.0006385408891551363,0.0006385409278292787,0.007090265481066213
1276,676,0,0,1708018560,4273595654,2565577095,0.7433637671797833,65438,0.0021589649914087418,0.0021589654041964815,0.01845132465316728
1277,676,0,0,1708018560,4272930144,2564911585,0.7437380504272184,65519,0.0003742827947452993,0.0003742832474380189,0.004463541174757649
1278,676,0,0,1708018560,4272147395,2564128836,0.7441783932658943,65516,0.0004403427806028656,0.00044034283867372317,0.005158914338864347
1279,676,0,0,1708018560,4271012755,2562994196,0.744816934419557,65507,0.0006385408891551363,0.000638541153664587,0.00713850247231881
1280,676,0,0,1708018560,4269995942,2561977383,0.7453894063130093,65510,0.0005724718275307164,0.0005724718934523136,0.006542171354970913
1281,682,6,1,223784960,2550580863,2326795904,0.8843024763966163,465,7.138913094004606,7.138913070083605,0.0849703653612692
1282,684,2,0,447569920,3775723117,3328153198,0.36792530240613885,46870,0.48362282563361336,0.4836228260095238,1.65598935617839
1283,684,0,0,447569920,3596304701,3148734782,0.4478749016580146,62003,0.07994959881532311,0.07994959925187442,0.4180764207795355
1284,684,0,0,447569920,3342238088,2894668169,0.5692491720226407,60248,0.12137427019464228,0.12137427036462788,0.4192961184890765
1285,684,0,0,447569920,2974485903,2526915984,0.7652694482848865,57210,0.19602027607872527,0.19602027626224622,0.7287106192263468
1286,684,0,0,447569920,2967815424,2520245505,0.7690828680051602,65363,0.0038134193140021496,0.003813419720274111,0.03280556817478343
1287,684,0,0,447569920,2963508363,2515938444,0.7715505209437232,65424,0.0024676524736343256,0.002467652938559888,0.022886528903320894
1288,684,0,0,447569920,2952874284,2505304365,0.7776612614747158,65259,0.006110740070948834,0.006110740530994183,0.04200941874524974
1289,684,0,0,447569920,2944196548,2496626629,0.7826670639412434,65309,0.005005802328615196,0.005005802466528217,0.039299401137569384
1290,684,0,0,447569920,2942177486,2494607567,0.7838342665925921,65483,0.0011672023345903715,0.001167202651347479,0.01168188743822479
1291,684,0,0,447569920,2940616833,2493046914,0.784737114384356,65495,0.0009028473965228007,0.0009028477917655304,0.009841812511411183
1292,684,0,0,447569920,2936242132,2488672213,0.7872709228546881,65421,0.00253380838518502,0.002533808470332711,0.020622600000669844
1293,684,0,0,447569920,2927128342,2479558423,0.7925639276882102,65296,0.005293004741899457,0.00529300483352143,0.04228007379413395
1294,684,0,0,447569920,2925085248,2477515329,0.793753162263382,65482,0.0011892340994270377,0.0011892345751705318,0.011855596729234915
1295,684,0,0,447569920,2923421877,2475851958,0.794722093918967,65492,0.0009689315899683129,0.0009689316555868292,0.010420409091891791
1296,684,0,0,447569920,2918661785,2471091866,0.7974985003170829,65410,0.0027764060185773093,0.0027764063981160414,0.022089464556692952
1297,684,0,0,447569920,2913835433,2466265514,0.8003190197884855,65408,0.0028205190623786626,0.0028205194714017077,0.02504129225255516
1298,684,0,0,447569920,2910900119,2463330200,0.802037117457111,65458,0.0017180974165047324,0.001718097668623916,0.01598579209190976
1299,684,0,0,447569920,2909396621,2461826702,0.8029179377920244,65496,0.000880820004703256,0.0008808203349152328,0.00963670687165263
1300,684,0,0,447569920,2903949769,2456379850,0.8061134723831493,65391,0.003195534403982369,0.003195534591124316,0.024825427096722582
1301,684,0,0,447569920,2893305056,2445735137,0.8123789715951624,65252,0.0062654989080722446,0.006265499212014034,0.049083659568777915
1302,684,0,0,447569920,2889349246,2441779327,0.8147143217032493,65430,0.002335349750730934,0.002335350108085913,0.020820492929834983
1303,684,0,0,447569920,2887560833,2439990914,0.8157713705008014,65488,0.001057048556915173,0.0010570487975519861,0.011253866751457975
1304,684,0,0,447569920,2881566592,2433996673,0.8193199499627895,65375,0.0035485790909715823,0.0035485794619865988,0.027101543531997032
1305,685,1,0,895139840,3447092649,2551952810,0.7510454945788396,34356,0.9317255442794908,0.9317255446160526,1.0439181667092852
1306,685,0,0,895139840,3445535060,2550395221,0.7519263149314277,65496,0.000880820004703256,0.0008808203525879513,0.009497332126986092
1307,685,0,0,895139840,3443316851,2548177012,0.7531816464947063,65479,0.0012553314127252556,0.001255331563277575,0.012258427607092403
1308,685,0,0,895139840,3442733619,2547593780,0.7535118913004908,65521,0.00033024448458043404,0.00033024480578400434,0.0039922782726164955
1309,685,0,0,895139840,3441606296,2546466457,0.7541504323669344,65507,0.0006385408891551363,0.0006385410664434575,0.007015612033399586
1310,685,0,0,895139840,3441023456,2545883617,0.7544806768980763,65521,0.00033024448458043404,0.00033024453114344557,0.0039922782726164955
1311,685,0,0,895139840,3439430724,2544290885,0.7553835247795995,65495,0.0009028473965228007,0.0009028478815233923,0.00935644002278422
1312,685,0,0,895139840,3438809559,2543669720,0.7557357883834683,65520,0.0003522634716290214,0.00035226360386735864,0.004227909891679893
1313,685,0,0,895139840,3437683972,2542544133,0.7563743296860679,65507,0.0006385408891551363,0.0006385413026001282,0.00697035748317309
1314,685,0,0,895139840,3437102029,2541962190,0.756704574642221,65521,0.00033024448458043404,0.00033024495615170283,0.0039922782726164955
1315,685,0,0,895139840,3434076622,2538936783,0.7584226722523546,65458,0.0017180974165047324,0.001718097610133733,0.015517985268369302
1316,685,0,0,895139840,3433495505,2538355666,0.7587529170141671,65521,0.00033024448458043404,0.0003302447618128377,0.0039922782726164955
1317,685,0,0,895139840,3431403964,2536264125,0.7599421513306872,65482,0.0011892340994270377,0.001189234316521459,0.011468408725028138
1318,685,0,0,895139840,3430823459,2535683620,0.7602723959351181,65521,0.00033024448458043404,0.00033024460442979137,0.0039922782726164955
1319,685,0,0,895139840,3429121034,2533981195,0.761241327920537,65492,0.0009689315899683129,0.0009689319854200399,0.009774871451472062
1320,685,0,0,895139840,3428541051,2533401212,0.7615715728218895,65521,0.00033024448458043404,0.00033024490135095643,0.0039922782726164955
1321,685,0,0,895139840,3427149412,2532009573,0.7623642867081806,65500,0.0007927138004626774,0.0007927138862918203,0.008391155302891622
1322,685,0,0,895139840,3426569881,2531430042,0.7626945311929418,65521,0.00033024448458043404,0.00033024448476307115,0.0039922782726164955
1323,685,0,0,895139840,3424522673,2529382834,0.7638617337996152,65483,0.0011672023345903715,0.0011672026066704784,0.01135951430561562
1324,685,0,0,895139840,3423789361,2528649522,0.764280056783246,65517,0.000418322449221962,0.0004183229836328368,0.004879723990344825
1325,685,0,0,895139840,3421049887,2525910048,0.7658438828245444,65465,0.0015638255880888565,0.0015638260412960917,0.015252372493228352
1326,685,0,0,895139840,3389637889,2494498050,0.783897604451095,64721,0.018053721522348933,0.018053721626553772,0.1119302554846638
1327,685,0,0,895139840,3388267620,2493127781,0.7846903184227152,65500,0.0007927138004626774,0.0007927139716191913,0.008727242820423406
1328,685,0,0,895139840,3385870967,2490731128,0.7860778535546231,65473,0.0013875351247936642,0.0013875351319084265,0.013304368083350105
1329,685,0,0,895139840,3385224872,2490085033,0.7864521368156581,65519,0.0003742827947452993,0.00037428326103256275,0.004463541174757649
1330,685,0,0,895139840,3383895023,2488755184,0.7872228249757249,65501,0.0007706880901105886,0.0007706881600680191,0.008186047982640589
1331,685,0,0,895139840,3383211465,2488071626,0.7876191279939384,65518,0.0003963024539395264,0.00039630301821214976,0.004687653452683203
1332,685,0,0,895139840,3381958621,2486818782,0.7883457658555919,65503,0.0007266376781842033,0.000726637861654656,0.007766625807189516
1333,685,0,0,895139840,3381275595,2486135756,0.7887420687864406,65518,0.0003963024539395264,0.00039630293084913374,0.004687653452683203
1334,685,0,0,895139840,3379151211,2484011372,0.7899753676685286,65480,0.0012332986384842029,0.0012332988820880656,0.011928126743324963
1335,685,0,0,895139840,3378431053,2483291214,0.7903936906374014,65517,0.000418322449221962,0.00041832296887421626,0.004904285154810719
1336,685,0,0,895139840,3377029048,2481889209,0.791208430704124,65499,0.0008147398470877202,0.0008147400667209147,0.008519073413367263
1337,685,0,0,895139840,3258418253,2363278414,0.861857545125023,62404,0.0706491138756783,0.07064911442089997,0.30175841597363795
1338,685,0,0,895139840,3256831579,2361691740,0.8628264768738987,65492,0.0009689315899683129,0.0009689317488759007,0.010034595176025587
1339,685,0,0,895139840,3254525239,2359385400,0.864236047379368,65472,0.0014095702546713536,0.0014095705054698753,0.013760473104004065
1340,685,0,0,895139840,3253841213,2358701374,0.8646543698783908,65517,0.000418322449221962,0.00041832249902293365,0.00492328406377429
1341,685,0,0,895139840,3252833467,2357693628,0.8652708874424135,65508,0.0006165175324262582,0.0006165175640226599,0.0067799847825495765
1342,685,0,0,895139840,3252221882,2357082043,0.8656451706376735,65519,0.0003742827947452993,0.0003742831952570029,0.004452022505596219
1343,685,0,0,895139840,3250855165,2355715326,0.8664819373132104,65498,0.000836766229995985,0.0008367666755392595,0.00866108802997385
1344,685,0,0,895139840,3250208148,2355068309,0.8668782400498536,65518,0.0003963024539395264,0.0003963027366425197,0.004668654543719633
1345,685,0,0,895139840,3249201954,2354062115,0.8674947577443604,65508,0.0006165175324262582,0.0006165176945047968,0.006811716645250584
1346,685,0,0,895139840,3248483551,2353343712,0.867935100681251,65516,0.0004403427806028656,0.0004403429368938454,0.005115354265434883
1347,685,0,0,895139840,3246077636,2350937797,0.869410778501674,65469,0.0014756776637093812,0.0014756778204224898,0.014439328953283743
1348,685,0,0,895139840,3235853983,2340714144,0.8756983876486544,65251,0.006287608668628205,0.006287609146980922,0.05093119811012136
1349,685,0,0,895139840,3220531620,2325391781,0.8851733446794832,65107,0.009474956900263553,0.009474957030828174,0.07296824135468688
1350,685,0,0,895139840,3201370982,2306231143,0.8971100310516995,64996,0.011936686274586253,0.011936686372216026,0.07187951390569891
1351,685,0,0,895139840,3194614445,2299474606,0.9013428804551253,65344,0.004232849122198513,0.004232849403426514,0.03462888001052201
1352,685,0,0,895139840,3156404486,2261264647,0.9255172982978692,64447,0.02417441757901645,0.024174417842742053,0.12888149679769575
1353,685,0,0,895139840,3154196219,2259056380,0.9269268690271453,65472,0.0014095702546713536,0.0014095707292762342,0.014702372515712407
1354,685,0,0,895139840,3152334813,2257194974,0.9281161037029193,65482,0.0011892340994270377,0.001189234675773426,0.011267886074643328
1355,685,0,0,895139840,3150888246,2255748407,0.929040979081357,65494,0.0009248751246666447,0.0009248753784389499,0.009654138451664209
1356,685,0,0,895139840,3147687187,2252547348,0.931089714555668,65443,0.0020487354667572794,0.0020487354743117486,0.018542938273877138
1357,685,0,0,895139840,3146106114,2250966275,0.932102704172685,65490,0.00101298940069043,0.0010129896170175,0.010966368642570064
1358,685,0,0,895139840,3145041356,2249901517,0.9327852930359875,65505,0.0006825886112264284,0.0006825888633001249,0.007243545028356738
1359,685,0,0,895139840,3143565132,2248425293,0.9337321967228256,65493,0.0009469031891450585,0.0009469036868384912,0.009772148979610214
1360,685,0,0,895139840,3141060629,2245920790,0.9353400989027065,65463,0.0016079015700331673,0.0016079021798834263,0.015263915816871575
1361,685,0,0,895139840,3139895447,2244755608,0.9360887622139202,65502,0.0007486627160211863,0.0007486633112130002,0.008362111743410734
1362,685,0,0,895139840,3138833627,2243693788,0.9367713509396651,65505,0.0006825886112264284,0.0006825887257451139,0.007243545028356738
1363,685,0,0,895139840,3137190296,2242050457,0.9378283998754995,65488,0.001057048556915173,0.0010570489358343507,0.010762096283436608
1364,685,0,0,895139840,3134145519,2239005680,0.9397889579315617,65447,0.0019605579105596736,0.0019605580560626153,0.017909168358610714
1365,685,0,0,895139840,3132847267,2237707428,0.9406257244294594,65498,0.000836766229995985,0.0008367664978948303,0.00919937694658483
1366,685,0,0,895139840,3131583912,2236444073,0.9414404648518229,65499,0.0008147398470877202,0.0008147404223639764,0.008319963831090973
1367,685,0,0,895139840,3126669850,2231530011,0.9446139370355624,65392,0.0031734719793412905,0.0031734721837416865,0.026894349405382198
1368,685,0,0,895139840,3121902787,2226762948,0.9476991630778926,65396,0.003085225654520128,0.0030852260423281028,0.02612432343404762
1369,685,0,0,895139840,3120407767,2225267928,0.9486680952713904,65492,0.0009689315899683129,0.0009689321934986403,0.010493207247610282
1370,685,0,0,895139840,3119253300,2224113461,0.9494167583809485,65502,0.0007486627160211863,0.0007486631095567942,0.007730107777817879
1371,685,0,0,895139840,3109615113,2214475274,0.9556822572920822,65252,0.0062654989080722446,0.006265498911134054,0.04666085206780092
1372,685,0,0,895139840,3105729238,2210589399,0.958216066150186,65421,0.00253380838518502,0.0025338088581060895,0.022401653735543377
1373,685,0,0,895139840,3104278808,2209138969,0.9591629697012856,65493,0.0009469031891450585,0.000946903551099052,0.010309371798081567
1374,685,0,0,895139840,3103233835,2208093996,0.9598455587361094,65505,0.0006825886112264284,0.0006825890348241613,0.007243545028356738
1375,685,0,0,895139840,3101111186,2205971347,0.9612330938919982,65473,0.0013875351247936642,0.0013875351558887846,0.013485922757382056
1376,685,0,0,895139840,3098115405,2202975566,0.9631936523394984,65447,0.0019605579105596736,0.0019605584475000074,0.018048217339202338
1377,685,0,0,895139840,3097039733,2201899894,0.9638982655368373,65504,0.0007046129765893727,0.0007046131973370043,0.007889336440120645
1378,685,0,0,895139840,3096166176,2201026337,0.9644707377075008,65510,0.0005724718275307164,0.000572472170665572,0.006308729272713119
1379,685,0,0,895139840,3079877452,2184737613,0.9751871235667551,65051,0.010716385429818441,0.01071638585925451,0.07356887793987549
1380,685,0,0,895139840,3076877171,2181737332,0.9771697256683147,65446,0.0019826017943566226,0.001982602101557521,0.018128891560167476
1381,685,0,0,895139840,3075412381,2180272542,0.9781386576099749,65492,0.0009689315899683129,0.0009689319416600441,0.010540561420091975
1382,685,0,0,895139840,3072518037,2177378198,0.9800551289375825,65449,0.0019164711534089207,0.001916471327608015,0.01695330304453431
1383,685,0,0,895139840,2977663075,2082523236,1.044314553292086,62681,0.06425942399148375,0.06425942435450359,0.3065073651068749
1384,685,0,0,895139840,2972324575,2077184736,1.0480176169475754,65368,0.0037030633126258566,0.0037030636554888164,0.03318690519622773
1385,685,0,0,895139840,2967633667,2072493828,1.0512793407110728,65388,0.003261723702316598,0.00326172376349862,0.025137597132747828
1386,685,0,0,895139840,2960138839,2064999000,1.056506063010854,65299,0.005226722187078397,0.005226722299780479,0.04379098133666432
1387,685,0,0,895139840,2959571670,2064431831,1.056902365524337,65518,0.0003963024539395264,0.0003963025134837139,0.004687653452683203
1388,685,0,0,895139840,2958595147,2063455308,1.0575849543976545,65505,0.0006825886112264284,0.0006825888733171727,0.0074753468577760844
1389,685,0,0,895139840,2958122859,2062983020,1.057915199274369,65521,0.00033024448458043404,0.00033024487671272926,0.0039922782726164955
1390,685,0,0,895139840,2957430329,2062290490,1.0583995839357137,65514,0.000484384451701118,0.0004843846613470245,0.005586613807591404
1391,685,0,0,895139840,2956958308,2061818469,1.0587298285367375,65521,0.00033024448458043404,0.00033024460102248774,0.0039922782726164955
1392,685,0,0,895139840,2956171786,2061031947,1.0592802784867565,65511,0.0005504494793435254,0.0005504499500208965,0.006231826955976417
1393,685,0,0,895139840,2955700053,2060560214,1.0596105231282031,65521,0.00033024448458043404,0.00033024464144472686,0.0039922782726164955
1394,685,0,0,895139840,2954976894,2059837055,1.060116929596159,65513,0.0005064057914389884,0.0005064064679567485,0.005822243074647608
1395,685,0,0,895139840,2954505434,2059365595,1.0604471745803181,65521,0.00033024448458043404,0.0003302449841586235,0.0039922782726164955
1396,685,0,0,895139840,2953374190,2058234351,1.0612398888659698,65500,0.0007927138004626774,0.0007927142856518912,0.00848930545829786
1397,685,0,0,895139840,2952903097,2057763258,1.0615701337312125,65521,0.00033024448458043404,0.00033024486524440026,0.0039922782726164955
1398,685,0,0,895139840,2952118122,2056978283,1.0621205836402439,65511,0.0005504494793435254,0.0005504499090287894,0.0061959914526561535
1399,685,0,0,895139840,2951647317,2056507478,1.062450828148748,65521,0.00033024448458043404,0.00033024450850493455,0.0039922782726164955
1400,685,0,0,895139840,2950800062,2055660223,1.0630453226796348,65509,0.0005944945118882062,0.0005944945308857851,0.006644210296248742
1401,685,0,0,895139840,2950329558,2055189719,1.0633755676654921,65521,0.00033024448458043404,0.0003302449858590712,0.0039922782726164955
1402,685,0,0,895139840,2949420126,2054280287,1.0640141089157886,65507,0.0006385408891551363,0.000638541250296903,0.007078746811904783
1403,685,0,0,895139840,2948949938,2053810099,1.0643443537911992,65521,0.00033024448458043404,0.00033024487540943726,0.0039922782726164955
1404,685,0,0,895139840,2947853085,2052713246,1.0651150419321738,65501,0.0007706880901105886,0.0007706881409756517,0.008294986522710206
1405,685,0,0,895139840,2947257968,2052118129,1.0655333647679868,65517,0.000418322449221962,0.0004183228358139949,0.004879723990344825
1406,685,0,0,895139840,2885227236,1990087397,1.1098153562248072,63555,0.04428199102759124,0.044281991456819034,0.2011721266826613
1407,685,0,0,895139840,2862665057,1967525218,1.1262650189720134,64793,0.016449662445417724,0.016449662747206818,0.11006433412373372
1408,685,0,0,895139840,2837866841,1942727002,1.1445639628116275,64710,0.018298943231027483,0.018298943839613353,0.11511183373788664
1409,685,0,0,895139840,2498209767,1603069928,1.4218097869102841,54078,0.2772458239235968,0.2772458240986557,0.6755847019949138
1410,699,14,0,378896384,2382741503,2003845120,1.099876141094832,5,13.678071905112638,13.678066354184548,0.055787914317225434
1411,704,5,1,392814656,3408366719,3015552064,0.510225002234737,1541,5.410348853485215,5.410348861139906,3.2905944033892194
1412,704,0,1,392814656,2696259117,2303444462,0.8988543322535598,50060,0.3886293294243058,0.3886293300188211,1.248512085758187
1413,709,5,0,282147744,2300473471,2018325728,1.08948812308153,3589,4.190633792183923,4.19063379082797,2.5926935986575335
1414,710,1,0,564295488,4178963617,3614668130,0.24878394951003102,58685,0.15929582565091546,0.15929582642850248,0.5182677872534098
1415,710,0,0,564295488,4041019815,3476724328,0.30491846675213097,63035,0.05613451714875754,0.05613451724210039,0.3209942119127454
1416,710,0,0,564295488,3555765947,2991470460,0.5217923291923299,56389,0.21687386196163844,0.21687386244019918,0.9106949303596101
1417,710,0,0,564295488,3441376527,2877081040,0.5780412873419998,63030,0.05624895771843553,0.05624895814967004,0.24252039929837096
1418,710,0,0,564295488,3436679144,2872383657,0.58039868686501,65429,0.0023573993620059253,0.00235739952301001,0.021528409445104126
1419,710,0,0,564295488,3046205724,2481910237,0.7911962074095875,56627,0.21079752007530944,0.21079752054457823,0.6796580767219804
1420,710,0,0,564295488,3022233415,2457937928,0.805198663215009,64903,0.014002455244735165,0.014002455805420012,0.0973502365651871
1421,710,0,0,564295488,3016682651,2452387164,0.8084603874214444,65388,0.003261723702316598,0.0032617242064351356,0.028865349838249725
1422,710,0,0,564295488,3015672298,2451376811,0.8090548822995451,65509,0.0005944945118882062,0.0005944948780995926,0.006724244361462312
1423,710,0,0,564295488,2978977952,2414682465,0.8308136614203399,64555,0.02175877904909348,0.02175877912079577,0.13632124266406184
1424,711,1,0,1128590976,3930589449,2801998474,0.6161909759528008,38024,0.7853773136976641,0.7853773145324598,1.4988366466431524
1425,711,0,0,1128590976,3878727508,2750136533,0.6431439017064697,64323,0.02695292562228204,0.02695292575366974,0.17345247045718334
1426,713,2,0,438386320,2893433739,2455047420,0.8068962551038616,14626,2.1637523533120997,2.163752353397391,2.6210466122696237
1427,713,0,0,438386320,2879011234,2440624915,0.8153965530040708,65151,0.008500297620780108,0.008500297900211439,0.06561480147536804
1428,713,0,0,438386320,2822851835,2384465516,0.848981227301401,64028,0.03358467428769054,0.033584674297328955,0.23561002725431454
1429,713,0,0,438386320,2814519886,2376133567,0.8540312109556538,65307,0.005049983594034493,0.005049983654254063,0.036815164302059514
1430,713,0,0,438386320,2813903518,2375517199,0.8544054939599164,65519,0.0003742827947452993,0.000374283004261616,0.004463541174757649
1431,713,0,0,438386320,2787914049,2349527730,0.8702763509508529,64819,0.01587085690941417,0.015870856990937772,0.11118379196520099
1432,714,1,1,1831114868,4018166099,2187051232,0.9736601298862482,15251,2.1033837779231264,2.1033837789353944,3.199131220532547
1433,714,0,1,1831114868,3988098149,2156983282,0.9936321512813251,64635,0.01997202128109883,0.01997202139507743,0.13654474560940577
1434,714,0,3,882008528,3496218547,2614210020,0.7162720972135261,19857,1.7226399438103583,1.7226399459322015,3.0343832624361493
1435,714,0,3,882008528,3312087787,2430079260,0.8216437761562965,60920,0.10537167862534542,0.10537167894276835,0.5709550557820836
1436,714,0,4,1055833282,2188851803,1133018522,1.922475700231189,15278,2.100831923865677,2.100831924074892,2.7906872838399517
1437,719,5,0,2111666564,4260487639,2148821076,0.9991017858697511,62146,0.0766260846173026,0.07662608563856481,0.4095063202545199
1438,719,0,1,2075849480,4067876389,1992026910,1.1084100093199325,30377,1.1093082225932454,1.1093082234501799,2.8145165583183367
1439,719,0,1,2075849480,4064927984,1989078505,1.1105469283945695,65439,0.0021369184126987005,0.0021369190746354993,0.020423713801754707
1440,719,0,1,2075849480,3932628283,1856778804,1.2098451871645395,61177,0.09929825875288781,0.09929825876997207,0.4995111571547346
1441,719,0,2,2004215312,3386883145,1382667834,1.635192534571246,24401,1.4253473470280336,1.4253473474067042,3.1157942527706037
1442,719,0,2,2004215312,3299432611,1295217300,1.7294529852965077,61391,0.09426045031235666,0.09426045072526253,0.5306755900000252
1443,719,0,4,1574410304,3431700051,1857289748,1.2094482443675503,23494,1.479995258361402,1.4799952590710432,2.87224775405321
1444,719,0,4,1574410304,3383380363,1808970060,1.2474786156924935,63831,0.03803037068693337,0.038030371324941914,0.20723755718252887
1445,719,0,5,1001336960,2906695621,1905358662,1.1725845518727667,34514,0.9251059358469755,0.9251059361802741,1.9811396512418031
1446,719,0,5,1001336960,2313945797,1312608838,1.7102100938766256,45148,0.5376255409169625,0.5376255420038583,1.7144174152563894
1447,719,0,5,1001336960,2174865661,1173528702,1.871794018488675,58592,0.1615839242026629,0.16158392461205098,0.7024559443393523
1448,726,7,1,1824855496,3723817463,1898961968,1.1774361342215585,13256,2.305642112778548,2.305642115732882,2.380426529118285
1449,726,0,1,1824855496,3712429949,1887574454,1.1861135943982184,65143,0.008677459429330238,0.00867746017666122,0.06828178063494245
1450,726,0,1,1824855496,3709895364,1885039869,1.1880521088856817,65448,0.0019385143635805371,0.001938514487462413,0.019296388044895904
1451,728,2,1,887332652,2710588679,1823256028,1.2361299821185483,15847,2.048077871238696,2.0480778732328666,2.338797669589722
1452,732,4,0,1231592128,3618383831,2386791704,0.8475744785125876,10724,2.6114444960174388,2.6114444963940393,3.596317848725065
1453,734,2,0,631401216,4151132315,3519731100,0.2871819317861224,24161,1.4396074528246194,1.4396074532735348,2.7145188614615567
1454,734,0,0,631401216,2439065847,1807664632,1.2485201002459618,33658,0.9613381679599555,0.961338168459839,1.4684397848382318
1455,735,1,0,1262802432,4034760817,2771958386,0.631741546822191,50248,0.38322144599985997,0.38322144657622936,1.191989032519793
1456,735,0,0,1262802432,3980621004,2717818573,0.6601979932819795,64256,0.02845644604922801,0.028456446459790504,0.16040094194806176
1457,735,0,0,1262802432,3976556883,2713754452,0.6623569583845388,65438,0.0021589649914087418,0.0021589651025583027,0.020012811302620517
1458,735,0,0,1262802432,3975935753,2713133322,0.6626872033470192,65521,0.00033024448458043404,0.00033024496248232175,0.0039922782726164955
1459,735,0,0,1262802432,3974362586,2711560155,0.6635239696279669,65498,0.000836766229995985,0.0008367662809476768,0.008773696548525268
1460,735,0,0,1262802432,3973741959,2710939528,0.6638542141835764,65521,0.00033024448458043404,0.00033024455560912874,0.0039922782726164955
1461,735,0,0,1262802432,3971549579,2708747148,0.6650214166863613,65483,0.0011672023345903715,0.0011672025027851952,0.011531302148489362
1462,735,0,0,1262802432,3970888263,2708085832,0.6653736805726318,65520,0.0003522634716290214,0.0003522638862683771,0.004227909891679893
1463,735,0,0,1262802432,3969648599,2706846168,0.6660342455202297,65506,0.0006605645820851047,0.0006605649475980907,0.007205984397970779
1464,735,0,0,1262802432,3969029051,2706226620,0.6663644900471724,65521,0.00033024448458043404,0.00033024452694487466,0.0039922782726164955
1465,735,0,0,1262802432,3965436495,2702634064,0.6682809614781426,65449,0.0019164711534089207,0.0019164714309682785,0.01722188044443282
1466,735,0,0,1262802432,3964817911,2702015480,0.6686112060447158,65521,0.00033024448458043404,0.0003302445665736036,0.0039922782726164955
1467,735,0,0,1262802432,3961973076,2699170645,0.6701309573108993,65467,0.0015197509526750181,0.0015197512661823225,0.014029164666506347
1468,735,0,0,1262802432,3961355284,2698552853,0.6704612022591334,65521,0.00033024448458043404,0.00033024494823534527,0.0039922782726164955
1469,735,0,0,1262802432,3959461158,2696658727,0.67147419174389,65490,0.00101298940069043,0.0010129894847565736,0.01022711595316846
1470,735,0,0,1262802432,3958843941,2696041510,0.6718044366563838,65521,0.00033024448458043404,0.0003302449124951847,0.0039922782726164955
1471,735,0,0,1262802432,3957445237,2694642806,0.6725530998135909,65502,0.0007486627160211863,0.0007486631572047735,0.00802957399462412
1472,735,0,0,1262802432,3956828482,2694026051,0.6728833444092182,65521,0.00033024448458043404,0.0003302445956287652,0.0039922782726164955
1473,735,0,0,1262802432,3955019748,2692217317,0.673852276368617,65492,0.0009689315899683129,0.000968931959397152,0.009774871451472062
1474,735,0,0,1262802432,3954280308,2691477877,0.6742485790526658,65518,0.0003963024539395264,0.0003963026840494345,0.004668654543719633
1475,737,2,0,829995080,2885236759,2055241680,1.0633390927217476,12511,2.389090512211223,2.3890905136690814,0.7554965885504147
1476,737,0,0,829995080,2428690610,1598695531,1.4257519399919545,50978,0.3624128466722666,0.362412847270208,1.3447851158713113
1477,738,1,0,1659990160,3511604317,1851614158,1.2138636469479565,37952,0.7881117054539963,0.7881117069560007,1.7557972292824415
1478,738,0,1,1172496672,3271667029,2099170358,1.0328278928336019,37149,0.8189642445307813,0.8189642458856461,0.993896069382994
1479,738,0,2,197509696,2598282043,2400772348,0.8391485387730526,37476,0.8063206452582705,0.8063206459394513,1.4139907574844224
1480,738,0,2,197509696,2596047437,2398537742,0.8404920048825808,65475,0.00134346587467908,0.001343466109525759,0.013244656719576932
1481,738,0,2,197509696,2595498455,2397988760,0.8408222495344404,65521,0.00033024448458043404,0.00033024465186016897,0.0039922782726164955
1482,738,0,2,197509696,2594839827,2397330132,0.8412185524193028,65518,0.0003963024539395264,0.00039630288486172655,0.004668654543719633
1483,738,0,2,197509696,2594291121,2396781426,0.841548797312015,65521,0.00033024448458043404,0.00033024489271286185,0.0039922782726164955
1484,738,0,2,197509696,2593523109,2396013414,0.8420111609850771,65515,0.0004623634480924974,0.00046236367306178375,0.00532199045253682
1485,738,0,2,197509696,2592974705,2395465010,0.8423414055002958,65521,0.00033024448458043404,0.0003302445152190914,0.0039922782726164955
1486,738,0,2,197509696,2592316770,2394807075,0.8427377084872028,65518,0.0003963024539395264,0.0003963029869089582,0.004687653452683203
1487,738,0,2,197509696,2591768642,2394258947,0.843067953068168,65521,0.00033024448458043404,0.00033024458096540815,0.0039922782726164955
1488,738,0,2,197509696,2590964905,2393455210,0.8435523376228637,65514,0.000484384451701118,0.0004843845546946209,0.005557620055609438
1489,738,0,2,197509696,2590417086,2392907391,0.8438825824555032,65521,0.00033024448458043404,0.00033024483263790805,0.0039922782726164955
1490,738,0,2,197509696,2589686828,2392177133,0.844322925608509,65516,0.0004403427806028656,0.00044034315300576837,0.005086360513452917
1491,738,0,2,197509696,2589139302,2391629607,0.8446531701569775,65521,0.00033024448458043404,0.0003302445484689789,0.0039922782726164955
1492,738,0,2,197509696,2588299954,2390790259,0.8451595762206594,65513,0.0005064057914389884,0.000506406063684355,0.005793249322665642
1493,738,0,2,197509696,2587752745,2390243050,0.8454898210288668,65521,0.00033024448458043404,0.00033024480820538797,0.0039922782726164955
1494,738,0,2,197509696,2587023300,2389513605,0.845930164238041,65516,0.0004403427806028656,0.0004403432091759335,0.005139915429900777
1495,738,0,2,197509696,2586476383,2388966688,0.8462604091689592,65521,0.00033024448458043404,0.0003302449309162203,0.0039922782726164955
1496,738,0,2,197509696,2585637970,2388128275,0.8467668149654131,65513,0.0005064057914389884,0.0005064057964536303,0.005793249322665642
1497,738,0,2,197509696,2585018490,2387508795,0.8471410983189607,65519,0.0003742827947452993,0.00037428335354749287,0.004452022505596219
1498,738,0,2,197509696,2149965541,1952455846,1.137357223242958,53594,0.290216124520649,0.29021612492399784,0.7095369017074195
1499,741,3,0,395019392,4258877551,3863858160,0.1526050113691717,64847,0.015247787457549091,0.015247788126213717,0.11041886943122023
1500,742,1,0,790038784,4236239911,3446201128,0.3176402430867924,29226,1.1650352314383956,1.165035231717621,1.7428815593480218
1501,742,0,0,790038784,3583030828,2792992045,0.6208356814740696,53114,0.3031954379815861,0.3031954383872777,0.7157422490035955
1502,742,0,0,790038784,3540285298,2750246515,0.6430862073660499,64533,0.02225052562827742,0.02225052589197884,0.1477456294092169
1503,742,0,0,790038784,3538438819,2748400036,0.6440551389646991,65492,0.0009689315899683129,0.000968931598650783,0.009806263430339562
1504,742,0,0,790038784,3536887140,2746848357,0.6448698790811598,65499,0.0008147398470877202,0.0008147401164608904,0.008615261196017993
1505,742,0,0,790038784,3536258436,2746219653,0.6452001237259744,65521,0.00033024448458043404,0.00033024464481277955,0.0039922782726164955
1506,742,0,0,790038784,3535462260,2745423477,0.6456184463109373,65517,0.000418322449221962,0.0004183225849647095,0.004904285154810719
1507,742,0,0,790038784,3534833882,2744795099,0.6459486910237153,65521,0.00033024448458043404,0.00033024471277893824,0.0039922782726164955
1508,742,0,0,790038784,3533954354,2743915571,0.6464110548723774,65515,0.0004623634480924974,0.0004623638486610191,0.005350984204518786
1509,742,0,0,790038784,3533284452,2743245669,0.6467633187318889,65520,0.0003522634716290214,0.0003522638595119521,0.004227909891679893
1510,742,0,0,790038784,3532489138,2742450355,0.647181641426684,65517,0.000418322449221962,0.00041832269479335344,0.004904285154810719
1511,742,0,0,790038784,3531861440,2741822657,0.6475118863994425,65521,0.00033024448458043404,0.00033024497276078603,0.0039922782726164955
1512,742,0,0,790038784,3530899191,2740860408,0.648018292426638,65513,0.0005064057914389884,0.0005064060271936505,0.005793249322665642
1513,742,0,0,790038784,3530271857,2740233074,0.648348537352291,65521,0.00033024448458043404,0.0003302449256540285,0.0039922782726164955
1514,742,0,0,790038784,3529435604,2739396821,0.648788880254461,65516,0.0004403427806028656,0.0004403429021713999,0.005115354265434883
1515,742,0,0,790038784,3528808605,2738769822,0.649119125174284,65521,0.00033024448458043404,0.00033024491982117587,0.0039922782726164955
1516,742,0,0,790038784,3527889218,2737850435,0.6496035097091877,65514,0.000484384451701118,0.00048438453490457645,0.005557620055609438
1517,742,0,0,790038784,3527262573,2737223790,0.6499337545974555,65521,0.00033024448458043404,0.0003302448882674104,0.0039922782726164955
1518,742,0,0,790038784,3526427238,2736388455,0.6503740976898769,65516,0.0004403427806028656,0.00044034309242041463,0.005139915429900777
1519,742,0,0,790038784,3525800928,2735762145,0.6507043423783188,65521,0.00033024448458043404,0.00033024468844286336,0.0039922782726164955
1520,742,0,0,790038784,3524757317,2734718534,0.6512547921544645,65511,0.0005504494793435254,0.0005504497761456158,0.0061959914526561535
1521,742,0,0,790038784,3524047932,2734009149,0.6516290752735543,65519,0.0003742827947452993,0.00037428311908907405,0.004452022505596219
1522,742,0,0,790038784,3339071788,2549033005,0.7526970924490115,61102,0.10106801711916855,0.10106801717545891,0.36810729844283063
1523,742,0,0,790038784,3226198042,2436159259,0.8180386964069193,62634,0.06534160362043717,0.06534160395790543,0.34129506493801137
1524,742,0,0,790038784,3152893201,2362854418,0.8621164023979553,63564,0.04407770598145816,0.044077705991035644,0.25262528453374794
1525,742,0,0,790038784,3058971756,2268932973,0.9206331553149916,62931,0.058516752328790354,0.05851675291703835,0.24420122776507136
1526,742,0,0,790038784,3053570853,2263532070,0.9240713990028944,65380,0.0034382433453716316,0.003438243687900647,0.030248586684258782
1527,742,0,0,790038784,3052949155,2262910372,0.9244677016792942,65518,0.0003963024539395264,0.0003963026764013955,0.004668654543719633
1528,742,0,0,790038784,3051602513,2261563730,0.9253264948777193,65497,0.0008587929491977406,0.0008587931984238361,0.00911541378716441
1529,742,0,0,790038784,3051084882,2261046099,0.9256567394525135,65521,0.00033024448458043404,0.0003302445747951575,0.0039922782726164955
1530,742,0,0,790038784,3050463867,2260425084,0.9260530419966138,65518,0.0003963024539395264,0.00039630254410118383,0.004687653452683203
1531,742,0,0,790038784,3049946496,2259907713,0.9263832869643096,65521,0.00033024448458043404,0.00033024496769548987,0.0039922782726164955
1532,742,0,0,790038784,3049222343,2259183560,0.9268456506953235,65515,0.0004623634480924974,0.0004623637310133607,0.005375545368984679
1533,742,0,0,790038784,3048705256,2258666473,0.9271758957669469,65521,0.00033024448458043404,0.0003302450716232166,0.0039922782726164955
1534,742,0,0,790038784,3048050430,2258011647,0.9275942183502082,65517,0.000418322449221962,0.0004183225832635171,0.00492328406377429
1535,742,0,0,790038784,3047533612,2257494829,0.9279244629297985,65521,0.00033024448458043404,0.0003302445795885806,0.0039922782726164955
1536,742,0,0,790038784,3046706892,2256668109,0.9284528908460778,65512,0.0005284274673163702,0.0005284279162801982,0.0060288782537003035
1537,742,0,0,790038784,3046190381,2256151598,0.9287831357527665,65521,0.00033024448458043404,0.0003302449066878051,0.0039922782726164955
1538,742,0,0,790038784,3045536284,2255497501,0.9292014584033375,65517,0.000418322449221962,0.00041832265057196576,0.004904285154810719
1539,742,0,0,790038784,3045020041,2254981258,0.92953170326604,65521,0.00033024448458043404,0.000330244862703181,0.0039922782726164955
1540,742,0,0,790038784,3044331875,2254293092,0.9299720462596817,65516,0.0004403427806028656,0.0004403429936419249,0.005139915429900777
1541,742,0,0,790038784,3043815908,2253777125,0.9303022909096477,65521,0.00033024448458043404,0.00033024464996378694,0.0039922782726164955
1542,742,0,0,790038784,3043196889,2253158106,0.9306985937635197,65518,0.0003963024539395264,0.00039630285387239685,0.004699172121844633
1543,742,0,0,790038784,3042681182,2252642399,0.9310288382711818,65521,0.00033024448458043404,0.00033024450766288134,0.0039922782726164955
1544,742,0,0,790038784,3041993730,2251954947,0.9314691811132931,65516,0.0004403427806028656,0.000440342842109806,0.005139915429900777
1545,742,0,0,790038784,3041443936,2251405153,0.9318214447847026,65520,0.0003522634716290214,0.00035226367140887556,0.004227909891679893
1546,742,0,0,790038784,3036840538,2246801755,0.9347743110801758,65402,0.0029528662873829327,0.0029528662954759594,0.023111572984218953
1547,742,0,0,790038784,3034920663,2244881880,0.9360076100101011,65480,0.0012332986384842029,0.001233298929924706,0.012552626025969316
1548,742,0,0,790038784,3023171479,2233132696,0.943578165263915,65193,0.0075705548813454395,0.007570555253812605,0.0579690830903991
1549,742,0,0,790038784,2551131878,1761093095,1.2861759710042548,51683,0.3425978050722371,0.34259780574034054,0.7483548217755843
1550,747,5,0,2096205504,3712833951,1616628448,1.4096590057439684,1880,5.123483053435001,5.123483034739713,0.2817475469710884
1551,758,11,0,631463936,3056406527,2424942592,0.8246965526180006,48,10.415037499278844,10.415037546874032,1.8225520701292137
1552,759,1,0,1262927872,3722356035,2459428164,0.8043242291734707,33234,0.979627676115523,0.9796276765554713,2.267378541479044
1553,763,4,0,281938512,3344815231,3062876720,0.48775984601252276,5101,3.683435614603057,3.6834356168390516,1.1921658164946378
1554,763,0,0,281938512,2212360308,1930421797,1.1537310353317558,41305,0.6659711889610687,0.6659711893192333,1.6125671171619578
1555,764,1,0,563877024,3956312911,3392435888,0.3403255949056323,57585,0.186594559544532,0.1865945595738756,0.5684216373875385
1556,764,0,0,563877024,3099559273,2535682250,0.7602731754064713,48985,0.41994758017371525,0.4199475805008379,1.1958925619427945
1557,764,0,0,563877024,3075183665,2511306642,0.7742089470010391,64906,0.013935771345722964,0.013935771594568339,0.09648432330423592
1558,764,0,0,563877024,3069474059,2505597036,0.7774927349095329,65387,0.0032837874765994056,0.003283787908493783,0.02958789526177065
1559,764,0,0,563877024,3054448734,2490571711,0.786170194905008,65143,0.008677459429330238,0.008677459995475985,0.05587698019974531
1560,764,0,0,563877024,3023134172,2459257149,0.8044245496765399,64712,0.018254354365424916,0.018254354771531763,0.11842897461362652
1561,764,0,0,563877024,3017730530,2453853507,0.8075980221282641,65392,0.0031734719793412905,0.0031734724517238884,0.027217971485898756
1562,764,0,0,563877024,3015034646,2451157623,0.8091838855508584,65464,0.0015858634107395607,0.0015858634225943712,0.0162090298701643
1563,764,0,0,563877024,3002991299,2439114276,0.816289793965602,65214,0.007105908104400146,0.007105908414744736,0.047302775986228965
1564,764,0,0,563877024,2985052256,2421175233,0.8269396475809074,65054,0.010649853242378543,0.010649853615303672,0.07705057259215656
1565,764,0,0,563877024,2980988393,2417111370,0.8293631982536063,65426,0.002423550217891068,0.0024235506727001144,0.02150530309786152
1566,764,0,0,563877024,2978738579,2414861556,0.8307066642808323,65475,0.00134346587467908,0.0013434660272255256,0.013985557355692
1567,764,0,0,563877024,2970558353,2406681330,0.8356020196000777,65314,0.004895355084133475,0.004895355319246462,0.03496462709909787
1568,764,0,0,563877024,2947165774,2383288751,0.8496933919681133,64899,0.014091371904962012,0.014091372368035926,0.09824553364814267
1569,764,0,0,563877024,2940583509,2376706486,0.853683398954864,65355,0.003990006476313711,0.003990006986750008,0.03285280175279717
1570,764,0,0,563877024,2938625163,2374748140,0.8548726331767647,65482,0.0011892340994270377,0.001189234221901569,0.012522582670574503
1571,764,0,0,563877024,2927573249,2363696226,0.8616025087231378,65231,0.006729875050868586,0.0067298755463727315,0.0451669018406345
1572,764,0,0,563877024,2793187077,2229310054,0.946049864427092,61810,0.08444735540656755,0.08444735570395413,0.37603394605877
1573,764,0,0,563877024,2773763614,2209886591,0.9586748120531787,64965,0.012624947323913133,0.012624947626085166,0.08533544440286356
1574,764,0,0,563877024,2771133438,2207256415,0.9603929100704569,65458,0.0017180974165047324,0.0017180980172804945,0.017362689075895985
1575,764,0,0,563877024,2736645056,2172768033,0.9831129869129107,64512,0.02272007650008353,0.022720076842453064,0.11969541261123087
1576,769,5,0,1765951584,3582249855,1816298272,1.2416460049487021,1712,5.258533013598853,5.258533018035792,0.8487792990129148
1577,769,0,1,1384419520,4127435649,2743016130,0.6468840401955447,49487,0.40523803462689484,0.4052380352468403,1.3033947651998496
1578,769,0,2,621355392,3319586559,2698231168,0.6706331911150798,32233,1.0237491508336087,1.0237491509195351,1.4561861519316064
1579,774,5,0,176750904,2736645023,2559894120,0.7465630059876389,7772,3.0759298144146556,3.075929814872561,2.8517856857976294
1580,775,1,0,353501808,2443415365,2089913558,1.0392038745323546,26752,1.2926408679191173,1.2926408685447137,2.6802253092974317
1581,776,1,0,707003616,4226143031,3519139416,0.2874244762604512,55177,0.2482206016495526,0.24822060172809593,0.6544577751532261
1582,776,0,0,707003616,3145582080,2438578465,0.8166067519687843,45413,0.5291822755587716,0.5291822757083359,1.3492936175490742
1583,776,0,0,707003616,3129693514,2422689899,0.8260373924030766,65109,0.009430639917987874,0.009430640434292035,0.06514228221394905
1584,776,0,0,707003616,3126847030,2419843415,0.8277334504609009,65459,0.0016960575738423276,0.0016960580578219628,0.015907776043563165
1585,776,0,0,707003616,3126256247,2419252632,0.8280857144789309,65520,0.0003522634716290214,0.000352264018030569,0.004227909891679893
1586,776,0,0,707003616,3125185715,2418182100,0.8287242559035874,65507,0.0006385408891551363,0.0006385414246559962,0.007015612033399586
1587,776,0,0,707003616,3124632237,2417628622,0.8290545004128234,65521,0.00033024448458043404,0.00033024450923820655,0.0039922782726164955
1588,776,0,0,707003616,3123267303,2416263688,0.8298692407665555,65499,0.0008147398470877202,0.0008147403537320186,0.008549590991492263
1589,776,0,0,707003616,3122714264,2415710649,0.8301994853293593,65521,0.00033024448458043404,0.00033024456280439016,0.0039922782726164955
1590,776,0,0,707003616,3121608439,2414604824,0.830860050164258,65506,0.0006605645820851047,0.0006605648348975269,0.007205984397970779
1591,776,0,0,707003616,3121055779,2414052164,0.8311902951357943,65521,0.00033024448458043404,0.0003302449715358357,0.0039922782726164955
1592,776,0,0,707003616,3118882483,2411878868,0.83248969355353,65477,0.0012993979706836883,0.0012993984177355879,0.012482700254695042
1593,776,0,0,707003616,3118330447,2411326832,0.8328199384788384,65521,0.00033024448458043404,0.00033024492530765883,0.0039922782726164955
1594,776,0,0,707003616,3116637926,2409634311,0.8338329280803691,65490,0.00101298940069043,0.0010129896015303955,0.01011968728318236
1595,776,0,0,707003616,3116086404,2409082789,0.8341631728493795,65521,0.00033024448458043404,0.0003302447690135462,0.0039922782726164955
1596,776,0,0,707003616,3114468977,2407465362,0.8351321049254068,65492,0.0009689315899683129,0.0009689320760249201,0.009886254389901223
1597,776,0,0,707003616,3113917951,2406914336,0.8354623499542306,65521,0.00033024448458043404,0.0003302450288257337,0.0039922782726164955
1598,776,0,0,707003616,3112632520,2405628905,0.8362330380832894,65501,0.0007706880901105886,0.0007706881290570246,0.008246200320119686
1599,776,0,0,707003616,3112081915,2405078300,0.8365632827116194,65521,0.00033024448458043404,0.00033024462832897906,0.0039922782726164955
1600,776,0,0,707003616,3109916698,2402913083,0.8378626810635197,65477,0.0012993979706836883,0.0012993983519032479,0.01251538838763991
1601,776,0,0,707003616,3109220052,2402216437,0.8382810039130142,65517,0.000418322449221962,0.0004183228494938692,0.004879723990344825
1602,776,0,0,707003616,2548766418,1841762803,1.2215598744707492,50246,0.38327887012631845,0.3832788705577341,0.8076656793642507
1603,776,0,0,707003616,2406171440,1699167825,1.3378187929984549,60462,0.11625891832318913,0.11625891852770662,0.5506520286291067
1604,779,3,0,1841513872,4181188319,2339674448,0.8763393448078389,11280,2.538520552713844,2.5385205518093845,2.057832065138778
1605,779,0,0,1841513872,3381566305,1540052434,1.4796676749740811,43138,0.603328329834617,0.6033283301662419,0.9428863440539477
1606,779,0,1,1535544096,3827340263,2291796168,0.9061684092890516,48763,0.4265007341974381,0.42650073431497065,1.3137375584911086
1607,779,0,1,1535544096,3810449736,2274905641,0.9168404398604544,65053,0.010672030297278241,0.010672030571402225,0.07529979111753579
1608,779,0,1,1535544096,3804097384,2268553289,0.920874596586021,65353,0.00403415664435244,0.004034156725564237,0.034253927841846096
1609,779,0,1,1535544096,3803439691,2267895596,0.9212929195783985,65517,0.000418322449221962,0.00041832299237976603,0.00492328406377429
1610,779,0,1,1535544096,3801571002,2266026907,0.9224821540675805,65482,0.0011892340994270377,0.0011892344891808967,0.011942175973790879
1611,779,0,1,1535544096,3800983195,2265439100,0.9228564374660841,65519,0.0003742827947452993,0.00037428339850563143,0.004463541174757649
1612,779,0,1,1535544096,3798874555,2263330460,0.9241999037875885,65475,0.00134346587467908,0.001343466321504315,0.013097185710862025
1613,779,0,1,1535544096,3798218377,2262674282,0.9246182262627691,65517,0.000418322449221962,0.00041832247517916413,0.00492328406377429
1614,779,0,1,1535544096,3796699247,2261155152,0.9255871581961337,65492,0.0009689315899683129,0.0009689319333635256,0.010008228917140103
1615,779,0,1,1535544096,3796181709,2260637614,0.9259174031002999,65521,0.00033024448458043404,0.0003302449041654905,0.0039922782726164955
1616,779,0,1,1535544096,3793663603,2258119508,0.9275253051479595,65463,0.0016079015700331673,0.0016079020476620746,0.015137077625280554
1617,779,0,1,1535544096,3793146760,2257602665,0.927855549927294,65521,0.00033024448458043404,0.00033024477933222266,0.0039922782726164955
1618,779,0,1,1535544096,3791458794,2255914699,0.9289346286565987,65487,0.0010790786396167112,0.0010790787293047512,0.01074309822166392
1619,779,0,1,1535544096,3790908033,2255363938,0.929286892496318,65520,0.0003522634716290214,0.0003522638397219576,0.004227909891679893
1620,779,0,1,1535544096,3789187326,2253643231,0.9303880021123341,65486,0.001101109058724726,0.0011011096160135456,0.011085526246199833
1621,779,0,1,1535544096,3788671507,2253127412,0.9307182472370563,65521,0.00033024448458043404,0.0003302451247220735,0.0039922782726164955
1622,779,0,1,1535544096,3787124407,2251580312,0.9317092076821112,65491,0.0009909603271466795,0.000990960445057678,0.01023969947129778
1623,779,0,1,1535544096,3786609061,2251064966,0.9320394522720754,65521,0.00033024448458043404,0.00033024458996188804,0.0039922782726164955
1624,779,0,1,1535544096,3784067270,2248523175,0.933669392411403,65462,0.0016299400659799616,0.0016299401393291522,0.0152534423874428
1625,779,0,1,1535544096,3783381075,2247836980,0.9341097353097219,65516,0.0004403427806028656,0.00044034289831858427,0.005086360513452917
1626,779,0,1,1535544096,3709671943,2174127848,0.9822103665259831,63387,0.04810063116834941,0.04810063121626259,0.2223392931360019
1627,779,0,1,1535544096,3579362278,2043818183,1.0713802854286278,61608,0.0891699187034255,0.08916991890264422,0.4396857354173564
1628,779,0,2,923604544,3643851197,2720246654,0.658909674549438,43613,0.587529388199763,0.5875293891208104,1.5952410730941087
1629,779,0,2,923604544,3202666173,2279061630,0.9142072077671912,54907,0.2552975327589603,0.25529753321775017,0.6560033847994887
1630,779,0,2,923604544,2536885000,1613280457,1.412649883743704,46391,0.4984426753300257,0.4984426759765151,1.3753968592329042
1631,779,0,2,923604544,2528884570,1605280027,1.419822161235878,65211,0.0071722770539639595,0.007172277492174373,0.05397413713802665
1632,779,0,2,923604544,2524132611,1600528068,1.4240991687807636,65342,0.004277006722584219,0.004277007544885279,0.03599616454223887
1633,779,0,2,923604544,2523693012,1600088469,1.4244954719891858,65518,0.0003963024539395264,0.00039630320842010965,0.004699172121844633
1634,779,0,2,923604544,2522350164,1598745621,1.4257067384753874,65481,0.001211266200721556,0.0012112664862027264,0.012175863531741944
1635,779,0,2,923604544,2521911055,1598306512,1.426103041290819,65518,0.0003963024539395264,0.0003963028154306511,0.004699172121844633
1636,779,0,2,923604544,2520545314,1596940771,1.427336340446292,65480,0.0012332986384842029,0.0012332991554756087,0.01225264278521122
1637,779,0,2,923604544,2520057966,1596453423,1.427776683545538,65516,0.0004403427806028656,0.0004403430992432325,0.005147395669702917
1638,779,0,2,923604544,2519107928,1595503385,1.4286354765895375,65497,0.0008587929491977406,0.0008587930439996599,0.009074990643146935
1639,779,0,2,923604544,2518742746,1595138203,1.428965721305648,65521,0.00033024448458043404,0.00033024471611222577,0.0039922782726164955
1640,779,0,2,923604544,2517160653,1593556110,1.4303973279060749,65471,0.0014316057211096818,0.0014316066004279873,0.013935409211866708
1641,779,0,2,923604544,2516795916,1593191373,1.4307275732526143,65521,0.00033024448458043404,0.00033024534653821176,0.0039922782726164955
1642,779,0,2,923604544,2515701958,1592097415,1.431718533852191,65491,0.0009909603271466795,0.0009909605995782262,0.010053403972898185
1643,779,0,2,923604544,2515337555,1591733012,1.4320487790805956,65521,0.00033024448458043404,0.0003302452284030799,0.0039922782726164955
1644,779,0,2,923604544,2514196022,1590591479,1.4330837986541205,65489,0.0010350188106098368,0.00103501957352571,0.010596073387617644
1645,779,0,2,923604544,2513831964,1590227421,1.4334140435941833,65521,0.00033024448458043404,0.000330244940062014,0.0039922782726164955
1646,779,0,2,923604544,2512812836,1589208293,1.4343389190087166,65494,0.0009248751246666447,0.0009248754145344267,0.009663584083344683
1647,779,0,2,923604544,2512449095,1588844552,1.4346691635733961,65521,0.00033024448458043404,0.00033024456467738183,0.0039922782726164955
1648,779,0,2,923604544,2510800513,1587195970,1.4361668782738413,65468,0.0014977141398913162,0.0014977147004451928,0.014378097912192989
1649,779,0,2,923604544,2510316139,1586711596,1.43660722126344,65516,0.0004403427806028656,0.000440342989598287,0.005086360513452917
1650,779,0,2,923604544,2475451870,1551847327,1.468660515946432,64096,0.03205329418729231,0.03205329468299151,0.1640645759143427
1651,779,0,2,923604544,2354024363,1430419820,1.5862085141550324,60408,0.1175479981178644,0.11754799820860232,0.5380982361165022
1652,779,0,2,923604544,2189627358,1266022815,1.7623437422026385,58004,0.17613522743137042,0.17613522804760606,0.8042951315231794
1653,782,3,0,1847209088,4060778579,2213569492,0.9562724804207114,57293,0.19392873770215058,0.19392873821807333,0.5624569774174181
1654,782,0,0,1847209088,3303478139,1456269052,1.5603702217087125,43115,0.6040977404458869,0.6040977412880002,1.4503905808196513
1655,782,0,0,1847209088,3291167759,1443958672,1.5726176950309636,64982,0.012247473186995336,0.012247473322252893,0.084691205430324
1656,782,0,0,1847209088,3286452683,1439243596,1.5773363531024174,65322,0.004718657078353454,0.004718658071451885,0.03933301754477737
1657,782,0,0,1847209088,3286057382,1438848295,1.5777326564989345,65518,0.0003963024539395264,0.0003963033965162713,0.004699172121844633
1658,782,0,0,1847209088,3284718121,1437509034,1.5790761233368684,65475,0.00134346587467908,0.0013434668379348005,0.013339814374515322
1659,782,0,0,1847209088,3284345231,1437136144,1.579450407134349,65519,0.0003742827947452993,0.0003742837974797721,0.004463541174757649
1660,782,0,0,1847209088,3283095280,1435886193,1.5807057389844417,65479,0.0012553314127252556,0.0012553318500921127,0.012488260624656584
1661,782,0,0,1847209088,3282722811,1435513724,1.5810800227468782,65519,0.0003742827947452993,0.0003742837624375294,0.004463541174757649
1662,782,0,0,1847209088,3281912355,1434703268,1.5818947631559794,65499,0.0008147398470877202,0.000814740409099908,0.008705931111622088
1663,782,0,0,1847209088,3281583977,1434374890,1.5822250081253486,65521,0.00033024448458043404,0.00033024496937094505,0.0039922782726164955
1664,782,0,0,1847209088,3280248880,1433039793,1.5835684747481693,65475,0.00134346587467908,0.001343466622819573,0.01315443611394784
1665,782,0,0,1847209088,3279920883,1432711796,1.5838987194554974,65521,0.00033024448458043404,0.0003302447073285021,0.0039922782726164955
1666,782,0,0,1847209088,3278958979,1431749892,1.5848676513763458,65492,0.0009689315899683129,0.0009689319208476642,0.009878774150099082
1667,782,0,0,1847209088,3278609430,1431400343,1.5852199155399127,65520,0.0003522634716290214,0.00035226416356957696,0.004227909891679893
1668,782,0,0,1847209088,3277648406,1430439319,1.586188847957409,65492,0.0009689315899683129,0.0009689324174937404,0.01002863876236648
1669,782,0,0,1847209088,3277321004,1430111917,1.5865190928681763,65521,0.00033024448458043404,0.0003302449107676619,0.0039922782726164955
1670,782,0,0,1847209088,3276448132,1429239045,1.587399913838798,65496,0.000880820004703256,0.0008808209706215174,0.009294526568457
1671,782,0,0,1847209088,3276121005,1428911918,1.5877301584681476,65521,0.00033024448458043404,0.000330244629350305,0.0039922782726164955
1672,782,0,0,1847209088,3274834600,1427625513,1.5890295569772626,65477,0.0012993979706836883,0.0012993985091142273,0.01278622155910197
1673,782,0,0,1847209088,3274398923,1427189836,1.5894699000295205,65516,0.0004403427806028656,0.000440343052260255,0.005086360513452917
1674,782,0,0,1847209088,3249050275,1401841188,1.6153242276655462,64372,0.025854327224215885,0.025854327636023886,0.13798641473728518
1675,783,1,4,802323968,2161042111,1358718144,1.660400935255712,1985,5.04507670796968,5.045076707590167,0.5867725112309254
1676,788,5,1,1061812224,3641170767,2579358544,0.7356348169744322,31103,1.075233880082261,1.0752338817187184,1.9193047107147507
1677,788,0,1,1061812224,3613777676,2551965453,0.7510383471315407,64840,0.01540352959509611,0.01540353015711074,0.10440750405639318
1678,788,0,1,1061812224,3612531599,2550719376,0.7517429601752426,65504,0.0007046129765893727,0.0007046130436994898,0.007581359855799923
1679,788,0,1,1061812224,3607861092,2546048869,0.754387035341896,65416,0.0026440749796186494,0.0026440751666544165,0.023160238704035628
1680,788,0,1,1061812224,3606268257,2544456034,0.7552898830060215,65495,0.0009028473965228007,0.0009028476641274778,0.009260457219801435
1681,788,0,1,1061812224,3599939730,2538127507,0.758882598861554,65373,0.003592715752060134,0.003592715855531889,0.02914243813913712
1682,788,0,1,1061812224,3598971511,2537159288,0.759433048451168,65511,0.0005504494793435254,0.0005504495896137343,0.0061959914526561535
1683,788,0,1,1061812224,3587512173,2525699950,0.765963887077838,65240,0.006530838400753308,0.006530838626669759,0.047570663388758296
1684,788,0,1,1061812224,3586433077,2524620854,0.7665804049316343,65508,0.0006165175324262582,0.0006165178537972462,0.006768466113388147
1685,788,0,1,1061812224,3545483492,2483671269,0.7901729104456017,64473,0.02359250520589107,0.023592505513965203,0.13430348903481096
1686,788,0,1,1061812224,3236275211,2174462988,0.9819879934238962,57377,0.19181508277738737,0.19181508297829375,0.6977718624652287
1687,788,0,1,1061812224,3226785824,2164973601,0.9882977127192838,65250,0.006309718768028473,0.0063097192953894266,0.05130275970584674
1688,788,0,1,1061812224,3217337849,2155525626,0.9946074318929021,65250,0.006309718768028473,0.006309719173616483,0.04994695640531805
1689,788,0,1,1061812224,3215693313,2153881090,0.9957085412581996,65486,0.001101109058724726,0.0011011093652994173,0.011189130992559587
1690,788,0,1,1061812224,3213524182,2151711959,0.997162182959066,65470,0.0014536415241189304,0.0014536417008665949,0.014005910508322342
1691,788,0,1,1061812224,3212801866,2150989643,0.9976465678025157,65514,0.000484384451701118,0.00048438484344799117,0.005524940162877561
1692,788,0,1,1061812224,3210208967,2148396744,0.9993867058806636,65457,0.0017401375958717572,0.001740138078148835,0.016371678282024738
1693,788,0,1,1061812224,3209159945,2147347722,1.0000913189596048,65504,0.0007046129765893727,0.0007046130789414155,0.007467652601872967
1694,788,0,1,1061812224,3207423350,2145611127,1.001258521916501,65483,0.0011672023345903715,0.001167202956895061,0.011895553232142142
1695,788,0,1,1061812224,3205491723,2143679500,1.0025579204065878,65477,0.0012993979706836883,0.0012993984900873245,0.0125152225707345
1696,788,0,1,1061812224,3184001283,2122189060,1.0170939582933265,64879,0.014536037426794724,0.014536037886740091,0.09447789805290066
1697,788,0,1,1061812224,2909757826,1847945603,1.2167248564876836,57067,0.19963089761288133,0.19963089819435767,0.7771654257195277
1698,791,3,1,824406296,3528650911,2704244616,0.6674214876154103,11988,2.4506966314864256,2.4506966311277245,0.9387318904252192
1699,791,0,1,824406296,3493989572,2669583277,0.6860325917889973,64696,0.018611103882793953,0.01861110417358612,0.10282103170424972
1700,791,0,1,824406296,3325185355,2500779060,0.7802695427621131,61392,0.09423695039720682,0.0942369509731191,0.4435082588549101
1701,791,0,1,824406296,3276189378,2451783083,0.8088158011299846,64252,0.02854625804794279,0.02854625836787122,0.16080302095236776
1702,791,0,1,824406296,3269193475,2444787180,0.812938262726604,65349,0.004122461033961742,0.004122461596618063,0.038116327510884215
1703,791,0,1,824406296,3263075538,2438669243,0.8165530475115688,65372,0.0036147845889704113,0.003614784784963911,0.027785252715859028
1704,791,0,1,824406296,3247893393,2423487098,0.8255627440132294,65128,0.00900969646917752,0.009009696501660192,0.06755382873247504
1705,791,0,1,824406296,3235801103,2411394808,0.8327792690620939,65209,0.007216524716623124,0.007216525048866339,0.053739480233496756
1706,791,0,1,824406296,3232342376,2407936081,0.8348500499494484,65442,0.002070780697928415,0.00207078088735428,0.020782757609650617
1707,791,0,1,824406296,3229182547,2404776252,0.8367444786906546,65450,0.0018944282800345323,0.0018944287412043423,0.01636508397538096
1708,791,0,1,824406296,3208303676,2383897381,0.8493250121888494,64967,0.012580533475407671,0.01258053349819803,0.08913183742273668
1709,791,0,1,824406296,3196845429,2372439134,0.8562760712869597,65221,0.006951059094611086,0.006951059098109224,0.05212537680206275
1710,791,0,1,824406296,3194637195,2370230900,0.8576195374983158,65475,0.00134346587467908,0.0013434662113549591,0.014145756632792465
1711,791,0,1,824406296,3191888514,2367482219,0.8592935556556043,65460,0.0016740180678742555,0.001674018157287554,0.01483925297257538
1712,791,0,1,824406296,3172959060,2348552765,0.8708751389844913,65012,0.01158158319214882,0.011581583328887056,0.083217814122004
1713,791,0,1,824406296,3165003452,2340597157,0.8757704941820315,65314,0.004895355084133475,0.0048953551975414135,0.03916394652803551
1714,791,0,1,824406296,3162360565,2337954270,0.8774004347452973,65462,0.0016299400659799616,0.001629940563267671,0.016853803866766576
1715,791,0,1,824406296,3158828804,2334422509,0.8795814468047745,65437,0.002181011907029251,0.002181012059475796,0.018301385677819675
1716,791,0,1,824406296,3124276957,2299870662,0.9010944155127341,64566,0.021512968600163093,0.021512968707960038,0.1384871750290928
1717,791,0,1,824406296,3108169159,2283762864,0.9112342907124855,65077,0.010139875046776147,0.010139875199751153,0.07131994845132573
1718,791,0,1,824406296,3105172277,2280765982,0.9131287194987436,65450,0.0018944282800345323,0.0018944287862586336,0.019312996713281173
1719,791,0,1,824406296,3101657302,2277251007,0.9153538266095005,65435,0.00222510674904286,0.0022251071107560554,0.018505884255247726
1720,791,0,1,824406296,2941503342,2117097047,1.0205597425082935,60927,0.10520591557336495,0.10520591589879415,0.4700795352489158
1721,791,0,1,824406296,2933104214,2108697919,1.026294709002162,65276,0.005734966281026274,0.0057349664938670325,0.044137406275639855
1722,791,0,1,824406296,2930401415,2105995120,1.0281450526510376,65452,0.0018503435436362735,0.0018503436488762279,0.01876921892569259
1723,791,0,1,824406296,2928312644,2103906349,1.0295766585129407,65471,0.0014316057211096818,0.0014316058619036132,0.013193710054594772
1724,791,0,1,824406296,2918200179,2093793884,1.0365277176738417,65221,0.006951059094611086,0.0069510591609007535,0.05427661049204081
1725,791,0,1,824406296,2913343967,2088937672,1.0398776989117238,65384,0.003349980824106516,0.00334998123788104,0.028847926797996425
1726,791,0,1,824406296,2911017116,2086610821,1.0414856010839522,65463,0.0016079015700331673,0.00160790217222816,0.01647356782156533
1727,791,0,1,824406296,2909520675,2085114380,1.042520620409654,65489,0.0010350188106098368,0.0010350193257040524,0.010104404621368935
1728,791,0,1,824406296,2860173561,2035767266,1.077074507674599,63985,0.03455388661911653,0.03455388726494222,0.200675583663882
1729,791,0,1,824406296,2853650258,2029243963,1.0817048245109788,65326,0.004630316190389475,0.004630316836381982,0.036402493127439664
1730,791,0,1,824406296,2851204117,2026797822,1.0834449623620834,65457,0.0017401375958717572,0.0017401378511028196,0.017739718703055143
1731,791,0,1,824406296,2843194158,2018787863,1.0891578277551268,65277,0.005712864988203938,0.0057128653930427105,0.03981422340223609
1732,791,0,1,824406296,2696565889,1872159594,1.1979437219586977,60776,0.10878589409417098,0.10878589420357207,0.49907147048713046
1733,791,0,1,824406296,2682482413,1858076118,1.2088375415957842,65043,0.010893819598060787,0.010893819637086834,0.08445217693388467
1734,791,0,1,824406296,2668703345,1844297050,1.2195761051880112,65050,0.01073856350747991,0.010738563592226509,0.06608700447464767
1735,791,0,1,824406296,2577636675,1753230380,1.2926315627825424,62300,0.07305545720127345,0.07305545759453122,0.36708436975826475
1736,791,0,1,824406296,2576432827,1752026532,1.2936225233035366,65491,0.0009909603271466795,0.0009909605209956307,0.010306296883050105
1737,791,0,1,824406296,2574454525,1750048230,1.2952524638286995,65462,0.0016299400659799616,0.001629940525162171,0.015741463503636942
1738,791,0,1,824406296,2574027267,1749620972,1.2956047274086337,65520,0.0003522634716290214,0.00035226357993512326,0.004227909891679893
1739,791,0,1,824406296,2573172959,1748766664,1.296309341115137,65504,0.0007046129765893727,0.0007046137065021362,0.007699454431292314
1740,791,0,1,824406296,2572772698,1748366403,1.2966395856618682,65521,0.00033024448458043404,0.0003302445467299211,0.0039922782726164955
1741,791,0,1,824406296,2571865647,1747459352,1.2973882488393897,65502,0.0007486627160211863,0.0007486631775213538,0.00807836019721464
1742,791,0,1,824406296,2571465685,1747059390,1.2977184935678139,65521,0.00033024448458043404,0.0003302447284248509,0.0039922782726164955
1743,791,0,1,824406296,2570665944,1746259649,1.298379058710573,65506,0.0006605645820851047,0.0006605651427605665,0.007271452141736852
1744,791,0,1,824406296,2570266256,1745859961,1.2987093039268984,65521,0.00033024448458043404,0.0003302452163262809,0.0039922782726164955
1745,791,0,1,824406296,2569040829,1744634534,1.2997222936514419,65490,0.00101298940069043,0.0010129897245437466,0.010277506840999527
1746,791,0,1,824406296,2568641513,1744235218,1.300052538834791,65521,0.00033024448458043404,0.00033024518334794594,0.0039922782726164955
1747,791,0,1,824406296,2567816450,1743410155,1.3007351279133381,65505,0.0006825886112264284,0.0006825890785461474,0.007383001146551354
1748,791,0,1,824406296,2567417415,1743011120,1.3010653724665602,65521,0.00033024448458043404,0.0003302445532231511,0.0039922782726164955
1749,791,0,1,824406296,2566592931,1742186636,1.3017479615668393,65505,0.0006825886112264284,0.0006825891002793433,0.007418573638388159
1750,791,0,1,824406296,2566194176,1741787881,1.3020782061542988,65521,0.00033024448458043404,0.00033024458745879834,0.0039922782726164955
1751,791,0,1,824406296,2565396848,1740990553,1.3027387713860286,65506,0.0006605645820851047,0.0006605652317290535,0.007278538223382209
1752,791,0,1,824406296,2564998366,1740592071,1.3030690166048728,65521,0.00033024448458043404,0.00033024521884443016,0.0039922782726164955
1753,791,0,1,824406296,2563776636,1739370341,1.3040820067904235,65490,0.00101298940069043,0.0010129901855506533,0.010385013350960317
1754,791,0,1,824406296,2563192740,1738786445,1.3045663920112958,65514,0.000484384451701118,0.0004843852208726622,0.0054891046595572975
1755,791,0,1,824406296,2551810608,1727404313,1.314041349139,65107,0.009474956900263553,0.009474957127703021,0.06036146796256974
1756,791,0,1,824406296,2390472689,1566066394,1.4555017684652007,59415,0.14146041848686183,0.14146041932620357,0.5590305431769268
1757,793,2,0,1648812592,4291884177,2643071586,0.7004316459799291,55303,0.24492987655967166,0.2449298775147256,0.9484927654059863
1758,794,1,0,2040722196,4281541645,2240819450,0.938620735042786,27781,1.2381890891990968,1.2381890890628577,1.000848165905942
1759,794,0,1,1933960744,3765909969,1831949226,1.2292676275205352,26789,1.2906468922739003,1.2906468924777497,2.0859528881402074
1760,794,0,2,1720437840,4293038411,2572600572,0.7394196677712763,46016,0.5101520395607022,0.5101520402507398,1.5934123648675094
1761,794,0,2,1720437840,3928126074,2207688235,0.9601106938145669,56240,0.22069102604010238,0.22069102604329327,0.5981868487676903
1762,794,0,2,1720437840,3774885507,2054447668,1.0638965641469866,60987,0.10378587014064852,0.10378587033241808,0.5150017585106816
1763,794,0,2,1720437840,3772565726,2052127887,1.0655265046440334,65462,0.0016299400659799616,0.0016299404970455025,0.015583872973440757
1764,794,0,2,1720437840,3770593007,2050155168,1.0669140403647965,65473,0.0013875351247936642,0.0013875357207635912,0.013873118147218982
1765,794,0,2,1720437840,3770092480,2049654641,1.067266304424816,65520,0.0003522634716290214,0.0003522640600222057,0.004227909891679893
1766,794,0,2,1720437840,3769310598,2048872759,1.0678167544706767,65511,0.0005504494793435254,0.0005504500458602507,0.0062529881795468645
1767,794,0,2,1720437840,3768841648,2048403809,1.0681469991252186,65521,0.00033024448458043404,0.00033024465454108956,0.0039922782726164955
1768,794,0,2,1720437840,3767997731,2047559892,1.0687414940850992,65509,0.0005944945118882062,0.000594494959881046,0.006644210296248742
1769,794,0,2,1720437840,3767529081,2047091242,1.0690717390860733,65521,0.00033024448458043404,0.0003302450009724525,0.0039922782726164955
1770,794,0,2,1720437840,3766810649,2046372810,1.0695781455335656,65513,0.0005064057914389884,0.0005064064474936064,0.005810724405486178
1771,794,0,2,1720437840,3766342271,2045904432,1.069908390324354,65521,0.00033024448458043404,0.0003302447907864534,0.0039922782726164955
1772,794,0,2,1720437840,3765405730,2044967891,1.0705689551003772,65506,0.0006605645820851047,0.0006605647760247533,0.007271452141736852
1773,794,0,2,1720437840,3764937673,2044499834,1.0708992002868456,65521,0.00033024448458043404,0.0003302451864695987,0.0039922782726164955
1774,794,0,2,1720437840,3764188954,2043751115,1.071427628318233,65512,0.0005284274673163702,0.0005284280313859075,0.005984679691806997
1775,794,0,2,1720437840,3763721176,2043283337,1.07175787315062,65521,0.00033024448458043404,0.00033024483238862444,0.0039922782726164955
1776,794,0,2,1720437840,3762910547,2042472708,1.0723303451439392,65510,0.0005724718275307164,0.0005724719933179107,0.006444417876629747
1777,794,0,2,1720437840,3762443062,2042005223,1.0726605896968664,65521,0.00033024448458043404,0.0003302445529286888,0.0039922782726164955
1778,794,0,2,1720437840,3761664098,2041226259,1.073211039759972,65511,0.0005504494793435254,0.0005504500631023837,0.0062514643534038305
1779,794,0,2,1720437840,3761196898,2040759059,1.0735412845176242,65521,0.00033024448458043404,0.0003302447576547994,0.0039922782726164955
1780,794,0,2,1720437840,3760293852,2039856013,1.0741798255141042,65507,0.0006385408891551363,0.0006385409964799358,0.007038872879225231
1781,794,0,2,1720437840,3759733588,2039295749,1.0745761285430824,65518,0.0003963024539395264,0.0003963030289782995,0.004668654543719633
1782,794,0,2,1720437840,3648551890,1928114051,1.1554567542251242,61963,0.08088062512315453,0.08088062568204074,0.3124854686245845
1783,800,6,1,213377760,2229989247,2016611488,1.090713978931717,2142,4.935257235249744,4.935257224706595,0.31750750500266645
