position,stable_bits,released_bits,pending_underflow,low,high_inclusive,residual_width,residual_information_bits,selected_frequency,selected_information_bits,effective_interval_information_bits,table_entropy_bits
1,1,1,1,1946681344,4150001663,2203320320,0.9629678958764707,8405,2.9629678958764702,2.9629678958764702,3.421786471434915
2,6,5,1,2064332032,3519943551,1455611520,1.5610217718999344,1353,5.598053876023463,5.598053876023463,2.8762827754167892
3,11,5,1,163125248,4058733983,3895608736,0.1407983615551487,5481,3.5797765806513553,3.579776589655217,3.0013778768557544
4,13,2,0,326250496,3926074485,3599823990,0.25472077694819006,30280,1.113922415126906,1.1139224153930412,1.9335707843315886
5,14,1,0,652500992,4004924967,3352423976,0.35744252997389125,30516,1.1027217525887376,1.1027217530257005,2.1742417666368676
6,15,1,0,1305001984,3583091113,2278089130,0.9148229525702263,22267,1.5573804214028826,1.5573804225963346,2.6129744035944205
7,15,0,1,462520320,3079388999,2616868680,0.7148056172969959,37641,0.7999826641195726,0.7999826647267697,2.2888695997588635
8,18,3,0,682291220,3224889639,2542598420,0.7563435263861145,15919,2.0415379089630568,2.041537909089117,2.5738447388059402
9,20,2,0,1429944648,3277146123,1847201476,1.2173059150080903,11903,2.460962388122593,2.4609623886219785,3.3325079790389807
10,20,0,1,712405648,3523570295,2811164648,0.6114791921543343,49868,0.394173276840777,0.39417327714624234,1.1069137023065787
11,20,0,1,712405648,3142920345,2430514698,0.821385287481732,56662,0.20990609499365778,0.20990609532739926,0.6063101547908474
12,22,2,0,1424811296,4094535279,2669723984,0.6859565529767515,35993,0.8645712652080351,0.8645712654950187,2.504076531192661
13,22,0,0,1424811296,3354674332,1929863037,1.154148683418022,47374,0.4681921301539967,0.46819213044126834,1.7551737355889847
14,22,0,1,702138944,2578113287,1875974344,1.195007048457395,31853,1.0408583647256153,1.0408583650393748,1.2809632201011272
15,29,7,0,656138880,2969962687,2313823808,0.892368135069816,1263,5.697361076212448,5.697361086612419,3.0903654413863446
16,29,0,0,656138880,2887558134,2231419255,0.9446855431070027,63202,0.052317407864187655,0.052317408037186826,0.27430692619921376
17,29,0,0,656138880,2866039320,2209900441,0.958665770293397,64904,0.013980226935924123,0.013980227186394476,0.10456101828924352
18,31,2,1,506237872,2401324615,1895086744,1.180383259477825,7025,3.221717490004349,3.221717489184429,1.7269524286970332
19,33,2,0,1012475744,3508452113,2495976370,0.7830428700848877,43158,0.6026596105119512,0.602659610607063,1.6299605705621887
20,34,1,0,468718028,2639062715,2170344688,0.9847229604048664,28493,1.2016800908468857,1.2016800903199778,1.1286309932699947
21,39,5,0,1020451744,2665166079,1644714336,1.3848101163537514,1552,5.400087157812872,5.400087155948885,3.0874849673982276
22,39,0,0,1020451744,2397262552,1376810809,1.6413168172377688,54861,0.25650670074536347,0.2565067008840197,0.8306002557758485
23,39,0,0,1020451744,2394531451,1374079708,1.644181451172905,65406,0.0028646334550583873,0.00286463393513598,0.027375984909214193
24,39,0,0,1020451744,2272085383,1251633640,1.778834806667927,59696,0.13465335518322005,0.1346533554950208,0.6133047991092077
25,40,1,0,2040903488,4135617501,2094714014,1.0358938561452717,54840,0.2570590493334118,0.25705904947734587,0.9168963188212191
26,40,0,1,1934323328,4239991815,2305668488,0.8974620506736386,36068,0.8615681937231521,0.8615681945283649,1.1173021334280024
27,45,5,0,501735440,2489924175,1988188736,1.1111924295728741,3532,4.213730372351534,4.213730378899236,1.3341620312743467
28,45,0,0,501735440,2332716014,1830980575,1.2300306604491205,60354,0.11883823076390329,0.11883823087624562,0.5137217562818847
29,45,0,0,501735440,2328664924,1826929485,1.2332261954660062,65391,0.003195534403982369,0.0031955350168855257,0.03050499885977302
30,45,0,0,501735440,2317848752,1816113313,1.2417929263126801,65148,0.008566730749559787,0.00856673084667626,0.06990138713602695
31,46,1,0,1003470880,4069381409,3065910530,0.4863315494112683,55318,0.24453862307713278,0.2445386230985871,0.9540445809052742
32,46,0,0,1003470880,2881022960,1877552081,1.193794219121962,40134,0.7074626693518705,0.7074626697106939,1.0854809444571343
33,46,0,2,2122296116,4148021707,2025725592,1.0842083883965614,17677,1.890414167687609,1.890414169274598,1.756942595380245
34,46,0,2,2122296116,4115967913,1993671798,1.1072192159012637,64499,0.023010827453026076,0.02301082750470184,0.14319979877168024
35,46,0,2,2122296116,4110857182,1988561067,1.110922279266493,65368,0.0037030633126258566,0.003703063365231394,0.03482713892596835
36,46,0,3,2097108584,3622149463,1525040880,1.49379923016917,25130,1.3828769492319821,1.382876950902675,2.9770388887938535
37,53,7,0,232206864,3719025183,3486818320,0.3007359512892762,9365,2.8069367208695923,2.806936721120109,3.658664106877167
38,55,2,1,1189802608,4168410343,2978607736,0.5280090038260177,6998,3.2272730507601506,3.2272730525367392,2.782698459808262
39,55,0,1,1189802608,3755043073,2565240466,0.743553075407501,56441,0.21554407117128677,0.21554407158148556,0.8879675223608348
40,55,0,2,232121568,3618257769,3386136202,0.34300714147540035,43254,0.5994540654278213,0.5994540660678985,1.0150175991111314
41,62,7,0,1890762016,3489587039,1598825024,1.4256350876334984,967,6.082627920523159,6.082627946158098,2.4980025733444293
42,62,0,0,1890762016,3437598877,1546836862,1.4733260958294032,63405,0.04769100736068871,0.04769100819590592,0.2723578989097563
43,62,0,0,1890762016,3332542558,1441780543,1.5747955609220554,61085,0.10146946434110483,0.10146946509264931,0.4525790617685207
44,62,0,1,1634040384,3988373673,2354333290,0.8673285767869423,53508,0.29253301496493933,0.2925330158648893,1.0303518630157669
45,67,5,1,1315127648,3755679199,2440551552,0.81543991977723,2123,4.948111344094622,4.948111342990286,0.40667262843130597
46,67,0,2,482771648,3905934179,3423162532,0.3273173527768165,45961,0.5118774325764895,0.5118774329995869,0.9725348950488215
47,73,6,3,106653056,3890852351,3784199296,0.18265907536510895,566,6.855341757168118,6.855341722588292,2.7330776363856923
48,73,0,3,106653056,3668198046,3561544991,0.2701439308538589,61680,0.08748485519760336,0.08748485548875148,0.38019698785983913
49,73,0,3,106653056,3474567296,3367914241,0.3507917432564689,61973,0.08064781221261687,0.08064781240260822,0.44493990093646507
50,73,0,3,106653056,3004140554,2897487499,0.5678447091718475,56382,0.21705296590324033,0.21705296591538126,0.8348553261213267
51,81,8,0,492662368,2231437823,1738775456,1.3045755097646285,1229,5.736730799627338,5.736730800592778,1.5589814964712567
52,82,1,2,896167328,4011402599,3115235272,0.4633060219522278,14677,2.158730511085907,2.158730512187601,3.1839590227181307
53,85,3,2,1379382704,4078213847,2698831144,0.6703124305407577,7097,3.207006408997284,3.2070064085885313,1.716809487241839
54,90,5,0,2145142048,4136650135,1991508088,1.1087858071633612,6045,3.438473375863514,3.438473376622602,2.0649343679769334
55,93,3,1,2021527936,4261974527,2240446592,0.9388608102285723,4608,3.830074998557688,3.8300750030652106,3.2567067284097564
56,93,0,2,1895572224,3864988227,1969416004,1.1248792589916157,28804,1.1860184483853229,1.1860184487630436,2.4245657059863324
57,96,3,1,1015214820,4044706491,3029491672,0.5035714063775245,25203,1.378692147538097,1.3786921473859075,1.5004258393125212
58,96,0,1,1015214820,3081903565,2066688746,1.055326018215439,44708,0.551754611689642,0.551754611837914,1.31513450361055
59,102,6,0,1371055840,4034137663,2663081824,0.6895503895397539,2639,4.634224364673732,4.634224371324318,3.005168658191912
60,104,2,0,159619620,3017588839,2857969220,0.5876567671561048,17583,1.8981063772801474,1.8981063776163505,1.0462488620635861
61,107,3,4,500242432,2989801599,2489559168,0.7867568424531974,446,7.199100100079695,7.199100075297093,2.2382743540380274
62,107,0,4,500242432,2684038938,2183796507,0.9758087183364701,57487,0.18905187580198327,0.18905187588327244,0.8435537510103215
63,113,6,0,564504620,3361560875,2797056256,0.6187378755975459,20985,1.6429291572267282,1.6429291572610742,2.3576660302954617
64,113,0,0,564504620,2446209533,1881704914,1.1906067413731094,44089,0.571868865461098,0.5718688657755632,1.3513372627829314
65,116,3,3,552361600,2325647999,1773286400,1.2762215841193054,965,6.085614867844558,6.085614842746198,3.0305332799152014
66,116,0,3,552361600,2305056706,1752695107,1.2930720945117464,64775,0.016850510045180976,0.016850510392438678,0.11334691502648497
67,121,5,1,71366168,2174514711,2103148544,1.030096395742472,9830,2.737024298772057,2.737024301230727,3.1468335383660464
68,123,2,2,817373928,3252220215,2434846288,0.8188164482604634,9484,2.7887200525179923,2.7887200525179923,3.3880446884838133
69,123,0,3,1912079238,3670521541,1758442304,1.288349146335488,23665,1.469532698374274,1.469532698075022,1.7124837671706636
70,127,4,1,772517004,3524376175,2751859172,0.6422405048457662,25640,1.3538913584938965,1.3538913585102796,1.3402023983284974
71,127,0,1,772517004,2869163612,2096646609,1.034563431173087,49932,0.39232292623408493,0.39232292632732063,1.1694809457190312
72,127,0,1,772517004,2337227833,1564710830,1.4567510848123533,48909,0.4221876530103736,0.4221876536392681,1.179813928408746
73,132,5,0,151839536,2754088111,2602248576,0.7228883660358001,6812,3.2661372803214577,3.2661372812234455,3.5197624027749446
74,132,0,0,151839536,2700006956,2548167421,0.7531870766175395,64174,0.03029871046452509,0.030298710581739878,0.1853460119914867
75,132,0,0,151839536,2569519134,2417679599,0.8290240807325304,62180,0.07583700377157356,0.07583700411499032,0.3846669300603521
76,132,0,0,151839536,2264837496,2112997961,1.0233557709115466,57277,0.1943316899724532,0.19433169017901625,0.802070800841206
77,132,0,0,151839536,2188940321,2037100786,1.076129786296388,63182,0.05277401472990857,0.0527740153848429,0.3250089173769268
78,133,1,0,303679072,2957791127,2654112056,0.6944178637672849,42693,0.6182880773765073,0.6182880774708953,1.4415487909249562
79,133,0,3,1021726512,2220807167,1199080656,1.840718441308649,3701,4.14630057969978,4.146300577541362,3.338666156376607
80,137,4,0,2043453024,3512553703,1469100680,1.5477138763554414,40147,0.706995434621474,0.7069954350467947,1.8540944847496332
81,137,0,0,2043453024,3511813951,1468360928,1.5484405150025928,65503,0.0007266376781842033,0.0007266386471520398,0.008157003750998627
82,138,1,1,1780713168,3297828267,1517115100,1.5013166023536613,16928,1.9528760878859743,1.9528760873510669,0.8517596983851359
83,138,0,1,1780713168,3261761596,1481048429,1.5360283297382225,63978,0.034711727015110626,0.03471172738456135,0.19140940000081438
84,138,0,2,1413942688,4008127733,2594185046,0.7273657537699769,57396,0.19133742329253833,0.19133742403175483,0.8118873141899083
85,142,4,1,794800936,2745823167,1951022232,1.138416928387965,6161,3.411051179685319,3.4110511746179877,0.8722986231551004
86,144,2,0,1589601872,3787895687,2198293816,0.9662629214384779,36921,0.8278459917490109,0.8278459930505142,2.2277064979262415
87,144,0,1,1031720096,4111263531,3079543436,0.47993066893882386,45904,0.5136677472313356,0.5136677475003438,1.7390887694669375
88,144,0,1,1031720096,3963479654,2931759559,0.5508803567515344,62391,0.07094968738582529,0.07094968781271138,0.38043195669230684
89,144,0,1,1031720096,2393769705,1362049610,1.6568678943542636,30447,1.1059875367636993,1.10598753760273,2.7461399308801973
90,144,0,1,1031720096,2254916960,1223196865,1.8119905317618574,58855,0.15512263647337315,0.1551226374075935,0.8097972498448487
91,144,0,1,1031720096,2234964606,1203244511,1.835717304029167,64467,0.023726771845437863,0.023726772267310386,0.14865592911592407
92,146,2,0,2063440192,3998883661,1935443470,1.1499829756822386,52708,0.31426567026935104,0.3142656716530693,0.8569764754189327
93,148,2,0,1610019484,3539438315,1929418832,1.1544807930566634,16333,2.0044978150002377,2.004497817374426,3.2388586112040616
94,148,0,0,1610019484,3348221650,1738202167,1.3050512569764123,59041,0.15057046336756882,0.15057046391974904,0.5011301408012135
95,148,0,1,1072555320,4133399479,3060844160,0.4887175527393488,57702,0.18366629568592502,0.18366629576293766,0.5926458206358635
96,148,0,1,1072555320,3986746484,2914191165,0.5595516276533274,62396,0.0708340747786097,0.07083407491397721,0.35077957549441036
97,148,0,1,1072555320,2648155531,1575600212,1.4467456298317742,35433,0.8871940013986466,0.8871940021784478,1.0722515542102151
98,148,0,1,1072555320,2598172730,1525617411,1.493253932502121,63457,0.04650830258971416,0.046508302670345794,0.2532780906252365
99,148,0,1,1072555320,2372156197,1299600878,1.7245785225600976,55827,0.23132458898593358,0.23132459005797806,0.8788354203741167
100,150,2,0,2145110640,3738517769,1593407130,1.4305322103575904,40176,0.7059536867285001,0.7059536877974911,1.256059203878896
101,154,4,1,880885760,2274338975,1393453216,1.6239825800110737,1791,5.193450378014039,5.193450369653482,2.2100176681542
102,156,2,0,1761771520,4197082759,2435311240,0.8185409812174242,57268,0.1945584000932742,0.194558401206351,0.6986608618628395
103,157,1,1,1547430136,3515715743,1968285608,1.1257075679438593,13242,2.30716658499923,2.3071665867264346,2.1330677223292533
104,157,0,1,1547430136,3510279651,1962849516,1.1296975747595894,65355,0.003990006476313711,0.003990006815730938,0.03106275444227738
105,159,2,2,1433937280,3311726791,1877789512,1.1936117906966253,7837,3.0639142183203227,3.0639142159370345,1.5867092441713175
106,159,0,2,1433937280,3277429396,1843492117,1.220205898711015,64339,0.026594107622045546,0.02659410801439052,0.16154138640566462
107,164,5,0,211930456,3304595511,3092665056,0.4737965519056573,13743,2.253590651760836,2.2535906531946415,1.4367096196547844
108,164,0,0,211930456,2954679260,2742748805,0.647024647187159,58121,0.17322809499821204,0.17322809528150393,0.695357477283261
109,164,0,0,211930456,2596350779,2384420324,0.8490085704907635,56974,0.2019839227274518,0.20198392330360515,0.9408009352175725
110,166,2,0,876844900,4098373723,3221528824,0.4149016429645229,22136,1.5658930713900454,1.5658930724737574,2.2362809674217643
111,166,0,0,876844900,2847239207,1970394308,1.1241627806606722,40084,0.709261137560652,0.7092611376961494,1.4786766073503383
112,166,0,0,876844900,2658095063,1781250164,1.269756999019819,59245,0.14559421799387515,0.14559421835914624,0.7475609134891499
113,166,0,0,876844900,2579600030,1702755131,1.3347761664830635,62648,0.06501916734616761,0.06501916746324653,0.35411650532664063
114,166,0,0,876844900,2561750408,1684905509,1.3499794599594601,64849,0.015203292791838404,0.015203293476394208,0.10730211509978135
115,166,0,0,876844900,2442149266,1565304367,1.4562039354582126,60884,0.10622447529843172,0.10622447549875327,0.571954450378832
116,166,0,0,876844900,2421441275,1544596376,1.475417254433495,64669,0.019213318804443612,0.01921331897528388,0.13416688953571226
117,166,0,0,876844900,2418848721,1542003822,1.4778408049024172,65426,0.002423550217891068,0.002423550468921756,0.023541934402876864
118,171,5,0,189615776,4083024831,3893409056,0.1416132184720702,5171,3.663772410516611,3.6637724135696517,0.47272907650048324
119,171,0,0,189615776,4051181763,3861565988,0.15346112106902865,65000,0.011847902309458449,0.01184790259695819,0.07672785575060403
120,171,0,0,189615776,2878912241,2689296466,0.6754183404303582,45641,0.5219572188494608,0.5219572193613291,1.518901656891199
121,173,2,2,2060301328,3515252735,1454951408,1.5616761747413896,2216,4.886257833950812,4.886257834311033,1.7663199507855478
122,173,0,3,1973119008,3687153711,1714034704,1.3252508260721712,38603,0.7635746507566368,0.7635746513307814,1.1076394173230728
123,173,0,3,1973119008,3529915297,1556796290,1.464066968863385,59524,0.1388161419504796,0.13881614279121332,0.6529580563646178
124,173,0,3,1973119008,3328141803,1355022796,1.6643300232910434,57042,0.20026305417545398,0.20026305442765774,0.7246927305712163
125,178,5,0,1892914300,3592151263,1699236964,1.3377600910493719,20546,1.6734300704301885,1.6734300677583294,2.176078337605353
126,178,0,2,1129206256,4090632783,2961426528,0.5363548522174533,28554,1.1985947601183518,1.1985947611680816,2.341149367111504
127,178,0,2,1129206256,4075946753,2946740498,0.5435271295738247,65211,0.0071722770539639595,0.007172277356371895,0.05320052668391115
128,186,8,1,652542848,3944604415,3292061568,0.38365582877859694,572,6.840128663221611,6.840128699204773,0.9771616759559056
129,186,0,1,652542848,2190773885,1538231038,1.4813749376789325,30622,1.0977191084863418,1.0977191089003333,2.1587579428305745
130,186,0,1,652542848,2170447528,1517904681,1.5005659485187763,64670,0.0191910100647608,0.019191010839845275,0.10818146031044332
131,191,5,0,245339792,3499051487,3253711696,0.40056072326944303,8780,2.8999947755772792,2.899994774750668,2.428538245889582
132,191,0,1,900151804,3003724869,2103573066,1.0298052161289846,21185,1.6292444917487474,1.6292444928595387,2.3167105441122753
133,191,0,1,900151804,2999808915,2099657112,1.032493400602096,65414,0.0026881839772797777,0.0026881844731110557,0.02369505046895436
134,194,3,1,1631075400,3293474815,1662399416,1.3693800934768596,6486,3.3368866915441937,3.336886692874767,2.3128993747035995
135,194,0,3,81850656,3685373311,3603522656,0.2532392301541009,35515,0.8838591351295721,0.8838591366772407,2.226233554479063
136,194,0,3,81850656,3658815366,3576964711,0.2639112607016898,65053,0.010672030297278241,0.010672030547586699,0.07307461970183661
137,194,0,3,1969232243,3260816912,1291584670,1.7335049233978204,23664,1.4695936629009323,1.4695936626961315,1.6998281092291185
138,194,0,4,1790980838,3520201755,1729220918,1.3125249526013967,43871,0.5790200287822993,0.5790200292035756,1.9411759155507657
139,202,8,0,1606546560,4228663535,2622116976,0.711915098543038,6211,3.3993901475532935,3.3993901459416414,2.026128228552394
140,202,0,0,1606546560,3789550165,2183003606,0.9763326325636328,54561,0.26441753397299833,0.2644175340205956,0.8188601562055937
141,202,0,0,1606546560,3688887370,2082340811,1.0444409361175673,62514,0.06810830317559585,0.06810830355393407,0.42243264496316196
142,202,0,0,1606546560,3625879529,2019332970,1.0887683281819562,63553,0.04432739163309233,0.04432739206438883,0.23961244878849972
143,202,0,0,1606546560,3610041865,2003495306,1.1001280163390916,65022,0.011359688142587471,0.011359688157135249,0.0855158590986749
144,202,0,0,1606546560,3583995447,1977448888,1.1190067408134752,64684,0.018878723925154613,0.01887872447438333,0.14015527002153208
145,202,0,0,1606546560,3570719117,1964172558,1.1287254660377428,65096,0.009718724639678695,0.009718725224270268,0.07329129027552675
146,202,0,0,1606546560,3569190601,1962644042,1.1298486061225113,65485,0.001123139814249491,0.0011231400847664164,0.012097225072508605
147,202,0,1,1065609472,3771192865,2705583394,0.6667074359238185,45172,0.536858829628294,0.5368588298013071,1.0270657196922828
148,202,0,1,1065609472,3769417656,2703808185,0.6676543392031888,65493,0.0009469031891450585,0.0009469032793720658,0.010236423814513354
149,204,2,1,1032939164,2354478223,1321539060,1.7004280794636841,8008,3.0327737411640063,3.032773740260494,1.724225293121124
150,206,2,0,2065878328,3900860799,1834982472,1.2268808636969943,45499,0.526452783070973,0.5264527842333115,1.1992263288793246
151,206,0,0,2065878328,3894532887,1828654560,1.2318645759262736,65310,0.004983712203274822,0.00498371222927749,0.04424432071506529
152,206,0,0,2065878328,3890514847,1824636520,1.2350380480600442,65392,0.0031734719793412905,0.0031734721337700715,0.02899577423847467
153,206,0,0,2065878328,3888649450,1822771123,1.236513725856021,65469,0.0014756776637093812,0.0014756777959777788,0.015427383384329377
154,206,0,2,1821062368,3861444591,2040382224,1.0738077090050808,18340,1.8372939815175833,1.8372939831490598,2.5205390707600506
155,206,0,4,841798528,3519426587,2677628060,0.6816915711842739,21501,1.6078838601013554,1.6078838621791924,3.3519218985629355
156,221,15,0,299792384,2642716671,2342924288,0.874336811996983,28,11.192645077942396,11.19264524081271,2.2427685430526716
157,224,3,2,925633344,2488345535,1562712192,1.4585950473996903,1366,5.584258231709909,5.584258235402707,2.3306057476165556
158,224,0,8,1165969920,4268502975,3102533056,0.46920056435328306,2033,5.010605500155267,5.010605516953593,3.026205702324606
159,224,0,8,1165969920,4136611234,2970641315,0.5318727260676681,62750,0.06267216138714096,0.06267216171438636,0.318640482143114
160,224,0,8,1165969920,4132803649,2966833730,0.5337230697604483,65452,0.0018503435436362735,0.001850343692777476,0.018757106203625896
161,224,0,8,1165969920,4078796192,2912826273,0.5602274872939468,64343,0.026504417064463066,0.02650441753349863,0.18870932823069914
162,224,0,8,1165969920,4076440543,2910470624,0.5613946897827979,65483,0.0011672023345903715,0.0011672024888510339,0.012206824317964278
163,224,0,8,1165969920,4074086799,2908116880,0.5625618922968805,65483,0.0011672023345903715,0.00116720251408481,0.012346966332201252
164,224,0,8,1165969920,4072001204,2906031285,0.5635969115662469,65489,0.0010350188106098368,0.0010350192693642274,0.01107470956430034
165,224,0,8,1165969920,4070715270,2904745351,0.56423545293557,65507,0.0006385408891551363,0.000638541369324994,0.007195499199209521
166,224,0,8,1165969920,4067922927,2901953008,0.5656229883162744,65473,0.0013875351247936642,0.0013875353807022565,0.014269776584862157
167,224,0,8,1165969920,4062343610,2896373691,0.5683993946381385,65410,0.0027764060185773093,0.0027764063218661196,0.02493785811273522
168,224,0,8,1165969920,4045991402,2880021483,0.5765675727829667,65166,0.008168177855762418,0.008168178144828746,0.06936300525765307
169,224,0,8,1165969920,4043310717,2877340798,0.577911039129674,65475,0.00134346587467908,0.0013434663467067052,0.014075922390265233
170,224,0,8,1165969920,4035144436,2869174517,0.5820114235839782,65350,0.004100384429842091,0.0041003844543020815,0.036784830041740456
171,224,0,8,1165969920,4025731708,2859761789,0.5867521668916247,65321,0.004740743145588853,0.004740743307649935,0.04155444227197245
172,224,0,8,1165969920,4022938971,2856969052,0.5881617375896298,65472,0.0014095702546713536,0.0014095706980029956,0.01409663430118891
173,224,0,8,1165969920,4021413184,2855443265,0.5889324261423958,65501,0.0007706880901105886,0.0007706885527676451,0.008429591988724151
174,224,0,8,1165969920,4012916915,2846946996,0.5932315125471135,65341,0.004299086029623652,0.004299086404715422,0.03800662112766406
175,224,0,8,1165969920,4011353040,2845383121,0.5940242265034215,65500,0.0007927138004626774,0.0007927139563100956,0.008715085662798133
176,224,0,8,1165969920,4008704596,2842734677,0.5953676928086828,65475,0.00134346587467908,0.001343466305261759,0.01342014305761176
177,224,0,8,1165969920,4006882775,2840912856,0.5962925679691651,65494,0.0009248751246666447,0.0009248751604818022,0.009889119957537896
178,224,0,8,1165969920,4005495610,2839525691,0.5969971812097157,65504,0.0007046129765893727,0.0007046132405507051,0.007755108969995371
179,224,0,8,1165969920,4003892484,2837922565,0.5978119211729194,65499,0.0008147398470877202,0.0008147399632023659,0.008883718655176825
180,224,0,8,1165969920,3996271109,2830301190,0.6016915586109022,65360,0.0038796369669542195,0.0038796374379834278,0.03373954459793456
181,224,0,8,1165969920,3994975499,2829005580,0.6023521236696787,65506,0.0006605645820851047,0.0006605650587769709,0.00738908986672078
182,224,0,8,1165969920,3993248811,2827278892,0.6032329436865922,65496,0.000880820004703256,0.0008808200169120788,0.009232847644775772
183,224,0,8,1165969920,3991738881,2825768962,0.6040036318644226,65501,0.0007706880901105886,0.0007706881778300939,0.008535177995476836
184,224,0,8,1165969920,3990488464,2824518545,0.6046421729765896,65507,0.0006385408891551363,0.000638541112167457,0.00709646622503238
185,224,0,8,1165969920,3989195502,2823225583,0.605302737568671,65506,0.0006605645820851047,0.0006605645920813281,0.00737757119755935
186,224,0,8,1165969920,3985878418,2819908499,0.6069987955104601,65459,0.0016960575738423276,0.0016960579417888647,0.01692145225991562
187,224,0,8,1165969920,3984716651,2818746732,0.6075932902772507,65509,0.0005944945118882062,0.0005944947667915249,0.006734239204480708
188,224,0,8,1165969920,3982566117,2816596198,0.6086943998019798,65486,0.001101109058724726,0.0011011095247303365,0.011326274674544093
189,224,0,8,1165969920,3981190825,2815220906,0.6093990132334817,65504,0.0007046129765893727,0.0007046134314999288,0.007839819953032075
190,224,0,8,1165969920,3980331687,2814361768,0.6098393564039917,65516,0.0004403427806028656,0.00044034317051110924,0.005139915429900777
191,224,0,8,1165969920,3979086318,2813116399,0.6104778973832339,65507,0.0006385408891551363,0.0006385409792412367,0.00716498162108452
192,224,0,8,1165969920,3972475906,2806505987,0.6138720090705583,65382,0.0033941114097633825,0.0033941116873254054,0.02980886070284869
193,224,0,8,1165969920,3971619428,2805649509,0.6143123520274507,65516,0.0004403427806028656,0.0004403429568920527,0.005158914338864347
194,224,0,8,1165969920,3970078238,2804108319,0.6151050661852402,65500,0.0007927138004626774,0.0007927141577881608,0.008524147665636613
195,224,0,8,1165969920,3967896085,2801926166,0.6162282064295539,65485,0.001123139814249491,0.0011231402443151834,0.011236754771050274
196,224,0,8,1165969920,3966955496,2800985577,0.6167125913925169,65514,0.000484384451701118,0.0004843849629640679,0.005599656302895868
197,224,0,8,1165969920,3965459608,2799489689,0.6174832796459775,65501,0.0007706880901105886,0.0007706882534590164,0.008442101434958802
198,224,0,8,1165969920,3963451917,2797481998,0.6185182986296525,65489,0.0010350188106098368,0.0010350189836758985,0.010710942209683773
199,224,0,8,1165969920,3962555507,2796585588,0.6189806621076741,65515,0.0004623634480924974,0.00046236347802048916,0.005375545368984679
200,224,0,8,1165969920,3961061969,2795092050,0.6197513502827476,65501,0.0007706880901105886,0.0007706881750754378,0.008305997850081116
201,224,0,8,1165969920,3960123675,2794153756,0.6202357348170473,65514,0.000484384451701118,0.00048438453429940623,0.005607136542698008
202,224,0,8,1165969920,3959100425,2793130506,0.62076416245662,65512,0.0005284274673163702,0.000528427639572276,0.006017359584538874
203,224,0,8,1165969920,3957353013,2791383094,0.6216670101850461,65495,0.0009028473965228007,0.0009028477284269984,0.00965976303099437
204,224,0,8,1165969920,3955308542,2789338623,0.622724059238724,65488,0.001057048556915173,0.0010570490536763767,0.010902608843076061
205,224,0,8,1165969920,3953095321,2787125402,0.6238692304850311,65484,0.001145170906201281,0.0011451712463055185,0.011937595273768597
206,224,0,8,1165969920,3952074645,2786104726,0.6243976580525974,65512,0.0005284274673163702,0.0005284275675677967,0.00604635333652084
207,224,0,8,1165969920,3951181880,2785211961,0.6248600218784439,65515,0.0004623634480924974,0.0004623638258470739,0.005375545368984679
208,224,0,8,1165969920,3950119405,2784149486,0.6254104718525575,65511,0.0005504494793435254,0.0005504499741129669,0.00626298302256526
209,224,0,8,1165969920,3949354715,2783384796,0.6258067745682219,65518,0.0003963024539395264,0.00039630271566408465,0.004699172121844633
210,224,0,8,1165969920,3948420351,2782450432,0.626291159127458,65514,0.000484384451701118,0.00048438455923636195,0.005586613807591404
211,224,0,8,1165969920,3947401387,2781431468,0.6268195867082369,65512,0.0005284274673163702,0.0005284275807794015,0.00604635333652084
212,224,0,8,1165969920,3946595002,2780625083,0.6272379095490912,65517,0.000418322449221962,0.0004183228408525235,0.004934802732935719
213,224,0,8,1165969920,3945534277,2779564358,0.6277883593969058,65511,0.0005504494793435254,0.0005504498478153471,0.006238421858099366
214,224,0,8,1165969920,3941547475,2775577556,0.6298591401441662,65442,0.002070780697928415,0.0020707807472606656,0.017994298469155307
215,224,0,8,1165969920,3940658083,2774688164,0.6303215041114143,65515,0.0004623634480924974,0.0004623639672475823,0.00538302560878682
216,224,0,8,1165969920,3939853653,2773883734,0.630739826952393,65517,0.000418322449221962,0.0004183228409789353,0.004904285154810719
217,224,0,8,1165969920,3938880152,2772910233,0.6312462330268858,65513,0.0005064057914389884,0.0005064060744915436,0.005810724405486178
218,224,0,8,1165969920,3937314635,2771344716,0.6320609732194349,65499,0.0008147398470877202,0.0008147401925522339,0.008883718655176825
219,224,0,8,1165969920,3913549136,2747579217,0.6444860690883623,64974,0.012425095772204036,0.012425095868925635,0.07822839904034441
220,224,0,8,1165969920,3910949802,2744979883,0.645851569753205,65474,0.0013655003314663333,0.0013655006648432579,0.013670400858539572
221,224,0,8,1165969920,3909777020,2743807101,0.646468087321157,65508,0.0006165175324262582,0.0006165175679523805,0.006908193146664064
222,224,0,8,1165969920,3908730340,2742760421,0.6470185371452644,65511,0.0005504494793435254,0.0005504498241063926,0.006184472783494724
223,224,0,8,1165969920,3907725911,2741755992,0.6475469646835563,65512,0.0005284274673163702,0.0005284275382934548,0.00604635333652084
224,224,0,8,1165969920,3906721849,2740751930,0.6480753926602958,65512,0.0005284274673163702,0.0005284279767393047,0.006002793263091376
225,224,0,8,1165969920,3905969078,2739999159,0.6484716956406054,65518,0.0003963024539395264,0.00039630298031000924,0.004687653452683203
226,224,0,8,1165969920,3904798424,2738828505,0.6490882132059248,65508,0.0006165175324262582,0.0006165175653164359,0.0068188027268959416
227,224,0,8,1165969920,3903293940,2737324021,0.6498809273059045,65500,0.0007927138004626774,0.0007927140999819692,0.008503028311613571
228,224,0,8,1165969920,3902416806,2736446887,0.6503432911512661,65515,0.0004623634480924974,0.0004623638453618742,0.0053394655353573555
229,224,0,8,1165969920,3900621346,2734651427,0.6512901947462808,65493,0.0009469031891450585,0.0009469035950149697,0.009750304879120231
230,224,0,8,1165969920,3899911979,2733942060,0.6516644775527283,65519,0.0003742827947452993,0.0003742828064448452,0.004463541174757649
231,224,0,8,1165969920,3898994212,2733024293,0.6521488624296516,65514,0.000484384451701118,0.00048438487692654763,0.005557620055609438
232,224,0,8,1165969920,3898326969,2732357050,0.6525011262925169,65520,0.0003522634716290214,0.0003522638628622728,0.004227909891679893
233,224,0,8,1165969920,3897618197,2731648278,0.6528754091834976,65519,0.0003742827947452993,0.00037428289098341653,0.004463541174757649
234,224,0,8,1165969920,3896909609,2730939690,0.653249691997928,65519,0.0003742827947452993,0.00037428281443001554,0.004463541174757649
235,224,0,8,1165969920,3895784496,2729814577,0.6538441867835019,65509,0.0005944945118882062,0.000594494785571181,0.006573574455137129
236,224,0,8,1165969920,3894993076,2729023157,0.6542625094275856,65517,0.000418322449221962,0.0004183226440853889,0.004911765394612859
237,224,0,8,1165969920,3894326810,2728356891,0.6546147732063332,65520,0.0003522634716290214,0.00035226377874890847,0.004227909891679893
238,224,0,8,1165969920,3893535812,2727565893,0.6550330961720832,65517,0.000418322449221962,0.00041832296574836745,0.00492328406377429
239,224,0,8,1165969920,3892911521,2726941602,0.6553633410326967,65521,0.00033024448458043404,0.00033024486061486983,0.0039922782726164955
240,224,0,8,1165969920,3892120934,2726151015,0.6557816636369118,65517,0.000418322449221962,0.0004183226042142343,0.004911765394612859
241,224,0,8,1165969920,3891372174,2725402255,0.656177966228892,65518,0.0003963024539395264,0.0003963025919799329,0.004699172121844633
242,224,0,8,1165969920,3890665206,2724695287,0.6565522491570519,65519,0.0003742827947452993,0.00037428292815969486,0.004452022505596219
243,224,0,8,1165969920,3889958421,2723988502,0.6569265322902567,65519,0.0003742827947452993,0.00037428313320447,0.004463541174757649
244,224,0,8,1165969920,3889293384,2723323465,0.6572787961563549,65520,0.0003522634716290214,0.00035226386610012577,0.004227909891679893
245,224,0,8,1165969920,3888628510,2722658591,0.6576310596847783,65520,0.0003522634716290214,0.00035226352842089847,0.004227909891679893
246,224,0,8,1165969920,3887922253,2721952334,0.6580053429866481,65519,0.0003742827947452993,0.00037428330187178825,0.004463541174757649
247,224,0,8,1165969920,3887174646,2721204727,0.6584016456860304,65518,0.0003963024539395264,0.00039630269938156087,0.004699172121844633
248,224,0,8,1165969920,3886427244,2720457325,0.6587979485638726,65518,0.0003963024539395264,0.00039630287784397466,0.004687653452683203
249,224,0,8,1165969920,3885763069,2719793150,0.6591502124855246,65520,0.0003522634716290214,0.0003522639216508526,0.004227909891679893
250,224,0,8,1165969920,3884974554,2719004635,0.6595685353330012,65517,0.000418322449221962,0.00041832284747720804,0.004904285154810719
251,224,0,8,1165969920,3884352223,2718382304,0.659898779938171,65521,0.00033024448458043404,0.00033024460516947165,0.0039922782726164955
252,224,0,8,1165969920,3883605597,2717635678,0.6602950823926292,65518,0.0003963024539395264,0.0003963024544579832,0.004699172121844633
253,224,0,8,1165969920,3882693304,2716723385,0.660779467242449,65514,0.000484384451701118,0.0004843848498207848,0.005599656302895868
254,224,0,8,1165969920,3881822771,2715852852,0.6612418311736654,65515,0.0004623634480924974,0.0004623639312141456,0.00532199045253682
255,224,0,8,1165969920,3881118280,2715148361,0.6616161141604984,65519,0.0003742827947452993,0.0003742829868344595,0.004463541174757649
256,224,0,8,1165969920,3880455401,2714485482,0.6619683781541355,65520,0.0003522634716290214,0.0003522639936369275,0.004227909891679893
257,224,0,8,1165969920,3879668425,2713698506,0.6623867008871045,65517,0.000418322449221962,0.0004183227329668405,0.00492328406377429
258,224,0,8,1165969920,3878964493,2712994574,0.6627609837869279,65519,0.0003742827947452993,0.0003742828998241237,0.004463541174757649
259,224,0,8,1165969920,3878343537,2712373618,0.6630912287082005,65521,0.00033024448458043404,0.0003302449212729807,0.0039922782726164955
260,224,0,8,1165969920,3877639948,2711670029,0.6634655119672885,65519,0.0003742827947452993,0.000374283259088059,0.004463541174757649
261,224,0,8,1165969920,3876895165,2710925246,0.663861814731149,65518,0.0003963024539395264,0.0003963027638624633,0.004687653452683203
262,224,0,8,1165969920,3876233318,2710263399,0.664214078211355,65520,0.0003522634716290214,0.00035226348020620766,0.004227909891679893
263,224,0,8,1165969920,3875158079,2709188160,0.6647865501585777,65510,0.0005724718275307164,0.000572471947220735,0.0064085823733094835
264,224,0,8,1165969920,3874455317,2708485398,0.6651608330485139,65519,0.0003742827947452993,0.0003742828899370662,0.004463541174757649
265,224,0,8,1165969920,3873711409,2707741490,0.6655571356449244,65518,0.0003963024539395264,0.0003963025964086051,0.004699172121844633
266,224,0,8,1165969920,3873091656,2707121737,0.6658873802129186,65521,0.00033024448458043404,0.0003302445679964108,0.0039922782726164955
267,224,0,8,1165969920,3872224200,2706254281,0.6663497439858936,65515,0.0004623634480924974,0.00046236377297263276,0.00538302560878682
268,224,0,8,1165969920,3871604787,2705634868,0.6666799887646242,65521,0.00033024448458043404,0.0003302447787311223,0.0039922782726164955
269,224,0,8,1165969920,3870861662,2704891743,0.6670762913192867,65518,0.0003963024539395264,0.00039630255466161705,0.004687653452683203
270,224,0,8,1165969920,3870201288,2704231369,0.6674285548118846,65520,0.0003522634716290214,0.00035226349259896575,0.004227909891679893
271,224,0,8,1165969920,3869376022,2703406103,0.6678688976347971,65516,0.0004403427806028656,0.00044034282291382143,0.005115354265434883
272,224,0,8,1165969920,3868757261,2702787342,0.6681991423584357,65521,0.00033024448458043404,0.00033024472363975857,0.0039922782726164955
273,224,0,8,1165969920,3868097400,2702127481,0.6685514062620435,65520,0.0003522634716290214,0.00035226390360667127,0.004227909891679893
274,224,0,8,1165969920,3867437700,2701467781,0.6689036702185618,65520,0.0003522634716290214,0.0003522639565164892,0.004227909891679893
275,224,0,8,1165969920,3866778161,2700808242,0.6692559342070155,65520,0.0003522634716290214,0.0003522639884557219,0.004227909891679893
276,224,0,8,1165969920,3866159995,2700190076,0.6695861787188768,65521,0.00033024448458043404,0.00033024451185936955,0.0039922782726164955
277,224,0,8,1165969920,3865541970,2699572051,0.6699164234909851,65521,0.00033024448458043404,0.00033024477210972586,0.0039922782726164955
278,224,0,8,1165969920,3864924086,2698954167,0.6702466685062127,65521,0.00033024448458043404,0.00033024501522840063,0.0039922782726164955
279,224,0,8,1165969920,3864182796,2698212877,0.6706429710126471,65518,0.0003963024539395264,0.0003963025064323168,0.004687653452683203
280,224,0,8,1165969920,3863400538,2697430619,0.671061293589382,65517,0.000418322449221962,0.00041832257673784715,0.004904285154810719
281,224,0,8,1165969920,3862453868,2696483949,0.6715676998778655,65513,0.0005064057914389884,0.000506406288480734,0.005760569429933765
282,224,0,8,1165969920,3861795546,2695825627,0.6719199637366202,65520,0.0003522634716290214,0.0003522638587568803,0.004227909891679893
283,224,0,8,1165969920,3860890575,2694920656,0.6724043483162596,65514,0.000484384451701118,0.00048438457963798564,0.0056111749720572975
284,224,0,8,1165969920,3860191514,2694221595,0.6727786311971578,65519,0.0003742827947452993,0.00037428288089753485,0.004463541174757649
285,224,0,8,1165969920,3859533745,2693563826,0.6731308946987298,65520,0.0003522634716290214,0.00035226350157395453,0.004227909891679893
286,224,0,8,1165969920,3858835036,2692865117,0.6735051775587273,65519,0.0003742827947452993,0.000374282859996963,0.004463541174757649
287,224,0,8,1165969920,3858177598,2692207679,0.6738574411521583,65520,0.0003522634716290214,0.00035226359343141085,0.004227909891679893
288,224,0,8,1165969920,3857397081,2691427162,0.6742757637339736,65517,0.000418322449221962,0.00041832258181530866,0.004934802732935719
289,224,0,8,1165969920,3856616790,2690646871,0.674694086468719,65517,0.000418322449221962,0.000418322734743175,0.00492328406377429
290,224,0,8,1165969920,3855877781,2689907862,0.6750903893330431,65518,0.0003963024539395264,0.0003963028643264471,0.004699172121844633
291,224,0,8,1165969920,3855262109,2689292190,0.6754206343272848,65521,0.00033024448458043404,0.0003302449942393911,0.0039922782726164955
292,224,0,8,1165969920,3854523472,2688553553,0.6758169372316587,65518,0.0003963024539395264,0.0003963029043757935,0.004687653452683203
293,224,0,8,1165969920,3853867086,2687897167,0.6761692011623204,65520,0.0003522634716290214,0.0003522639306601264,0.004227909891679893
294,224,0,8,1165969920,3853210861,2687240942,0.6765214646907012,65520,0.0003522634716290214,0.00035226352838292857,0.004227909891679893
295,224,0,8,1165969920,3852595800,2686625881,0.6768517093683784,65521,0.00033024448458043404,0.00033024467767640554,0.0039922782726164955
296,224,0,8,1165969920,3851939885,2685969966,0.6772039730968977,65520,0.0003522634716290214,0.0003522637285194112,0.004227909891679893
297,224,0,8,1165969920,3851161176,2685191257,0.6776222959041363,65517,0.000418322449221962,0.0004183228072380332,0.00492328406377429
298,224,0,8,1165969920,3850546584,2684576665,0.6779525406548679,65521,0.00033024448458043404,0.0003302447507309303,0.0039922782726164955
299,224,0,8,1165969920,3849850206,2683880287,0.6783268236571516,65519,0.0003742827947452993,0.0003742830022860309,0.004452022505596219
300,224,0,8,1165969920,3849154009,2683184090,0.6787011064659509,65519,0.0003742827947452993,0.0003742828087993337,0.004463541174757649
301,224,0,8,1165969920,3848498934,2682529015,0.6790533703459296,65520,0.0003522634716290214,0.00035226387997707337,0.004227909891679893
302,224,0,8,1165969920,3847803087,2681833168,0.679427653434022,65519,0.0003742827947452993,0.00037428308809188626,0.004452022505596219
303,224,0,8,1165969920,3847148342,2681178423,0.6797799172146277,65520,0.0003522634716290214,0.0003522637806060679,0.004227909891679893
304,224,0,8,1165969920,3846493757,2680523838,0.680132180914498,65520,0.0003522634716290214,0.00035226369987058045,0.004227909891679893
305,224,0,8,1165969920,3845798430,2679828511,0.6805064640791159,65519,0.0003742827947452993,0.0003742831646169296,0.004452022505596219
306,224,0,8,1165969920,3844857938,2678888019,0.6810128701003073,65513,0.0005064057914389884,0.0005064060211923273,0.0057992057363247486
307,224,0,8,1165969920,3844163036,2678193117,0.6813871529044988,65519,0.0003742827947452993,0.0003742828041896886,0.004463541174757649
308,224,0,8,1165969920,3843304850,2677334931,0.6818495165354435,65515,0.0004623634480924974,0.0004623636309475764,0.005350984204518786
309,224,0,8,1165969920,3842487792,2676517873,0.6822898594350448,65516,0.0004403427806028656,0.0004403428995990642,0.005115354265434883
310,224,0,8,1165969920,3841344260,2675374341,0.6829063770720367,65508,0.0006165175324262582,0.0006165176369915325,0.0067799847825495765
311,224,0,8,1165969920,3840568623,2674598704,0.6833246998007141,65517,0.000418322449221962,0.00041832272867845156,0.004934802732935719
312,224,0,8,1165969920,3839466722,2673496803,0.6839191944684551,65509,0.0005944945118882062,0.0005944946677428957,0.006730200775121419
313,224,0,8,1165969920,3838610041,2672640122,0.6843815580248851,65515,0.0004623634480924974,0.0004623635564300973,0.00539454427794825
314,224,0,8,1165969920,3837957540,2671987621,0.684733822020366,65520,0.0003522634716290214,0.0003522639954803088,0.004227909891679893
315,224,0,8,1165969920,3837182885,2671212966,0.6851521446779323,65517,0.000418322449221962,0.0004183226575656319,0.00492328406377429
316,224,0,8,1165969920,3836367695,2670397776,0.6855924877266197,65516,0.0004403427806028656,0.0004403430486857419,0.005139915429900777
317,224,0,8,1165969920,3835593501,2669623582,0.68601081034274,65517,0.000418322449221962,0.00041832261612145913,0.004934802732935719
318,224,0,8,1165969920,3834249238,2668279319,0.6867374483654665,65503,0.0007266376781842033,0.0007266380227281264,0.007827266805282732
319,224,0,8,1165969920,3833149940,2667180021,0.6873319433074911,65509,0.0005944945118882062,0.0005944949420233955,0.006644210296248742
320,224,0,8,1165969920,3832498773,2666528854,0.687684206780574,65520,0.0003522634716290214,0.0003522634730819699,0.004227909891679893
321,224,0,8,1165969920,3831725700,2665755781,0.6881025297574972,65517,0.000418322449221962,0.00041832297692387773,0.00492328406377429
322,224,0,8,1165969920,3830830823,2664860904,0.6885869144726335,65514,0.000484384451701118,0.00048438471513683764,0.0056111749720572975
323,224,0,8,1165969920,3829570283,2663600364,0.6892695035914436,65505,0.0006825886112264284,0.0006825891188093594,0.007470604728692985
324,224,0,8,1165969920,3737919605,2571949686,0.7397847259249737,63281,0.050515222225785916,0.05051522233352879,0.2595024720822446
325,224,0,8,1165969920,3713077622,2547107703,0.7537871815728892,64903,0.014002455244735165,0.014002455647915055,0.08483592673936649
326,224,0,9,184456192,3833097805,3648641614,0.23528769613195166,46939,0.48150051379203546,0.48150051455906384,1.4935524196940597
327,234,10,1,1159896268,3956950627,2797054360,0.6187388535366622,12560,2.383451156221011,2.38345115740471,1.042115963299551
328,234,0,2,172308888,4037208401,3864899514,0.15221624092919228,45278,0.5334773869673042,0.5334773873925315,1.3344638214553055
329,234,0,2,172308888,4025885453,3853576566,0.1564490901281701,65344,0.004232849122198513,0.004232849198975247,0.0331012757484561
330,234,0,2,172308888,3960557639,3788248752,0.1811160788045889,64425,0.02466698836565558,0.02466698867642003,0.15579726879508535
331,237,3,0,344617776,3998529825,3653912050,0.23320523743309352,31606,1.0520891586126968,1.0520891586285057,2.3141094003115037
332,237,0,0,344617776,2960887046,2616269271,0.7151361128442737,46925,0.481930875394401,0.48193087541117896,0.9147309156797174
333,237,0,0,344617776,2860166108,2515548333,0.7717742366091578,63013,0.056638123572054215,0.05663812376488441,0.2884827887724396
334,237,0,0,344617776,2481812837,2137195062,1.0069285570907525,55679,0.2351543199678655,0.2351543204815937,1.0209790200446889
335,237,0,0,344617776,2347651147,2003033372,1.1004606883090347,61422,0.09353213088009141,0.09353213121828251,0.4197302230605331
336,237,0,0,344617776,2342608109,1997990334,1.1040975424249488,65371,0.0036368537634717934,0.0036368541159143746,0.033884001465569434
337,237,0,0,344617776,2235781965,1891164190,1.1833725231725332,62032,0.0792749802488195,0.07927498074758448,0.4110666523261703
338,237,0,0,344617776,2200086010,1855468235,1.210863843226882,64299,0.027491320008672833,0.027491320054350298,0.16621020820177368
339,237,0,0,344617776,2199010146,1854392371,1.2117006098150789,65498,0.000836766229995985,0.0008367665881962037,0.009042750626600541
340,238,1,0,689235552,2548834345,1859598794,1.207655750670586,32860,0.9959551401625633,0.9959551408555076,1.7226888265485427
341,242,4,0,13443312,3196008623,3182565312,0.43245702487008586,7010,3.2248012711020144,3.224801274199499,3.246064955111316
342,242,0,0,13443312,2894632275,2881188964,0.575982862646935,59330,0.143525837652646,0.14352583777685035,0.4593311150254923
343,242,0,0,13443312,2264064444,2250621133,0.9323239304236282,51193,0.35634106717256575,0.356341067776692,1.2215748871631518
344,242,0,0,13443312,2257951611,2244508300,0.9362477147873705,65358,0.003923783757480437,0.003923784363742282,0.034501427319673345
345,242,0,0,13443312,2256855659,2243412348,0.9369523282023096,65504,0.0007046129765893727,0.0007046134149392572,0.007783750433367959
346,242,0,0,13443312,2235837360,2222394049,0.9505325047431015,64922,0.0135801759306956,0.013580176540791107,0.084607561483415
347,242,0,0,13443312,2184665597,2171222286,0.9841397118647315,64027,0.03360720671580218,0.033607207121631504,0.20505201677072166
348,244,2,0,53773248,3898469347,3844696100,0.15977757964725825,29012,1.1756378664305163,1.1756378677825268,2.7832918480062916
349,244,0,0,53773248,3887264254,3833491007,0.16398835058949146,65345,0.0042107708288315554,0.0042107709422342056,0.03577740301768894
350,245,1,2,436808104,3120064623,2683256520,0.6786621628124543,5734,3.514673810759476,3.5146738122229615,2.3368024042307334
351,245,0,2,436808104,2605653689,2168845586,0.9857198040418886,52972,0.3070576406879914,0.30705764122943285,1.0237129474101665
352,245,0,2,436808104,2325182400,1888374297,1.1855023946055603,57061,0.1997825899277087,0.19978259056367356,0.5720310016025926
353,252,7,1,873237312,2964464319,2091227008,1.0382974673767578,1134,5.852795075057771,5.8527950727711975,0.8600827144689116
354,254,2,0,1746474624,3664177269,1917702646,1.1632681088686425,30049,1.1249706401312722,1.124970641491884,2.1567553792273197
355,254,0,2,543447552,3738253075,3194805524,0.42691903271317244,27295,1.26365092336622,1.2636509238445304,1.597711991955471
356,259,5,0,424287360,3561374231,3137086872,0.45322166526439744,8044,3.026302633694648,3.0263026325512263,0.7655422407566009
357,259,0,0,424287360,3072113902,2647826543,0.6978385305718646,55315,0.24461686528558282,0.24461686530746513,0.9817305906890832
358,259,0,0,424287360,3058740632,2634453273,0.7051435549943257,65205,0.0073050241133959465,0.007305024422463301,0.05306838147548043
359,259,0,0,424287360,3031727195,2607439836,0.7200131815930781,64864,0.01486962653310108,0.014869626598751434,0.11814403019525865
360,260,1,0,848574720,2586204835,1737630116,1.3055261332541441,21837,1.5855129502004996,1.5855129516610664,2.920904647519628
361,260,0,2,1041387564,2568177303,1526789740,1.4921457492001693,14396,2.1866196130752726,2.1866196159460225,1.6478144718125456
362,260,0,2,1041387564,2554269016,1512881453,1.5053482013338702,64939,0.013202451812827821,0.013202452133704218,0.09419440267673129
363,260,0,2,1041387564,2308162613,1266775050,1.7614867881195764,54875,0.2561385858025548,0.2561385867857045,0.9373921372232575
364,260,0,2,1041387564,2212965055,1171577492,1.874194764047683,60611,0.11270797517955715,0.11270797592810769,0.48312498603354453
365,260,0,2,1041387564,2210033250,1168645687,1.8778095498383038,65372,0.0036147845889704113,0.0036147857906203835,0.03361642020009877
366,260,0,2,1041387564,2197943073,1156555510,1.8928126348344172,64858,0.01500308377630588,0.015003084996113402,0.11734512236182347
367,260,0,2,1041387564,2193178211,1151790648,1.8987686328267905,65266,0.005955997833126124,0.005955997992372794,0.052554049641527385
368,260,0,2,1041387564,2192229164,1150841601,1.899957867867336,65482,0.0011892340994270377,0.001189235040545281,0.012025012796188204
369,263,3,0,2082775128,3811706715,1728931588,1.3127663618257905,49228,0.412808492470167,0.4128084939584541,1.107808649661296
370,269,6,0,144721600,3896368063,3751646464,0.19512326396674595,2222,4.882356898610908,4.882356902140955,3.5475325458990206
371,269,0,0,144721600,2657974386,2513252787,0.773091358913792,43903,0.5779680944201006,0.5779680949470468,1.245183348513285
372,269,0,0,144721600,2649997753,2505276154,0.7776775070453219,65328,0.004586147774849142,0.004586148131529653,0.03657267321151949
373,269,0,0,144721600,2637573821,2492852222,0.7848497846070721,65211,0.0071722770539639595,0.0071722775617502595,0.05366094856776926
374,269,0,0,144721600,2623347644,2478626045,0.7931065203010412,65162,0.008256735650946383,0.008256735693968053,0.06086069772158002
375,269,0,0,144721600,2608408415,2463686816,0.8018282737961577,65141,0.008721753280946777,0.008721753495117012,0.057897590796623495
376,269,0,0,144721600,2603859676,2459138077,0.8044944035927237,65415,0.002666129309875501,0.0026661297965684325,0.025074994044056328
377,269,0,0,144721600,2597480686,2452759087,0.8082416084324962,65366,0.003747204700206792,0.0037472048397697117,0.03342518776089762
378,270,1,0,289443200,2323852965,2034409766,1.0780368533294578,27179,1.2697952446094547,1.2697952448969614,2.7890487799034616
379,270,0,0,289443200,2306655348,2017212149,1.0902843267057705,64982,0.012247473186995336,0.012247473376313624,0.08228311182100556
380,272,2,0,1157772800,3668822711,2511049912,0.7743564407499122,20395,1.6840721133201146,1.684072114044144,3.07928589935065
381,272,0,0,1157772800,3615372475,2457599676,0.8053972150410971,64141,0.031040773939551014,0.03104077429118399,0.21344769705595776
382,272,0,0,1157772800,3610309975,2452537176,0.8083721407723452,65401,0.002974925338641957,0.002974925731248664,0.02459089470315797
383,272,0,1,168061952,2413875869,2245813918,0.9354087510892057,30006,1.127036609571271,1.1270366103168605,2.641001762563538
384,272,0,1,168061952,2403389738,2235327787,0.9421607432382366,65230,0.0067519919293367444,0.006751992149028581,0.052824046713065446
385,272,0,1,168061952,2304611825,2136549874,1.0073641514226779,62640,0.06520340782159699,0.06520340818444237,0.37166145637638554
386,272,0,6,2065809312,3468963391,1403154080,1.613973706374086,1345,5.606609542556013,5.606609554951407,2.3635851144912494
387,279,7,1,177972056,2660126271,2482154216,0.7910543932583032,28983,1.1770806859726457,1.1770806868842185,1.5208066344173021
388,279,0,1,177972056,2208054238,2030082183,1.0811090133783594,53600,0.29005461976750285,0.2900546201200562,1.004387504268939
389,281,2,0,355944112,4188492449,3832548338,0.1643431580297232,61862,0.08323414390279585,0.08323414465136401,0.3909452548474885
390,281,0,0,355944112,4181357883,3825413772,0.16703134212290038,65414,0.0026881839772797777,0.0026881840931776676,0.025775336649530328
391,281,0,0,355944112,4142832902,3786888791,0.18163409158005095,64876,0.014602749077574088,0.01460274945715,0.11587993294119729
392,281,0,0,355944112,4127173617,3771229506,0.18761219466098566,65265,0.005978102850952038,0.005978103080935552,0.05262507928294414
393,281,0,0,355944112,4123778497,3767834386,0.1889115928856242,65477,0.0012993979706836883,0.0012993982246361862,0.012881909744201885
394,284,3,1,1069809600,3312480559,2242670960,0.9374291792669354,2438,4.748517589379788,4.748517586381313,0.2985942589333872
395,284,0,1,1069809600,3308408326,2238598727,0.9400512004269821,65417,0.0026220209864989156,0.0026220211600446134,0.023680688754813193
396,284,0,1,1069809600,2187947580,1118137981,1.941548914700789,32734,1.0014977141398913,1.0014977142738084,2.4973750077723182
397,284,0,1,1069809600,2187128631,1117319032,1.942605963623695,65488,0.001057048556915173,0.0010570489229054622,0.010923267809775454
398,284,0,7,47452160,2769826175,2722374016,0.6577818594949036,2495,4.715175899775377,4.7151758958712096,0.4599420338647803
399,284,0,7,47452160,2745400578,2697948419,0.6707843797750961,64948,0.013002520250950484,0.01300252028019394,0.10238124693768769
400,284,0,7,47452160,2732144666,2684692507,0.6778902883543765,65214,0.007105908104400146,0.0071059085792798,0.058003925774287854
401,284,0,7,47452160,2716004394,2668552235,0.6865898946882965,65142,0.008699606185148902,0.008699606333917463,0.06844076176217527
402,284,0,7,47452160,2712950478,2665498319,0.6882418737632179,65461,0.0016519788985902288,0.0016519790749236233,0.016684809980254824
403,284,0,10,897381904,2694771151,1797389248,1.2567442689701913,5524,3.568502395741949,3.568502395206972,2.069478712454562
404,297,13,1,387586928,2776060975,2388474048,0.8465579447436475,5443,3.589813679274906,3.589813675773456,2.8611565996202084
405,297,0,2,1585438618,3401576903,1816138286,1.241773088246802,24916,1.3952151429135795,1.3952151435031548,0.9674008062269189
406,297,0,2,1585438618,3397808061,1812369444,1.2447700732462685,65400,0.002996984727192764,0.0029969849994666556,0.025949076775801837
407,297,0,2,1585438618,3396425332,1810986715,1.2458711829801672,65486,0.001101109058724726,0.0011011097338998852,0.011143261001828301
408,297,0,2,1585438618,3370753843,1785315226,1.266468318350011,64607,0.02059713481658877,0.020597135369844716,0.14596705336659335
409,301,4,0,271899544,2396211087,2124311544,1.0156517838152297,19495,1.7491834657150018,1.7491834654652174,2.587063119990557
410,302,1,0,543799088,4235023777,3691224690,0.21854758689607223,56938,0.20289580248026293,0.20289580308084298,0.8413471184429069
411,304,2,0,1275735276,3367594483,2091859208,1.0378613913483434,9285,2.8193138051772166,2.8193138044522708,1.005274855710336
412,304,0,2,887176228,3086284079,2199107852,0.9657287852360632,17224,1.9278673958327663,1.9278673938877204,3.1239692546397344
413,304,0,2,887176228,3062593738,2175417511,0.9813548332159598,64830,0.015626047531974187,0.01562604797989652,0.10361620590747499
414,304,0,2,887176228,2722717946,1835541719,1.226441240995829,55297,0.24508640766733578,0.24508640777986676,0.8716186278827334
415,307,3,0,1774352456,3264889857,1490537402,1.5268145687370485,26609,1.3003733273827778,1.300373327741222,2.398313078470124
416,307,0,1,1401221264,3967312767,2566091504,0.7430745297508814,56413,0.21625996005380355,0.2162599610138309,0.895854646454858
417,307,0,1,1401221264,3966647124,2565425861,0.7434488127522556,65519,0.0003742827947452993,0.0003742830013744196,0.004463541174757649
418,307,0,1,1401221264,3768415364,2367194101,0.8594691395317575,60472,0.11602032619125317,0.11602032677950389,0.5120809374932717
419,307,0,1,1401221264,3767837435,2366616172,0.8598214034622274,65520,0.0003522634716290214,0.0003522639304680341,0.004227909891679893
420,307,0,1,1401221264,3765995738,2364774475,0.8609445435540728,65485,0.001123139814249491,0.0011231400918450907,0.011374701019161373
421,307,0,1,1401221264,3765274066,2364052803,0.8613848863969906,65516,0.0004403427806028656,0.0004403428429179568,0.005139915429900777
422,307,0,1,1401221264,3764588686,2363367423,0.8618032094090253,65517,0.000418322449221962,0.00041832301203688485,0.00492328406377429
423,307,0,1,1401221264,3763795319,2362574056,0.8622875940135941,65514,0.000484384451701118,0.00048438460456741076,0.005599656302895868
424,307,0,1,1401221264,3762569618,2361348355,0.8630362569424683,65502,0.0007486627160211863,0.0007486629288735706,0.00804109266378555
425,307,0,1,1401221264,3744950304,2343729041,0.8738413568855634,65047,0.010805099786155577,0.01080509994309706,0.084580332625442
426,307,0,1,1401221264,3742733031,2341511768,0.8752068572432243,65474,0.0013655003314663333,0.0013655003576589428,0.014316853954966118
427,307,0,1,1401221264,3741339614,2340118351,0.8760656503576101,65497,0.0008587929491977406,0.0008587931143868707,0.009274751068298247
428,307,0,1,1401221264,3740268392,2339047129,0.8767262154522619,65506,0.0006605645820851047,0.0006605650946504666,0.007405041123398281
429,307,0,1,1401221264,3739661644,2338440381,0.8771004985834097,65519,0.0003742827947452993,0.0003742831311500602,0.004463541174757649
430,307,0,1,1401221264,3738983690,2337762427,0.8775188212784535,65517,0.000418322449221962,0.00041832269504233185,0.00492328406377429
431,307,0,1,1401221264,3737949218,2336727955,0.8781573626067001,65507,0.0006385408891551363,0.0006385413282478591,0.00716498162108452
432,307,0,1,1401221264,3737093482,2335872219,0.8786857904846883,65512,0.0005284274673163702,0.0005284278779863491,0.006051915592023164
433,307,0,1,1401221264,3736024204,2334802941,0.8793463554103305,65506,0.0006605645820851047,0.0006605649256421659,0.0072397202790358455
434,307,0,1,1401221264,3735382931,2334161668,0.8797426579999836,65518,0.0003963024539395264,0.00039630258965344615,0.004699172121844633
435,307,0,1,1401221264,3734741834,2333520571,0.880138960670596,65518,0.0003963024539395264,0.0003963026706131361,0.004699172121844633
436,307,0,1,1401221264,3734065306,2332844043,0.8805572835742694,65517,0.000418322449221962,0.0004183229036721507,0.004934802732935719
437,307,0,1,1401221264,3733460167,2332238904,0.8809315667538655,65519,0.0003742827947452993,0.00037428317959779556,0.004463541174757649
438,307,0,1,1401221264,3732819598,2331598335,0.8813278694883309,65518,0.0003963024539395264,0.00039630273446535357,0.004699172121844633
439,307,0,1,1401221264,3732108050,2330886787,0.8817682126753077,65516,0.0004403427806028656,0.00044034318697565956,0.005139915429900777
440,307,0,1,1401221264,3731432286,2330211023,0.8821865353186773,65517,0.000418322449221962,0.0004183226433696961,0.004934802732935719
441,307,0,1,1401221264,3730756718,2329535455,0.882604857909751,65517,0.000418322449221962,0.00041832259107381326,0.00492328406377429
442,307,0,1,1401221264,3730045800,2328824537,0.8830452008127487,65516,0.0004403427806028656,0.0004403429029970147,0.005158914338864347
443,307,0,1,1401221264,3728979748,2327758485,0.8837057658465213,65506,0.0006605645820851047,0.0006605650337738333,0.007442644783168639
444,307,0,1,1401221264,3728269372,2327048109,0.8841461089282916,65516,0.0004403427806028656,0.0004403430817700959,0.005170433008025777
445,307,0,1,1401221264,3727523705,2326302442,0.884608472586681,65515,0.0004623634480924974,0.000462363658388592,0.005375545368984679
446,307,0,1,1401221264,3726849270,2325628007,0.8850267952797566,65517,0.000418322449221962,0.00041832269307822214,0.00492328406377429
447,307,0,1,1401221264,3726281489,2325060226,0.8853790592011563,65520,0.0003522634716290214,0.000352263921399162,0.004227909891679893
448,307,0,1,1401221264,3725607414,2324386151,0.8857973819809679,65517,0.000418322449221962,0.000418322779809391,0.004934802732935719
449,307,0,1,1401221264,3723975917,2322754654,0.8868103716133433,65490,0.00101298940069043,0.0010129896323760568,0.010757487724778164
450,307,0,1,1401221264,3723373395,2322152132,0.8871846549074327,65519,0.0003742827947452993,0.00037428329408976783,0.004463541174757649
451,307,0,1,1401221264,3722593863,2321372600,0.8876690399494365,65514,0.000484384451701118,0.0004843850420043973,0.0055806573939322975
452,307,0,1,1401221264,3721850014,2320628751,0.8881314039995551,65515,0.0004623634480924974,0.0004623640501200326,0.005350984204518786
453,307,0,1,1401221264,3721248044,2320026781,0.8885056869570604,65519,0.0003742827947452993,0.0003742829575030051,0.004463541174757649
454,307,0,1,1401221264,3720469226,2319247963,0.888990071667564,65514,0.000484384451701118,0.00048438471050392856,0.005599656302895868
455,307,0,1,1401221264,3719549114,2318327851,0.889562543618478,65510,0.0005724718275307164,0.0005724719509157516,0.006444417876629747
456,307,0,1,1401221264,3718947741,2317726478,0.8899368264840888,65519,0.0003742827947452993,0.0003742828656098612,0.004463541174757649
457,307,0,1,1401221264,3718098964,2316877701,0.8904652540844253,65512,0.0005284274673163702,0.0005284276003372359,0.0059983606755753035
458,307,0,1,1401221264,3717497967,2316276704,0.8908395370547559,65519,0.0003742827947452993,0.0003742829703307701,0.004463541174757649
459,307,0,1,1401221264,3716791095,2315569832,0.8912798801140269,65516,0.0004403427806028656,0.00044034305926764656,0.005139915429900777
460,307,0,1,1401221264,3715625112,2314403849,0.8920065183384835,65503,0.0007266376781842033,0.0007266382244567327,0.007934770796335235
461,307,0,1,1401221264,3714636291,2313415028,0.8926230364921324,65508,0.0006165175324262582,0.0006165181536496333,0.006933786957750584
462,307,0,1,1401221264,3711918197,2310696934,0.8943190945540174,65459,0.0016960575738423276,0.0016960580618864405,0.016919022631898678
463,307,0,1,1401221264,3711001477,2309780214,0.8948915667783695,65510,0.0005724718275307164,0.0005724722243501905,0.0064986112815414495
464,307,0,1,1401221264,3710296588,2309075325,0.8953319095706398,65516,0.0004403427806028656,0.00044034279227202466,0.005158914338864347
465,307,0,1,1401221264,3709521446,2308300183,0.8958162944892827,65514,0.000484384451701118,0.0004843849186414759,0.005599656302895868
466,307,0,1,1401221264,3708922674,2307701411,0.8961905774622316,65519,0.0003742827947452993,0.00037428297294832816,0.004463541174757649
467,307,0,1,1401221264,3708183206,2306961943,0.8966529413417987,65515,0.0004623634480924974,0.0004623638795678112,0.00536402669982325
468,307,0,1,1401221264,3707338371,2306117108,0.8971813689993446,65512,0.0005284274673163702,0.0005284276575454358,0.0060593958318253035
469,307,0,1,1401221264,3706599411,2305378148,0.8976437326698488,65515,0.0004623634480924974,0.0004623636705049504,0.00536402669982325
470,307,0,1,1401221264,3705649624,2304428361,0.8982382274763054,65509,0.0005944945118882062,0.0005944948064587594,0.0067417194442828485
471,307,0,1,1401221264,3685290370,2284069107,0.9110408443419225,64957,0.012802616392149435,0.012802616865614545,0.076814651478191
472,307,0,1,1401221264,3684384214,2283162951,0.91161331658245,65510,0.0005724718275307164,0.0005724722405271851,0.00648709261238002
473,307,0,1,1401221264,3683652609,2282431346,0.9120756804482504,65515,0.0004623634480924974,0.00046236386580260125,0.00536402669982325
474,307,0,1,1401221264,3682433659,2281212396,0.91284636863573,65501,0.0007706880901105886,0.0007706881874794831,0.008343772160505471
475,307,0,1,1401221264,3681145743,2279924480,0.9136611085245683,65499,0.0008147398470877202,0.0008147398888380037,0.008891198894978965
476,307,0,1,1401221264,3514646131,2113424868,1.0230643203686967,60750,0.10940321173213205,0.1094032118441267,0.38830287560215687
477,307,0,1,1401221264,3509486402,2108265139,1.0265908318533228,65376,0.0035265112667726534,0.0035265114846273816,0.028451004639662596
478,307,0,1,1401221264,3508489145,2107267882,1.0272734206258747,65505,0.0006825886112264284,0.0006825887725532993,0.007592675041192985
479,307,0,1,1401221264,3507717440,2106496177,1.0278018484036942,65512,0.0005284274673163702,0.0005284277778193638,0.006070914500986733
480,307,0,1,1401221264,3506849590,2105628327,1.028396343133263,65509,0.0005944945118882062,0.0005944947295661473,0.0067417194442828485
481,307,0,1,1401221264,3506110615,2104889352,1.0289027490719462,65513,0.0005064057914389884,0.0005064059386828262,0.005835285569952072
482,307,0,1,1401221264,3505564607,2104343344,1.0292770325079985,65519,0.0003742827947452993,0.00037428343605360365,0.004463541174757649
483,307,0,1,1401221264,3504922412,2103701149,1.02971737554644,65516,0.0004403427806028656,0.00044034303844350407,0.005147395669702917
484,307,0,1,1401221264,3504055713,2102834450,1.0303118706303458,65509,0.0005944945118882062,0.0005944950839042672,0.006674727874373742
485,307,0,1,1401221264,3503510238,2102288975,1.0306861540947345,65519,0.0003742827947452993,0.00037428346438741247,0.004463541174757649
486,307,0,1,1401221264,3502708278,2101487015,1.0312366038483738,65511,0.0005504494793435254,0.0005504497536401673,0.006238421858099366
487,307,0,1,1401221264,3502195219,2100973956,1.0315888677640963,65520,0.0003522634716290214,0.0003522639157240276,0.004227909891679893
488,307,0,1,1401221264,3501489935,2100268672,1.032073252899103,65514,0.000484384451701118,0.000484385135005301,0.0056111749720572975
489,307,0,1,1401221264,3500977174,2099755911,1.0324255164351435,65520,0.0003522634716290214,0.00035226353604258967,0.004227909891679893
490,307,0,1,1401221264,3500464538,2099243275,1.0327777800988862,65520,0.0003522634716290214,0.0003522636637423254,0.004227909891679893
491,307,0,1,1401221264,3499952027,2098730764,1.0331300438694129,65520,0.0003522634716290214,0.00035226377052610767,0.004227909891679893
492,307,0,1,1401221264,3499055352,2097834089,1.033746561731423,65508,0.0006165175324262582,0.0006165178620084136,0.006833763206500221
493,307,0,1,1401221264,3498479164,2097257901,1.0341428646384507,65518,0.0003963024539395264,0.0003963029070296002,0.004687653452683203
494,307,0,1,1401221264,3497967138,2096745875,1.0344951282100325,65520,0.0003522634716290214,0.0003522635715796682,0.004227909891679893
495,307,0,1,1401221264,3497391249,2096169986,1.0348914310394548,65518,0.0003963024539395264,0.00039630282942465907,0.004699172121844633
496,307,0,1,1401221264,3496879488,2095658225,1.035243695027063,65520,0.0003522634716290214,0.0003522639876085291,0.004227909891679893
497,307,0,1,1401221264,3496271921,2095050658,1.0356620175250093,65517,0.000418322449221962,0.0004183224979453089,0.00492328406377429
498,307,0,1,1401221264,3495696498,2094475235,1.0360583200828337,65518,0.0003963024539395264,0.0003963025578244279,0.004699172121844633
499,307,0,1,1401221264,3495185151,2093963888,1.0364105839038302,65520,0.0003522634716290214,0.00035226382099608086,0.004227909891679893
500,307,0,1,1401221264,3494673929,2093452666,1.0367628476150443,65520,0.0003522634716290214,0.0003522637112150817,0.004227909891679893
501,307,0,1,1401221264,3494162832,2092941569,1.0371151111953907,65520,0.0003522634716290214,0.0003522635803441405,0.004227909891679893
502,307,0,1,1401221264,3493683795,2092462532,1.0374453561565176,65521,0.00033024448458043404,0.0003302449611280836,0.0039922782726164955
503,307,0,1,1401221264,3493109083,2091887820,1.0378416586110468,65518,0.0003963024539395264,0.0003963024545287984,0.004687653452683203
504,307,0,1,1401221264,3492534528,2091313265,1.038237961651511,65518,0.0003963024539395264,0.00039630304046461715,0.004699172121844633
505,307,0,1,1401221264,3491992042,2090770779,1.0386122448357362,65519,0.0003742827947452993,0.00037428318422442325,0.004452022505596219
506,307,0,1,1401221264,3491481599,2090260336,1.0389645089390918,65520,0.0003522634716290214,0.0003522641033564059,0.004227909891679893
507,307,0,1,1401221264,3489025696,2087804433,1.0406605666514395,65459,0.0016960575738423276,0.0016960577123480787,0.014993420364221709
508,307,0,1,1401221264,3488547835,2087326572,1.0409908114735167,65521,0.00033024448458043404,0.00033024482207571543,0.0039922782726164955
509,307,0,1,1401221264,3487974533,2086753270,1.041387114366053,65518,0.0003963024539395264,0.00039630289253716236,0.004699172121844633
510,307,0,1,1401221264,3472563330,2071342067,1.0520813222411753,65052,0.010694207693088046,0.010694207875120714,0.06756829413709788
511,307,0,1,1401221264,3471393901,2070172638,1.0528960625398263,65499,0.0008147398470877202,0.0008147402986516388,0.008378997487885202
512,307,0,1,1401221264,3470793722,2069572459,1.0533143855296352,65517,0.000418322449221962,0.00041832298980907183,0.00492328406377429
513,307,0,1,1401221264,3470256876,2069035613,1.0536886684058047,65519,0.0003742827947452993,0.0003742828761704537,0.004463541174757649
514,307,0,1,1401221264,3469246604,2068025341,1.0543932818739314,65504,0.0007046129765893727,0.0007046134681251287,0.007839181464568232
515,307,0,1,1401221264,3468647048,2067425785,1.054811604541829,65517,0.000418322449221962,0.0004183226678982364,0.00492328406377429
516,307,0,1,1401221264,3468173851,2066952588,1.055141849578277,65521,0.00033024448458043404,0.00033024503644987194,0.0039922782726164955
517,307,0,1,1401221264,3467606145,2066384882,1.0555381523926393,65518,0.0003963024539395264,0.000396302814361374,0.004687653452683203
518,307,0,1,1401221264,3466944003,2065722740,1.0560005164331372,65515,0.0004623634480924974,0.0004623640404981808,0.005350984204518786
519,307,0,1,1401221264,3466439676,2065218413,1.0563527800159633,65520,0.0003522634716290214,0.0003522635828267615,0.004227909891679893
520,307,0,1,1401221264,3465620344,2064399081,1.0569252525175798,65510,0.0005724718275307164,0.0005724725016150446,0.0064085823733094835
521,307,0,1,1401221264,3465084840,2063863577,1.0572995353738364,65519,0.0003742827947452993,0.0003742828562577545,0.004463541174757649
522,307,0,1,1401221264,3464549474,2063328211,1.057673818865986,65519,0.0003742827947452993,0.0003742834921499021,0.004463541174757649
523,307,0,1,1401221264,3464077215,2062855952,1.0580040638058037,65521,0.00033024448458043404,0.000330244939816255,0.0039922782726164955
524,307,0,1,1401221264,3463132914,2061911651,1.05866462872714,65506,0.0006605645820851047,0.0006605649213381541,0.007313094230866499
525,307,0,1,1401221264,3462629517,2061408254,1.0590168926192653,65520,0.0003522634716290214,0.00035226389212535033,0.004227909891679893
526,307,0,1,1401221264,3461811697,2060590434,1.0595893648411803,65510,0.0005724718275307164,0.000572472221913178,0.0064369376368276065
527,307,0,1,1401221264,3461277181,2060055918,1.0599636476700987,65519,0.0003742827947452993,0.00037428282891918815,0.004463541174757649
528,307,0,1,1401221264,3460554199,2059332936,1.0604700541268492,65513,0.0005064057914389884,0.0005064064567483501,0.005749050760772335
529,307,0,1,1401221264,3460082855,2058861592,1.0608002986792577,65521,0.00033024448458043404,0.0003302445524118578,0.0039922782726164955
530,307,0,1,1401221264,3459548787,2058327524,1.0611745818310467,65519,0.0003742827947452993,0.0003742831517866012,0.004452022505596219
531,307,0,1,1401221264,3459046265,2057825002,1.0615268457456395,65520,0.0003522634716290214,0.0003522639145950246,0.004227909891679893
532,307,0,1,1401221264,3458481066,2057259803,1.0619231485380176,65518,0.0003963024539395264,0.0003963027923759856,0.004687653452683203
533,307,0,1,1401221264,3457978805,2056757542,1.0622754122242242,65520,0.0003522634716290214,0.00035226368620575147,0.004227909891679893
534,307,0,1,1401221264,3457476666,2056255403,1.0626276763471054,65520,0.0003522634716290214,0.00035226412288189295,0.004227909891679893
535,307,0,1,1401221264,3456974650,2055753387,1.0629799401841886,65520,0.0003522634716290214,0.00035226383708441314,0.004227909891679893
536,307,0,1,1401221264,3453367294,2052146031,1.065513749033979,65421,0.00253380838518502,0.0025338088497907797,0.020776487400786716
537,307,0,1,1401221264,3452208703,2050987440,1.0663284890595506,65499,0.0008147398470877202,0.0008147400255711321,0.008319963831090973
538,307,0,1,1401221264,3451551495,2050330232,1.0667908530149326,65515,0.0004623634480924974,0.0004623639553800497,0.005350984204518786
539,307,0,1,1401221264,3451019640,2049798377,1.0671651361891676,65519,0.0003742827947452993,0.0003742831742357908,0.004463541174757649
540,307,0,1,1401221264,3450206426,2048985163,1.067737608391674,65510,0.0005724718275307164,0.0005724722025090527,0.0064674552149526065
541,307,0,1,1401221264,3449612390,2048391127,1.0681559311117077,65517,0.000418322449221962,0.0004183227200321391,0.004904285154810719
542,307,0,1,1401221264,3449143550,2047922287,1.068486175933117,65521,0.00033024448458043404,0.00033024482141053187,0.0039922782726164955
543,307,0,1,1401221264,3448549822,2047328559,1.0689044987560408,65517,0.000418322449221962,0.00041832282292303294,0.00492328406377429
544,307,0,1,1401221264,3448049985,2046828722,1.069256762880375,65520,0.0003522634716290214,0.0003522641243324383,0.004227909891679893
545,307,0,1,1401221264,3447394110,2046172847,1.069719126552652,65515,0.0004623634480924974,0.0004623636722784551,0.00539454427794825
546,307,0,1,1401221264,3446769667,2045548404,1.0701594697584333,65516,0.0004403427806028656,0.00044034320578006594,0.005139915429900777
547,307,0,1,1401221264,3446145415,2044924152,1.0705998126573668,65516,0.0004403427806028656,0.00044034289893270836,0.005139915429900777
548,307,0,1,1401221264,3445677369,2044456106,1.0709300571459934,65521,0.00033024448458043404,0.00033024448862905024,0.0039922782726164955
549,307,0,1,1401221264,3444959862,2043738599,1.0714364634578395,65513,0.0005064057914389884,0.0005064063118449563,0.005793249322665642
550,307,0,1,1401221264,3444429717,2043208454,1.071810746538496,65519,0.0003742827947452993,0.0003742830806581686,0.004463541174757649
551,307,0,1,1401221264,3443899709,2042678446,1.0721850299860023,65519,0.0003742827947452993,0.0003742834475032174,0.004463541174757649
552,307,0,1,1401221264,3443432177,2042210914,1.0725152744755597,65521,0.00033024448458043404,0.0003302444895604995,0.0039922782726164955
553,307,0,1,1401221264,3442840105,2041618842,1.0729335971752185,65517,0.000418322449221962,0.00041832269965660375,0.004879723990344825
554,307,0,1,1401221264,3442279357,2041058094,1.0733299000796883,65518,0.0003963024539395264,0.00039630290447032054,0.004687653452683203
555,307,0,1,1401221264,3441812195,2040590932,1.0736601451837338,65521,0.00033024448458043404,0.00033024510404579,0.0039922782726164955
556,307,0,1,1401221264,3441251729,2040030466,1.0740564483174992,65518,0.0003963024539395264,0.0003963031337666553,0.004668654543719633
557,307,0,1,1401221264,3440691417,2039470154,1.074452751406593,65518,0.0003963024539395264,0.0003963030890941353,0.004687653452683203
558,307,0,1,1401221264,3440193499,2038972236,1.0748050152192192,65520,0.0003522634716290214,0.00035226381262588646,0.004227909891679893
559,307,0,1,1401221264,3439602366,2038381103,1.075223337882317,65517,0.000418322449221962,0.00041832266309795165,0.004904285154810719
560,307,0,1,1401221264,3439104714,2037883451,1.0755756016113018,65520,0.0003522634716290214,0.00035226372898241936,0.004227909891679893
561,307,0,1,1401221264,3438607183,2037385920,1.0759278656923286,65520,0.0003522634716290214,0.0003522640810261147,0.004227909891679893
562,307,0,1,1401221264,3438078686,2036857423,1.076302148689738,65519,0.0003742827947452993,0.00037428299741155394,0.004463541174757649
563,307,0,1,1401221264,3437270606,2036049343,1.0768746209268514,65510,0.0005724718275307164,0.0005724722371111373,0.0064085823733094835
564,307,0,1,1401221264,3436680320,2035459057,1.0772929438711785,65517,0.000418322449221962,0.00041832294432837244,0.00492328406377429
565,307,0,1,1401221264,3434941036,2033719773,1.0785262426074276,65480,0.0012332986384842029,0.001233298736250148,0.011655743725740882
566,307,0,1,1401221264,3433730784,2032509521,1.0793850355991381,65497,0.0008587929491977406,0.000858792991708803,0.008608275711810855
567,307,0,1,1401221264,3433141524,2031920261,1.0798033587250586,65517,0.000418322449221962,0.000418323125923044,0.00492328406377429
568,307,0,1,1401221264,3432614445,2031393182,1.0801776415729805,65519,0.0003742827947452993,0.0003742828479213975,0.004463541174757649
569,307,0,1,1401221264,3431901523,2030680260,1.0806840475054145,65513,0.0005064057914389884,0.0005064059324317083,0.005793249322665642
570,307,0,1,1401221264,3431219837,2029998574,1.081168432043608,65514,0.000484384451701118,0.00048438453819479914,0.005557620055609438
571,307,0,1,1401221264,3430693256,2029471993,1.081542715235983,65519,0.0003742827947452993,0.00037428319237637524,0.004463541174757649
572,307,0,1,1401221264,3430073910,2028852647,1.0819830582292091,65516,0.0004403427806028656,0.00044034299322647387,0.005139915429900777
573,307,0,1,1401221264,3429547626,2028326363,1.0823573416016146,65519,0.0003742827947452993,0.0003742833724055106,0.004463541174757649
574,307,0,1,1401221264,3428959579,2027738316,1.0827756645642879,65517,0.000418322449221962,0.00041832296267170553,0.004904285154810719
575,307,0,1,1401221264,3428247939,2027026676,1.0832820709831381,65513,0.0005064057914389884,0.0005064064188505271,0.005781730653504212
576,307,0,1,1401221264,3427412829,2026191566,1.0838765660242196,65509,0.0005944945118882062,0.000594495041081639,0.006576089058353385
577,307,0,1,1401221264,3426918153,2025696890,1.084228829727106,65520,0.0003522634716290214,0.00035226370288429906,0.004227909891679893
578,307,0,1,1401221264,3426207230,2024985967,1.0847352357496405,65513,0.0005064057914389884,0.0005064060225363161,0.005760569429933765
579,307,0,1,1401221264,3425527455,2024306192,1.0852196206703262,65514,0.000484384451701118,0.0004843849206846665,0.005557620055609438
580,307,0,1,1401221264,3424291916,2023070653,1.0861004410691955,65496,0.000880820004703256,0.0008808203988699944,0.009196373652991665
581,307,0,1,1401221264,3365886616,1964665353,1.1283635509256875,63644,0.04226310912454811,0.04226310985649366,0.20001979712147033
582,307,0,1,1401221264,3365347004,1964125741,1.1287598537795063,65518,0.0003963024539395264,0.00039630285381600104,0.004699172121844633
583,307,0,1,1401221264,3363758584,1962537321,1.1299270564376727,65483,0.0011672023345903715,0.001167202658167163,0.011395603485130988
584,307,0,1,1401221264,3363249502,1962028239,1.1303013399448254,65519,0.0003742827947452993,0.00037428350715351834,0.004463541174757649
585,307,0,1,1401221264,3362650738,1961429475,1.130741683092701,65516,0.0004403427806028656,0.00044034314787519646,0.005086360513452917
586,307,0,1,1401221264,3362141944,1960920681,1.1311159661401362,65519,0.0003742827947452993,0.0003742830474369056,0.004463541174757649
587,307,0,1,1401221264,3359987612,1958766349,1.1327018296960816,65464,0.0015858634107395607,0.0015858635559422285,0.014824737109332053
588,307,0,1,1401221264,3358732299,1957511036,1.1336267048894584,65494,0.0009248751246666447,0.0009248751933785297,0.009456045353740436
589,307,0,1,1401221264,3358284260,1957062997,1.133956949580604,65521,0.00033024448458043404,0.0003302446911455722,0.0039922782726164955
590,307,0,1,1401221264,3352729851,1951508588,1.1380573343576792,65350,0.004100384429842091,0.004100384777075064,0.0306970530645364
591,307,0,1,1401221264,3349930751,1948709488,1.1401281151722777,65442,0.002070780697928415,0.002070780814599576,0.01747519923954126
592,307,0,1,1401221264,3349276582,1948055319,1.1406124997465668,65514,0.000484384451701118,0.0004843845742877487,0.005557620055609438
593,307,0,1,1401221264,3348652357,1947431094,1.141074863736133,65515,0.0004623634480924974,0.0004623639895657986,0.005350984204518786
594,307,0,1,1401221264,3347463739,1946242476,1.1419556840291278,65496,0.000880820004703256,0.0008808202929958762,0.009202907745327086
595,307,0,1,1401221264,3346364938,1945143675,1.1427704244502763,65499,0.0008147398470877202,0.0008147404211466277,0.008592573386245413
596,307,0,1,1401221264,3345622924,1944401661,1.1433208743556413,65511,0.0005504494793435254,0.0005504499053647539,0.0061573970158125746
597,307,0,1,1401221264,3344495493,1943274230,1.1441576412075314,65498,0.000836766229995985,0.0008367668518909973,0.00864208912101028
598,307,0,1,1401221264,3343279760,1942058497,1.1450604889946447,65495,0.0009028473965228007,0.0009028477871139681,0.009262458719257207
599,307,0,1,1401221264,3342627823,1941406560,1.1455448740847132,65514,0.000484384451701118,0.0004843850900690468,0.005575095138429974
600,307,0,1,1401221264,3341679870,1940458607,1.1462494874911293,65504,0.0007046129765893727,0.0007046134064146209,0.007575067315799549
601,307,0,1,1401221264,3340377071,1939155808,1.147218419723135,65492,0.0009689315899683129,0.0009689322320061352,0.009867255480937653
602,307,0,1,1401221264,3339903644,1938682381,1.1475706834098744,65520,0.0003522634716290214,0.0003522636867386114,0.004227909891679893
603,307,0,1,1401221264,3338720366,1937499103,1.1484515035482836,65496,0.000880820004703256,0.0008808201384106756,0.0091018178959371
604,307,0,1,1401221264,3337863013,1936641750,1.1490900445763543,65507,0.0006385408891551363,0.0006385410280710511,0.00695883881401166
605,307,0,1,1401221264,3336858285,1935637022,1.1498387076871062,65502,0.0007486627160211863,0.000748663110751331,0.007990732708565193
606,307,0,1,1401221264,3336297110,1935075847,1.15025703083462,65517,0.000418322449221962,0.0004183231475149527,0.00492328406377429
607,307,0,1,1401221264,3335293194,1934071931,1.151005694235593,65502,0.0007486627160211863,0.0007486634009724877,0.007885698691122444
608,307,0,1,1401221264,3334761985,1933540722,1.1514019968974942,65518,0.0003963024539395264,0.0003963026619019082,0.004699172121844633
609,307,0,1,1401221264,3334171915,1932950652,1.1518423398270627,65516,0.0004403427806028656,0.00044034292956697475,0.005147395669702917
610,307,0,1,1401221264,3332756179,1931534916,1.1528993888763281,65488,0.001057048556915173,0.0010570490492673148,0.01037624020426949
611,307,0,1,1401221264,3331695155,1930473892,1.1536921028123537,65500,0.0007927138004626774,0.000792713936025107,0.00847030654933429
612,307,0,1,1401221264,3330723084,1929501821,1.154418740566065,65503,0.0007266376781842033,0.0007266377537121013,0.0079141426218346
613,307,0,1,1401221264,3326660107,1925438844,1.1574598451894502,65398,0.003041104516210988,0.003041104623385142,0.02580427758418311
614,307,0,1,1401221264,3325220493,1923999230,1.158538924283853,65487,0.0010790786396167112,0.0010790790944005945,0.011110478177789287
615,307,0,1,1401221264,3324662692,1923441429,1.1589572474308305,65517,0.000418322449221962,0.00041832314697758224,0.00492328406377429
616,307,0,1,1401221264,3323576764,1922355501,1.1597719877879094,65499,0.0008147398470877202,0.0008147403570786056,0.008470828971628472
617,307,0,1,1401221264,3322374118,1921152855,1.160674835559302,65495,0.0009028473965228007,0.0009028477713918056,0.009141432040679215
618,307,0,1,1401221264,3321582627,1920361364,1.1612693303817423,65509,0.0005944945118882062,0.0005944948224419534,0.006583175139998742
619,307,0,1,1401221264,3320293321,1919072058,1.1622382626370324,65492,0.0009689315899683129,0.0009689322552893751,0.009595509794198483
620,307,0,1,1401221264,3317570028,1916348765,1.1642869984329494,65443,0.0020487354667572794,0.0020487357959159585,0.01723959384276949
621,307,0,1,1401221264,3316722034,1915500771,1.164925539558837,65507,0.0006385408891551363,0.0006385411258878778,0.007088389366313801
622,307,0,1,1401221264,3315669818,1914448555,1.165718253359529,65500,0.0007927138004626774,0.0007927138006926496,0.008391155302891622
623,307,0,1,1401221264,3314033936,1912812673,1.1669515525006169,65480,0.0012332986384842029,0.0012332991410874572,0.012348691364249225
624,307,0,1,1401221264,3311786521,1910565258,1.1686476102313783,65459,0.0016960575738423276,0.001696057730762187,0.0160221153471153
625,307,0,1,1401221264,3310649557,1909428294,1.169506403499259,65497,0.0008587929491977406,0.0008587932678821412,0.008779693278219917
626,307,0,1,1401221264,3308522660,1907301397,1.1711143057194455,65463,0.0016079015700331673,0.0016079022201852986,0.01480907650212096
627,307,0,1,1401221264,3304593740,1903372477,1.1740892312029487,65401,0.002974925338641957,0.002974925483502028,0.024942902924216265
628,307,0,1,1401221264,3299772575,1898551312,1.1777481549221243,65370,0.003658923275574609,0.0036589237191776095,0.030350311061465803
629,307,0,1,1401221264,3298179247,1896957984,1.178959421374067,65481,0.001211266200721556,0.0012112664519418374,0.011689400069892063
630,307,0,1,1401221264,3296674092,1895452829,1.1801045925463676,65484,0.001145170906201281,0.0011451711723011442,0.011262648357589493
631,307,0,1,1401221264,3277238296,1876017033,1.1949742193794926,64864,0.01486962653310108,0.014869626833124072,0.11129021121256184
632,307,0,1,1401221264,3276694406,1875473143,1.1953925424321845,65517,0.000418322449221962,0.00041832305269342705,0.00492328406377429
633,307,0,1,1401221264,3273689573,1872468310,1.1977058435608043,65431,0.0023133004764488018,0.0023133011286202423,0.020180796412761423
634,307,0,1,1401221264,3272260993,1871039730,1.1988069526592966,65486,0.001101109058724726,0.0011011090984922906,0.0106641744137368
635,307,0,1,1401221264,3271119000,1869897737,1.1996877734180202,65496,0.000880820004703256,0.0008808207587223074,0.009062831819845026
636,307,0,1,1401221264,3269207330,1867986067,1.2011634517504106,65469,0.0014756776637093812,0.0014756783323887914,0.013546418051584023
637,307,0,1,1401221264,3266442519,1865221256,1.2033003702244436,65439,0.0021369184126987005,0.002136918474034995,0.01966304897005027
638,307,0,1,1401221264,3264649474,1863428211,1.20468790603433,65473,0.0013875351247936642,0.0013875358098873849,0.012949082885827249
639,307,0,1,1401221264,3263796464,1862575201,1.2053484708176931,65506,0.0006605645820851047,0.0006605647833626778,0.007262694925007026
640,307,0,1,1401221264,3261068082,1859846819,1.207463343266216,65440,0.00211487217088883,0.0021148724485219707,0.018288269684825498
641,307,0,1,1401221264,3260386985,1859165722,1.2079917713177046,65512,0.0005284274673163702,0.0005284280514880433,0.00603483466735941
642,307,0,1,1401221264,3259649400,1858428137,1.208564243877138,65510,0.0005724718275307164,0.000572472559432762,0.006308729272713119
643,307,0,1,1401221264,3250858617,1849637354,1.2154047070945246,65226,0.006840462833938516,0.0068404632173866015,0.0523888889595447
644,307,0,1,1401221264,3249532125,1848310862,1.2164397261918616,65489,0.0010350188106098368,0.0010350190973363398,0.010409182237843819
645,307,0,1,1401221264,3245499098,1844277835,1.2195911361341487,65393,0.0031514098920848456,0.003151409942288774,0.024691012025614852
646,307,0,1,1401221264,3244401581,1843180318,1.2204499295437259,65497,0.0008587929491977406,0.0008587934095787376,0.009040784164212926
647,307,0,1,1401221264,3243360967,1842139704,1.2212646694785043,65499,0.0008147398470877202,0.0008147399347776912,0.008538072322330833
648,307,0,1,1401221264,3239481949,1838260686,1.224305774527572,65398,0.003041104516210988,0.0030411050490653066,0.026197792847309137
649,307,0,1,1401221264,3236368439,1835147176,1.2267513763671403,65425,0.002445601177240512,0.002445601839568284,0.021312825592122494
650,307,0,1,1401221264,3234996334,1833775071,1.2278304557469113,65487,0.0010790786396167112,0.0010790793797737,0.010545128437051184
651,307,0,1,1401221264,3232589951,1831368688,1.2297248847503575,65450,0.0018944282800345323,0.001894429003446046,0.017082189594385688
652,307,0,1,1401221264,3230801505,1829580242,1.2311344550173509,65472,0.0014095702546713536,0.0014095702669922317,0.0131636556511713
653,307,0,1,1401221264,3228623965,1827402702,1.2328525524647418,65458,0.0017180974165047324,0.0017180974473919328,0.015946332523087775
654,307,0,1,1401221264,3227201883,1825980620,1.2339756926183654,65485,0.001123139814249491,0.001123140153622073,0.010830996500113724
655,307,0,1,1401221264,3225808770,1824587507,1.2350768019493756,65486,0.001101109058724726,0.001101109331009246,0.010965494845873091
656,307,0,1,1401221264,3223052511,1821831248,1.237257814178193,65437,0.002181011907029251,0.0021810122288203147,0.019267352793740585
657,307,0,2,654958880,4294340337,3639381458,0.23895387232168375,65459,0.0016960575738423276,0.0016960581434912652,0.015440867212371345
658,307,0,2,654958880,4293118620,3638159741,0.23943825709550737,65514,0.000484384451701118,0.000484384773821528,0.0055806573939322975
659,307,0,2,654958880,4290065354,3635106475,0.24064952362821757,65481,0.001211266200721556,0.0012112665327111431,0.011648948494259247
660,307,0,2,654958880,4281190582,3626231703,0.2441760350272837,65376,0.0035265112667726534,0.0035265113990654334,0.030457338923433382
661,307,0,2,654958880,4270843515,3615884636,0.2482984963927457,65349,0.004122461033961742,0.004122461365463622,0.03261890000535783
662,307,0,2,654958880,4269133120,3614174241,0.24898108514409145,65505,0.0006825886112264284,0.0006825887513428295,0.007481484909390572
663,307,0,2,654958880,4259537381,3604578502,0.2528165768739541,65362,0.0038354915272883166,0.0038354917298632253,0.029734442424542096
664,307,0,2,654958880,4257887335,3602928456,0.25347714182016645,65506,0.0006605645820851047,0.0006605649462148586,0.007262694925007026
665,307,0,2,654958880,4255853210,3600894331,0.25429188205318454,65499,0.0008147398470877202,0.0008147402330157755,0.008319963831090973
666,307,0,2,654958880,4246182839,3591223960,0.2581715192138425,65360,0.0038796369669542195,0.0038796371606584982,0.030575938557374387
667,307,0,2,654958880,4074172768,3419213889,0.32898247259958424,62397,0.07081095336890052,0.07081095338574293,0.28772066718689626
668,311,4,0,1007237036,2149827127,1142590092,1.910339221292947,5475,3.581356750624102,3.5813567486933615,1.8054578206433067
669,312,1,1,1881464496,3900105411,2018640916,1.0892628449429793,28946,1.178923622110736,1.1789236236500336,1.7073414912897644
670,317,5,0,230274608,2357831439,2127556832,1.013449475841881,4317,3.9241866225385458,3.924186630898902,1.8338804955564287
671,317,0,0,230274608,2354520117,2124245510,1.0156966305352455,65434,0.002247154675456557,0.0022471546933640328,0.019351701246548867
672,318,1,0,460549216,3889499471,3428950256,0.32488017085733034,52894,0.3091835400995403,0.30918354032208245,1.1755713463521136
673,318,0,0,460549216,2853478901,2392929686,0.8438691407585033,45735,0.5189889693817331,0.5189889699011742,1.711272836195
674,318,0,0,460549216,2832045647,2371496432,0.856849448180224,64949,0.012980307343170974,0.012980307421720846,0.09358820181944827
675,318,0,2,1617831564,3498064635,1880233072,1.1917356378464774,12990,2.3348861896647564,2.334886189666255,1.4786923468733397
676,318,0,2,1617831564,3495425147,1877593584,1.1937623289224213,65444,0.002026690572445132,0.002026691075940464,0.017437401504895905
677,318,0,3,1088179480,4162991091,3074811612,0.48214912410141153,53662,0.288386795141878,0.28838679517899224,0.7034941753720284
678,318,0,3,1088179480,3943086885,2854907406,0.5892031909933593,60849,0.10705406674565603,0.10705406689194642,0.4804565176646559
679,318,0,3,1088179480,3754722938,2666543459,0.6876763049334436,61212,0.098473113881901,0.09847311394008612,0.3608462965094552
680,318,0,3,1088179480,3270777199,2182597720,0.9766008978848681,53642,0.2889245924495628,0.2889245929514242,0.7094462195296267
681,318,0,4,28875312,2983455073,2954579762,0.5396941995001541,44358,0.5630933012793451,0.5630933016152837,1.3771305595776142
682,324,6,2,754875152,2587782175,1832907024,1.2285135403957064,2541,4.688819339946646,4.688819340895556,1.2400556850125548
683,324,0,2,754875152,2545494647,1790619496,1.2621883466883972,64024,0.03367480611172191,0.03367480629268888,0.16091706188393667
684,324,0,2,754875152,2435520839,1680645688,1.3536315368727898,61511,0.09144319005749581,0.09144319018439313,0.4570110511455282
685,324,0,4,255205940,3268038243,3012832304,0.5115267720924983,29371,1.1578952342402633,1.157895235219708,1.0420638728459115
686,324,0,4,255205940,3265187968,3009982029,0.5128922725669582,65474,0.0013655003314663333,0.0013655004744616216,0.012562880229550235
687,330,6,0,1250481896,3855189243,2604707348,0.7215258584645774,14178,2.2086335853049968,2.2086335858976187,1.0719491411717372
688,330,0,0,1250481896,3716082863,2465600968,0.8007078126432567,62036,0.0791819541636798,0.07918195417867942,0.3594384148639463
689,330,0,0,1250481896,3635910199,2385428304,0.8483988204201118,63405,0.04769100736068871,0.04769100777685434,0.2216531459943695
690,330,0,0,1250481896,3635218622,2384736727,0.84881714335393,65517,0.000418322449221962,0.00041832293381856707,0.00492328406377429
691,330,0,0,1250481896,3520523032,2270041137,0.9199287041767796,62384,0.07111156060236414,0.07111156082284699,0.3752093104215508
692,330,0,0,1250481896,3453429073,2202947178,0.9632122433267689,63599,0.043283539003544945,0.04328353914999063,0.22614436494676868
693,333,3,0,1465417240,3602211463,2136794224,1.0071991646930627,7946,3.0439869219119013,3.0439869213662942,2.161939270373091
694,333,0,0,1465417240,3570878161,2105460922,1.028511047120361,64575,0.02131188210727514,0.021311882427299086,0.11388862295622415
695,333,0,0,1465417240,3566187650,2100770411,1.0317286446456393,65390,0.0032175971660184,0.003217597525277211,0.02486405735766974
696,333,0,2,1641285348,3337262535,1695977188,1.3405303811719484,13227,2.3088017376630963,2.308801736526308,3.2789577545242907
697,333,0,3,1135087048,4168726905,3033639858,0.5015973214430218,58613,0.1610669394975245,0.16106694027107352,0.6833443432873108
698,339,6,0,865099664,3789125575,2924025912,0.5546910498573645,7896,3.053093725543602,3.0530937284143422,3.56560229384794
699,339,0,0,865099664,3577105141,2712005478,0.6632870534261137,60784,0.1085960033349776,0.10859600356875179,0.4618052367006546
700,339,0,0,865099664,2720458024,1855358361,1.2109492768470567,44835,0.5476622227133869,0.547662223420943,2.031129131053696
701,339,0,0,865099664,2685268045,1820168382,1.2385752271064128,64293,0.027625950005120754,0.02762595025935642,0.17348491779758954
702,339,0,0,865099664,2638747322,1773647659,1.275927704074789,63861,0.03735247619044193,0.03735247696837523,0.21797310909292353
703,340,1,1,1312915008,3373329795,2060414788,1.0597123462982054,19033,1.783784641917636,1.7837846422234163,3.0898007262148752
704,340,0,1,1312915008,3371632065,2058717058,1.0609015807689772,65482,0.0011892340994270377,0.001189234470772134,0.012291878699035749
705,340,0,1,1312915008,3342763031,2029848024,1.0812754300462473,64617,0.020373848887694942,0.020373849277270352,0.11524020894196768
706,340,0,1,1312915008,3341926759,2029011752,1.0818699248309365,65509,0.0005944945118882062,0.0005944947846882732,0.0065876077275148145
707,340,0,1,1312915008,3340564507,2027649500,1.0828388567464344,65492,0.0009689315899683129,0.000968931915498515,0.010269058827555362
708,340,0,1,1312915008,3323857189,2010942182,1.094775543704639,64996,0.011936686274586253,0.01193668695820429,0.0956965727438641
709,340,0,1,1312915008,3261383460,1948468453,1.1403065725098145,63500,0.0455310285657471,0.045531028805174144,0.2917717680170719
710,340,0,2,478346368,3250608823,2772262456,0.6315832990560821,46622,0.49127672563216546,0.49127672654627025,1.5285789157126106
711,340,0,2,478346368,3203992715,2725646348,0.6560487610845236,64434,0.024465461807338138,0.02446546202844135,0.16657467350035116
712,350,10,0,1424965120,3543729151,2118764032,1.0194242231548323,199,8.36337537945635,8.363375462070307,1.1051477999810615
713,350,0,2,1051711960,2772561139,1720849180,1.3195264848940553,13307,2.3001022612938438,2.300102261739224,3.0468279070543596
714,355,5,1,1963911216,4156985599,2193074384,0.9696924003004597,5220,3.6501659085427534,3.6501659154064026,3.972626526704832
715,359,4,0,1333158424,3455022143,2121863720,1.0173151461200831,7926,3.0476227480320164,3.0476227458196243,3.248398498748604
716,359,0,0,1333158424,3443722545,2110564122,1.0250184848839154,65187,0.007703338594360387,0.0077033387638316625,0.06549525312853866
717,363,4,0,572701568,2363280255,1790578688,1.262221225907144,3475,4.237202737501768,4.237202741023228,2.778282793286704
718,363,0,0,572701568,2169320933,1596619366,1.427626730720025,58437,0.16540550453051078,0.16540550481288385,0.6097857815997382
719,365,2,0,1186836360,3656412039,2469575680,0.7983839653161233,25342,1.3707572334532505,1.3707572345960957,1.7591784833838462
720,365,0,1,226189072,2729151653,2502962582,0.7790104223732506,33211,0.9806264566788684,0.9806264570571275,2.205177606852717
721,365,0,1,226189072,2598992710,2372803639,0.8560544305481947,62128,0.07704400809152245,0.07704400817494604,0.397702213317486
722,365,0,5,1024527168,2461185631,1436658464,1.5799300145297828,2480,4.7238755947257625,4.723875583981587,3.1099808934907083
723,365,0,5,1024527168,2266718510,1242191343,1.7897597274189216,56665,0.20982971275246765,0.20982971288913763,0.858799770154615
724,365,0,5,1024527168,2265960336,1241433169,1.7906405480893746,65496,0.000880820004703256,0.0008808206704542356,0.009116665485661155
725,371,6,0,2049054336,4279678789,2230624454,0.9451995028743632,58878,0.15455895447490933,0.1545589547849898,0.7824255798006214
726,371,0,0,2049054336,4132980922,2083926587,1.0433426910636179,61226,0.09814318803109535,0.09814318818925362,0.5136883612297107
727,371,0,0,2049054336,4129419524,2080365189,1.0458103435540131,65424,0.0024676524736343256,0.0024676524903957486,0.020363571754453153
728,371,0,0,2049054336,3738716173,1689661838,1.3459126056937194,53228,0.3001022612938438,0.30010226213970687,1.32675394791715
729,371,0,0,2049054336,3274481995,1225427660,1.8093618251216306,47530,0.46344921881030177,0.46344921942790956,1.6568600214372449
730,371,0,0,2049054336,3240095375,1191041040,1.8504240206501734,63697,0.04106219439037366,0.04106219552854481,0.1973474827834476
731,371,0,1,1950625024,3810645259,1860020236,1.2073288288642843,51173,0.3569048071093596,0.35690480821410786,1.4488115474019077
732,374,3,1,60808632,2378795279,2317986648,0.8897748898158859,10209,2.682446063313835,2.6824460609516048,3.1954145003741115
733,374,0,1,60808632,2169265357,2108456726,1.0264597339892312,59612,0.13668484349010193,0.1366848441733419,0.49862864715307237
734,380,6,0,1867389152,3439466015,1572076864,1.4499753885949183,1527,5.4235156532031485,5.423515654605688,0.9733262918374677
735,380,0,0,1867389152,3406770385,1539381234,1.4802965808257262,64173,0.030321191629506247,0.030321192230809795,0.19382391312534547
736,380,0,0,1867389152,3396200292,1528811141,1.490236949106606,65086,0.00994036742343168,0.009940368280879932,0.06822064782437492
737,380,0,1,1587294656,3873746301,2286451646,0.909536736737067,49007,0.4192997866511253,0.4192997876304582,1.0529214834592284
738,380,0,1,1587294656,3872211207,2284916552,0.9105056687890993,65492,0.0009689315899683129,0.0009689320520337281,0.010490159595324214
739,380,0,1,1587294656,3871304715,2284010060,0.9110781408996083,65510,0.0005724718275307164,0.0005724721105087456,0.00648709261238002
740,380,0,1,1587294656,3869771260,2282476605,0.9120470731091501,65492,0.0009689315899683129,0.0009689322095432027,0.010262258945764468
741,380,0,1,1587294656,3859775673,2272481018,0.9183789023541529,65249,0.006331829206283435,0.006331829245002873,0.05068552775201363
742,380,0,1,1587294656,3859047491,2271752836,0.9188412661333984,65515,0.0004623634480924974,0.000462363779245991,0.00538302560878682
743,380,0,1,1587294656,3833187999,2245893344,0.9353577292885227,64790,0.016516462644879694,0.016516463155121768,0.11192359252568493
744,380,0,1,1587294656,3471335157,1884040502,1.1888171665160812,54977,0.25345943683010613,0.2534594372275608,0.8056239907788278
745,380,0,1,1587294656,3459260922,1871966267,1.1980927083521955,65116,0.009275541199678036,0.009275541836113468,0.060815976936640447
746,380,0,1,1587294656,3454747819,1867453164,1.201575085549301,65378,0.003482376631013855,0.003482377197103324,0.03011529113288641
747,380,0,1,1587294656,3442893868,1855599213,1.2107620065915796,65120,0.009186920846390613,0.00918692104227969,0.07173608076741143
748,380,0,1,1587294656,3401045484,1813750829,1.243670872317768,64058,0.03290886503424986,0.03290886572618913,0.22103893964689994
749,382,2,3,1827513760,3395504895,1567991136,1.4537297422270647,3541,4.210058871609084,4.210058869909296,1.1832642352405407
750,390,8,1,1269036928,3304056703,2035019776,1.0776043315720933,1329,5.623874610723825,5.6238745893450295,3.1418190711584653
751,390,0,1,1269036928,3258224043,1989187116,1.1104681540913646,64060,0.03286382233795407,0.032863822519271266,0.23435992638745978
752,390,0,2,390590208,2273421859,1882831652,1.1897431347405139,31016,1.0792749802488195,1.0792749806491484,1.688982966616475
753,393,3,0,781180416,3419259235,2638078820,0.703159476221721,45912,0.5134163409327315,0.5134163414812071,1.4919330821181198
754,393,0,0,781180416,3418413903,2637233488,0.7036218398595651,65515,0.0004623634480924974,0.0004623636378433997,0.00536402669982325
755,393,0,0,781180416,2813833276,2032652861,1.07928329505949,50512,0.37566145468701495,0.3756614551999272,1.1360905651969302
756,393,0,0,781180416,2384977515,1603797100,1.4211555112904364,51709,0.3418722156290734,0.3418722162309465,1.1826209933609768
757,393,0,0,781180416,2358645641,1577465226,1.4450389435509585,64460,0.023883432053092523,0.023883432260522024,0.13112666060961306
758,394,1,0,1562360832,3923937189,2361576358,0.8628969624088256,49056,0.4178580183412225,0.41785801885786533,1.2321365368067974
759,394,0,0,1562360832,3923288562,2360927731,0.8632932652788838,65518,0.0003963024539395264,0.00039630287006023335,0.004699172121844633
760,394,0,0,1562360832,3911472395,2349111564,0.870531914567632,65208,0.007238649056868908,0.007238649288747579,0.0483520480754013
761,394,0,0,1562360832,3873512965,2311152134,0.8940349161764587,64477,0.02350300105443071,0.02350300160882526,0.16331354436389878
762,394,0,0,1562360832,3872384472,2310023641,0.8947395296196206,65504,0.0007046129765893727,0.0007046134431624118,0.00766741302702428
763,394,0,0,1562360832,3825821648,2263460817,0.924116813852141,64215,0.02937728419456183,0.029377284232521318,0.15536976428063715
764,394,0,0,1562360832,3226834817,1664473986,1.367580823184749,48193,0.4434640092375818,0.44346400933260816,1.258507503342144
765,394,0,0,1562360832,3223736278,1661375447,1.3702690075013955,65414,0.0026881839772797777,0.0026881843166472992,0.023630135791368436
766,396,2,0,1954476032,4133408867,2178932836,0.9790254188867209,21488,1.6087564105725576,1.6087564113853245,2.386020202230181
767,396,0,0,1954476032,4132876900,2178400869,0.9793776830044543,65520,0.0003522634716290214,0.00035226411773272946,0.004227909891679893
768,396,0,0,1954476032,3975985235,2021509204,1.0872143737497026,60816,0.10783669013803435,0.10783669074524824,0.39276832499482733
769,396,0,0,1954476032,3975491702,2021015671,1.087566637563615,65520,0.0003522634716290214,0.00035226381391285694,0.004227909891679893
770,396,0,0,1954476032,3949525893,1995049862,1.1062223420417148,64694,0.01865570377586154,0.01865570447810004,0.11521820762120862
771,396,0,1,1761468416,4067696861,2306228446,0.8971117181986337,37879,0.7908893760773094,0.7908893761569177,1.4318423105440794
772,396,0,1,1761468416,3665049981,1903581566,1.173930757178674,54094,0.2768190384186129,0.27681903898004145,0.7081885293749626
773,396,0,2,1375453184,3254112981,1878659798,1.1929433097907456,32339,1.0190125525649645,1.0190125526120701,1.2872936483857533
774,396,0,3,603422720,4134223001,3530800282,0.2826519279513562,61585,0.08970861792052359,0.08970861816061272,0.38973773783914034
775,400,4,0,1206845440,3476737977,2269892538,0.9200231474245442,21066,1.6373712183980889,1.637371219473188,2.3059067394121695
776,400,0,1,266207232,4223210143,3957002912,0.11823901900830336,57123,0.1982158712749079,0.1982158715837571,0.7164038585587146
777,402,2,0,532414464,3023413487,2490999024,0.7859226896981895,20628,1.6676836698007829,1.6676836706898888,2.3947711632900854
778,402,0,0,532414464,2966703121,2434288658,0.8191468930101315,64044,0.033224203290527804,0.03322420331194219,0.17433181517442994
779,402,0,0,532414464,2965588792,2433174329,0.81980745764292,65506,0.0006605645820851047,0.0006605646327865213,0.007259933472575422
780,402,0,0,532414464,2957903442,2425488979,0.8243715218214192,65329,0.004564064074153165,0.004564064178500093,0.03334635471949825
781,402,0,0,532414464,2672001001,2139586538,1.0053151144378916,57811,0.18094359250739972,0.18094359261647136,0.5489603077691315
782,402,0,0,532414464,2664492076,2132077613,1.0103871892242715,65306,0.005072074734134133,0.005072074786378773,0.0359647960811935
783,402,0,0,532414464,2599165967,2066751504,1.0552822093540968,63528,0.04489501978344528,0.04489502012982853,0.25198898415494436
784,407,5,1,524149632,3040984703,2516835072,0.7710364661074784,1247,5.71575425017033,5.71575425675338,3.38425048593977
785,407,0,1,524149632,2430017766,1905868135,1.172198841856492,49627,0.40116237548584766,0.4011623757490148,1.1191387852352375
786,407,0,1,524149632,2427662185,1903512554,1.1739830612547166,65455,0.0017842189647608187,0.001784219398221873,0.017150930323249186
787,407,0,1,524149632,2331638434,1807488803,1.2486604359916527,62230,0.07467737422526359,0.07467737473693634,0.37571724026974324
788,409,2,0,1048299264,3129217081,2080917818,1.0454271563874116,37725,0.796766719698592,0.7967667203957615,1.377211395805401
789,409,0,0,1048299264,3117119460,2068820197,1.0538388812742454,65155,0.00841172487408589,0.008411724886833555,0.0544240441434615
790,409,0,0,1048299264,3074913457,2026614194,1.0835756765377482,64199,0.02973679516336078,0.02973679526350066,0.1692911211411402
791,409,0,0,1048299264,3052215476,2003916213,1.0998249576484973,64802,0.016249280403072348,0.01624928111075047,0.09632966698371985
792,409,0,0,1048299264,3050472567,2002173304,1.101080289721832,65479,0.0012553314127252556,0.0012553320733342983,0.012637093766868472
793,409,0,0,1048299264,3024626640,1976327377,1.119825198051796,64690,0.018744907698531956,0.01874490832996432,0.12427049338434773
794,409,0,0,1048299264,3023360072,1975060809,1.1207500737405987,65494,0.0009248751246666447,0.0009248756888038583,0.00996979251121531
795,409,0,0,1048299264,2338887704,1290588441,1.7346181366855582,42824,0.613868062685006,0.6138680629449573,1.3985265342433397
796,409,0,0,1048299264,2337135043,1288835780,1.736578694938526,65447,0.0019605579105596736,0.0019605582529696342,0.018978297976589755
797,409,0,0,1048299264,2336761387,1288462124,1.736997018067676,65517,0.000418322449221962,0.0004183231291490289,0.004904285154810719
798,409,0,0,1048299264,2185494486,1137195223,1.9171672021817265,57842,0.18017018330333853,0.18017018411404984,0.5326195301334264
799,410,1,0,2096598528,4075098881,1978500354,1.1182398225712085,57010,0.2010726189795762,0.2010726203894815,0.9192094604778615
800,410,0,0,2096598528,4074223384,1977624857,1.1188783641407838,65507,0.0006385408891551363,0.0006385415695745852,0.007003783822671129
801,410,0,0,2096598528,3797749401,1701150874,1.3361360476232456,56374,0.21725768335236015,0.21725768348246421,0.6541945314108829
802,410,0,0,2096598528,3573710198,1477111671,1.5398682467168392,56905,0.2037321988802665,0.20373219909359175,0.7024318612073984
803,410,0,0,2096598528,3573327036,1476728509,1.5402425296073616,65519,0.0003742827947452993,0.0003742828905236056,0.004463541174757649
804,410,0,0,2096598528,3389164101,1292565574,1.7324096732995393,57363,0.19216714362230072,0.19216714369217927,0.552496467301917
805,410,0,0,2096598528,3364293416,1267694889,1.760439589096567,64275,0.02802991539161928,0.02802991579702725,0.15806770185572983
806,410,0,1,2045713408,4224912179,2179198772,0.9788493505237703,56329,0.2184097605870391,0.2184097614272038,0.7369648585480597
807,410,0,1,2045713408,4224346896,2178633489,0.9792236333949482,65519,0.0003742827947452993,0.00037428287117501595,0.004463541174757649
808,410,0,1,2045713408,4222618243,2176904836,0.9803688049238701,65484,0.001145170906201281,0.0011451715289241438,0.011227426842121196
809,410,0,1,2045713408,4222086772,2176373365,0.9807210684569974,65520,0.0003522634716290214,0.0003522635331275607,0.004227909891679893
810,410,0,1,2045713408,4221123716,2175410309,0.9813596094517081,65507,0.0006385408891551363,0.0006385409947102206,0.00693983990504809
811,410,0,1,2045713408,4220559415,2174846008,0.9817338928040051,65519,0.0003742827947452993,0.0003742833522951087,0.004463541174757649
812,410,0,1,2045713408,4214751949,2169038542,0.9855914572920526,65361,0.0038575640782688957,0.003857564488048751,0.02930655655378714
813,410,0,1,2045713408,4214222398,2168508991,0.9859437211460325,65520,0.0003522634716290214,0.0003522638539779631,0.004227909891679893
814,410,0,1,2045713408,4213726065,2168012658,0.9862739660837079,65521,0.00033024448458043404,0.0003302449376777987,0.0039922782726164955
815,410,0,1,2045713408,4213130602,2167417195,0.9866702688964217,65518,0.0003963024539395264,0.0003963028127143604,0.004687653452683203
816,410,0,1,2045713408,4141926237,2096212830,1.034861943834187,63383,0.04819167447773603,0.04819167493776256,0.22430067773348014
817,410,0,1,2045713408,3490889921,1445176514,1.5714014316130651,45182,0.5365394868107587,0.536539487778881,1.2682138023649063
818,410,0,1,2045713408,3489699132,1443985725,1.5725906659586713,65482,0.0011892340994270377,0.0011892343456057876,0.011848885092171685
819,410,0,3,1740402688,3717862871,1977460184,1.1189984995705622,22437,1.5464078310661868,1.5464078336118883,2.6907011029636703
820,417,7,0,946706688,2183584863,1236878176,1.795943734248933,2562,4.6769452396583535,4.676945234678371,0.8653000316789428
821,417,0,3,930357960,2243484111,1313126152,1.7096416234446252,8697,2.913697881217447,2.9136978891956944,1.538123086289459
822,417,0,3,930357960,2203090093,1272732134,1.7547183321271973,63520,0.045076707969679865,0.04507670868257144,0.22485861878423716
823,417,0,3,930357960,2202779367,1272421408,1.7550705960312065,65520,0.0003522634716290214,0.0003522639040081586,0.004227909891679893
824,417,0,3,930357960,2196974099,1266616140,1.7616677776723577,65237,0.006597180899790373,0.006597181641151391,0.044564918432274545
825,417,0,3,930357960,2196684193,1266326234,1.761998022809113,65521,0.00033024448458043404,0.00033024513675753884,0.0039922782726164955
826,417,0,3,930357960,2192916285,1262558326,1.7662971088920578,65341,0.004299086029623652,0.004299086082942522,0.03396959325803152
827,421,4,0,1860715920,4215644577,2354928658,0.8669637916145909,61119,0.10066668157366856,0.10066668272253289,0.3644934320895429
828,421,0,0,1860715920,4209859306,2349143387,0.870512370764768,65375,0.0035485790909715823,0.0035485791501774847,0.026798614081966928
829,421,0,0,1860715920,4209321629,2348605710,0.8708426157092575,65521,0.00033024448458043404,0.00033024494449160487,0.0039922782726164955
830,421,0,0,1860715920,4183698260,2322982341,0.8866689589994152,64821,0.01582634302354551,0.015826343290157766,0.09360373529185556
831,421,0,0,1860715920,4183024787,2322308868,0.8870872820368163,65517,0.000418322449221962,0.0004183230374008006,0.00492328406377429
832,421,0,0,1860715920,4182493252,2321777333,0.8874175269455975,65521,0.00033024448458043404,0.00033024490877980113,0.0039922782726164955
833,421,0,0,1860715920,4180048753,2319332834,0.8889372783774654,65467,0.0015197509526750181,0.001519751431868684,0.014119024291194111
834,421,0,0,1860715920,3291577518,1430861599,1.5857630127979832,40431,0.6968257335068025,0.6968257344205167,1.014394027895545
835,421,0,0,1860715920,3289830860,1429114941,1.587525191691956,65456,0.0017621781119536897,0.0017621788939730394,0.01678185785221582
836,421,0,0,1860715920,3289503761,1428787842,1.5878554367304147,65521,0.00033024448458043404,0.00033024503845791893,0.0039922782726164955
837,421,0,0,1860715920,3289133134,1428417215,1.5882297197988322,65519,0.0003742827947452993,0.0003742830684193462,0.004463541174757649
838,421,0,0,1860715920,3288762603,1428046684,1.5886040030091912,65519,0.0003742827947452993,0.00037428321035738764,0.004463541174757649
839,421,0,0,1860715920,3288435749,1427719830,1.5889342475474884,65521,0.00033024448458043404,0.00033024453829961624,0.0039922782726164955
840,421,0,0,1860715920,3288065399,1427349480,1.5893085306582506,65519,0.0003742827947452993,0.00037428311075928574,0.004452022505596219
841,421,0,0,1860715920,3221833560,1361117641,1.6578553820721496,62495,0.06854685089596739,0.0685468514139015,0.2744998668892726
842,421,0,0,1860715920,3221314334,1360598415,1.6584058324269826,65511,0.0005504494793435254,0.000550450354831515,0.006276025517869724
843,421,0,1,1573948192,4294231533,2720283342,0.6588902170349336,65514,0.000484384451701118,0.00048438460795024356,0.0054891046595572975
844,421,0,1,1573948192,4284103524,2710155333,0.6642716037605858,65292,0.005381386218993227,0.0053813867256547274,0.04423417005691742
845,421,0,1,1573948192,3922300102,2348351911,0.8709985270836356,56787,0.20672692280020527,0.20672692332304796,0.8233985608744666
846,421,0,1,1573948192,3921762606,2347814415,0.8713287721232064,65521,0.00033024448458043404,0.00033024503957216554,0.0039922782726164955
847,421,0,2,1000412736,3895056971,2894644236,0.5692611002165258,40400,0.6979323274734806,0.6979323280933188,0.9700546022819152
848,421,0,2,1000412736,2849538115,1849125380,1.2158040959759973,41865,0.6465429953254141,0.6465429957594692,1.4265961823767972
849,421,0,2,1000412736,2816610726,1816197991,1.2417256608607588,64369,0.025921564314551525,0.025921564884762577,0.15426704036025615
850,421,0,2,1000412736,2816195031,1815782296,1.2420559055593792,65521,0.00033024448458043404,0.00033024469862215887,0.0039922782726164955
851,424,3,0,2000825472,3715811013,1714985542,1.3244507320487848,30949,1.0823948254972224,1.082394826489404,1.612621944849208
852,429,5,0,870119520,2232561631,1362442112,1.6564522126413905,1627,5.3320014643274725,5.332001480592606,0.803551612730307
853,430,1,0,1740239040,3886891987,2146652948,1.0005581782314685,51629,0.34410596558220086,0.3441059655900767,0.7491242304198522
854,430,0,0,1740239040,3886302391,2146063352,1.0009544807920037,65518,0.0003963024539395264,0.00039630256053799494,0.004699172121844633
855,430,0,0,1740239040,3885058030,2144818991,1.0017912473824637,65498,0.000836766229995985,0.0008367665904572118,0.009018189462134646
856,430,0,0,1740239040,3487191750,1746952711,1.2978065901512643,53379,0.29601534210732355,0.2960153427688007,0.9701360892013852
857,430,0,0,1740239040,3482900072,1742661033,1.3013551695319805,65375,0.0035485790909715823,0.003548579380718155,0.02884575695067927
858,430,0,0,1740239040,3480746209,1740507170,1.303139388773669,65455,0.0017842189647608187,0.0017842192416867729,0.01668891315029368
859,430,0,0,1740239040,3480294722,1740055683,1.3035136719497444,65519,0.0003742827947452993,0.0003742831760775981,0.004463541174757649
860,431,1,1,981715084,3180999331,2199284248,0.9656130676607404,20708,1.6620993971390725,1.6620993957109944,0.9060285850251495
861,431,0,1,981715084,2781754874,1800039791,1.2546183474344197,53639,0.28900527933957676,0.28900527977367896,0.6959442318013018
862,431,0,1,981715084,2781342877,1799627794,1.254948592390278,65521,0.00033024448458043404,0.000330244955858362,0.0039922782726164955
863,431,0,1,981715084,2780848594,1799133511,1.2553448952161332,65518,0.0003963024539395264,0.00039630282585794536,0.004687653452683203
864,433,2,0,1963430168,4267966019,2304535852,0.8981709339476538,41973,0.6428260376068787,0.6428260387315174,1.464382704790458
865,433,0,0,1963430168,4267438552,2304008385,0.8985011788099442,65521,0.00033024448458043404,0.0003302448622911261,0.0039922782726164955
866,433,0,0,1963430168,4011043087,2047612920,1.0687041314456494,58243,0.17020295217948875,0.17020295263570517,0.7077062962858102
867,433,0,0,1963430168,3530477682,1567047515,1.45459822107523,50155,0.3858940887928879,0.3858940896295829,1.0144581215902404
868,433,0,0,1963430168,3485811471,1522381304,1.496317396572472,63668,0.04171917483097813,0.04171917549724142,0.1935550150231235
869,433,0,1,1779376688,4114611485,2335234798,0.8790795318903193,50264,0.38276213525389535,0.3827621353178467,0.8695692467916893
870,433,0,2,1411269728,3291401697,1880131970,1.1918132150776408,26382,1.3127336820661966,1.3127336831873218,2.288927794686376
871,433,0,3,675055808,4053245809,3378190002,0.3463966730448398,58877,0.1545834578087962,0.15458345796719788,0.6146522132250882
872,433,0,3,675055808,3842830593,3167774786,0.43917737583316097,61454,0.0927807027354231,0.09278070278832107,0.3807950355446794
873,433,0,4,953082620,2627069075,1673986456,1.3593592907304277,17316,1.9201819147876458,1.9201819148972685,2.61635918870908
874,433,0,4,953082620,2427220594,1474137975,1.542775583227666,57712,0.18341629221242972,0.183416292497238,0.7340332908481066
875,433,0,4,953082620,2396944261,1443861642,1.5727146433758392,64190,0.02993905945997916,0.02993906014817389,0.1701197823185625
876,433,0,4,953082620,2396613787,1443531168,1.5730448881567902,65521,0.00033024448458043404,0.00033024478094792025,0.0039922782726164955
877,433,0,4,953082620,2388309782,1435227163,1.5813680460490573,65159,0.008323157564888594,0.008323157892266737,0.06359935124131387
878,433,0,7,1109731936,3509427543,2399695608,0.8397957287964495,13697,2.2584276804815215,2.258427682747394,1.0317139083081202
879,433,0,7,1109731936,3434620137,2324888202,0.8854858036847446,63493,0.0456900745808259,0.04569007488829508,0.24840706098185952
880,433,0,7,1109731936,3434017062,2324285127,0.8858600867045823,65519,0.0003742827947452993,0.0003742830198379932,0.004452022505596219
881,433,0,7,1109731936,3383017275,2273285340,0.917868365172346,64098,0.03200827819462476,0.03200827846776278,0.1953279006378669
882,433,0,8,71980224,4228593111,4156612888,0.04723875228964047,59915,0.12937038677711654,0.12937038711729482,0.42533991127006193
883,433,0,8,71980224,4227641737,4155661514,0.047568997055741136,65521,0.00033024448458043404,0.00033024476610000363,0.0039922782726164955
884,433,0,8,71980224,2193247078,2121266855,1.0177210229443006,33453,0.97015202569593,0.9701520258885599,1.0864804587565
885,433,0,8,71980224,2192696822,2120716599,1.018095306161328,65519,0.0003742827947452993,0.0003742832170283317,0.004463541174757649
886,442,9,0,143960448,3768361415,3624400968,0.244904576240625,56002,0.22680926937748416,0.22680927007929616,0.7107945607759633
887,442,0,0,143960448,3762831018,3618870571,0.24710763540623049,65436,0.002203059159570524,0.002203059165604897,0.020471861238163143
888,442,0,0,143960448,3760732673,3616772226,0.24794440197842604,65498,0.000836766229995985,0.0008367665721957414,0.008434561378707416
889,442,0,0,2139929092,3246384572,1106455481,1.9567017415378274,20049,1.7087573404296825,1.708757339559402,1.7060608327194589
890,442,0,0,2139929092,3223744239,1083815148,1.9865284297323562,64195,0.029826686905426964,0.029826688194529195,0.15503440424473494
891,442,0,0,2139929092,3222553524,1082624433,1.9881142932973077,65464,0.0015858634107395607,0.0015858635649505504,0.015054648257654716
892,442,0,0,2139929092,3222305730,1082376639,1.9884445390243393,65521,0.00033024448458043404,0.0003302457270312363,0.0039922782726164955
893,442,0,0,2139929092,3221942383,1082013292,1.9889289239426375,65514,0.000484384451701118,0.0004843849182979533,0.005586613807591404
894,442,0,1,2132374536,4219166343,2086791808,1.0413604710302558,63197,0.052431546033132145,0.05243154708762042,0.2789212497783317
895,445,3,1,877620160,3912536863,3034916704,0.5009902250435587,11914,2.459629756256433,2.4596297540133016,1.4516642454178825
896,445,0,1,877620160,3856873260,2979253101,0.5276964537634434,64334,0.026706228660772793,0.026706228719884963,0.15299957010613646
897,445,0,1,877620160,3855645845,2978025686,0.5282909485393255,65509,0.0005944945118882062,0.0005944947758813085,0.006617134528566593
898,445,0,1,877620160,3746450963,2868830804,0.5821842617092265,63133,0.053893312684221234,0.05389331316990341,0.28922527154573285
899,450,5,0,1054581856,3810648559,2756066704,0.6400363405675265,3935,4.057852079605151,4.057852078858298,3.0174477160972755
900,450,0,0,1054581856,3766575714,2711993859,0.6632932343537448,64488,0.02325689326567774,0.023256893786217203,0.1454678426426788
901,450,0,0,1054581856,2936623491,1882041636,1.1903486011639295,45480,0.5270553662203897,0.5270553668101868,1.8263877654098293
902,450,0,0,1054581856,2606485083,1551903228,1.4686085477910922,54040,0.2782599457869531,0.2782599466271603,1.0372007595671677
903,450,0,0,1054581856,2606058840,1551476985,1.4690048502896396,65518,0.0003963024539395264,0.0003963024985495624,0.004699172121844633
904,450,0,0,1054581856,2508618055,1454036200,1.5625839586610688,61420,0.09357910813676311,0.09357910837142959,0.3976691741953655
905,450,0,0,1054581856,2505600645,1451018790,1.565580944276693,65400,0.002996984727192764,0.002996985615621552,0.02542489313042097
906,450,0,0,1054581856,2505157829,1450575974,1.5660212872633217,65516,0.0004403427806028656,0.00044034298663068804,0.005139915429900777
907,450,0,0,1054581856,2504715148,1450133293,1.5664616303860335,65516,0.0004403427806028656,0.00044034312271116886,0.005115354265434883
908,450,0,0,1054581856,2504361111,1449779256,1.5668138944064793,65520,0.0003522634716290214,0.00035226402044782407,0.004227909891679893
909,450,0,0,1054581856,2503985039,1449403184,1.5671881773111878,65519,0.0003742827947452993,0.00037428290470757267,0.004463541174757649
910,450,0,0,1054581856,2503498483,1448916628,1.5676725627347743,65514,0.000484384451701118,0.0004843854235841862,0.005607136542698008
911,450,0,0,1054581856,2503100526,1448518671,1.5680688653505328,65518,0.0003963024539395264,0.00039630261576181585,0.004699172121844633
912,450,0,0,1054581856,2502702678,1448120823,1.5684651682673625,65518,0.0003963024539395264,0.00039630291682885043,0.004687653452683203
913,450,0,0,1054581856,2498813681,1444231826,1.5723448058827962,65360,0.0038796369669542195,0.0038796376154334356,0.031029554117362315
914,450,0,0,1054581856,2498439048,1443857193,1.5727190887880198,65519,0.0003742827947452993,0.00037428290522153557,0.004463541174757649
915,450,0,0,1054581856,2497535755,1442953900,1.5736219371782454,65495,0.0009028473965228007,0.0009028483902257485,0.009692133382159221
916,450,0,0,1054581856,2497161453,1442579598,1.5739962205768592,65519,0.0003742827947452993,0.00037428339861441594,0.004463541174757649
917,450,0,0,1054581856,2496391032,1441809177,1.574766909044488,65501,0.0007706880901105886,0.0007706884676311608,0.0080226168492875
918,450,0,0,1054581856,2495973027,1441391172,1.5751852315138244,65517,0.000418322449221962,0.00041832246933602187,0.00492328406377429
919,450,0,0,1054581856,2495599130,1441017275,1.5755595152842545,65519,0.0003742827947452993,0.00037428377042830725,0.004452022505596219
920,450,0,0,1054581856,2495181354,1440599499,1.5759778383403003,65517,0.000418322449221962,0.0004183230560451829,0.004904285154810719
921,450,0,0,1054581856,2491576338,1436994483,1.5795926230937987,65372,0.0036147845889704113,0.0036147847534999233,0.02759497059014656
922,450,0,0,1054581856,2486357760,1431775905,1.5848414397555928,65298,0.005248816033658596,0.0052488166617952504,0.04118054310012245
923,450,0,0,1054581856,2485877122,1431295267,1.5853258245465547,65514,0.000484384451701118,0.0004843847909601673,0.005599656302895868
924,450,0,0,1054581856,2485352966,1430771111,1.5858542520324583,65512,0.0005284274673163702,0.0005284274859025698,0.00603483466735941
925,450,0,0,1054581856,2484741674,1430159819,1.5864707702021938,65508,0.0006165175324262582,0.0006165181697386693,0.006890226884321119
926,450,0,0,1054581856,2484261578,1429679723,1.586955155507514,65514,0.000484384451701118,0.0004843853053188267,0.005575095138429974
927,450,0,0,1054581856,2483410785,1428828930,1.587813949394235,65497,0.0008587929491977406,0.0008587938867210672,0.009084783025405675
928,450,0,0,1054581856,2482952938,1428371083,1.5882763136662739,65515,0.0004623634480924974,0.00046236427203851925,0.00536402669982325
929,450,0,0,1054581856,2482473443,1427891588,1.58876069843393,65514,0.000484384451701118,0.00048438476765670657,0.005575095138429974
930,450,0,0,1054581856,2481645502,1427063647,1.5895974656054008,65498,0.000836766229995985,0.0008367671714712175,0.008892495701236415
931,450,0,0,1054581856,2481253547,1426671692,1.5899937683252645,65518,0.0003963024539395264,0.000396302719863008,0.004699172121844633
932,450,0,0,1054581856,2480731084,1426149229,1.590522196017325,65512,0.0005284274673163702,0.0005284276920618626,0.005921768420804585
933,450,0,0,1054581856,2480187051,1425605196,1.5910726457431679,65511,0.0005504494793435254,0.0005504497258395168,0.0062203082868149875
934,450,0,0,1054581856,2478729599,1424147744,1.5925483238109344,65469,0.0014756776637093812,0.001475678067768782,0.01459804898021171
935,450,0,0,1054581856,2478229791,1423647936,1.5930547298957975,65513,0.0005064057914389884,0.0005064060848637143,0.005810724405486178
936,450,0,0,1054581856,2477664989,1423083134,1.5936272019945967,65510,0.0005724718275307164,0.000572472098796376,0.006263474722486623
937,450,0,0,1054581856,2477078696,1422496841,1.5942216973333352,65509,0.0005944945118882062,0.0005944953387415682,0.006573574455137129
938,450,0,0,1054581856,2476709701,1422127846,1.5945959802832341,65519,0.0003742827947452993,0.0003742829498959371,0.004463541174757649
939,450,0,0,1054581856,2475950202,1421368347,1.5953666691764425,65501,0.0007706880901105886,0.0007706888932116591,0.008319210996039578
940,450,0,0,1054581856,2474280198,1419698343,1.5970627270514903,65459,0.0016960575738423276,0.001696057875045539,0.0158784093297542
941,450,0,0,1054581856,2473608648,1419026793,1.5977453164719968,65505,0.0006825886112264284,0.0006825894205083858,0.007295373657901907
942,450,0,0,1054581856,2471681563,1417099708,1.5997058752832878,65447,0.0019605579105596736,0.001960558811290161,0.016901864442254128
943,450,0,0,1054581856,2470903126,1416321271,1.6004985899812603,65500,0.0007927138004626774,0.0007927146979735787,0.008524147665636613
944,450,0,0,1054581856,2470146728,1415564873,1.6012692789242493,65501,0.0007706880901105886,0.0007706889429868148,0.008306505191871635
945,450,0,0,1054581856,2469585133,1415003278,1.6018417508019063,65510,0.0005724718275307164,0.0005724718776566781,0.0064369376368276065
946,450,0,0,1054581856,2469131717,1414549862,1.602304114283271,65515,0.0004623634480924974,0.0004623634813648169,0.0053394655353573555
947,450,0,0,1054581856,2468613693,1414031838,1.6028325421269614,65512,0.0005284274673163702,0.000528427843690559,0.0059656807828434265
948,450,0,0,1054581856,2467966400,1413384545,1.603493107315046,65506,0.0006605645820851047,0.0006605651880859343,0.007220721370072275
949,450,0,0,1054581856,2467491936,1412910081,1.6039774919648373,65514,0.000484384451701118,0.00048438464979094856,0.005575095138429974
950,450,0,0,1054581856,2466931394,1412349539,1.6045499640792578,65510,0.0005724718275307164,0.0005724721144183168,0.006445056365093589
951,450,0,0,1054581856,2466284871,1411703016,1.6052105293655252,65506,0.0006605645820851047,0.0006605652862688109,0.007263971901934712
952,450,0,0,1054581856,2465897135,1411315280,1.6056068320098866,65518,0.0003963024539395264,0.0003963026443605726,0.004687653452683203
953,450,0,0,1054581856,2464712712,1410130857,1.6068180982937825,65481,0.001211266200721556,0.0012112662838978541,0.011929985682902561
954,450,0,0,1054581856,2464303891,1409722036,1.6072364208487713,65517,0.000418322449221962,0.0004183225549870025,0.004904285154810719
955,450,0,0,1054581856,2463680082,1409098227,1.6078749618563464,65507,0.0006385408891551363,0.000638541007574467,0.006985094455274586
956,450,0,0,1054581856,2463314562,1408732707,1.6082492454146227,65519,0.0003742827947452993,0.0003742835582792121,0.004463541174757649
957,450,0,0,1054581856,2462605208,1408023353,1.6089758837871848,65503,0.0007266376781842033,0.0007266383725605264,0.007684279599519346
958,450,0,0,1054581856,2462261452,1407679597,1.609328147564824,65520,0.0003522634716290214,0.00035226377764009203,0.004227909891679893
959,450,0,0,1054581856,2461831862,1407250007,1.6097684906316978,65516,0.0004403427806028656,0.00044034306687201866,0.005086360513452917
960,450,0,0,1054581856,2461423876,1406842021,1.610186813399551,65517,0.000418322449221962,0.00041832276785522233,0.004904285154810719
961,450,0,0,1054581856,2460951608,1406369753,1.6106711983394035,65514,0.000484384451701118,0.0004843849398527171,0.005546101386448008
962,450,0,0,1054581856,2460608256,1406026401,1.6110234618208032,65520,0.0003522634716290214,0.00035226348139881416,0.004227909891679893
963,450,0,0,1054581856,2460264987,1405683132,1.6113757261501291,65520,0.0003522634716290214,0.0003522643293263413,0.004227909891679893
964,450,0,0,1054581856,2459857455,1405275600,1.6117940491890472,65517,0.000418322449221962,0.000418323038918864,0.004904285154810719
965,450,0,0,1054581856,2458570886,1403989031,1.613115481727192,65476,0.0013214317544216249,0.0013214325381433942,0.012242234410590656
966,450,0,0,1054581856,2456964148,1402382293,1.6147674606923879,65461,0.0016519788985902288,0.0016519789651944122,0.014834189263049708
967,450,0,0,1054581856,2456621769,1402039914,1.6151197246893148,65520,0.0003522634716290214,0.0003522639969300531,0.004227909891679893
968,450,0,0,1054581856,2456065539,1401483684,1.6156921973260339,65510,0.0005724718275307164,0.0005724726367174168,0.00648709261238002
969,450,0,0,1054581856,2455680610,1401098755,1.6160884997899032,65518,0.0003963024539395264,0.0003963024638693521,0.004687653452683203
970,450,0,0,1054581856,2455317165,1400735310,1.61646278341264,65519,0.0003742827947452993,0.0003742836227360597,0.004463541174757649
971,450,0,0,1054581856,2454975188,1400393333,1.6168150475085312,65520,0.0003522634716290214,0.00035226409589027903,0.004227909891679893
972,450,0,0,1054581856,2454654663,1400072808,1.617145292408285,65521,0.00033024448458043404,0.0003302448997544838,0.0039922782726164955
973,450,0,0,1054581856,2454334211,1399752356,1.6174755376815995,65521,0.00033024448458043404,0.00033024527331642977,0.0039922782726164955
974,450,0,0,1054581856,2454013833,1399431978,1.6178057822805094,65521,0.00033024448458043404,0.0003302445989098249,0.0039922782726164955
975,450,0,0,1054581856,2453672174,1399090319,1.6181580465793886,65520,0.0003522634716290214,0.00035226429887834734,0.004227909891679893
976,450,0,0,1054581856,2453330599,1398748744,1.618510310272864,65520,0.0003522634716290214,0.00035226369347465933,0.004227909891679893
977,450,0,0,1054581856,2452967764,1398385909,1.6188845934755207,65519,0.0003742827947452993,0.00037428320265915855,0.004452022505596219
978,450,0,0,1054581856,2452626361,1398044506,1.6192368571434095,65520,0.0003522634716290214,0.0003522636678887318,0.004227909891679893
979,450,0,0,1054581856,2452242376,1397660521,1.619633160225039,65518,0.0003963024539395264,0.0003963030816263386,0.004687653452683203
980,450,0,0,1054581856,2451901150,1397319295,1.6199854239928477,65520,0.0003522634716290214,0.0003522637678097397,0.004227909891679893
981,450,0,0,1054581856,2451581328,1396999473,1.620315669504322,65521,0.00033024448458043404,0.00033024551147554573,0.0039922782726164955
982,450,0,0,1054581856,2451197630,1396615775,1.6207119726141919,65518,0.0003963024539395264,0.0003963031098689367,0.004668654543719633
983,450,0,0,1054581856,2450750106,1396168251,1.6211743360873392,65515,0.0004623634480924974,0.0004623634731466759,0.005375545368984679
984,450,0,0,1054581856,2450281421,1395699566,1.62165872114846,65514,0.000484384451701118,0.000484385061121977,0.005575095138429974
985,450,0,0,1054581856,2449961970,1395380115,1.621988966378403,65521,0.00033024448458043404,0.0003302452299421981,0.0039922782726164955
986,450,0,0,1054581856,2449557425,1394975570,1.622407289442048,65517,0.000418322449221962,0.0004183230636459141,0.004879723990344825
987,450,0,0,1054581856,2449238140,1394656285,1.6227375343719075,65521,0.00033024448458043404,0.0003302449298577261,0.0039922782726164955
988,450,0,0,1054581856,2448918928,1394337073,1.6230677793831276,65521,0.00033024448458043404,0.00033024501122047725,0.0039922782726164955
989,450,0,0,1054581856,2448599789,1394017934,1.6233980244584565,65521,0.00033024448458043404,0.00033024507532850706,0.0039922782726164955
990,450,0,0,1054581856,2448280723,1393698868,1.6237282695806243,65521,0.00033024448458043404,0.00033024512217028057,0.0039922782726164955
991,450,0,0,1054581856,2447876666,1393294811,1.6241465920465963,65517,0.000418322449221962,0.00041832246596968623,0.00492328406377429
992,450,0,0,1054581856,2447557766,1392975911,1.6244768366613158,65521,0.00033024448458043404,0.00033024461472155284,0.0039922782726164955
993,450,0,0,1054581856,2447196428,1392614573,1.624851120352048,65519,0.0003742827947452993,0.00037428369073120893,0.004452022505596219
994,450,0,0,1054581856,2446495190,1391913335,1.6255777588630593,65503,0.0007266376781842033,0.0007266385110117001,0.007661591789746767
995,450,0,0,1054581856,2446176606,1391594751,1.6259080036798252,65521,0.00033024448458043404,0.0003302448167657817,0.0039922782726164955
996,450,0,0,1054581856,2445858095,1391276240,1.626238248411731,65521,0.00033024448458043404,0.0003302447319053696,0.0039922782726164955
997,450,0,0,1054581856,2445518427,1390936572,1.6265905128678995,65520,0.0003522634716290214,0.00035226445616943185,0.004227909891679893
998,450,0,0,1054581856,2445200066,1390618211,1.6269207582693035,65521,0.00033024448458043404,0.00033024540140288116,0.0039922782726164955
999,450,0,0,1054581856,2444881778,1390299923,1.6272510035329546,65521,0.00033024448458043404,0.00033024526365268357,0.0039922782726164955
1000,450,0,0,1054581856,2444563563,1389981708,1.6275812486414516,65521,0.00033024448458043404,0.0003302451084971691,0.0039922782726164955
1001,450,0,0,1054581856,2444181793,1389599938,1.627977551221747,65518,0.0003963024539395264,0.0003963025802938268,0.004699172121844633
1002,450,0,0,1054581856,2443842535,1389260680,1.6283298149038075,65520,0.0003522634716290214,0.00035226368205966554,0.004227909891679893
1003,450,0,0,1054581856,2443503360,1388921505,1.6286820784058662,65520,0.0003522634716290214,0.00035226350206019324,0.004227909891679893
1004,450,0,0,1054581856,2443185461,1388603606,1.629012322990146,65521,0.00033024448458043404,0.0003302445842810728,0.0039922782726164955
1005,450,0,0,1054581856,2442867634,1388285779,1.629342568365594,65521,0.00033024448458043404,0.00033024537544758405,0.0039922782726164955
1006,450,0,0,1054581856,2442507513,1387925658,1.629716851661751,65519,0.0003742827947452993,0.00037428329615667427,0.004463541174757649
1007,450,0,0,1054581856,2442147485,1387565630,1.6300911353897085,65519,0.0003742827947452993,0.00037428372795843495,0.004463541174757649
1008,450,0,0,1054581856,2441808723,1387226868,1.6304433997555847,65520,0.0003522634716290214,0.0003522643658738671,0.004227909891679893
1009,450,0,0,1054581856,2441491211,1386909356,1.6307736452466735,65521,0.00033024448458043404,0.0003302454910901999,0.0039922782726164955
1010,450,0,0,1054581856,2441173772,1386591917,1.6311038903974833,65521,0.00033024448458043404,0.0003302451508084207,0.0039922782726164955
1011,450,0,0,1054581856,2440856406,1386274551,1.6314341351904638,65521,0.00033024448458043404,0.00033024479298226415,0.0039922782726164955
1012,450,0,0,1054581856,2440539112,1385957257,1.6317643806490025,65521,0.00033024448458043404,0.00033024545853753765,0.0039922782726164955
1013,450,0,0,1054581856,2440221891,1385640036,1.632094625715066,65521,0.00033024448458043404,0.00033024506606351854,0.0039922782726164955
1014,450,0,0,1054581856,2439904743,1385322888,1.632424870371075,65521,0.00033024448458043404,0.000330244656009556,0.0039922782726164955
1015,450,0,0,1054581856,2439587667,1385005812,1.6327551156410927,65521,0.00033024448458043404,0.0003302452700161451,0.0039922782726164955
1016,450,0,0,1054581856,2439270664,1384688809,1.6330853604663353,65521,0.00033024448458043404,0.00033024482524270706,0.0039922782726164955
1017,450,0,0,1054581856,2438911476,1384329621,1.6334596438178934,65519,0.0003742827947452993,0.00037428335155812944,0.004463541174757649
1018,450,0,0,1054581856,2434137634,1379555779,1.6384433562599803,65310,0.004983712203274822,0.004983712442089575,0.03565878973073605
1019,450,0,0,1054581856,2430348570,1375766715,1.64241128908834,65356,0.0039679318989496466,0.0039679328283574195,0.02998856809960588
1020,450,0,0,1054581856,2430012689,1375430834,1.6427635530365343,65520,0.0003522634716290214,0.0003522639481940375,0.004227909891679893
1021,450,0,0,1054581856,2429697877,1375116022,1.643093798429156,65521,0.00033024448458043404,0.0003302453926242841,0.0039922782726164955
1022,450,0,0,1054581856,2429362155,1374780300,1.6434460622312876,65520,0.0003522634716290214,0.0003522638021287383,0.004227909891679893
1023,450,0,0,1054581856,2428963582,1374381727,1.6438643855522947,65517,0.000418322449221962,0.00041832332100741137,0.004904285154810719
1024,450,0,0,1054581856,2428628039,1374046184,1.6442166496393895,65520,0.0003522634716290214,0.0003522640870969689,0.004227909891679893
1025,450,0,0,1054581856,2428292578,1373710723,1.6445689136422814,65520,0.0003522634716290214,0.00035226400289132333,0.004227909891679893
1026,450,0,0,1054581856,2427936238,1373354383,1.644943196692676,65519,0.0003742827947452993,0.00037428305039507624,0.004463541174757649
1027,450,0,0,1054581856,2427621902,1373040047,1.6452734413111472,65521,0.00033024448458043404,0.00033024461847090057,0.0039922782726164955
1028,450,0,0,1054581856,2427286687,1372704832,1.6456257049349325,65520,0.0003522634716290214,0.00035226362378616233,0.004227909891679893
1029,450,0,0,1054581856,2426972499,1372390644,1.6459559502582373,65521,0.00033024448458043404,0.0003302453233040474,0.0039922782726164955
1030,450,0,0,1054581856,2426637442,1372055587,1.6463082144558427,65520,0.0003522634716290214,0.000352264197605003,0.004227909891679893
1031,450,0,0,1054581856,2426323403,1371741548,1.646638459359263,65521,0.00033024448458043404,0.0003302449034186008,0.0039922782726164955
1032,450,0,0,1054581856,2426009436,1371427581,1.646968704134249,65521,0.00033024448458043404,0.0003302447749881829,0.0039922782726164955
1033,450,0,0,1054581856,2425653688,1371071833,1.6473429874436043,65519,0.0003742827947452993,0.00037428330935260847,0.004463541174757649
1034,450,0,0,1054581856,2425318953,1370737098,1.6476952516159535,65520,0.0003522634716290214,0.0003522641723507111,0.004227909891679893
1035,450,0,0,1054581856,2425005216,1370423361,1.6480254962862588,65521,0.00033024448458043404,0.00033024467030651737,0.0039922782726164955
1036,450,0,0,1054581856,2424691550,1370109695,1.6483557418081531,65521,0.00033024448458043404,0.0003302455218927501,0.0039922782726164955
1037,450,0,0,1054581856,2424377956,1369796101,1.648685987111687,65521,0.00033024448458043404,0.00033024530353454115,0.0039922782726164955
1038,450,0,0,1054581856,2424064434,1369482579,1.6490162321794024,65521,0.00033024448458043404,0.0003302450677159038,0.0039922782726164955
1039,450,0,0,1054581856,2423730087,1369148232,1.6493684963541106,65520,0.0003522634716290214,0.00035226417470740666,0.004227909891679893
1040,450,0,0,1054581856,2423395822,1368813967,1.6497207601365815,65520,0.0003522634716290214,0.0003522637824691551,0.004227909891679893
1041,450,0,0,1054581856,2423082525,1368500670,1.6500510049861035,65521,0.00033024448458043404,0.00033024484952479187,0.0039922782726164955
1042,450,0,0,1054581856,2422727536,1368145681,1.650425288548579,65519,0.0003742827947452993,0.00037428356247454664,0.004463541174757649
1043,450,0,0,1054581856,2260560854,1205978999,1.832442361746189,57768,0.18201707280434695,0.1820170731976082,0.5360009218197762
1044,451,1,0,2109163712,3930792633,1821628922,1.2374180435774598,49496,0.404975681386363,0.4049756818312721,1.0931031097614017
1045,451,0,0,2109163712,3930292307,1821128596,1.2378143465649636,65518,0.0003963024539395264,0.0003963029875033571,0.004699172121844633
1046,453,2,0,868972724,2833488519,1964515796,1.1284733779528224,17674,1.890659031206777,1.890659031387861,0.8469234317363437
1047,457,4,3,196794752,3243328895,3046534144,0.4954782365781156,794,6.367004802857042,6.367004858625293,0.13260951315077277
1048,457,0,3,196794752,3215018664,3018223913,0.5089473069510717,64927,0.013469070335611925,0.013469070372955316,0.08767425967333231
1049,457,0,3,196794752,3096566639,2899771888,0.5667077316339011,62964,0.05776042463603502,0.05776042468282934,0.26254923928673446
1050,462,5,0,787179008,3249082507,2461903500,0.8028729328509705,13910,2.2361652005703987,2.2361652012170676,3.749763970627342
1051,462,0,0,787179008,2716814582,1929635575,1.1543187357138045,51367,0.35144580239167295,0.351445802862834,0.927181971395681
1052,462,0,0,787179008,2684367401,1897188394,1.1787841981055571,64434,0.024465461807338138,0.02446546239175355,0.18281774097561176
1053,465,3,0,1391405648,3859232735,2467827088,0.7994058325734414,10656,2.6206216329287377,2.6206216344678834,3.2854743067655714
1054,467,2,3,231293856,2302678015,2071384160,1.0520520046570354,1719,5.252646170521939,5.252646172083597,2.0671423906533186
1055,467,0,3,231293856,2298253061,2066959206,1.0551372303429112,65396,0.003085225654520128,0.0030852256858746544,0.026408779823003697
1056,471,4,0,462587712,2290542143,1827954432,1.2324170392649236,28979,1.177279808852212,1.1772798089220124,1.6456344141010586
1057,472,1,0,925175424,3661082317,2735906894,0.6506280114953533,49044,0.4182109712581851,0.41821097223042913,1.3638400122168295
1058,472,0,0,925175424,3494555025,2569379602,0.7412270952199975,61547,0.09059908365313953,0.09059908372464584,0.3947423538986078
1059,472,0,0,925175424,3143586302,2218410879,0.9531205495864263,56584,0.21189345403475543,0.2118934543664292,0.8466001157040657
1060,472,0,0,925175424,3140167425,2214992002,0.9553456565769061,65435,0.00222510674904286,0.0022251069904796793,0.020054659561003482
1061,474,2,1,100224176,2384434671,2284210496,0.9109515410474955,8448,2.9556058806415466,2.955605884470589,1.9883611871012241
1062,474,0,1,100224176,2369133639,2268909464,0.9206481035280198,65097,0.009696562234005312,0.009696562480522876,0.060673834993498654
1063,474,0,5,911780144,4211558863,3299778720,0.3802778640463913,5957,3.459629756256433,3.4596297605183732,0.7468604400665463
1064,474,0,5,911780144,4207480462,3295700319,0.38206208308874423,65455,0.0017842189647608187,0.0017842190423504867,0.015439697883007223
1065,474,0,5,911780144,4191790482,3280010339,0.3889467836092457,65224,0.00688470032082244,0.0068847005205029165,0.04723693914639016
1066,474,0,5,911780144,4190088816,3278308673,0.3896954465364537,65502,0.0007486627160211863,0.000748662927207405,0.008138249523210277
1067,474,0,5,911780144,3041110057,2129329914,1.0122476507010916,42567,0.6225522037543408,0.6225522041646392,1.4064929066320828
1068,480,6,0,1823560288,4066738649,2243178362,0.937102807915732,34520,0.9248551559336826,0.9248551572146393,1.7301969675279756
1069,480,0,1,1499636928,3813530719,2313893792,0.892324499922438,33801,0.9552216912892547,0.9552216920067047,1.3884230915985247
1070,482,2,1,203151288,2444029755,2240878468,0.9385827382935688,15867,2.046258239237506,2.046258238371132,1.6859268482950465
1071,482,0,1,203151288,2413803061,2210651774,0.9581753589823769,64652,0.019592620168280672,0.01959262068880785,0.13222448150303176
1072,484,2,0,406302576,3482918891,3076616316,0.4813026092381172,45604,0.5231272494141748,0.5231272502557398,1.6822788636892219
1073,484,0,0,406302576,3482026927,3075724352,0.4817209319929532,65517,0.000418322449221962,0.00041832275483720766,0.004904285154810719
1074,484,0,0,406302576,3481276017,3074973442,0.4820731958091322,65520,0.0003522634716290214,0.0003522638161780723,0.004227909891679893
1075,484,0,0,406302576,3480431450,3074128875,0.4824694984131348,65518,0.0003963024539395264,0.0003963026040050547,0.004699172121844633
1076,484,0,0,2074989413,3435259542,1360270130,1.6587539676903837,28999,1.1762844691729448,1.1762844692772465,1.1231171287586166
1077,484,0,1,2002495178,3520511475,1518016298,1.5004598658548574,36568,0.8417058963959652,0.8417058981644734,2.027519246976998
1078,484,0,1,2002495178,3518542612,1516047435,1.5023322518921702,65451,0.0018723857434470804,0.0018723860373131862,0.017546765037190944
1079,484,0,1,2002495178,3376274366,1373779189,1.6444970112427448,59386,0.14216475863579645,0.14216475935057407,0.4798650595017099
1080,484,0,1,2002495178,3375582613,1373087436,1.645223649103233,65503,0.0007266376781842033,0.0007266378604877008,0.008065451016623627
1081,484,0,1,2002495178,3375163579,1372668402,1.6456639929022607,65516,0.0004403427806028656,0.0004403437990302005,0.005158914338864347
1082,484,0,1,2002495178,3374807509,1372312332,1.6460382763496675,65519,0.0003742827947452993,0.0003742834474046865,0.004463541174757649
1083,484,0,1,2002495178,3374451531,1371956354,1.6464125601803765,65519,0.0003742827947452993,0.0003742838307095265,0.004463541174757649
1084,484,0,1,2002495178,3374116580,1371621403,1.6467648244074837,65520,0.0003522634716290214,0.0003522642271090371,0.004227909891679893
1085,484,0,1,2002495178,3373802640,1371307463,1.6470950697074827,65521,0.00033024448458043404,0.00033024529999923136,0.0039922782726164955
1086,484,0,1,2002495178,3373488772,1370993595,1.6474253148552584,65521,0.00033024448458043404,0.00033024514777472215,0.0039922782726164955
1087,484,0,1,2002495178,3373174976,1370679799,1.6477555598333957,65521,0.00033024448458043404,0.0003302449781351234,0.0039922782726164955
1088,484,0,1,2002495178,3372840337,1370345160,1.6481078237021336,65520,0.0003522634716290214,0.00035226386874103463,0.004227909891679893
1089,484,0,1,2002495178,3372463960,1369968783,1.6485041266412246,65518,0.0003963024539395264,0.00039630293908932856,0.004668654543719633
1090,484,0,1,2002495178,3355239010,1352743833,1.666758481755359,64712,0.018254354365424916,0.018254355114132738,0.12973781151305505
1091,491,7,0,480219072,3358762815,2878543744,0.5773080095722669,2179,4.9105495188840935,4.91054952781691,3.720239551706909
1092,491,0,0,480219072,2266659060,1786439989,1.2655596950215724,40672,0.6882516849950411,0.6882516854493055,1.9584321972044392
1093,491,0,0,480219072,2266059363,1785840292,1.26604408024782,65514,0.000484384451701118,0.0004843852262461318,0.005630173881020868
1094,492,1,0,960438144,4045874003,3085435860,0.47717284184351527,56614,0.21112876115608314,0.21112876159569713,0.7189339354629994
1095,492,0,0,960438144,4016119433,3055681290,0.4911530690387913,64904,0.013980226935924123,0.01398022719527577,0.09905232333562221
1096,492,0,0,960438144,4013741507,3053303364,0.492276208943494,65485,0.001123139814249491,0.0011231399047039205,0.011839403463740298
1097,492,0,0,960438144,4011877918,3051439775,0.49315702919452065,65496,0.000880820004703256,0.0008808202510258744,0.00949563765018906
1098,492,0,0,960438144,4010155150,3049717007,0.4939717694167669,65499,0.0008147398470877202,0.0008147402222445795,0.008809065207510198
1099,492,0,0,960438144,4006851165,3046413022,0.4955355953911855,65465,0.0015638255880888565,0.0015638259744195431,0.015387159403149758
1100,492,0,0,960438144,4002899976,3042461833,0.4974079812463046,65451,0.0018723857434470804,0.0018723858551200144,0.018278366819945005
1101,492,0,0,960438144,4000393064,3039954921,0.49859721567775495,65482,0.0011892340994270377,0.0011892344314490659,0.01227646049142806
1102,492,0,0,960438144,3997517130,3037078987,0.4999627160492466,65474,0.0013655003314663333,0.0013655003714916109,0.014201028774887976
1103,492,0,0,960438144,3946448083,2986009940,0.5244281780078488,64434,0.024465461807338138,0.024465461958603163,0.1477219474039764
1104,492,0,0,960438144,3944443315,2984005172,0.5253971098802772,65492,0.0009689315899683129,0.0009689318724288406,0.010337482427573293
1105,492,0,0,960438144,3930965752,2970527609,0.5319279485615738,65240,0.006530838400753308,0.006530838681293839,0.05553501106634082
1106,492,0,0,960438144,3928926052,2968487909,0.5329189091615838,65491,0.0009909603271466795,0.0009909606000117874,0.010530166553736755
1107,492,0,0,960438144,3922584677,2962146534,0.5360041351485982,65396,0.003085225654520128,0.0030852259870142603,0.025686293204963705
1108,492,0,0,960438144,3920415136,2959976993,0.5370611837452586,65488,0.001057048556915173,0.001057048596659243,0.011142429770440214
1109,492,0,0,960438144,3916169563,2955731420,0.5391319647022677,65442,0.002070780697928415,0.0020707809570085847,0.01869007805922816
1110,492,0,0,960438144,3912741895,2952303752,0.5408059832333976,65460,0.0016740180678742555,0.0016740185311300995,0.015872739041745836
1111,492,0,0,960438144,3817554245,2857116102,0.5880874830764071,63423,0.04728149982433461,0.04728149984301131,0.21694746047852795
1112,492,0,0,960438144,3726263944,2765825801,0.6349368514007949,63442,0.04684936793639338,0.0468493683243888,0.26198022241696606
1113,492,0,0,960438144,3721115159,2760677016,0.6376250355857032,65414,0.0026881839772797777,0.0026881841849081263,0.02543771094435888
1114,492,0,0,960438144,3715259841,2754821698,0.6406882006240586,65397,0.003063164916699035,0.0030631650383539525,0.028108883906842734
1115,492,0,0,960438144,3709164730,2748726587,0.6438837354147502,65391,0.003195534403982369,0.003195534790691335,0.02954513917836964
1116,492,0,0,960438144,3704634968,2744196825,0.6462631848135629,65428,0.002379449310284077,0.0023794493988142694,0.022963260980017434
1117,492,0,0,960438144,3693203606,2732765463,0.6522854987711071,65263,0.006022313902711105,0.00602231395754481,0.05089799716187054
1118,492,0,0,960438144,3689200531,2728762388,0.6544003712546207,65440,0.00211487217088883,0.002114872483513321,0.020020134038467835
1119,492,0,0,960438144,3685203320,2724765177,0.6565152436747361,65440,0.00211487217088883,0.002114872420114337,0.020053611901646187
1120,492,0,0,960438144,3680047819,2719609676,0.6592475382539966,65412,0.0027322943235718405,0.002732294579259801,0.025173662109051358
1121,492,0,0,960438144,3678387900,2717949757,0.660128358781467,65496,0.000880820004703256,0.0008808205274713994,0.009552634377079771
1122,492,0,0,960438144,3675609234,2715171091,0.661604036617522,65469,0.0014756776637093812,0.001475677836054695,0.014052604809204835
1123,492,0,0,960438144,3673247711,2712809568,0.6628593681855719,65479,0.0012553314127252556,0.0012553315680497055,0.012999968092168843
1124,492,0,0,960438144,3666086516,2705648373,0.6666727876643819,65363,0.0038134193140021496,0.0038134194788096627,0.03461656584654593
1125,492,0,0,960438144,3664187409,2703749266,0.6676857774818892,65490,0.00101298940069043,0.0010129898175091688,0.010746789182035957
1126,492,0,0,960438144,3662207123,2701768980,0.6687428265156861,65488,0.001057048556915173,0.001057049033796247,0.010503439263475915
1127,492,0,0,960438144,3660269514,2699831371,0.6697778453374177,65489,0.0010350188106098368,0.0010350188217316206,0.010718674230279168
1128,492,0,0,960438144,3657262194,2696824051,0.6713857471803948,65463,0.0016079015700331673,0.0016079018429744172,0.015256854928619308
1129,492,0,0,960438144,3652447612,2692009469,0.6739636614535769,65419,0.002577914011629573,0.0025779142731853933,0.024281401802466164
1130,492,0,0,960438144,3646655782,2686217639,0.6770709484762456,65395,0.003107286729684582,0.0031072870226670013,0.027768754029724372
1131,492,0,0,960438144,3571442016,2611003873,0.7180425483577189,63701,0.040971599872948704,0.04097159988147255,0.19266327276037273
1132,492,0,0,960438144,3550605299,2590167156,0.7296019410167212,65013,0.011559392151334863,0.011559392659004452,0.07679417591878669
1133,492,0,0,960438144,3546969200,2586531057,0.7316286316377827,65444,0.002026690572445132,0.002026690621059544,0.019822374688694407
1134,492,0,0,960438144,3542272587,2581834444,0.7342506529123476,65417,0.0026220209864989156,0.002622021274563628,0.024922809451403995
1135,492,0,0,960438144,3539396703,2578958560,0.7358585546480789,65463,0.0016079015700331673,0.0016079017357323788,0.016093340897676736
1136,492,0,0,960438144,3537743928,2577305785,0.7367834297973452,65494,0.0009248751246666447,0.0009248751492658249,0.009734965493727512
1137,492,0,0,960438144,3535384334,2574946191,0.7381048615969412,65476,0.0013214317544216249,0.0013214317995957387,0.013288131015587535
1138,492,0,0,960438144,3532437541,2571999398,0.7397568410238193,65461,0.0016519788985902288,0.0016519794268782765,0.016207863860983805
1139,492,0,0,960438144,3530514506,2570076363,0.7408359201024801,65487,0.0010790786396167112,0.0010790790786628867,0.01113505802343158
1140,492,0,0,960438144,3528239963,2567801820,0.7421132848059173,65478,0.0012773645234549914,0.0012773647034367017,0.012851658004849685
1141,492,0,0,960438144,3525105439,2564667296,0.7438754630832243,65456,0.0017621781119536897,0.0017621782773059467,0.01730258396016399
1142,492,0,0,960438144,3524009694,2563571551,0.744491981131155,65508,0.0006165175324262582,0.0006165180479301519,0.006904793205768618
1143,492,0,0,960438144,3519706824,2559268681,0.7469155315013793,65426,0.002423550217891068,0.002423550370225265,0.022142284996367362
1144,492,0,0,960438144,3517910462,2557472319,0.7479285210803006,65490,0.00101298940069043,0.0010129895789201175,0.010624826827838276
1145,492,0,0,960438144,3515022691,2554584548,0.7495584612208184,65462,0.0016299400659799616,0.0016299401405200893,0.016009905660109697
1146,492,0,0,960438144,3513736355,2553298212,0.7502850991232712,65503,0.0007266376781842033,0.0007266379024519354,0.008027208868389427
1147,492,0,0,960438144,3510268893,2549830750,0.7522456574548322,65447,0.0019605579105596736,0.001960558331560152,0.017652835309578625
1148,492,0,0,960438144,3509179487,2548741344,0.7528621754244327,65508,0.0006165175324262582,0.0006165179696025403,0.006914788048787013
1149,492,0,0,960438144,3506690481,2546252338,0.7542717461217592,65472,0.0014095702546713536,0.0014095706973240069,0.013426215895294517
1150,492,0,0,960438144,3504825550,2544387407,0.7553287947287863,65488,0.001057048556915173,0.0010570486070270381,0.010807130569221998
1151,492,0,0,960438144,3502301972,2541863829,0.7567604006781252,65471,0.0014316057211096818,0.0014316059493394459,0.013977839599397003
1152,492,0,0,960438144,3501293542,2540855399,0.7573328725829889,65510,0.0005724718275307164,0.0005724719048648837,0.006445056365093589
1153,492,0,0,960438144,3499781497,2539343354,0.7581916657104131,65497,0.0008587929491977406,0.0008587931274253681,0.008827208265852714
1154,492,0,0,960438144,3498502835,2538064692,0.7589183039276541,65503,0.0007266376781842033,0.000726638217239142,0.007917295713514698
1155,492,0,0,960438144,3277599499,2317161356,0.8902886359518227,59832,0.13137033178734311,0.13137033202416712,0.45396173692869274
1156,492,0,0,960438144,3250869549,2290431406,0.907027788442889,64780,0.016739152317451034,0.016739152491067617,0.10366827529506213
1157,492,0,0,960438144,3249226936,2288788793,0.9080628073447343,65489,0.0010350188106098368,0.0010350189018470295,0.010986204482211407
1158,492,0,0,960438144,3244162934,2283724791,0.9112583423279226,65391,0.003195534403982369,0.0031955349831860385,0.02940500058585292
1159,492,0,0,960438144,3242943293,2282505150,0.9120290306580969,65501,0.0007706880901105886,0.0007706883301735192,0.008455143930263266
1160,492,0,0,960438144,3241306364,2280868221,0.9130640498247864,65489,0.0010350188106098368,0.0010350191666918913,0.01094480672338882
1161,492,0,0,960438144,3240366675,2279928532,0.9136585444944174,65509,0.0005944945118882062,0.0005944946696295301,0.006693726783337312
1162,492,0,0,960438144,3239705684,2279267541,0.9140768675624251,65517,0.000418322449221962,0.00041832306800800327,0.00492328406377429
1163,492,0,0,960438144,3239010106,2278571963,0.9145172108163102,65516,0.0004403427806028656,0.0004403432538866678,0.005147395669702917
1164,492,0,0,960438144,3237549839,2277111696,0.9154420862857755,65494,0.0009248751246666447,0.0009248754694646676,0.0094715189371052
1165,492,0,0,960438144,3236611697,2276173554,0.916036581361702,65509,0.0005944945118882062,0.0005944950759241271,0.006698159370853384
1166,492,0,0,960438144,3235604479,2275166336,0.916675122306799,65507,0.0006385408891551363,0.0006385409450998661,0.007054429977745949
1167,492,0,0,960438144,3234007529,2273569386,0.91768811232469,65490,0.00101298940069043,0.0010129900178900814,0.01056698663281578
1168,492,0,0,960438144,3233070847,2272632704,0.9182826070121948,65509,0.0005944945118882062,0.0005944946875038453,0.006583175139998742
1169,492,0,0,960438144,3231614386,2271176243,0.9192074826653815,65494,0.0009248751246666447,0.0009248756531890434,0.009634590331362717
1170,492,0,0,960438144,3230124203,2269686060,0.9201543863844748,65493,0.0009469031891450585,0.0009469037190909286,0.009821975885760757
1171,492,0,0,960438144,3229431549,2268993406,0.9205947296632182,65516,0.0004403427806028656,0.00044034327874243175,0.005147395669702917
1172,492,0,0,960438144,3228081287,2267643144,0.9214535228803307,65497,0.0008587929491977406,0.0008587932171130166,0.008978802860496207
1173,492,0,0,960438144,3225555378,2265117235,0.92306142467109,65463,0.0016079015700331673,0.0016079017907620723,0.016119096401409308
1174,492,0,0,960438144,3221200446,2260762303,0.9258378311954445,65410,0.0027764060185773093,0.0027764065243535154,0.024858742738524897
1175,492,0,0,960438144,3220441523,2260003380,0.9263222157159348,65514,0.000484384451701118,0.0004843845204892834,0.0056111749720572975
1176,492,0,0,960438144,3218786247,2258348104,0.9273792643283727,65488,0.001057048556915173,0.0010570486124382252,0.010644803102822353
1177,492,0,0,960438144,3218097053,2257658910,0.9278196076540794,65516,0.0004403427806028656,0.00044034332570666346,0.005147395669702917
1178,492,0,0,960438144,3217339171,2256901028,0.92830399267865,65514,0.000484384451701118,0.0004843850245722256,0.005557620055609438
1179,492,0,0,960438144,3216615981,2256177838,0.9287663566951139,65515,0.0004623634480924974,0.00046236401646381956,0.00536402669982325
1180,492,0,0,960438144,3215927450,2255489307,0.9292066995816732,65516,0.0004403427806028656,0.0004403428865584201,0.005086360513452917
1181,492,0,0,960438144,3213759239,2253321096,0.9305942351925474,65473,0.0013875351247936642,0.0013875356108742855,0.013675472064300778
1182,492,0,0,960438144,3213209111,2252770968,0.9309464991632446,65520,0.0003522634716290214,0.00035226397069783663,0.004227909891679893
1183,492,0,0,960438144,3205337337,2244899194,0.9359964830435423,65307,0.005049983594034493,0.005049983880295088,0.0371268854947287
1184,492,0,0,960438144,3201295312,2240857169,0.9385964508211089,65418,0.0025999673305059927,0.002599967777568439,0.022658889826475716
1185,492,0,0,960438144,3200679842,2240241699,0.938992753401596,65518,0.0003963024539395264,0.00039630258048544434,0.004699172121844633
1186,492,0,0,960438144,3199996174,2239558031,0.9394330964974102,65516,0.0004403427806028656,0.00044034309581596177,0.005115354265434883
1187,492,0,0,960438144,3198868466,2238430323,0.9401597347308979,65503,0.0007266376781842033,0.0007266382334875749,0.008016328687691839
1188,492,0,0,960438144,3197809638,2237371495,0.9408423234581775,65505,0.0006825886112264284,0.0006825887272788392,0.007517320412710834
1189,492,0,0,960438144,3197092706,2236654563,0.941304687439299,65515,0.0004623634480924974,0.0004623639811207823,0.0053394655353573555
1190,492,0,0,960438144,3195932332,2235494189,0.9420533503061996,65502,0.0007486627160211863,0.0007486628669028485,0.008064416201962875
1191,492,0,0,960438144,3193510455,2233072312,0.9436171763246222,65465,0.0015638255880888565,0.0015638260184230321,0.015415264203643524
1192,492,0,0,960438144,3192249717,2231811574,0.9444319166651312,65499,0.0008147398470877202,0.0008147403405062529,0.008631214971603782
1193,492,0,0,960438144,3190751308,2230313165,0.9454008484817997,65492,0.0009689315899683129,0.0009689318166686007,0.010065078335089378
1194,492,0,0,960438144,3189900511,2229462368,0.9459512979914244,65511,0.0005504494793435254,0.0005504495096271377,0.0061654738745311535
1195,492,0,0,960438144,3189254151,2228816008,0.9463696210724528,65517,0.000418322449221962,0.0004183230810271395,0.00492328406377429
1196,492,0,0,960438144,3188029825,2227591682,0.9471623353912229,65500,0.0007927138004626774,0.0007927143187707696,0.008736246886368579
1197,492,0,0,960438144,3186806172,2226368029,0.947955049413725,65500,0.0007927138004626774,0.0007927140225020183,0.008474739136850361
1198,492,0,0,960438144,3185820993,2225382850,0.9485935904819591,65507,0.0006385408891551363,0.0006385410682324018,0.007057585588334336
1199,492,0,0,960438144,3185277686,2224839543,0.9489458543686844,65520,0.0003522634716290214,0.0003522638867249769,0.004227909891679893
1200,492,0,0,960438144,3184734512,2224296369,0.94929811802416,65520,0.0003522634716290214,0.0003522636554749861,0.004227909891679893
1201,492,0,0,960438144,3183648429,2223210286,0.9500027315124733,65504,0.0007046129765893727,0.0007046134883143312,0.007711196607956529
1202,492,0,0,960438144,3182936035,2222497892,0.9504650953288127,65515,0.0004623634480924974,0.0004623638163396211,0.00536402669982325
1203,492,0,0,960438144,3181816918,2221378775,0.9511917332178399,65503,0.0007266376781842033,0.0007266378890285853,0.007889825787675768
1204,492,0,0,960438144,3181139006,2220700863,0.951632076646078,65516,0.0004403427806028656,0.00044034342823815164,0.005139915429900777
1205,492,0,0,960438144,3180020794,2219582651,0.9523587144547143,65503,0.0007266376781842033,0.000726637808635436,0.0079141426218346
1206,492,0,0,960438144,3179241826,2218803683,0.9528651207013006,65513,0.0005064057914389884,0.0005064062465861949,0.005762731744540642
1207,492,0,0,960438144,3177752150,2217314007,0.9538340527309259,65492,0.0009689315899683129,0.000968932029625611,0.010239818226358048
1208,492,0,0,960438144,3087856469,2127418326,1.0135433997366086,62879,0.05970934665989669,0.05970934700568412,0.268112892015964
1209,492,0,0,960438144,3064678724,2104240581,1.0293474864531547,64822,0.01580408659564863,0.015804086716543254,0.09619644428098474
1210,492,0,0,960438144,3063137532,2102699389,1.0304045351254807,65488,0.001057048556915173,0.0010570486723286644,0.011173651048289025
1211,492,0,0,960438144,3062239161,2101801018,1.0310210532754844,65508,0.0006165175324262582,0.0006165181500016142,0.0068219583374843264
1212,492,0,0,960438144,3061244961,2100806818,1.0317036425116832,65505,0.0006825886112264284,0.0006825892361985517,0.007537596298602091
1213,492,0,0,960438144,3059257503,2098819360,1.0330691431029742,65474,0.0013655003314663333,0.0013655005912910744,0.013812789338883516
1214,492,0,0,960438144,3057592180,2097154037,1.0342143140239557,65484,0.001145170906201281,0.0011451709209809643,0.011852287912966266
1215,492,0,0,960438144,3056728179,2096290036,1.0348088086464955,65509,0.0005944945118882062,0.0005944946225404225,0.006583175139998742
1216,492,0,0,960438144,3055832547,2095394404,1.0354253263653348,65508,0.0006165175324262582,0.0006165177188410542,0.006872357643343801
1217,492,0,0,960438144,3055257029,2094818886,1.0358216293276428,65518,0.0003963024539395264,0.00039630296230741373,0.004687653452683203
1218,492,0,0,960438144,3054489883,2094051740,1.0363500570787139,65512,0.0005284274673163702,0.000528427751070567,0.0060593958318253035
1219,492,0,0,960438144,3053818876,2093380733,1.0368124208234804,65515,0.0004623634480924974,0.0004623637447670346,0.00536402669982325
1220,492,0,0,960438144,3052956429,2092518286,1.0374069158277273,65509,0.0005944945118882062,0.0005944950042456381,0.0067127256923008825
1221,492,0,0,960438144,3052381701,2091943558,1.0378032187558368,65518,0.0003963024539395264,0.0003963029281113742,0.004699172121844633
1222,492,0,0,960438144,3051679449,2091241306,1.038287603510664,65514,0.000484384451701118,0.00048438475482668074,0.005588137633734438
1223,492,0,0,960438144,3050626425,2090188282,1.039014241375959,65503,0.0007266376781842033,0.0007266378652949409,0.007823735717713961
1224,492,0,0,960438144,3049573931,2089135788,1.03974087940691,65503,0.0007266376781842033,0.0007266380309508177,0.00789514371287103
1225,492,0,0,960438144,3048936377,2088498234,1.0401812224318832,65516,0.0004403427806028656,0.0004403430249734697,0.005147395669702917
1226,492,0,0,960438144,3048299017,2087860874,1.0406215658480598,65516,0.0004403427806028656,0.00044034341617709387,0.005147395669702917
1227,492,0,0,960438144,3047693710,2087255567,1.0410398887502232,65517,0.000418322449221962,0.0004183229021630595,0.00492328406377429
1228,492,0,0,960438144,3047024881,2086586738,1.0415022523084296,65515,0.0004623634480924974,0.0004623635582042429,0.00538302560878682
1229,492,0,0,960438144,3046324427,2085886284,1.0419866372361852,65514,0.000484384451701118,0.0004843849277565223,0.005575095138429974
1230,492,0,0,960438144,3045528724,2085090581,1.0425370870819641,65511,0.0005504494793435254,0.0005504498457805552,0.0062704632623674
1231,492,0,0,960438144,3044828772,2084390629,1.043021472183078,65514,0.000484384451701118,0.00048438510111256265,0.005546101386448008
1232,492,0,0,960438144,3043906418,2083468275,1.0436600137431995,65507,0.0006385408891551363,0.0006385415601233381,0.00709622189472532
1233,492,0,0,960438144,2216286032,1255847889,1.773985413531765,39503,0.7303253995462955,0.730325399788564,1.0845831541429782
1234,493,1,0,1920876288,3965499975,2044623688,1.0708118057385114,53349,0.2968263917356601,0.29682639220674484,1.0736247860158872
1235,493,0,0,1920876288,3944253809,2023377522,1.0858816228037895,64855,0.015069817027767779,0.015069817065280974,0.11228185673635346
1236,493,0,0,1920876288,3935145893,2014269606,1.0923903478689816,65241,0.006508724912338639,0.006508725065190397,0.047052461272236244
1237,493,0,0,1920876288,3371982715,1451106428,1.5654938116421313,47213,0.47310346312583257,0.473103463773151,0.9643956121788727
1238,493,0,0,1920876288,3371052745,1450176458,1.566418687433874,65494,0.0009248751246666447,0.00092487579173954,0.009746484162888942
1239,493,0,0,1920876288,3311440083,1390563796,1.6269772121442827,62842,0.06055852409332522,0.06055852471041104,0.3320425258318014
1240,497,4,1,1646589344,3322327359,1675738016,1.357850529530964,2468,4.730873320850582,4.7308733173866795,3.6191569118738385
1241,497,0,1,1646589344,3226517569,1579928226,1.4427881258049382,61789,0.08493759555657195,0.08493759627397514,0.4155560340223734
1242,497,0,2,1145695040,4070355875,2924660836,0.5543778165627096,60658,0.11158968987470859,0.11158969075777044,0.46176619793808715
1243,497,0,2,1145695040,4009574196,2863879157,0.5846765274600862,64174,0.03029871046452509,0.03029871089737855,0.19126052239396849
1244,497,0,2,1145695040,3966923651,2821228612,0.606323569762246,64560,0.021647041834857324,0.021647042302157672,0.14520250321097475
1245,497,0,2,1145695040,3945657676,2799962637,0.6172395701915185,65042,0.010916000403548237,0.010916000429273298,0.08413583529180578
1246,497,0,2,1145695040,3943265129,2797570090,0.618472869243277,65480,0.0012332986384842029,0.0012332990517583782,0.012951272525894134
1247,497,0,2,1145695040,3942283315,2796588276,0.6189792754301386,65513,0.0005064057914389884,0.0005064061868637762,0.005823766900790642
1248,497,0,2,1145695040,3940491067,2794796028,0.6199041510064269,65494,0.0009248751246666447,0.0009248755762852316,0.009438046973046966
1249,497,0,2,1145695040,3937548547,2791853508,0.621423902469953,65467,0.0015197509526750181,0.0015197514635288069,0.014775054300790728
1250,497,0,2,1145695040,3936526139,2790831100,0.6219523303040262,65512,0.0005284274673163702,0.0005284278340719518,0.0059961983609684265
1251,497,0,2,1145695040,3934439488,2788744449,0.6230314092281048,65487,0.0010790786396167112,0.0010790789240775996,0.01076209713062749
1252,497,0,2,1145695040,3932609714,2786914675,0.6239783128718912,65493,0.0009469031891450585,0.000946903643786624,0.009795644045936481
1253,497,0,2,1145695040,3930015692,2784320653,0.6253217789886385,65475,0.00134346587467908,0.0013434661167473982,0.013051425279048127
1254,497,0,2,1145695040,3919819205,2774124166,0.6306147838520424,65296,0.005293004741899457,0.00529300486340624,0.04115942894608363
1255,497,0,2,1145695040,3917872035,2772176996,0.6316277734233395,65490,0.00101298940069043,0.0010129895712942937,0.0107749628075987
1256,497,0,2,1145695040,3914657230,2768962191,0.6333017915610455,65460,0.0016740180678742555,0.0016740181377087311,0.015858343506631727
1257,497,0,2,1145695040,3907854817,2762159778,0.6368503708561803,65375,0.0035485790909715823,0.0035485792951332217,0.029376184336023264
1258,497,0,2,1145695040,3898160957,2752465918,0.6419224460703425,65306,0.005072074734134133,0.0050720752141643856,0.04006293680818222
1259,497,0,2,1145695040,3896522984,2750827945,0.6427812392414225,65497,0.0008587929491977406,0.0008587931710778499,0.009270894276894339
1260,497,0,2,1145695040,3891234221,2745539182,0.6455576456680987,65410,0.0027764060185773093,0.0027764064266784082,0.023566462683197006
1261,497,0,2,1145695040,3890103093,2744408054,0.6461521405545376,65509,0.0005944945118882062,0.00059449488643578,0.006730200775121419
1262,497,0,2,1145695040,3888553668,2742858629,0.6469668805525259,65499,0.0008147398470877202,0.0008147399979897549,0.008425463803779417
1263,497,0,2,1145695040,3887549203,2741854164,0.6474953081093169,65512,0.0005284274673163702,0.0005284275567892846,0.0060593958318253035
1264,497,0,2,1145695040,3880562361,2734867322,0.6511763014915708,65369,0.0036809931252891866,0.0036809933822551117,0.02916658997159114
1265,497,0,2,1145695040,3879811207,2734116168,0.6515726040803571,65518,0.0003963024539395264,0.0003963025887863608,0.004699172121844633
1266,497,0,2,1145695040,3878434470,2732739431,0.6522992417785822,65503,0.0007266376781842033,0.0007266376982264425,0.008040889852157732
1267,497,0,2,1145695040,3874306338,2728611299,0.6544802541300072,65437,0.002181011907029251,0.0021810123514255896,0.019590602568217465
1268,497,0,2,1145695040,3872432749,2726737710,0.6554712146206327,65491,0.0009909603271466795,0.00099096049062295,0.010575421103963251
1269,497,0,2,1145695040,3863570518,2717875479,0.6601677862823898,65323,0.004696571349226168,0.004696571661758345,0.03739522609264974
1270,497,0,2,1145695040,3861123700,2715428661,0.661467184343767,65477,0.0012993979706836883,0.001299398061375856,0.013410235577535436
1271,497,0,2,1145695040,3844135697,2698440658,0.6705211849772184,65126,0.009054000522519524,0.00905400063345144,0.06508419755606024
1272,497,0,2,1145695040,3594533230,2448838191,0.810549696225408,59474,0.14002851117163473,0.1400285112481891,0.6741916819642205
1273,505,8,0,281300992,2416860095,2135559104,1.0080333192733342,893,6.197483634878777,6.197483623047927,3.4601214700260594
1274,506,1,0,562601984,3166227049,2603625066,0.7221254372827524,39950,0.7140921172972985,0.7140921180094165,2.2145605084056457
1275,506,0,0,562601984,3149938501,2587336518,0.7311794378449861,65126,0.009054000522519524,0.009054000562236132,0.06845054405538092
1276,506,0,0,562601984,3098812390,2536210407,0.7599727078930592,64241,0.028793269877202696,0.028793270048073156,0.1666882045261988
1277,506,0,0,562601984,3093046164,2530444181,0.7632564956871342,65387,0.0032837874765994056,0.0032837877940728095,0.029075900908207244
1278,506,0,0,562601984,3092312545,2529710562,0.7636748182698874,65517,0.000418322449221962,0.0004183225827556268,0.004934802732935719
1279,506,0,0,562601984,2950765172,2388163189,0.8467457231811117,61869,0.08307090485523304,0.0830709049112224,0.32663869538726187
1280,506,0,0,562601984,2949854160,2387252177,0.847296172685418,65511,0.0005504494793435254,0.0005504495043058182,0.006241469510385434
1281,506,0,0,562601984,2948943495,2386341512,0.8478466225062213,65511,0.0005504494793435254,0.000550449820803521,0.0062203082868149875
1282,506,0,0,562601984,2948215241,2385613258,0.8482869655074019,65516,0.0004403427806028656,0.00044034300118236914,0.005147395669702917
1283,506,0,0,562601984,2947232398,2384630415,0.8488814603966937,65509,0.0005944945118882062,0.0005944948892915299,0.006722720535319278
1284,506,0,0,562601984,2945995254,2383393271,0.8496301234366683,65502,0.0007486627160211863,0.0007486630399757478,0.008226360447142428
1285,506,0,0,562601984,2945195164,2382593181,0.8501145083159543,65514,0.000484384451701118,0.0004843848792829783,0.005630173881020868
1286,506,0,0,562601984,2943050190,2380448207,0.8514139064566564,65477,0.0012993979706836883,0.0012993981407035677,0.013002936422779875
1287,506,0,0,562601984,2942287412,2379685429,0.8518762699663682,65515,0.0004623634480924974,0.00046236350971141097,0.00539454427794825
1288,506,0,0,562601984,2941052833,2378450850,0.8526249332817564,65502,0.0007486627160211863,0.0007486633153895521,0.00800476598094288
1289,506,0,0,562601984,2939855187,2377253204,0.8533515714248594,65503,0.0007266376781842033,0.0007266381431004686,0.007935303845405048
1290,506,0,0,562601984,2926578901,2363976918,0.8614311969828563,65170,0.008079625496239836,0.008079625557998269,0.0650226603398276
1291,507,1,0,1125203968,4013442977,2888239010,0.5724570117270318,40035,0.711025814249515,0.7110258147441743,2.138065536490865
1292,507,0,0,1125203968,3999075821,2873871854,0.5796514125832957,65210,0.007194400715658276,0.0071944008562647935,0.05288399729410993
1293,507,0,0,1125203968,3997891822,2872687855,0.5802459072362325,65509,0.0005944945118882062,0.0005944946529358437,0.006724244361462312
1294,507,0,0,1125203968,3996708311,2871504344,0.5808404017850002,65509,0.0005944945118882062,0.0005944945487706759,0.006617134528566593
1295,507,0,0,1125203968,3995919628,2870715661,0.5812367046292302,65518,0.0003963024539395264,0.00039630284423015764,0.004687653452683203
1296,507,0,0,1125203968,3994999751,2869795784,0.5816990683089145,65515,0.0004623634480924974,0.0004623636796831456,0.00538302560878682
1297,507,0,0,1125203968,3980987076,2855783109,0.5887607322812372,65216,0.007061663834186175,0.007061663972322262,0.05793636110479827
1298,507,0,0,1125203968,3593336829,2468132862,0.7992270877544101,56640,0.2104663550296402,0.21046635547317427,0.9357177929750121
1299,507,0,0,1125203968,3591227828,2466023861,0.8004603868326683,65480,0.0012332986384842029,0.001233299078255578,0.012635088660334899
1300,507,0,0,1125203968,3574746528,2449542561,0.8101347872322506,65098,0.009674400168781343,0.009674400399582693,0.07036470275818404
1301,507,0,0,1125203968,3573812101,2448608134,0.810685237105794,65511,0.0005504494793435254,0.0005504498735422691,0.006306543095994724
1302,507,0,0,1125203968,3572952756,2447748789,0.8111916433184696,65513,0.0005064057914389884,0.0005064062126756346,0.005810724405486178
1303,507,0,0,1125203968,3572280461,2447076494,0.8115879461944786,65518,0.0003963024539395264,0.00039630287601159195,0.004699172121844633
1304,507,0,0,1125203968,3571496333,2446292366,0.8120503096986695,65515,0.0004623634480924974,0.00046236350419125947,0.00536402669982325
1305,507,0,0,1125203968,3570712456,2445508489,0.8125126733572792,65515,0.0004623634480924974,0.00046236365860665503,0.005350984204518786
1306,507,0,0,1125203968,3570115408,2444911441,0.8128649368460508,65520,0.0003522634716290214,0.00035226348877249965,0.004227909891679893
1307,507,0,0,1125203968,3569518505,2444314538,0.8132172007855658,65520,0.0003522634716290214,0.0003522639395147972,0.004227909891679893
1308,507,0,0,1125203968,3568623370,2443419403,0.8137456284190883,65512,0.0005284274673163702,0.0005284276335219911,0.005880722950591376
1309,507,0,0,1125203968,3567616712,2442412745,0.8143401230644329,65509,0.0005944945118882062,0.000594494645345561,0.006636730056446601
1310,507,0,0,1125203968,3566685005,2441481038,0.8148905728262363,65511,0.0005504494793435254,0.0005504497618056128,0.0061959914526561535
1311,507,0,0,1125203968,3507376566,2382172599,0.8503691993523148,63944,0.03547862610276203,0.035478626526076085,0.2025028182137119
1312,510,3,0,411697152,3781401255,3369704104,0.3500252330736444,11588,2.4996560307295965,2.4996560337213296,3.4466889778575136
1313,510,0,0,411697152,3771374822,3359677671,0.35432431918718876,65341,0.004299086029623652,0.004299086113546059,0.038978991786244886
1314,510,0,0,411697152,2988871770,2577174619,0.7368568542835945,50272,0.3825325347058037,0.3825325350964043,1.337827665147354
1315,511,1,0,823394304,2369400207,1546005904,1.4741013172715114,19657,1.7372444623212122,1.7372444629879167,2.9939641502246026
1316,511,0,0,823394304,2179971077,1356576774,1.662676448313018,57506,0.18857513015613817,0.1885751310415078,0.7333838825956667
1317,515,4,0,593065184,3761943727,3168878544,0.43867478049580555,9568,2.7759983258018948,2.775998332182787,2.9793171639878087
1318,515,0,0,593065184,3716975205,3123910022,0.4592942458897511,64606,0.02061946531028395,0.020619465393944325,0.14625934073013544
1319,516,1,3,889265568,2973651823,2084386256,1.0430244989247761,2733,4.583730255476793,4.583730253035026,3.756768954071847
1320,516,0,3,889265568,2972061562,2082795995,1.0441256083227337,65486,0.001101109058724726,0.0011011093979582806,0.011752821729106449
1321,524,8,1,2043737984,3398369023,1354631040,1.6647471868673378,666,6.620621632928738,6.620621578544605,2.921540420650489
1322,524,0,2,1939992320,3889300101,1949307782,1.1396852460243068,47153,0.47493805851226634,0.47493805915696835,1.5599175922351096
1323,528,4,0,1456283364,3265793987,1809510624,1.2470475679263195,15209,2.1073623222513125,2.107362321902014,2.260724615123694
1324,530,2,0,1530166160,3713749807,2183583648,0.9759493475526391,19771,1.7289017772764421,1.7289017796263169,2.452495865099167
1325,530,0,0,1530166160,3711983908,2181817749,0.9771165501245385,65483,0.0011672023345903715,0.0011672025718989553,0.011032267226640701
1326,530,0,0,1530166160,3608779027,2078612868,1.0470260580548825,62436,0.06990950730215137,0.06990950793034405,0.31797664261893954
1327,530,0,1,912848672,3073228261,2160379590,0.9913623222838872,34057,0.9443362634065681,0.9443362642290052,2.0287719196708474
1328,530,0,1,912848672,3070755902,2157907231,0.9930143016943234,65461,0.0016519788985902288,0.0016519794104377366,0.015116320322826147
1329,533,3,0,700678600,3643435023,2942756424,0.5454790126481228,22343,1.5524647106121723,1.5524647109537992,0.9804145197879967
1330,535,2,1,67047872,3496192503,3429144632,0.324798391501421,9546,2.779319378947796,2.7793193788532995,3.5693756836772454
1331,535,0,1,67047872,3243726334,3176678463,0.4351280752607458,60711,0.11032968374419024,0.11032968375932495,0.5301132374061863
1332,535,0,1,67047872,3233934936,3166887065,0.43958172596988376,65334,0.004453650641001229,0.004453650709137179,0.03882660046569443
1333,535,0,1,67047872,3211078222,3144030351,0.4500320012461536,65063,0.010450275087507045,0.010450275276267776,0.07966238171848962
1334,535,0,1,67047872,2347976262,2280928391,0.9130259915911587,47545,0.46299399028980975,0.4629939903450052,0.897426818094147
1335,535,0,1,67047872,2238308211,2171260340,0.9841144266434334,62385,0.07108843474512525,0.07108843505227752,0.309841904471283
1336,535,0,1,67047872,2237744987,2170697116,0.9844887096641699,65519,0.0003742827947452993,0.000374283020734865,0.004463541174757649
1337,535,0,1,67047872,2177661299,2110613428,1.0249847817189348,63722,0.04049607196773596,0.040496072054764166,0.26802465379866997
1338,537,2,0,134095744,4261862513,4127766770,0.05728568912617149,64085,0.03230090725769644,0.03230090740723654,0.19229608691019898
1339,537,0,0,134095744,4260917742,4126821999,0.05761593366786144,65521,0.00033024448458043404,0.0003302445416896174,0.0039922782726164955
1340,537,0,0,134095744,4240830214,4106734471,0.0646554759686353,65217,0.007039542207896552,0.007039542300776313,0.05947447880088209
1341,537,0,0,134095744,4238762308,4104666565,0.06538211391536919,65503,0.0007266376781842033,0.0007266379467311706,0.007684279599519346
1342,537,0,0,134095744,4232937509,4098841766,0.06743084957933476,65443,0.0020487354667572794,0.0020487356639652126,0.020340189520537576
1343,537,0,0,134095744,3947427061,3813331318,0.17159526219071708,60971,0.10416441227460703,0.10416441261138334,0.45752315048469944
1344,540,3,0,297704664,2883992359,2586287696,0.7317643780170258,5556,3.5601691160186073,3.5601691158263105,3.744294195844858
1345,541,1,0,595409328,3707510273,3112100946,0.46475828879643544,39430,0.7329939100048212,0.7329939107794095,1.9856194486467325
1346,542,1,0,1190818656,3343589411,2152770756,0.9964524478697889,22667,1.5316941588611865,1.5316941590733513,2.329161644373154
1347,542,0,0,1190818656,3317737503,2126918848,1.0138821572950611,64749,0.017429708827907422,0.017429709425272593,0.10875924177362963
1348,542,0,0,1190818656,3308358237,2117539582,1.0202582087011791,65247,0.006376051099398992,0.006376051406120283,0.047706993093442195
1349,542,0,1,234153664,3741328595,3507174932,0.2923377544207888,54272,0.2720795454368008,0.2720795457196075,0.8169958292061781
1350,542,0,1,234153664,3740472351,3506318688,0.29269001794184035,65520,0.0003522634716290214,0.0003522635210518591,0.004227909891679893
1351,542,0,1,234153664,3739562813,3505409150,0.29306430114272075,65519,0.0003742827947452993,0.00037428320088191705,0.004463541174757649
1352,542,0,1,234153664,3738332582,3504178919,0.29357070698671706,65513,0.0005064057914389884,0.0005064058439953898,0.005816286660988502
1353,544,2,1,1205577724,3367457635,2161879912,0.9903607594693113,10108,2.696790051055225,2.696790052482595,1.0813122367845411
1354,544,0,2,263671800,4203455149,3939783350,0.12453084843217255,59716,0.13417008882661297,0.13417008896286003,0.6818965789361651
1355,544,0,2,263671800,4135102889,3871431090,0.14978018305482266,64399,0.02524933438149766,0.025249334622649982,0.13211401663105363
1356,544,0,2,263671800,4133566981,3869895182,0.1503526552142631,65510,0.0005724718275307164,0.0005724721594414381,0.006511653776845913
1357,547,3,0,1780588148,3965316875,2184728728,0.9751929908029062,18499,1.8248403353324254,1.8248403355886433,0.8713060998139395
1358,550,3,0,927131592,2370193983,1443062392,1.573513468718879,5411,3.5983204740175485,3.59832047791597,3.6005875877648394
1359,550,0,0,927131592,2356299751,1429168160,1.5874714679811284,64905,0.013957998969590239,0.013957999262251213,0.11071570749829379
1360,554,4,0,1566247296,3950055119,2383807824,0.8493792116136198,6832,3.2619077403795096,3.2619077436324924,2.707708560905675
1361,554,0,0,1566247296,3725009052,2158761757,0.9924431110646772,59349,0.14306389904495503,0.14306389945105663,0.5971043453881526
1362,554,0,0,1566247296,3696482933,2130235638,1.0116341216794318,64670,0.0191910100647608,0.019191010614755085,0.1046164535697724
1363,554,0,0,1566247296,3682083299,2115836004,1.021419335851423,65093,0.009785213899499923,0.0097852141719883,0.07206362251872375
1364,555,1,1,2005639880,3933447487,1927807608,1.1556860658327999,14928,2.134266729148241,2.134266729981377,1.5225307685977707
1365,555,0,1,2005639880,3876145100,1870505221,1.199219153233635,63588,0.04353308723550806,0.043533087400837445,0.2043159646154482
1366,555,0,1,2005639880,3875716975,1870077096,1.1995493979734846,65521,0.00033024448458043404,0.0003302447398473605,0.0039922782726164955
1367,555,0,1,2005639880,3875288948,1869649069,1.1998796427056995,65521,0.00033024448458043404,0.00033024473221713436,0.0039922782726164955
1368,555,0,1,2005639880,3868698845,1863058966,1.204973809571264,65305,0.00509416621250758,0.005094166865562324,0.04093880734620879
1369,555,0,1,2005639880,3829326032,1823686153,1.2357896755402997,64151,0.030815865910397085,0.030815865969038254,0.17771250011507217
1370,555,0,1,2005639880,3828101633,1822461754,1.2367586073976042,65492,0.0009689315899683129,0.0009689318573039586,0.010344061167428132
1371,555,0,1,2005639880,3820871407,1815231528,1.2424935741042482,65276,0.005734966281026274,0.005734966706644433,0.03971292450842387
1372,555,0,1,2005639880,3820345140,1814705261,1.2429118969790203,65517,0.000418322449221962,0.000418322874769505,0.00492328406377429
1373,555,0,1,2005639880,3819874406,1814234527,1.2432861801861605,65519,0.0003742827947452993,0.0003742832071409538,0.004452022505596219
1374,555,0,1,2005639880,3819099281,1813459402,1.2439026980250247,65508,0.0006165175324262582,0.0006165178388659427,0.006811716645250584
1375,555,0,1,2005639880,3818684213,1813044334,1.2442329425753904,65521,0.00033024448458043404,0.00033024455036520067,0.0039922782726164955
1376,555,0,1,2005639880,3818269240,1812629361,1.2445631871269853,65521,0.00033024448458043404,0.0003302445515946368,0.0039922782726164955
1377,555,0,1,2005639880,3817854362,1812214483,1.2448934316625007,65521,0.00033024448458043404,0.00033024453551472067,0.0039922782726164955
1378,559,4,0,635598568,4202068527,3566469960,0.2681503240692713,16122,2.023256893265678,2.023256892406772,1.059197414140745
1379,559,0,0,635598568,2997808063,2362209496,0.862510228087455,43407,0.5943599037957922,0.5943599040181844,1.9384169027509353
1380,559,0,0,635598568,2987102859,2351504292,0.8690631805873679,65239,0.006552952228126558,0.0065529524999118054,0.051933558132499294
1381,559,0,0,635598568,2977953176,2342354609,0.8746876440777704,65281,0.005624463202555238,0.005624463490401459,0.04095739522277506
1382,559,0,1,1419675636,3478957605,2059281970,1.0605057595264213,28808,1.1858181158097194,1.1858181154486533,1.4137485695288294
1383,559,0,2,691867624,2920326443,2228458820,0.9466008445788567,35460,0.886095084213949,0.8860950850524343,2.4656093332819973
1384,559,0,2,691867624,2856229688,2164362065,0.9887052856258265,63651,0.042104440436910695,0.04210444104696874,0.28456925838104674
1385,559,0,2,691867624,2855106819,2163239196,0.9894539486733294,65502,0.0007486627160211863,0.000748663047504182,0.008279915363590287
1386,559,0,2,691867624,2854611692,2162744069,0.9897841937190783,65521,0.00033024448458043404,0.0003302450457488245,0.0039922782726164955
1387,559,0,2,691867624,2854116679,2162249056,0.9901144383149685,65521,0.00033024448458043404,0.000330244595888943,0.0039922782726164955
1388,559,0,2,691867624,2853588786,2161721163,0.9904667018960893,65520,0.0003522634716290214,0.00035226358112148157,0.004227909891679893
1389,559,0,2,691867624,2853094007,2161226384,0.9907969465752089,65521,0.00033024448458043404,0.0003302446791185979,0.0039922782726164955
1390,559,0,2,691867624,2852467430,2160599807,0.9912152695234333,65517,0.000418322449221962,0.0004183229482255096,0.00492328406377429
1391,559,0,2,691867624,2851939939,2160072316,0.9915675335378893,65520,0.0003522634716290214,0.00035226401445435153,0.004227909891679893
1392,559,0,2,691867624,2851379617,2159511994,0.9919418166712717,65519,0.0003742827947452993,0.0003742831333855106,0.004463541174757649
1393,559,0,2,691867624,2850259264,2158391641,0.9926904798606593,65502,0.0007486627160211863,0.0007486631893845111,0.007730107777817879
1394,559,0,2,691867624,2849633509,2157765886,0.9931088027026718,65517,0.000418322449221962,0.0004183228420136217,0.004904285154810719
1395,559,0,2,691867624,2849040860,2157173237,0.9935051057578441,65518,0.0003963024539395264,0.0003963030551725446,0.004699172121844633
1396,559,0,2,691867624,2638675653,1946808030,1.1415365155874966,59145,0.148031409283665,0.14803140982965374,0.47383475368491546
1397,559,0,2,691867624,2627625045,1935757422,1.149748972329217,65164,0.008212456073855021,0.008212456741720322,0.07064220873198118
1398,559,0,2,691867624,2627152447,1935284824,1.1501012365262966,65520,0.0003522634716290214,0.00035226419707823115,0.004227909891679893
1399,559,0,2,691867624,2626591375,1934723752,1.1505195590089237,65517,0.000418322449221962,0.0004183224826284896,0.004904285154810719
1400,559,0,2,691867624,2626148551,1934280928,1.1508498041465849,65521,0.00033024448458043404,0.00033024513765967,0.0039922782726164955
1401,559,0,2,691867624,2625646799,1933779176,1.1512240874342048,65519,0.0003742827947452993,0.00037428328761876945,0.004463541174757649
1402,559,0,2,691867624,2625115670,1933248047,1.1516203904002822,65518,0.0003963024539395264,0.00039630296607856216,0.004668654543719633
1403,559,0,2,691867624,2624555188,1932687565,1.1520387132533898,65517,0.000418322449221962,0.0004183228531085424,0.004879723990344825
1404,559,0,2,691867624,2624112830,1932245207,1.1523689584262478,65521,0.00033024448458043404,0.00033024517285672547,0.0039922782726164955
1405,559,0,2,691867624,2623641090,1931773467,1.1527212222320884,65520,0.0003522634716290214,0.0003522638058401733,0.004227909891679893
1406,559,0,2,691867624,2623198942,1931331319,1.1530514668229337,65521,0.00033024448458043404,0.0003302445908462362,0.0039922782726164955
1407,559,0,2,691867624,2622727425,1930859802,1.1534037307164908,65520,0.0003522634716290214,0.0003522638935581123,0.004227909891679893
1408,559,0,2,691867624,2622197098,1930329475,1.1538000335563012,65518,0.0003963024539395264,0.00039630283981061776,0.004668654543719633
1409,559,0,2,691867624,2621725826,1929858203,1.15415229714419,65520,0.0003522634716290214,0.0003522635878886103,0.004227909891679893
1410,559,0,2,691867624,2621166327,1929298704,1.1545706198285437,65517,0.000418322449221962,0.0004183226843529223,0.004879723990344825
1411,559,0,2,691867624,2620695306,1928827683,1.1549228839049732,65520,0.0003522634716290214,0.00035226407642855573,0.004227909891679893
1412,559,0,2,691867624,2620194969,1928327346,1.1552971668711969,65519,0.0003742827947452993,0.00037428296622499447,0.004452022505596219
1413,559,0,2,691867624,2619724185,1927856562,1.1556494310586487,65520,0.0003522634716290214,0.00035226418744974396,0.004227909891679893
1414,559,0,2,691867624,2619282933,1927415310,1.1559796760302596,65521,0.00033024448458043404,0.00033024497161177426,0.0039922782726164955
1415,559,0,2,691867624,2618841782,1926974159,1.1563099209979164,65521,0.00033024448458043404,0.00033024496765623893,0.0039922782726164955
1416,559,0,2,691867624,2618400732,1926533109,1.156640165944303,65521,0.00033024448458043404,0.00033024494638766647,0.0039922782726164955
1417,562,3,0,1383735248,3745396271,2361661024,0.8628452405881895,40169,0.7062050742525968,0.7062050746438868,0.9795443773429555
1418,562,0,0,1383735248,3666837600,2283102353,0.9116516080211952,63356,0.04880636714050416,0.048806367433005225,0.2707611855966682
1419,562,0,0,1383735248,3664573170,2280837923,0.9130832140466687,65471,0.0014316057211096818,0.0014316060254734322,0.013958333348642915
1420,563,1,1,1243284316,3918090215,2674805900,0.6832129413288932,19214,1.770129727712757,1.7701297272822265,0.8777723246415049
1421,563,0,1,1243284316,3492641962,2249357647,0.9331340787036311,55112,0.24992113730615048,0.24992113737473556,0.6980079821152616
1422,569,6,0,1314507776,3291482271,1976974496,1.1193528863435098,1800,5.186218808782963,5.18621880763988,3.727374117078729
1423,569,0,0,1314507776,3272175879,1957668104,1.1335109496625826,64896,0.014158062996659497,0.014158063319073247,0.10221638210718786
1424,569,0,1,481531904,3480525539,2998993636,0.5181686852678986,50198,0.38465773530958686,0.38465773560531635,1.5551326583592566
1425,569,0,1,481531904,2283188678,1801656775,1.2533229496062113,39371,0.7351542638916475,0.7351542643383117,1.823590405566335
1426,569,0,1,481531904,2282748820,1801216917,1.2536752133893465,65520,0.0003522634716290214,0.00035226378313354777,0.004227909891679893
1427,569,0,3,614792220,2618184303,2003392084,1.1002023472863058,18223,1.8465271350294112,1.8465271338969618,0.9506356016024166
1428,569,0,3,614792220,2603113619,1988321400,1.1110961674292206,65043,0.010893819598060787,0.010893820142913417,0.08081884058998064
1429,569,0,3,614792220,2602355134,1987562915,1.1116466173290007,65511,0.0005504494793435254,0.0005504498997795314,0.0062203082868149875
1430,569,0,3,614792220,2601536283,1986744064,1.1122411120672702,65509,0.0005944945118882062,0.0005944947382703999,0.006730200775121419
1431,569,0,3,614792220,2601051238,1986259019,1.1125933755842965,65520,0.0003522634716290214,0.0003522635170251299,0.004227909891679893
1432,569,0,3,614792220,2600445079,1985652860,1.1130337189840098,65516,0.0004403427806028656,0.00044034339971286404,0.005115354265434883
1433,569,0,3,614792220,2599778508,1984986289,1.1135181038142825,65514,0.000484384451701118,0.00048438483027412227,0.005588137633734438
1434,569,0,3,614792220,2599263603,1984471384,1.1138923871322532,65519,0.0003742827947452993,0.0003742833179698187,0.004463541174757649
1435,569,0,3,614792220,2598597429,1983805210,1.1143767716817834,65514,0.000484384451701118,0.0004843845495300849,0.0054891046595572975
1436,569,0,3,614792220,2588335741,1973543522,1.121858811084099,65197,0.007482039195090879,0.007482039402318201,0.05384030996088965
1437,569,0,3,614792220,2587823804,1973031585,1.1222330945857522,65519,0.0003742827947452993,0.00037428350165196806,0.004463541174757649
1438,569,0,3,614792220,2586770091,1971977872,1.1230037830073343,65501,0.0007706880901105886,0.000770688421582459,0.008416263293565221
1439,569,0,3,614792220,2586288651,1971496432,1.1233560465447106,65520,0.0003522634716290214,0.00035226353737457925,0.004227909891679893
1440,569,0,3,614792220,2585506502,1970714283,1.1239285184798327,65510,0.0005724718275307164,0.0005724719351246027,0.006263474722486623
1441,569,0,3,614792220,2584995299,1970203080,1.1243028019114263,65519,0.0003742827947452993,0.0003742834315931167,0.004452022505596219
1442,569,0,3,614792220,2584484229,1969692010,1.1246770850544259,65519,0.0003742827947452993,0.00037428314299732236,0.004452022505596219
1443,569,0,3,614792220,2583943236,1969151017,1.125073388191062,65518,0.0003963024539395264,0.00039630313663851504,0.004668654543719633
1444,569,0,3,614792220,2578654988,1963862769,1.1289530256280962,65360,0.0038796369669542195,0.003879637437032821,0.028889613181701454
1445,569,0,3,614792220,2544793218,1930000999,1.1540455517577044,64406,0.025092525790275818,0.02509252612960726,0.14414037453410947
1446,569,0,3,614792220,2544115880,1929323661,1.1545519575513197,65513,0.0005064057914389884,0.0005064057936182434,0.005822243074647608
1447,569,0,3,614792220,2540789256,1925997037,1.157041662307286,65423,0.002489704107082812,0.0024897047559645936,0.021556485852417148
1448,569,0,3,614792220,2539995769,1925203550,1.1576361573226706,65509,0.0005944945118882062,0.0005944950153843766,0.0066806842880328485
1449,569,0,3,614792220,2539290738,1924498519,1.1581645850921518,65512,0.0005284274673163702,0.0005284277694813149,0.005960362857648164
1450,569,0,3,614792220,2538057386,1923265167,1.1590894604328525,65494,0.0009248751246666447,0.0009248753406992217,0.009377054922448875
1451,569,0,3,614792220,2537499798,1922707579,1.1595077834430327,65517,0.000418322449221962,0.00041832301018348563,0.004904285154810719
1452,569,0,3,614792220,2536825019,1922032800,1.1600141897181153,65513,0.0005064057914389884,0.0005064062750810637,0.005791725496522608
1453,569,0,3,614792220,2536003837,1921211618,1.160630707997072,65508,0.0006165175324262582,0.0006165182789560251,0.006734730232323081
1454,569,0,3,614792220,2535505475,1920713256,1.1610049914167533,65519,0.0003742827947452993,0.0003742834196816092,0.004452022505596219
1455,569,0,3,614792220,2534743473,1919951254,1.161577463455437,65510,0.0005724718275307164,0.0005724720386848961,0.006263474722486623
1456,569,0,3,614792220,2534069661,1919277442,1.1620838699854197,65513,0.0005064057914389884,0.0005064065299811564,0.005760569429933765
1457,569,0,3,614792220,2532312510,1917520291,1.1634053017560966,65476,0.0013214317544216249,0.00132143177067772,0.01293781852828094
1458,569,0,3,614792220,2531756588,1916964369,1.1638236244196385,65517,0.000418322449221962,0.00041832266354159466,0.00492328406377429
1459,569,0,3,614792220,2531025324,1916233105,1.164374073994093,65511,0.0005504494793435254,0.0005504495744530206,0.00607310101373693
1460,569,0,3,614792220,2530235860,1915443641,1.1649685687228377,65509,0.0005944945118882062,0.0005944947287455718,0.0064991026454258825
1461,569,0,3,614792220,2529738995,1914946776,1.1653428515491164,65519,0.0003742827947452993,0.00037428282627823895,0.004463541174757649
1462,569,0,3,614792220,2528687083,1913894864,1.1661355655899257,65500,0.0007927138004626774,0.0007927140408102077,0.008468782723191254
1463,569,0,3,614792220,2527518934,1912726715,1.1670163858052902,65496,0.000880820004703256,0.0008808202153659895,0.008955282204232326
1464,569,0,3,614792220,2526614171,1911821952,1.1676989746445408,65505,0.0006825886112264284,0.0006825888392491145,0.007243545028356738
1465,569,0,3,614792220,2525009706,1910217487,1.1689102409706464,65481,0.001211266200721556,0.0012112663261051044,0.01143164421926606
1466,569,0,3,614792220,2524193573,1909401354,1.169526758533646,65508,0.0006165175324262582,0.0006165175630016119,0.006823235314412013
1467,569,0,3,614792220,2522999031,1908206812,1.1704296064954285,65495,0.0009028473965228007,0.0009028479617817964,0.009436361198117565
1468,569,0,3,614792220,2522329341,1907537122,1.1709360128311594,65513,0.0005064057914389884,0.0005064063357313601,0.005724733926613502
1469,569,0,3,614792220,2521805420,1907013201,1.1713323154981943,65518,0.0003963024539395264,0.00039630266703424605,0.004668654543719633
1470,569,0,3,614792220,2521194347,1906402128,1.171794678979854,65515,0.0004623634480924974,0.0004623634816604277,0.00532199045253682
1471,569,0,3,614792220,2520292575,1905500356,1.172477268328425,65505,0.0006825886112264284,0.0006825893485694448,0.007295373657901907
1472,569,0,3,614792220,2519711062,1904918843,1.1729176114424043,65516,0.0004403427806028656,0.00044034311397852594,0.005139915429900777
1473,569,0,3,614792220,2519100660,1904308441,1.1733799750034244,65515,0.0004623634480924974,0.0004623635610220789,0.0053394655353573555
1474,569,0,3,614792220,2518432338,1903640119,1.1738863814476446,65513,0.0005064057914389884,0.000506406444217754,0.005760569429933765
1475,569,0,3,614792220,2517967582,1903175363,1.1742386450038502,65520,0.0003522634716290214,0.0003522635562060347,0.004227909891679893
1476,569,0,3,614792220,2516312293,1901520074,1.1754939766968882,65479,0.0012553314127252556,0.0012553316930375893,0.012170630927992076
1477,569,0,3,614792220,2515731995,1900939776,1.175934319573006,65516,0.0004403427806028656,0.0004403428761186307,0.005115354265434883
1478,569,0,3,614792220,2515035850,1900243631,1.176462747087772,65512,0.0005284274673163702,0.0005284275147673641,0.005921768420804585
1479,569,0,3,614792220,2514542927,1899750708,1.1768370305777935,65519,0.0003742827947452993,0.00037428349002003203,0.004463541174757649
1480,569,0,3,614792220,2513644302,1898852083,1.1775196193751114,65505,0.0006825886112264284,0.0006825887973206143,0.007283854988740478
1481,569,0,3,614792220,2513180715,1898388496,1.1778718828966532,65520,0.0003522634716290214,0.0003522635215384182,0.004227909891679893
1482,569,0,3,614792220,2512572405,1897780186,1.1783342468753624,65515,0.0004623634480924974,0.0004623639787115141,0.005289310559804943
1483,569,0,3,614792220,2512080121,1897287902,1.1787085303785965,65519,0.0003742827947452993,0.00037428350323310904,0.004463541174757649
1484,569,0,3,614792220,2511414263,1896622044,1.1792149367288118,65513,0.0005064057914389884,0.0005064063502152904,0.005749050760772335
1485,569,0,3,614792220,2510951220,1896159001,1.1795672005875524,65520,0.0003522634716290214,0.0003522638587418205,0.004227909891679893
1486,569,0,3,614792220,2510372558,1895580339,1.1800075435169433,65516,0.0004403427806028656,0.00044034292939137336,0.005086360513452917
1487,569,0,3,614792220,2509851921,1895059702,1.1804038462070459,65518,0.0003963024539395264,0.00039630269010108794,0.004668654543719633
1488,569,0,3,614792220,2508782017,1893989798,1.1812185862815952,65499,0.0008147398470877202,0.0008147400745492231,0.008319963831090973
1489,569,0,3,614792220,2507076917,1892284698,1.1825179846654734,65477,0.0012993979706836883,0.0012993983838801284,0.012217196063765732
1490,569,0,3,614792220,2506614933,1891822714,1.1828702484658997,65520,0.0003522634716290214,0.0003522638004237788,0.004227909891679893
1491,569,0,3,614792220,2505373655,1890581436,1.1838171518681975,65493,0.0009469031891450585,0.0009469034022986819,0.009935015547541342
1492,569,0,3,614792220,2504796695,1890004476,1.184257494903182,65516,0.0004403427806028656,0.00044034303498370863,0.005139915429900777
1493,569,0,3,614792220,2504162233,1889370014,1.1847418793917015,65514,0.000484384451701118,0.00048438448851956684,0.005586613807591404
1494,569,0,3,614792220,2503643302,1888851083,1.1851381818662006,65518,0.0003963024539395264,0.0003963024744981973,0.004687653452683203
1495,569,0,3,614792220,2503210978,1888418759,1.1854684265771525,65521,0.00033024448458043404,0.00033024471095272734,0.0039922782726164955
1496,569,0,3,614792220,2502749938,1887957719,1.185820690250452,65520,0.0003522634716290214,0.0003522636733020823,0.004227909891679893
1497,569,0,3,614792220,2502289010,1887496791,1.1861729543507629,65520,0.0003522634716290214,0.00035226410030856254,0.004227909891679893
1498,569,0,3,614792220,2501799394,1887007175,1.18654723748066,65519,0.0003742827947452993,0.00037428312989703523,0.004452022505596219
1499,569,0,3,614792220,2501309905,1886517686,1.1869215206153108,65519,0.0003742827947452993,0.000374283134651673,0.004452022505596219
1500,569,0,3,614792220,2500762971,1885970752,1.18733984342159,65517,0.000418322449221962,0.00041832280628025133,0.004879723990344825
1501,569,0,3,614792220,2500273751,1885481532,1.187714126439758,65519,0.0003742827947452993,0.0003742830181660116,0.004452022505596219
1502,569,0,3,614792220,2499727117,1884934898,1.1881324495513539,65517,0.000418322449221962,0.0004183231115968512,0.004904285154810719
1503,569,0,3,614792220,2499180642,1884388423,1.18855077226387,65517,0.000418322449221962,0.00041832271251504154,0.004879723990344825
1504,569,0,3,614792220,2498749339,1883957120,1.1888810172983746,65521,0.00033024448458043404,0.0003302450345051071,0.0039922782726164955
1505,569,0,3,614792220,2498145654,1883353435,1.1893433807539466,65515,0.0004623634480924974,0.00046236345557313345,0.00532199045253682
1506,569,0,3,614792220,2497542162,1882749943,1.189805744547865,65515,0.0004623634480924974,0.0004623637939172601,0.00532199045253682
1507,569,0,3,614792220,2496737764,1881945545,1.1904222624186254,65508,0.0006165175324262582,0.0006165178707603904,0.006833763206500221
1508,569,0,3,614792220,2496307020,1881514801,1.1907525075538317,65521,0.00033024448458043404,0.00033024513520736625,0.0039922782726164955
1509,569,0,3,614792220,2495675407,1880883188,1.191236892753956,65514,0.000484384451701118,0.00048438520012238865,0.0054891046595572975
1510,569,0,3,614792220,2495244907,1880452688,1.191567137240643,65521,0.00033024448458043404,0.00033024448668764975,0.0039922782726164955
1511,569,0,3,614792220,2494785812,1879993593,1.191919400793207,65520,0.0003522634716290214,0.00035226355256509227,0.004227909891679893
1512,569,0,3,614792220,2494355515,1879563296,1.1922496457497544,65521,0.00033024448458043404,0.00033024495654613493,0.0039922782726164955
1513,569,0,3,614792220,2493896637,1879104418,1.1926019094073226,65520,0.0003522634716290214,0.00035226365757005804,0.004227909891679893
1514,569,0,3,614792220,2493237161,1878444942,1.193108315404107,65513,0.0005064057914389884,0.0005064059967819794,0.005724733926613502
1515,569,0,3,614792220,2492807219,1878015000,1.1934385599447417,65521,0.00033024448458043404,0.00033024454063416715,0.0039922782726164955
1516,569,0,3,614792220,2492291406,1877499187,1.1938348629939384,65518,0.0003963024539395264,0.00039630304919699346,0.004668654543719633
1517,569,0,3,614792220,2490601152,1875808933,1.1951342613649345,65477,0.0012993979706836883,0.001299398370997323,0.012271172441573507
1518,569,0,3,614792220,2490171813,1875379594,1.1954645061630345,65521,0.00033024448458043404,0.00033024479809882687,0.0039922782726164955
1519,569,0,3,614792220,2489713956,1874921737,1.1958167701377498,65520,0.0003522634716290214,0.000352263974714793,0.004227909891679893
1520,569,0,3,614792220,2489198993,1874406774,1.1962130728724034,65518,0.0003963024539395264,0.00039630273465408725,0.004687653452683203
1521,569,0,3,614792220,2488712772,1873920553,1.1965873564224836,65519,0.0003742827947452993,0.0003742835500825607,0.004452022505596219
1522,569,0,3,614792220,2488283865,1873491646,1.1969176013871419,65521,0.00033024448458043404,0.0003302449646557034,0.0039922782726164955
1523,569,0,3,614792220,2487797882,1873005663,1.1972918844628566,65519,0.0003742827947452993,0.00037428307571688284,0.004452022505596219
1524,569,0,3,614792220,2487197706,1872405487,1.19775424809216,65515,0.0004623634480924974,0.0004623636293024101,0.005350984204518786
1525,569,0,3,614792220,2486683434,1871891215,1.1981505509109702,65518,0.0003963024539395264,0.0003963028188108741,0.004687653452683203
1526,569,0,3,614792220,2486140740,1871348521,1.1985688740765852,65517,0.000418322449221962,0.00041832316561299235,0.004904285154810719
1527,569,0,3,614792220,2485683867,1870891648,1.1989211381670337,65520,0.0003522634716290214,0.00035226409045097443,0.004227909891679893
1528,569,0,3,614792220,2485255653,1870463434,1.1992513833340368,65521,0.00033024448458043404,0.000330245167003206,0.0039922782726164955
1529,569,0,3,614792220,2484627750,1869835531,1.199735768438675,65514,0.000484384451701118,0.00048438510463783555,0.005618655211859437
1530,569,0,3,614792220,2484085652,1869293433,1.2001540915878834,65517,0.000418322449221962,0.0004183231492068524,0.004904285154810719
1531,569,0,3,614792220,2483572235,1868780016,1.2005503942151954,65518,0.0003963024539395264,0.00039630262731398197,0.004668654543719633
1532,569,0,3,614792220,2483144505,1868352286,1.2008806388534197,65521,0.00033024448458043404,0.00033024463822374517,0.0039922782726164955
1533,569,0,3,614792220,2482716873,1867924654,1.2012108834141557,65521,0.00033024448458043404,0.00033024456073610495,0.0039922782726164955
1534,569,0,3,614792220,2482260836,1867468617,1.201563147432374,65520,0.0003522634716290214,0.0003522640182164131,0.004227909891679893
1535,569,0,3,614792220,2481833406,1867041187,1.2018933921907937,65521,0.00033024448458043404,0.000330244758420113,0.0039922782726164955
1536,569,0,3,614792220,2481349096,1866556877,1.2022676754570654,65519,0.0003742827947452993,0.0003742832662728058,0.004452022505596219
1537,569,0,3,614792220,2480921875,1866129656,1.2025979199687882,65521,0.00033024448458043404,0.000330244511724154,0.0039922782726164955
1538,569,0,3,614792220,2480437802,1865645583,1.2029722028104501,65519,0.0003742827947452993,0.00037428284166027796,0.004452022505596219
1539,569,0,3,614792220,2479982322,1865190103,1.203324466375932,65520,0.0003522634716290214,0.0003522635654818987,0.004227909891679893
1540,569,0,3,614792220,2479470032,1864677813,1.2037207690138736,65518,0.0003963024539395264,0.00039630263794282716,0.004699172121844633
1541,569,0,3,614792220,2473096621,1858304402,1.208660302374259,65312,0.0049395329672808335,0.004939533360383968,0.03538067194039906
1542,569,0,3,614792220,2463937802,1849145583,1.2157883336004396,65213,0.0071280307483452985,0.00712803122618175,0.04774982090623995
1543,569,0,3,614792220,2463429918,1848637699,1.2161846368323381,65518,0.0003963024539395264,0.0003963032318963017,0.004687653452683203
1544,569,0,3,614792220,2462978590,1848186371,1.2165369006449076,65520,0.0003522634716290214,0.000352263812569973,0.004227909891679893
1545,569,0,3,614792220,2462499171,1847706952,1.2169111838599456,65519,0.0003742827947452993,0.0003742832150392888,0.004463541174757649
1546,569,0,3,614792220,2461907101,1847114882,1.2173735479459822,65515,0.0004623634480924974,0.000462364086035225,0.005350984204518786
1547,569,0,3,614792220,2461371591,1846579372,1.2177918704023796,65517,0.000418322449221962,0.00041832245639859676,0.00492328406377429
1548,569,0,3,614792220,2460920765,1846128546,1.2181441346226656,65520,0.0003522634716290214,0.0003522642202839122,0.004227909891679893
1549,569,0,3,614792220,2460413710,1845621491,1.2185404375853395,65518,0.0003963024539395264,0.0003963029626743068,0.004687653452683203
1550,569,0,3,614792220,2459991280,1845199061,1.2188706826678057,65521,0.00033024448458043404,0.0003302450824673753,0.0039922782726164955
1551,569,0,3,614792220,2459540791,1844748572,1.2192229468808229,65520,0.0003522634716290214,0.0003522642130158054,0.004227909891679893
1552,569,0,3,614792220,2459118561,1844326342,1.2195531918034526,65521,0.00033024448458043404,0.000330244922629622,0.0039922782726164955
1553,569,0,3,614792220,2458640143,1843847924,1.2199274752456972,65519,0.0003742827947452993,0.0003742834422472735,0.004463541174757649
1554,569,0,3,614792220,2458218119,1843425900,1.2202577202796476,65521,0.00033024448458043404,0.0003302450339498262,0.0039922782726164955
1555,569,0,3,614792220,2457768063,1842975844,1.2206099844155922,65520,0.0003522634716290214,0.00035226413594497156,0.004227909891679893
1556,569,0,3,614792220,2457261874,1842469655,1.221006287312946,65518,0.0003963024539395264,0.0003963028973527545,0.004687653452683203
1557,569,0,3,614792220,2456783938,1841991719,1.2213805704609761,65519,0.0003742827947452993,0.00037428314803105095,0.004452022505596219
1558,569,0,3,614792220,2456334232,1841542013,1.2217328347085648,65520,0.0003522634716290214,0.0003522642475866548,0.004227909891679893
1559,569,0,3,614792220,2455884636,1841092417,1.2220850987929595,65520,0.0003522634716290214,0.0003522640843967821,0.004227909891679893
1560,569,0,3,614792220,2455463243,1840671024,1.2224153435812326,65521,0.00033024448458043404,0.0003302447882718287,0.0039922782726164955
1561,569,0,3,614792220,2455013860,1840221641,1.2227676073866647,65520,0.0003522634716290214,0.00035226380543259796,0.004227909891679893
1562,569,0,3,614792220,2454564587,1839772368,1.223119870966844,65520,0.0003522634716290214,0.0003522635801799248,0.004227909891679893
1563,569,0,3,614792220,2454087351,1839295132,1.2234941538602122,65519,0.0003742827947452993,0.0003742828933665832,0.004452022505596219
1564,569,0,3,614792220,2453638304,1838846085,1.223846417596171,65520,0.0003522634716290214,0.0003522637359600646,0.004227909891679893
1565,569,0,3,614792220,2453133249,1838341030,1.2242427207081263,65518,0.0003963024539395264,0.0003963031119551005,0.004668654543719633
1566,575,6,0,235911232,2412882223,2176970992,0.9803249621791998,9701,2.756082244256676,2.7560822414710717,0.6298884113430814
1567,577,2,0,943644928,2329896047,1386251120,1.6314585200232976,10433,2.65113355724345,2.6511335578440978,3.807635161670576
1568,577,0,5,1514380416,3748085823,2233705408,0.9432082173286851,3300,4.311749690866822,4.311749697305391,0.9415314936698024
1569,577,0,5,1514380416,3421462304,1907081889,1.1712803525373126,55953,0.22807213502024218,0.22807213520862685,0.8654447241873842
1570,585,8,1,1273575392,4150494095,2876918704,0.5781226920526841,6179,3.406842341896998,3.406842339515372,2.8683122963453394
1571,594,9,0,2109912064,4245125119,2135213056,1.0082671138734192,190,8.430144391669051,8.430144421820735,2.3124192189861668
1572,594,0,0,2109912064,3982393825,1872481762,1.1976954791322711,57472,0.18942836525885307,0.18942836525885307,0.6856088168461286
1573,594,0,0,2109912064,3926678806,1816766743,1.2412739440087215,63586,0.04357846427927512,0.043578464876449834,0.22681648956536338
1574,594,0,0,2109912064,3926179816,1816267753,1.2416702465507292,65518,0.0003963024539395264,0.0003963025420058877,0.004687653452683203
1575,594,0,0,2109912064,3925680963,1815768900,1.2420665491338347,65518,0.0003963024539395264,0.0003963025831051252,0.004687653452683203
1576,594,0,0,2109912064,3925071421,1815159358,1.242550933933746,65514,0.000484384451701118,0.0004843847999127454,0.005630173881020868
1577,594,0,2,1997197312,3795184443,1797987132,1.2562644503372518,16229,2.013713513940392,2.0137135164035045,3.087747703599477
1578,597,3,1,1749740788,3528084383,1778343596,1.2721130499932087,16205,2.015848599794797,2.0158485996559565,1.5216173437582545
1579,597,0,2,1351997928,3474146657,2122148730,1.0171213754754085,39103,0.7450083244500947,0.745008325482201,1.499110046784716
1580,597,0,2,1351997928,3252560601,1900562674,1.1762205449242984,58693,0.1590991693721412,0.1590991694488887,0.5393238131696043
1581,597,0,3,556512208,3364783799,2808271592,0.6129646785037508,48418,0.43674413321767247,0.4367441335794537,0.9547170592767538
1582,601,4,0,1113024416,3911097509,2798073094,0.6182134955289627,32649,1.0052488160336586,1.0052488170252125,2.4395384979468395
1583,601,0,0,1113024416,3910200909,2797176494,0.6186758593125212,65515,0.0004623634480924974,0.0004623637835591852,0.00539454427794825
1584,601,0,0,1113024416,3893128298,2780103883,0.6275083534646662,65136,0.008832493859989687,0.008832494152144411,0.05594876381477534
1585,601,0,0,1113024416,3721068646,2608044231,0.7196788089204986,61480,0.09217045542186635,0.09217045545583183,0.42846537707607874
1586,601,0,1,78565184,3842830683,3764265500,0.19027875864203736,47295,0.4705999497081469,0.47059994972153896,1.0921629726091975
1587,601,0,1,78565184,3841969111,3763403928,0.19060900312715745,65521,0.00033024448458043404,0.0003302444851185727,0.0039922782726164955
1588,601,0,1,78565184,3840935461,3762370278,0.1910053056729346,65518,0.0003963024539395264,0.00039630254577751684,0.004668654543719633
1589,601,0,1,78565184,3761136652,3682571469,0.22193362157506158,64146,0.03092831554223722,0.03092831590212635,0.15165394484292422
1590,601,0,1,78565184,3760293778,3681728595,0.22226386616983262,65521,0.00033024448458043404,0.00033024459477101157,0.0039922782726164955
1591,601,0,1,78565184,3759394918,3680829735,0.2226161298294933,65520,0.0003522634716290214,0.00035226365966080424,0.004227909891679893
1592,601,0,1,78565184,3758552442,3679987259,0.2229463746796405,65521,0.00033024448458043404,0.000330244850148001,0.0039922782726164955
1593,601,0,1,78565184,3757710159,3679144976,0.22327661946221156,65521,0.00033024448458043404,0.00033024478257146807,0.0039922782726164955
1594,601,0,1,78565184,3756868069,3678302886,0.22360686415984787,65521,0.00033024448458043404,0.0003302446976380012,0.0039922782726164955
1595,601,0,1,78565184,3756026172,3677460989,0.2239371087551838,65521,0.00033024448458043404,0.00033024459533590497,0.0039922782726164955
1596,601,0,1,78565184,3755184467,3676619284,0.2242673536232367,65521,0.00033024448458043404,0.00033024486805028307,0.0039922782726164955
1597,601,0,1,78565184,3754342955,3675777772,0.2245975983543893,65521,0.00033024448458043404,0.00033024473115447474,0.0039922782726164955
1598,601,0,1,78565184,3753501636,3674936453,0.22492784293124402,65521,0.00033024448458043404,0.0003302445768541506,0.0039922782726164955
1599,601,0,1,78565184,3752660509,3674095326,0.2252580877290491,65521,0.00033024448458043404,0.00033024479780436456,0.0039922782726164955
1600,601,0,1,78565184,3751819575,3673254392,0.22558833233788889,65521,0.00033024448458043404,0.00033024460883903576,0.0039922782726164955
1601,601,0,1,78565184,3750978833,3672413650,0.22591857713316799,65521,0.00033024448458043404,0.00033024479528028763,0.0039922782726164955
1602,601,0,1,78565184,3750082247,3671517064,0.22627084085479865,65520,0.0003522634716290214,0.0003522637216310032,0.004227909891679893
1603,601,0,1,78565184,3749241903,3670676720,0.22660108550984503,65521,0.00033024448458043404,0.0003302446550447835,0.0039922782726164955
1604,601,0,1,78565184,3748345741,3669780558,0.2269533492532858,65520,0.0003522634716290214,0.0003522637434404502,0.004227909891679893
1605,601,0,1,78565184,3747505794,3668940611,0.22728359408719712,65521,0.00033024448458043404,0.00033024483391460555,0.0039922782726164955
1606,601,0,1,78565184,3746666040,3668100857,0.22761383862566475,65521,0.00033024448458043404,0.0003302445384670336,0.0039922782726164955
1607,601,0,1,78565184,3745826478,3667261295,0.22794408324456938,65521,0.00033024448458043404,0.0003302446189047438,0.0039922782726164955
1608,601,0,1,78565184,3744987108,3666421925,0.22827432792665903,65521,0.00033024448458043404,0.000330244682087252,0.0039922782726164955
1609,601,0,1,78565184,3744091985,3665526802,0.22862659157922494,65520,0.0003522634716290214,0.0003522636525665258,0.004227909891679893
1610,601,0,1,78565184,3743253012,3664687829,0.22895683625901952,65521,0.00033024448458043404,0.0003302446797959573,0.0039922782726164955
1611,601,0,1,78565184,3742358312,3663793129,0.22930910005472072,65520,0.0003522634716290214,0.0003522637957017363,0.004227909891679893
1612,601,0,1,78565184,3741519736,3662954553,0.2296393446583025,65521,0.00033024448458043404,0.0003302446035813298,0.0039922782726164955
1613,601,0,1,78565184,3740681352,3662116169,0.22996958923623367,65521,0.00033024448458043404,0.00033024457792866564,0.0039922782726164955
1614,601,0,1,78565184,3739843160,3661277977,0.23029983377118057,65521,0.00033024448458043404,0.0003302445349479048,0.0039922782726164955
1615,601,0,1,78565184,3739005159,3660439976,0.23063007863994045,65521,0.00033024448458043404,0.000330244868758883,0.0039922782726164955
1616,601,0,1,78565184,3738167350,3659602167,0.23096032343120498,65521,0.00033024448458043404,0.00033024479126691716,0.0039922782726164955
1617,601,0,1,78565184,3737329733,3658764550,0.23129056812761561,65521,0.00033024448458043404,0.00033024469641128855,0.0039922782726164955
1618,601,0,1,78565184,3736492308,3657927125,0.23162081271179602,65521,0.00033024448458043404,0.0003302445841799815,0.0039922782726164955
1619,601,0,1,78565184,3735655074,3657089891,0.23195105756085255,65521,0.00033024448458043404,0.0003302448490539406,0.0039922782726164955
1620,601,0,1,78565184,3734818032,3656252849,0.2322813022630683,65521,0.00033024448458043404,0.0003302447022164252,0.0039922782726164955
1621,601,0,1,78565184,3733925392,3655360209,0.23263356579164451,65520,0.0003522634716290214,0.0003522635285761424,0.004227909891679893
1622,601,0,1,78565184,3733088746,3654523563,0.23296381045163983,65521,0.00033024448458043404,0.00033024465999681256,0.0039922782726164955
1623,601,0,1,78565184,3732252291,3653687108,0.2332940553063736,65521,0.00033024448458043404,0.0003302448547315517,0.0039922782726164955
1624,601,0,1,78565184,3731416028,3652850845,0.2336242999437097,65521,0.00033024448458043404,0.0003302446373392368,0.0039922782726164955
1625,601,0,1,78565184,3730579956,3652014773,0.23395454474123767,65521,0.00033024448458043404,0.00033024479752800576,0.0039922782726164955
1626,601,0,1,78565184,3729744076,3651178893,0.234284789286626,65521,0.00033024448458043404,0.0003302445453851352,0.0039922782726164955
1627,601,0,1,78565184,3728852674,3650287491,0.23463705311517558,65520,0.0003522634716290214,0.00035226382854984284,0.004227909891679893
1628,601,0,1,78565184,3728017189,3649452006,0.23496729779636993,65521,0.00033024448458043404,0.00033024468119601495,0.0039922782726164955
1629,601,0,1,78565184,3727181895,3648616712,0.2352975425675048,65521,0.00033024448458043404,0.0003302447711335786,0.0039922782726164955
1630,601,0,1,78565184,3726346792,3647781609,0.23562778741132462,65521,0.00033024448458043404,0.0003302448438223485,0.0039922782726164955
1631,601,0,1,78565184,3725511881,3646946698,0.23595803191498632,65521,0.00033024448458043404,0.00033024450366088567,0.0039922782726164955
1632,601,0,1,78565184,3724677161,3646111978,0.23628827645662298,65521,0.00033024448458043404,0.0003302445416357875,0.0039922782726164955
1633,601,0,1,78565184,3723842632,3645277449,0.23661852101895064,65521,0.00033024448458043404,0.0003302445623263295,0.0039922782726164955
1634,601,0,1,78565184,3723008294,3644443111,0.23694876558467115,65521,0.00033024448458043404,0.0003302445657206563,0.0039922782726164955
1635,601,0,1,78565184,3722174147,3643608964,0.23727901013647568,65521,0.00033024448458043404,0.00033024455180707263,0.0039922782726164955
1636,601,0,1,78565184,3721340191,3642775008,0.23760925465705185,65521,0.00033024448458043404,0.00033024452057340274,0.0039922782726164955
1637,601,0,1,78565184,3720506425,3641941242,0.23793949952519,65521,0.00033024448458043404,0.0003302448681414414,0.0039922782726164955
1638,601,0,1,78565184,3719672850,3641107667,0.2382697443276065,65521,0.00033024448458043404,0.0003302448024135486,0.0039922782726164955
1639,601,0,1,78565184,3718839466,3640274283,0.2385999890469357,65521,0.00033024448458043404,0.0003302447193300033,0.0039922782726164955
1640,601,0,1,78565184,3717950727,3639385544,0.2389522525825356,65520,0.0003522634716290214,0.0003522635356007293,0.004227909891679893
1641,601,0,1,78565184,3717117737,3638552554,0.239282497366478,65521,0.00033024448458043404,0.00033024478394172706,0.0039922782726164955
1642,601,0,1,78565184,3716284938,3637719755,0.23961274201417027,65521,0.00033024448458043404,0.00033024464769347946,0.0039922782726164955
1643,601,0,1,78565184,3715452330,3636887147,0.23994298650821122,65521,0.00033024448458043404,0.00033024449404119667,0.0039922782726164955
1644,601,0,1,78565184,3714564418,3635999235,0.2402952500190736,65520,0.0003522634716290214,0.0003522635108615139,0.004227909891679893
1645,601,0,1,78565184,3713732203,3635167020,0.24062549482894013,65521,0.00033024448458043404,0.00033024480986674484,0.0039922782726164955
1646,601,0,1,78565184,3712900179,3634334996,0.24095573943202453,65521,0.00033024448458043404,0.00033024460308292273,0.0039922782726164955
1647,601,0,1,78565184,3712068345,3633503162,0.24128598420792358,65521,0.00033024448458043404,0.0003302447758999266,0.0039922782726164955
1648,601,0,1,78565184,3711236702,3632671519,0.2416162287423056,65521,0.00033024448458043404,0.0003302445343810889,0.0039922782726164955
1649,601,0,1,78565184,3710405249,3631840066,0.2419464734149237,65521,0.00033024448458043404,0.0003302446726210423,0.0039922782726164955
1650,601,0,1,78565184,3709573986,3631008803,0.2422767182085721,65521,0.00033024448458043404,0.00033024479364568546,0.0039922782726164955
1651,601,0,1,78565184,3708742914,3630177731,0.24260696270859583,65521,0.00033024448458043404,0.0003302445000257663,0.0039922782726164955
1652,601,0,1,78565184,3707912032,3629346849,0.24293720729500023,65521,0.00033024448458043404,0.0003302445864019062,0.0039922782726164955
1653,601,0,1,78565184,3707025960,3628460777,0.24328947116103095,65520,0.0003522634716290214,0.00035226386603091485,0.004227909891679893
1654,601,0,1,78565184,3706195471,3627630288,0.24361971573936003,65521,0.00033024448458043404,0.00033024457833062747,0.0039922782726164955
1655,601,0,1,78565184,3705365172,3626799989,0.24394996035106686,65521,0.00033024448458043404,0.000330244611705317,0.0039922782726164955
1656,601,0,1,78565184,3704535063,3625969880,0.24428020497885683,65521,0.00033024448458043404,0.00033024462779260267,0.0039922782726164955
1657,601,0,1,78565184,3703705144,3625139961,0.24461044960543887,65521,0.00033024448458043404,0.000330244626580469,0.0039922782726164955
1658,601,0,1,78565184,3702875415,3624310232,0.24494069421349707,65521,0.00033024448458043404,0.0003302446080572207,0.0039922782726164955
1659,601,0,1,78565184,3702045876,3623480693,0.24527093878570483,65521,0.00033024448458043404,0.0003302445722106821,0.0039922782726164955
1660,601,0,1,78565184,3701216527,3622651344,0.24560118330473557,65521,0.00033024448458043404,0.0003302445190293181,0.0039922782726164955
1661,601,0,1,78565184,3700387367,3621822184,0.24593142815157165,65521,0.00033024448458043404,0.00033024484683489967,0.0039922782726164955
1662,601,0,1,78565184,3699558397,3620993214,0.2462616729107019,65521,0.00033024448458043404,0.00033024475912999464,0.0039922782726164955
1663,601,0,1,78565184,3698729617,3620164434,0.24659191756475352,65521,0.00033024448458043404,0.00033024465405453784,0.0039922782726164955
1664,601,0,1,78565184,3697901027,3619335844,0.2469221620963502,65521,0.00033024448458043404,0.00033024453159635357,0.0039922782726164955
1665,601,0,1,78565184,3697072626,3618507443,0.24725240688679406,65521,0.00033024448458043404,0.00033024479044264704,0.0039922782726164955
1666,601,0,1,78565184,3696244415,3617679232,0.2475826515201618,65521,0.00033024448458043404,0.0003302446333660786,0.0039922782726164955
1667,601,0,1,78565184,3695416393,3616851210,0.2479128963779118,65521,0.00033024448458043404,0.000330244857752754,0.0039922782726164955
1668,601,0,1,78565184,3694588561,3616023378,0.24824314104392187,65521,0.00033024448458043404,0.0003302446660103798,0.0039922782726164955
1669,601,0,1,78565184,3693760918,3615195735,0.24857338589981381,65521,0.00033024448458043404,0.00033024485588985545,0.0039922782726164955
1670,601,0,1,78565184,3692933465,3614368282,0.2489036305292487,65521,0.00033024448458043404,0.00033024462943393357,0.0039922782726164955
1671,601,0,1,78565184,3692106201,3613541018,0.24923387531400465,65521,0.00033024448458043404,0.00033024478475878784,0.0039922782726164955
1672,601,0,1,78565184,3691279127,3612713944,0.24956411983754734,65521,0.00033024448458043404,0.0003302445235417365,0.0039922782726164955
1673,601,0,1,78565184,3690452242,3611887059,0.24989436448181124,65521,0.00033024448458043404,0.0003302446442645478,0.0039922782726164955
1674,601,0,1,78565184,3689625546,3611060363,0.2502246092295728,65521,0.00033024448458043404,0.0003302447477598731,0.0039922782726164955
1675,601,0,1,78565184,3688799039,3610233856,0.25055485406358713,65521,0.00033024448458043404,0.000330244834015857,0.0039922782726164955
1676,601,0,1,78565184,3687972722,3609407539,0.2508850985669042,65521,0.00033024448458043404,0.0003302445033165987,0.0039922782726164955
1677,601,0,1,78565184,3687146594,3608581411,0.2512153431217783,65521,0.00033024448458043404,0.0003302445548753761,0.0039922782726164955
1678,601,0,1,78565184,3686320655,3607755472,0.2515455877109396,65521,0.00033024448458043404,0.00033024458915908577,0.0039922782726164955
1679,601,0,1,78565184,3685494905,3606929722,0.25187583231709354,65521,0.00033024448458043404,0.0003302446061560325,0.0039922782726164955
1680,601,0,1,78565184,3684669344,3606104161,0.25220607692294905,65521,0.00033024448458043404,0.0003302446058542006,0.0039922782726164955
1681,601,0,1,78565184,3683678897,3605113714,0.252602379741397,65518,0.0003963024539395264,0.0003963028184468649,0.004668654543719633
1682,601,0,1,78565184,3682853751,3604288568,0.25293262460798616,65521,0.00033024448458043404,0.0003302448665903076,0.0039922782726164955
1683,601,0,1,78565184,3682028794,3603463611,0.253262869418986,65521,0.00033024448458043404,0.0003302448109997358,0.0039922782726164955
1684,601,0,1,78565184,3681204026,3602638843,0.25359311415704866,65521,0.00033024448458043404,0.00033024473806056074,0.0039922782726164955
1685,601,0,1,78565184,3680379447,3601814264,0.25392335880480843,65521,0.00033024448458043404,0.00033024464776092703,0.0039922782726164955
1686,601,0,1,78565184,3679555057,3600989874,0.2542536033448961,65521,0.00033024448458043404,0.0003302445400888191,0.0039922782726164955
1687,601,0,1,78565184,3678730855,3600165672,0.25458384816066015,65521,0.00033024448458043404,0.0003302448157625592,0.0039922782726164955
1688,601,0,1,78565184,3677906842,3599341659,0.25491409283415223,65521,0.00033024448458043404,0.0003302446734932146,0.0039922782726164955
1689,601,0,1,78565184,3677083018,3598517835,0.2552443373479676,65521,0.00033024448458043404,0.00033024451381582956,0.0039922782726164955
1690,601,0,1,78565184,3676259382,3597694199,0.2555745820856927,65521,0.00033024448458043404,0.0003302447377236433,0.0039922782726164955
1691,601,0,1,78565184,3675435935,3596870752,0.2559048266290702,65521,0.00033024448458043404,0.00033024454337772903,0.0039922782726164955
1692,601,0,1,78565184,3674612676,3596047493,0.2562350713618464,65521,0.00033024448458043404,0.0003302447327770613,0.0039922782726164955
1693,601,0,1,78565184,3673460378,3594895195,0.256697434836731,65515,0.0004623634480924974,0.00046236347488332936,0.0053394655353573555
1694,601,0,1,78565184,3672637571,3594072388,0.2570276796375275,65521,0.00033024448458043404,0.0003302448007970499,0.0039922782726164955
1695,601,0,1,78565184,3671814953,3593249770,0.25735792416761427,65521,0.00033024448458043404,0.00033024453008751467,0.0039922782726164955
1696,601,0,1,78565184,3670992523,3592427340,0.25768816881108947,65521,0.00033024448458043404,0.00033024464347504277,0.0039922782726164955
1697,601,0,1,78565184,3670170281,3591605098,0.25801841355071886,65521,0.00033024448458043404,0.00033024473962995824,0.0039922782726164955
1698,601,0,1,78565184,3669348227,3590783044,0.25834865836926113,65521,0.00033024448458043404,0.00033024481854056583,0.0039922782726164955
1699,601,0,1,78565184,3668526361,3589961178,0.25867890324945364,65521,0.00033024448458043404,0.00033024488019501024,0.0039922782726164955
1700,601,0,1,78565184,3667704684,3589139501,0.2590091477720762,65521,0.00033024448458043404,0.0003302445226200599,0.0039922782726164955
1701,601,0,1,78565184,3666883195,3588318012,0.2593393923216176,65521,0.00033024448458043404,0.00033024454954237243,0.0039922782726164955
1702,601,0,1,78565184,3666061894,3587496711,0.2596696368807905,65521,0.00033024448458043404,0.00033024455917263516,0.0039922782726164955
1703,601,0,1,78565184,3665240781,3586675598,0.25999988143228947,65521,0.00033024448458043404,0.00033024455149931306,0.0039922782726164955
1704,601,0,1,78565184,3664419856,3585854673,0.2603301259587987,65521,0.00033024448458043404,0.00033024452651023037,0.0039922782726164955
1705,601,0,1,78565184,3663599118,3585033935,0.2606603708454145,65521,0.00033024448458043404,0.0003302448866151854,0.0039922782726164955
1706,601,0,1,78565184,3662723865,3584158682,0.26101263454827617,65520,0.0003522634716290214,0.0003522637028617094,0.004227909891679893
1707,601,0,1,78565184,3661903516,3583338333,0.261342879105559,65521,0.00033024448458043404,0.00033024455728105934,0.0039922782726164955
1708,601,0,1,78565184,3661083354,3582518171,0.26167312397011244,65521,0.00033024448458043404,0.0003302448645550252,0.0039922782726164955
1709,601,0,1,78565184,3660263380,3581698197,0.2620033687220449,65521,0.00033024448458043404,0.00033024475193329134,0.0039922782726164955
1710,601,0,1,78565184,3659443594,3580878411,0.2623336133439693,65521,0.00033024448458043404,0.0003302446219238634,0.0039922782726164955
1711,601,0,1,78565184,3658623995,3580058812,0.2626638582214653,65521,0.00033024448458043404,0.0003302448774953453,0.0039922782726164955
1712,601,0,1,78565184,3657804584,3579239401,0.262994102934325,65521,0.00033024448458043404,0.00033024471285888205,0.0039922782726164955
1713,601,0,1,78565184,3656985361,3578420178,0.26332434746512234,65521,0.00033024448458043404,0.0003302445307989984,0.0039922782726164955
1714,601,0,1,78565184,3656166325,3577601142,0.26365459219968557,65521,0.00033024448458043404,0.00033024473456129774,0.0039922782726164955
1715,601,0,1,78565184,3655347477,3576782294,0.26398483671748707,65521,0.00033024448458043404,0.0003302445178030861,0.0039922782726164955
1716,601,0,1,78565184,3654528816,3575963633,0.264315081404515,65521,0.00033024448458043404,0.00033024468702806654,0.0039922782726164955
1717,601,0,1,78565184,3653710342,3575145159,0.2646453262435742,65521,0.00033024448458043404,0.000330244839058724,0.0039922782726164955
1718,601,0,1,78565184,3652892056,3574326873,0.2649755708138315,65521,0.00033024448458043404,0.0003302445702563048,0.0039922782726164955
1719,601,0,1,78565184,3652073957,3573508774,0.26530581550150956,65521,0.00033024448458043404,0.0003302446876783508,0.0039922782726164955
1720,601,0,1,78565184,3651256045,3572690862,0.26563606028938125,65521,0.00033024448458043404,0.0003302447878706679,0.0039922782726164955
1721,601,0,1,78565184,3650438320,3571873137,0.2659663051602017,65521,0.00033024448458043404,0.0003302448708214007,0.0039922782726164955
1722,601,0,1,78565184,3649620783,3571055600,0.2662965496927221,65521,0.00033024448458043404,0.0003302445325217149,0.0039922782726164955
1723,601,0,1,78565184,3648803433,3570238250,0.2666267942734919,65521,0.00033024448458043404,0.00033024458076867273,0.0039922782726164955
1724,601,0,1,78565184,3647986270,3569421087,0.2669570388852307,65521,0.00033024448458043404,0.0003302446117383198,0.0039922782726164955
1725,601,0,1,78565184,3647169294,3568604111,0.26728728351064746,65521,0.00033024448458043404,0.00033024462541880083,0.0039922782726164955
1726,601,0,1,78565184,3646352505,3567787322,0.26761752813244755,65521,0.00033024448458043404,0.0003302446217984206,0.0039922782726164955
1727,601,0,1,78565184,3645535903,3566970720,0.2679477727333115,65521,0.00033024448458043404,0.00033024460086500325,0.0039922782726164955
1728,601,0,1,78565184,3644719488,3566154305,0.2682780172959198,65521,0.00033024448458043404,0.0003302445626068537,0.0039922782726164955
1729,601,0,1,78565184,3643903260,3565338077,0.26860826180293174,65521,0.00033024448458043404,0.0003302445070119563,0.0039922782726164955
1730,601,0,1,78565184,2610523182,2531957999,0.762393672976156,46541,0.49378541100635237,0.4937854111732234,0.951215979746302
1731,601,0,1,78565184,2609905028,2531339845,0.7627459365570104,65520,0.0003522634716290214,0.00035226358085697413,0.004227909891679893
1732,601,0,1,78565184,2609325650,2530760467,0.7630761812062801,65521,0.00033024448458043404,0.00033024464926880467,0.0039922782726164955
1733,601,0,1,78565184,2608746404,2530181221,0.7634064262028915,65521,0.00033024448458043404,0.0003302449966120715,0.0039922782726164955
1734,601,0,1,78565184,2608167291,2529602108,0.7637366709594495,65521,0.00033024448458043404,0.0003302447565586563,0.0039922782726164955
1735,601,0,1,78565184,2607588311,2529023128,0.764066915458482,65521,0.00033024448458043404,0.0003302444990299134,0.0039922782726164955
1736,601,0,1,78565184,2607009463,2528444280,0.764397160253079,65521,0.00033024448458043404,0.00033024479459972406,0.0039922782726164955
1737,601,0,1,78565184,2606430748,2527865565,0.7647274047554262,65521,0.00033024448458043404,0.00033024450234573824,0.0039922782726164955
1738,601,0,1,78565184,2605852165,2527286982,0.7650576495188552,65521,0.00033024448458043404,0.00033024476342773427,0.0039922782726164955
1739,601,0,1,78565184,2605273714,2526708531,0.7653878945262313,65521,0.00033024448458043404,0.00033024500737868957,0.0039922782726164955
1740,601,0,1,78565184,2604695396,2526130213,0.7657181391893104,65521,0.00033024448458043404,0.0003302446630780929,0.0039922782726164955
1741,601,0,1,78565184,2604117210,2525552027,0.7660483840617793,65521,0.00033024448458043404,0.00033024487246994096,0.0039922782726164955
1742,601,0,1,78565184,2603500620,2524935437,0.7664006476189229,65520,0.0003522634716290214,0.0003522635571405422,0.004227909891679893
1743,601,0,1,78565184,2602922708,2524357525,0.7667308921844018,65521,0.00033024448458043404,0.0003302445654809851,0.0039922782726164955
1744,601,0,1,78565184,2602306409,2523741226,0.7670831560997016,65520,0.0003522634716290214,0.0003522639152993097,0.004227909891679893
1745,601,0,1,78565184,2510538901,2431973718,0.8205195081516266,63153,0.053436351484103875,0.05343635205192439,0.22962974838759448
1746,601,0,1,78565184,2264914602,2186349419,0.9741231572757876,58917,0.1536036489245799,0.15360364912416233,0.7500447813789924
1747,601,0,1,78565184,2264347464,2185782281,0.9744974402301132,65519,0.0003742827947452993,0.00037428295432582337,0.004463541174757649
1748,601,0,1,78565184,2248438373,2169873190,0.9850364137144396,65059,0.010538973081164898,0.010538973484324648,0.06485384146970223
1749,603,2,0,157130368,3822830749,3665700382,0.22855827477524215,55357,0.24352186032269763,0.24352186106080198,0.7510843321216695
1750,608,5,0,255773088,3438202431,3182429344,0.43251866211251766,1778,5.20396039117023,5.203960387337278,3.688113083800929
1751,608,0,0,255773088,3322726708,3066953621,0.4858407959263218,63158,0.053322133795886496,0.05332213381380208,0.3384044515748381
1752,608,0,0,255773088,3141524858,2885751771,0.5736999397914673,61664,0.08785914370427894,0.08785914386514752,0.46825466409281385
1753,608,0,0,255773088,3043903525,2788130438,0.6233490891640088,63319,0.04964914934742595,0.0496491493725417,0.271879026933955
1754,608,0,0,255773088,3043137742,2787364655,0.6237453916716866,65518,0.0003963024539395264,0.00039630250767542754,0.004687653452683203
1755,608,0,0,255773088,3029910349,2774137262,0.6306079732377619,65225,0.006862581407823226,0.006862581566078054,0.05008030303479604
1756,608,0,0,255773088,3028725109,2772952022,0.6312244911298457,65508,0.0006165175324262582,0.0006165178920834988,0.006885794296805047
1757,608,0,0,255773088,3027878871,2772105784,0.6316648340147033,65516,0.0004403427806028656,0.0004403428848546382,0.005158914338864347
1758,608,0,0,255773088,3027032891,2771259804,0.6321051770304358,65516,0.0004403427806028656,0.00044034301573340936,0.005158914338864347
1759,608,0,0,255773088,3026314027,2770540940,0.6324794602577093,65519,0.0003742827947452993,0.0003742832272752274,0.004452022505596219
1760,608,0,0,255773088,3025426249,2769653162,0.6329418241768785,65515,0.0004623634480924974,0.0004623639191668431,0.00536402669982325
1761,608,0,0,255773088,3024369710,2768596623,0.6334922737425224,65511,0.0005504494793435254,0.0005504495656463248,0.0062514643534038305
1762,608,0,0,255773088,3023567046,2767793959,0.6339105966058618,65517,0.000418322449221962,0.00041832286333924845,0.00492328406377429
1763,608,0,0,255773088,3022891315,2767118228,0.6342628601051139,65520,0.0003522634716290214,0.00035226349925042254,0.004227909891679893
1764,608,0,0,255773088,2994264206,2738491119,0.6492659443383353,64858,0.01500308377630588,0.015003084233222976,0.09201821312211833
1765,608,0,0,255773088,2993553843,2737780756,0.6496402271374642,65519,0.0003742827947452993,0.0003742827991274421,0.004463541174757649
1766,608,0,0,255773088,2991297981,2735524894,0.6508294613270849,65482,0.0011892340994270377,0.0011892341896219123,0.012070264827506411
1767,608,0,0,255773088,2990630128,2734857041,0.6511817249267331,65520,0.0003522634716290214,0.00035226359964565335,0.004227909891679893
1768,608,0,0,255773088,2988752250,2732979163,0.6521726856224923,65491,0.0009909603271466795,0.0009909606957614805,0.009765892546485345
1769,608,0,0,255773088,2988043316,2732270229,0.6525469688430725,65519,0.0003742827947452993,0.0003742832205796105,0.004463541174757649
1770,608,0,0,255773088,2987084419,2731311332,0.6530533751062109,65513,0.0005064057914389884,0.0005064062631378618,0.005686139489769922
1771,608,0,0,255773088,2986042506,2730269419,0.653603824803799,65511,0.0005504494793435254,0.0005504496975889337,0.006116351545599367
1772,608,0,0,255773088,2984834348,2729061261,0.6542423659312142,65507,0.0006385408891551363,0.0006385411274132236,0.006923266322174855
1773,608,0,0,255773088,2956934094,2701161007,0.6690675094702705,64866,0.014825143528676405,0.014825143539059144,0.09638769213836137
1774,608,0,0,255773088,2955986115,2700213028,0.6695739156577893,65513,0.0005064057914389884,0.0005064061875171842,0.005793249322665642
1775,608,0,0,255773088,2954791257,2699018170,0.6702124568411882,65507,0.0006385408891551363,0.0006385411833988153,0.00711142670463666
1776,608,0,0,255773088,2953308642,2697535555,0.671005170662216,65500,0.0007927138004626774,0.000792713821027639,0.008486544005866256
1777,608,0,0,255773088,2952156130,2696383043,0.671621688446848,65508,0.0006165175324262582,0.0006165177846343891,0.0067799847825495765
1778,608,0,0,255773088,2949893235,2694120148,0.6728329548057204,65481,0.001211266200721556,0.001211266358872103,0.011692508567688711
1779,608,0,0,255773088,2948988836,2693215749,0.6733173396629084,65514,0.000484384451701118,0.00048438485718649337,0.005524940162877561
1780,608,0,0,255773088,2947961455,2692188368,0.6738677895305827,65511,0.0005504494793435254,0.0005504498676731147,0.006184472783494724
1781,608,0,0,255773088,2946687989,2690914902,0.6745503783738798,65505,0.0006825886112264284,0.0006825888432987196,0.007345733613122265
1782,608,0,0,255773088,2945989967,2690216880,0.6749246613033009,65519,0.0003742827947452993,0.00037428292941944877,0.004463541174757649
1783,608,0,0,255773088,2944430087,2688657000,0.6757614279773954,65498,0.000836766229995985,0.0008367666740939964,0.008495553429305507
1784,608,0,0,255773088,2943322394,2687549307,0.6763559227304903,65509,0.0005944945118882062,0.0005944947530974815,0.006544357195652378
1785,608,0,0,255773088,2940410772,2684637685,0.6779197487990523,65465,0.0015638255880888565,0.001563826068562445,0.014751919481896308
1786,608,0,0,255773088,2939632449,2683859362,0.6783380717413401,65517,0.000418322449221962,0.00041832294228591623,0.00492328406377429
1787,608,0,0,255773088,2938485780,2682712693,0.6789545895810569,65508,0.0006165175324262582,0.0006165178397166556,0.006638852868734327
1788,608,0,0,255773088,2937175861,2681402774,0.6796592029304378,65504,0.0007046129765893727,0.0007046133493798753,0.0074259658831368185
1789,608,0,0,255773088,2936234816,2680461729,0.6801656092254618,65513,0.0005064057914389884,0.0005064062950242673,0.005791725496522608
1790,608,0,0,255773088,2934762394,2678989307,0.6809583232391425,65500,0.0007927138004626774,0.000792714013682465,0.008410154211855193
1791,608,0,0,255773088,2932595852,2676822765,0.6821255260938166,65483,0.0011672023345903715,0.0011672028546746635,0.011189229803596048
1792,608,0,0,255773088,2931697260,2675924173,0.6826099107469226,65514,0.000484384451701118,0.00048438465310488455,0.005557620055609438
1793,608,0,0,255773088,2927777449,2672004362,0.68472478302564,65440,0.00211487217088883,0.0021148722787166685,0.01785886468135031
1794,608,0,0,255773088,2926472759,2670699672,0.6854293962021636,65504,0.0007046129765893727,0.0007046131765242706,0.007630146058390443
1795,608,0,0,255773088,2925005699,2669232612,0.6862221104642074,65500,0.0007927138004626774,0.0007927142620437645,0.008410154211855193
1796,608,0,0,255773088,2923824550,2668051463,0.6868606516431015,65507,0.0006385408891551363,0.0006385411788931241,0.006923266322174855
1797,608,0,0,255773088,2923010325,2667237238,0.6873009945915776,65516,0.0004403427806028656,0.00044034294847712646,0.005115354265434883
1798,608,0,0,255773088,2922033553,2666260466,0.6878294223567849,65512,0.0005284274673163702,0.0005284277652081409,0.005948844188486734
1799,608,0,0,255773088,2920487564,2664714477,0.6886661888957164,65498,0.000836766229995985,0.0008367665389324152,0.008544069388123979
1800,608,0,0,255773088,2919593037,2663819950,0.6891505733720287,65514,0.000484384451701118,0.00048438447631121446,0.005546101386448008
1801,608,0,0,255773088,2918617516,2662844429,0.6896790013804726,65512,0.0005284274673163702,0.0005284280084422529,0.0059983606755753035
1802,608,0,0,255773088,2917561089,2661788002,0.6902514735778347,65510,0.0005724718275307164,0.0005724721973618272,0.006393025274788764
1803,608,0,0,255773088,2916870622,2661097535,0.6906257567802285,65519,0.0003742827947452993,0.0003742832023948073,0.004463541174757649
1804,608,0,0,255773088,2913987658,2658214571,0.6921895823991164,65465,0.0015638255880888565,0.0015638256188874506,0.01441192889801679
1805,608,0,0,255773088,2913095313,2657322226,0.692673966862067,65514,0.000484384451701118,0.00048438446295100373,0.005524940162877561
1806,608,0,0,255773088,2911878887,2656105800,0.6933345316725372,65506,0.0006605645820851047,0.0006605648104690267,0.007098588365220595
1807,608,0,0,255773088,2911189894,2655416807,0.6937088148539985,65519,0.0003742827947452993,0.00037428318146379505,0.004463541174757649
1808,608,0,0,255773088,2909690711,2653917624,0.6945235549933066,65499,0.0008147398470877202,0.0008147401393060504,0.008367478818723772
1809,608,0,0,255773088,2909042781,2653269694,0.6948758189502655,65520,0.0003522634716290214,0.0003522639569615538,0.004227909891679893
1810,608,0,0,255773088,2908111610,2652338523,0.6953822249051598,65513,0.0005064057914389884,0.0005064059548944902,0.005686139489769922
1811,608,0,0,255773088,2907383123,2651610036,0.6957785276132924,65518,0.0003963024539395264,0.0003963027081314007,0.004687653452683203
1812,608,0,0,255773088,2906412074,2650638987,0.696306955299864,65512,0.0005284274673163702,0.0005284276865706202,0.005948844188486734
1813,608,0,0,255773088,2905764945,2649991858,0.6966592189571728,65520,0.0003522634716290214,0.00035226365730955586,0.004227909891679893
1814,608,0,0,255773088,2904956231,2649183144,0.6970995620996128,65516,0.0004403427806028656,0.0004403431424381233,0.005086360513452917
1815,608,0,0,255773088,2904228611,2648455524,0.6974958646177853,65518,0.0003963024539395264,0.0003963025181741779,0.004668654543719633
1816,608,0,0,255773088,2903299129,2647526042,0.6980022708690363,65513,0.0005064057914389884,0.0005064062512500986,0.005724733926613502
1817,608,0,0,255773088,2899461315,2643688228,0.7000950971709266,65441,0.002092826265968833,0.002092826301891114,0.018284564087077057
1818,608,0,0,255773088,2898775543,2643002456,0.7004693804147415,65519,0.0003742827947452993,0.000374283243815926,0.004463541174757649
1819,608,0,0,255773088,2897041395,2641268308,0.7014162837515769,65493,0.0009469031891450585,0.00094690333683327,0.009891455474111879
1820,608,0,0,255773088,2896235343,2640462256,0.7018566270133277,65516,0.0004403427806028656,0.0004403432617531602,0.005139915429900777
1821,608,0,0,255773088,2895348957,2639575870,0.7023410116590512,65514,0.000484384451701118,0.0004843846457204296,0.005586613807591404
1822,608,0,0,255773088,2894583699,2638810612,0.7027593341646501,65517,0.000418322449221962,0.0004183225055992324,0.004904285154810719
1823,608,0,0,255773088,2893939458,2638166371,0.7031115977062363,65520,0.0003522634716290214,0.00035226354158811383,0.004227909891679893
1824,608,0,0,255773088,2893295374,2637522287,0.7034638614039537,65520,0.0003522634716290214,0.0003522636977159103,0.004227909891679893
1825,608,0,0,255773088,2892611202,2636838115,0.7038381443432371,65519,0.0003742827947452993,0.00037428293928375606,0.004463541174757649
1826,608,0,0,255773088,2891886972,2636113885,0.7042344472248239,65518,0.0003963024539395264,0.00039630288158628435,0.004687653452683203
1827,608,0,0,255773088,2891162941,2635389854,0.7046307500603852,65518,0.0003963024539395264,0.00039630283556106637,0.004687653452683203
1828,608,0,0,255773088,2890197832,2634424745,0.7051591777527157,65512,0.0005284274673163702,0.0005284276923321706,0.005960362857648164
1829,608,0,0,255773088,2889434067,2633660980,0.7055775004768101,65517,0.000418322449221962,0.0004183227240952619,0.004904285154810719
1830,608,0,0,255773088,2888590150,2632817063,0.7060398644594592,65515,0.0004623634480924974,0.00046236398264722366,0.00536402669982325
1831,608,0,0,255773088,2887585809,2631812722,0.7065903144841741,65511,0.0005504494793435254,0.0005504500247167778,0.0061573970158125746
1832,608,0,0,255773088,2886943276,2631170189,0.7069425782832361,65520,0.0003522634716290214,0.00035226379906182984,0.004227909891679893
1833,608,0,0,255773088,2885819118,2630046031,0.7075590962625924,65508,0.0006165175324262582,0.0006165179793568169,0.006687639071324846
1834,608,0,0,255773088,2884735572,2628962485,0.7081535910074273,65509,0.0005944945118882062,0.0005944947448322792,0.0065876077275148145
1835,608,0,0,255773088,2883291439,2627518352,0.7089463052337344,65500,0.0007927138004626774,0.000792714226308011,0.008467150938745904
1836,608,0,0,255773088,2882649955,2626876868,0.7092985687203814,65520,0.0003522634716290214,0.0003522634866463469,0.004227909891679893
1837,608,0,0,255773088,2881527632,2625754545,0.7099150863184001,65508,0.0006165175324262582,0.000616517598021056,0.006687639071324846
1838,608,0,0,255773088,2880926644,2625153557,0.7102453310662362,65521,0.00033024448458043404,0.00033024474783308814,0.0039922782726164955
1839,608,0,0,255773088,2880285737,2624512650,0.7105975947411842,65520,0.0003522634716290214,0.00035226367494824455,0.004227909891679893
1840,608,0,0,255773088,2879644986,2623871899,0.7109498586753915,65520,0.0003522634716290214,0.00035226393420942847,0.004227909891679893
1841,608,0,0,255773088,2878924318,2623151231,0.7113461611617744,65518,0.0003963024539395264,0.0003963024863834511,0.004668654543719633
1842,608,0,0,255773088,2877603456,2621830369,0.7120727990197189,65503,0.0007266376781842033,0.0007266378579414565,0.007755107138028086
1843,608,0,0,255773088,2877003366,2621230279,0.7124030438629454,65521,0.00033024448458043404,0.0003302448432282973,0.0039922782726164955
1844,608,0,0,255773088,2876283423,2620510336,0.7127993466480866,65518,0.0003963024539395264,0.00039630278514034083,0.004687653452683203
1845,608,0,0,255773088,2873484415,2617711328,0.714341135294827,65466,0.0015417881020707706,0.0015417886467405976,0.014187834434944455
1846,608,0,0,255773088,2872885268,2617112181,0.7146713800138507,65521,0.00033024448458043404,0.0003302447190251275,0.0039922782726164955
1847,608,0,0,255773088,2872206390,2616433303,0.7150456631580262,65519,0.0003742827947452993,0.00037428314417296447,0.004452022505596219
1848,608,0,0,255773088,2871367994,2615594907,0.7155080267819613,65515,0.0004623634480924974,0.0004623636239354314,0.005350984204518786
1849,608,0,0,255773088,2870489956,2614716869,0.7159924113213378,65514,0.000484384451701118,0.00048438453937854224,0.005524940162877561
1850,608,0,0,255773088,2869851597,2614078510,0.7163446750078784,65520,0.0003522634716290214,0.0003522636865389892,0.004227909891679893
1851,608,0,0,255773088,2869093731,2613320644,0.7167629975791243,65517,0.000418322449221962,0.00041832257124734424,0.004904285154810719
1852,608,0,0,255773088,2867937323,2612164236,0.7174015389403152,65507,0.0006385408891551363,0.0006385413611912586,0.007035825226939163
1853,608,0,0,255773088,2866980719,2611207632,0.7179299668972767,65512,0.0005284274673163702,0.0005284279569597119,0.005948844188486734
1854,608,0,0,255773088,2865785403,2610012316,0.7185905314828709,65506,0.0006605645820851047,0.0006605645855938222,0.0072187825629681825
1855,608,0,0,255773088,2865028716,2609255629,0.7190088539761987,65517,0.000418322449221962,0.000418322493329595,0.004904285154810719
1856,608,0,0,255773088,2864391690,2608618603,0.7193611178349357,65520,0.0003522634716290214,0.0003522638587366938,0.004227909891679893
1857,608,0,0,255773088,2863396580,2607623493,0.7199115678536003,65511,0.0005504494793435254,0.00055045001866608,0.006231826955976417
1858,608,0,0,255773088,2862441639,2606668552,0.7204399957393264,65512,0.0005284274673163702,0.0005284278857243367,0.0059983606755753035
1859,608,0,0,255773088,2861447273,2605674186,0.7209904456949552,65511,0.0005504494793435254,0.0005504499556306346,0.0061573970158125746
1860,608,0,0,255773088,2860850881,2605077794,0.7213206904611198,65521,0.00033024448458043404,0.00033024476616248474,0.0039922782726164955
1861,608,0,0,255773088,2860214875,2604441788,0.7216729543089819,65520,0.0003522634716290214,0.00035226384786225004,0.004227909891679893
1862,608,0,0,255773088,2859459803,2603686716,0.7220912767972649,65517,0.000418322449221962,0.00041832248828337597,0.004904285154810719
1863,608,0,0,255773088,2858824137,2603051050,0.7224435404339715,65520,0.0003522634716290214,0.0003522636367079353,0.004227909891679893
1864,608,0,0,255773088,2857990029,2602216942,0.7229059041344819,65515,0.0004623634480924974,0.0004623637005108104,0.005350984204518786
1865,608,0,0,255773088,2857354722,2601581635,0.7232581676778693,65520,0.0003522634716290214,0.000352263543384233,0.004227909891679893
1866,608,0,0,255773088,2856481388,2600708301,0.7237425523077796,65514,0.000484384451701118,0.0004843846299134212,0.005524940162877561
1867,608,0,0,255773088,2855806765,2600033678,0.7241168355411958,65519,0.0003742827947452993,0.00037428323341490556,0.004452022505596219
1868,608,0,0,255773088,2854933950,2599160863,0.7246012205258374,65514,0.000484384451701118,0.00048438498464044256,0.005575095138429974
1869,608,0,0,255773088,2847081260,2591308173,0.7289665468521065,65338,0.004365325978252387,0.004365326326268232,0.03198140295296554
1870,608,0,0,255773088,2823554826,2567781739,0.7421245671689753,64941,0.013158020182368843,0.013158020316871756,0.07801336755446435
1871,608,0,0,255773088,2822771201,2566998114,0.7425649100629492,65516,0.0004403427806028656,0.0004403428939734119,0.005139915429900777
1872,608,0,0,255773088,2822105323,2566332236,0.7429391929663787,65519,0.0003742827947452993,0.0003742829034274717,0.004452022505596219
1873,608,0,0,255773088,2821400458,2565627371,0.7433354958698537,65518,0.0003963024539395264,0.0003963029034771457,0.004699172121844633
1874,608,0,0,255773088,2820265155,2564492068,0.7439740369620154,65507,0.0006385408891551363,0.0006385410921597721,0.007015612033399586
1875,608,0,0,255773088,2819326009,2563552922,0.7445024649670984,65512,0.0005284274673163702,0.0005284280050820695,0.0060288782537003035
1876,608,0,0,255773088,2818582791,2562809704,0.7449207876682529,65517,0.000418322449221962,0.00041832270115800454,0.004904285154810719
1877,608,0,0,255773088,2817800683,2562027596,0.7453611307565318,65516,0.0004403427806028656,0.00044034308827695947,0.005086360513452917
1878,608,0,0,255773088,2817214281,2561441194,0.7456913754777297,65521,0.00033024448458043404,0.00033024472119850916,0.0039922782726164955
1879,608,0,0,255773088,2816510760,2560737673,0.7460876780242032,65518,0.0003963024539395264,0.00039630254647397286,0.004699172121844633
1880,608,0,0,255773088,2815924653,2560151566,0.7464179228807346,65521,0.00033024448458043404,0.0003302448565311681,0.0039922782726164955
1881,608,0,0,255773088,2815143356,2559370269,0.7468582660816985,65516,0.0004403427806028656,0.00044034320096304503,0.005139915429900777
1882,608,0,0,255773088,2814518509,2558745422,0.7472105299722074,65520,0.0003522634716290214,0.000352263890508827,0.004227909891679893
1883,608,0,0,255773088,2813854771,2558081684,0.7475848132952834,65519,0.0003742827947452993,0.00037428332307628393,0.004452022505596219
1884,608,0,0,255773088,2813074106,2557301019,0.7480251563148492,65516,0.0004403427806028656,0.00044034301956667813,0.005128396760739348
1885,608,0,0,255773088,2812176615,2556403528,0.7485315625087701,65513,0.0005064057914389884,0.0005064061939192365,0.005760569429933765
1886,608,0,0,255773088,2811513485,2555740398,0.7489058455421436,65519,0.0003742827947452993,0.00037428303337277773,0.004452022505596219
1887,608,0,0,255773088,2810850527,2555077440,0.7492801285843491,65519,0.0003742827947452993,0.00037428304220547424,0.004452022505596219
1888,608,0,0,255773088,2810265716,2554492629,0.7496103731731658,65521,0.00033024448458043404,0.00033024458881976524,0.0039922782726164955
1889,608,0,0,255773088,2809564103,2553791016,0.7500066759912691,65518,0.0003963024539395264,0.00039630281810176105,0.004687653452683203
1890,608,0,0,255773088,2808901651,2553128564,0.750380958846371,65519,0.0003742827947452993,0.0003742828551011777,0.004452022505596219
1891,608,0,0,255773088,2808161455,2552388368,0.7507992816607647,65517,0.000418322449221962,0.0004183228143949612,0.004904285154810719
1892,608,0,0,255773088,2807460420,2551687333,0.7511955844523364,65518,0.0003963024539395264,0.0003963027915715444,0.004687653452683203
1893,608,0,0,255773088,2806681706,2550908619,0.7516359276993292,65516,0.0004403427806028656,0.00044034324699062933,0.005115354265434883
1894,608,0,0,255773088,2387433708,2131660621,1.0106693792928851,54765,0.2590334509565969,0.25903345159355945,0.6554248820200699
1895,608,0,0,255773088,2350190797,2094417710,1.0360979444099883,64391,0.025428565072420188,0.025428565117101058,0.15951132706674906
1896,608,0,0,255773088,2349423798,2093650711,1.0366263721025675,65512,0.0005284274673163702,0.0005284276925798862,0.00604635333652084
1897,608,0,0,255773088,2345526315,2089753228,1.0393145567029016,65414,0.0026881839772797777,0.002688184600332836,0.021525349403474125
1898,612,4,0,1022808144,2842668927,1819860784,1.2388190548836135,3567,4.199504499533188,4.199504498180713,0.7854848824909066
1899,614,2,1,935927320,3664385591,2728458272,0.6545611661620825,12282,2.4157421122554332,2.4157421112784694,3.5064402298949786
1900,614,0,1,935927320,3503599063,2567671744,0.7421863686210095,61674,0.08762520200844306,0.08762520245892595,0.44937007512502886
1901,614,0,1,935927320,3502933010,2567005691,0.7425606516709671,65519,0.0003742827947452993,0.0003742830499570542,0.004463541174757649
1902,614,0,1,935927320,3491573884,2555646565,0.7489588144935304,65246,0.006398162554280361,0.006398162822565232,0.04567774492921124
1903,614,0,1,935927320,3490832958,2554905639,0.7493771373011988,65517,0.000418322449221962,0.00041832280766773727,0.004904285154810719
1904,614,0,1,935927320,3490170216,2554242897,0.749751420646227,65519,0.0003742827947452993,0.00037428334502881357,0.004463541174757649
1905,614,0,1,935927320,3489507646,2553580327,0.7501257039433114,65519,0.0003742827947452993,0.0003742832970851079,0.004463541174757649
1906,614,0,1,935927320,3488845248,2552917929,0.7504999871672169,65519,0.0003742827947452993,0.00037428322390274616,0.004463541174757649
1907,614,0,1,935927320,3488144068,2552216749,0.7508962897053202,65518,0.0003963024539395264,0.00039630253810576596,0.004699172121844633
1908,614,0,1,935927320,3487326249,2551398930,0.7513586534489711,65515,0.0004623634480924974,0.0004623637436488406,0.00536402669982325
1909,614,0,1,935927320,3486508692,2550581373,0.7518210172252253,65515,0.0004623634480924974,0.00046236377625607583,0.005375545368984679
1910,614,0,1,935927320,3485808153,2549880834,0.7522173201901694,65518,0.0003963024539395264,0.0003963029649419946,0.004699172121844633
1911,614,0,1,935927320,3485029991,2549102672,0.7526576630411697,65516,0.0004403427806028656,0.00044034285100266914,0.005139915429900777
1912,614,0,1,935927320,3484407651,2548480332,0.7530099267847952,65520,0.0003522634716290214,0.0003522637436224493,0.004227909891679893
1913,614,0,1,935927320,3482463314,2546535995,0.754111036301957,65486,0.001101109058724726,0.0011011095171649587,0.01131416404700239
1914,614,0,1,935927320,3481802744,2545875425,0.7544853191278769,65519,0.0003742827947452993,0.0003742828259171191,0.004463541174757649
1915,614,0,1,935927320,3480015783,2544088464,0.7554983085852065,65490,0.00101298940069043,0.001012989457332331,0.009868783420245714
1916,614,0,1,935927320,3479394667,2543467348,0.7558505724268585,65520,0.0003522634716290214,0.00035226384164880855,0.004227909891679893
1917,614,0,1,935927320,3478657272,2542729953,0.7562688952146566,65517,0.000418322449221962,0.00041832278780089337,0.004879723990344825
1918,614,0,1,935927320,3477881292,2541953973,0.7567092382223315,65516,0.0004403427806028656,0.00044034300767273007,0.005086360513452917
1919,614,0,1,935927320,3476872826,2540945507,0.7572817102619283,65510,0.0005724718275307164,0.0005724720395987157,0.006381506605627334
1920,614,0,1,935927320,3473732314,2537804995,0.7590659292992505,65455,0.0017842189647608187,0.0017842190373216188,0.016213174523743785
1921,614,0,1,935927320,3472996561,2537069242,0.7594842518673701,65517,0.000418322449221962,0.00041832256812085456,0.004904285154810719
1922,614,0,1,935927320,3471835182,2535907863,0.7601448169432565,65506,0.0006605645820851047,0.0006605650758853339,0.007257376999811762
1923,614,0,1,935927320,3470906504,2534979185,0.7606732448681868,65512,0.0005284274673163702,0.0005284279249287729,0.00603483466735941
1924,614,0,1,935927320,3470016847,2534089528,0.7611796510062128,65513,0.0005064057914389884,0.0005064061380264167,0.005760569429933765
1925,614,0,1,935927320,3468044822,2532117503,0.7623027913809715,65485,0.001123139814249491,0.001123140374757551,0.011035367395202198
1926,614,0,1,935927320,3467194806,2531267487,0.7627871763850003,65514,0.000484384451701118,0.0004843850040312061,0.005557620055609438
1927,614,0,1,935927320,3466267828,2530340509,0.7633156039438411,65512,0.0005284274673163702,0.0005284275588395878,0.005984679691806997
1928,614,0,1,935927320,3464800650,2528873331,0.7641523705052009,65498,0.000836766229995985,0.0008367665613596343,0.008614621714079637
1929,614,0,1,935927320,3464144661,2528217342,0.7645266537220472,65519,0.0003742827947452993,0.00037428321684584927,0.004463541174757649
1930,614,0,1,935927320,3463141645,2527214326,0.7650991255990895,65510,0.0005724718275307164,0.0005724718770423376,0.006263474722486623
1931,614,0,1,935927320,3462293275,2526365956,0.7655835105836104,65514,0.000484384451701118,0.0004843849845212351,0.005524940162877561
1932,614,0,1,935927320,3460481458,2524554139,0.7666185297341208,65489,0.0010350188106098368,0.0010350191505103504,0.010538040259093516
1933,614,0,1,935927320,3459865111,2523937792,0.7669707936485466,65520,0.0003522634716290214,0.00035226391442744453,0.004227909891679893
1934,614,0,1,935927320,3459094866,2523167547,0.76741113660783,65516,0.0004403427806028656,0.00044034295928398036,0.005086360513452917
1935,614,0,1,935927320,3458170854,2522243535,0.7679395643309093,65512,0.0005284274673163702,0.000528427723077424,0.005921768420804585
1936,614,0,1,935927320,3457593558,2521666239,0.7682698089694036,65521,0.00033024448458043404,0.00033024463849641914,0.0039922782726164955
1937,614,0,1,935927320,3456400753,2520473434,0.7689523977122619,65505,0.0006825886112264284,0.000682588742856302,0.007430092307549588
1938,614,0,1,935927320,3454823918,2518896599,0.7698552455262337,65495,0.0009028473965228007,0.0009028478139714802,0.009129913371517785
1939,614,0,1,935927320,3454170517,2518243198,0.7702295287209395,65519,0.0003742827947452993,0.0003742831947052297,0.004452022505596219
1940,614,0,1,935927320,3453094607,2517167288,0.7708460465001252,65508,0.0006165175324262582,0.0006165177791881592,0.006638852868734327
1941,614,0,1,935927320,3452019157,2516091838,0.7714625640949855,65508,0.0006165175324262582,0.0006165175948604864,0.006734730232323081
1942,614,0,1,935927320,3451059344,2515132025,0.7720130136515095,65511,0.0005504494793435254,0.0005504495565233301,0.006231826955976417
1943,614,0,1,935927320,3450215030,2514287711,0.7724973986088735,65514,0.000484384451701118,0.0004843849573646809,0.005524940162877561
1944,614,0,1,935927320,3449562825,2513635506,0.7728716815419325,65519,0.0003742827947452993,0.00037428293305644144,0.004452022505596219
1945,614,0,1,935927320,3448872434,2512945115,0.7732679842189754,65518,0.0003963024539395264,0.0003963026770430579,0.004687653452683203
1946,614,0,1,935927320,3448028855,2512101536,0.7737523686778083,65514,0.000484384451701118,0.00048438445883433996,0.005524940162877561
1947,614,0,1,935927320,3447338885,2511411566,0.7741486715373469,65518,0.0003963024539395264,0.00039630285953680985,0.004687653452683203
1948,614,0,1,935927320,3446649105,2510721786,0.7745449741130876,65518,0.0003963024539395264,0.00039630257574339097,0.004687653452683203
1949,614,0,1,935927320,3445806272,2509878953,0.7750293587770081,65514,0.000484384451701118,0.00048438466392072046,0.005575095138429974
1950,614,0,1,935927320,3445193508,2509266189,0.7753816225842591,65520,0.0003522634716290214,0.0003522638072487435,0.004227909891679893
1951,614,0,1,935927320,3443661973,2507734654,0.776262442854069,65496,0.000880820004703256,0.0008808202698095786,0.008905808822795664
1952,614,0,1,935927320,3443011468,2507084149,0.7766367257064317,65519,0.0003742827947452993,0.00037428285236378034,0.004452022505596219
1953,614,0,1,935927320,3442169856,2506242537,0.7771211104458295,65514,0.000484384451701118,0.0004843847393984445,0.005524940162877561
1954,614,0,1,935927320,3441557980,2505630661,0.7774733741366084,65520,0.0003522634716290214,0.00035226369078007996,0.004227909891679893
1955,614,0,1,935927320,3440334527,2504407208,0.778177987417827,65504,0.0007046129765893727,0.0007046132812161172,0.0074259658831368185
1956,614,0,1,935927320,3439761313,2503833994,0.7785082322943921,65521,0.00033024448458043404,0.00033024487656421644,0.0039922782726164955
1957,614,0,1,935927320,3439035408,2503108089,0.7789265553081712,65517,0.000418322449221962,0.00041832301378117576,0.004879723990344825
1958,614,0,1,935927320,3438424297,2502496978,0.7792788191411013,65520,0.0003522634716290214,0.00035226383292807375,0.004227909891679893
1959,614,0,1,935927320,3437698780,2501771461,0.7796971419381578,65517,0.000418322449221962,0.0004183227970573151,0.004904285154810719
1960,614,0,1,935927320,3437126169,2501198850,0.7800273869735328,65521,0.00033024448458043404,0.00033024503537407526,0.0039922782726164955
1961,614,0,1,935927320,3436401028,2500473709,0.7804457099723408,65517,0.000418322449221962,0.0004183229988107473,0.004879723990344825
1962,614,0,1,935927320,3435752406,2499825087,0.7808199931047071,65519,0.0003742827947452993,0.00037428313236351256,0.004452022505596219
1963,614,0,1,935927320,3434951375,2499024056,0.7812823569121079,65515,0.0004623634480924974,0.0004623638074007986,0.005289310559804943
1964,614,0,1,935927320,3433845544,2497918225,0.781920898178381,65507,0.0006385408891551363,0.000638541266274656,0.006874480119584336
1965,614,0,1,935927320,3433273815,2497346496,0.7822511431774757,65521,0.00033024448458043404,0.00033024499909545566,0.0039922782726164955
1966,614,0,1,935927320,3432359259,2496431940,0.78277957087505,65512,0.0005284274673163702,0.0005284276975745758,0.005984679691806997
1967,614,0,1,935927320,3431711686,2495784367,0.7831538536799201,65519,0.0003742827947452993,0.000374282804871074,0.004452022505596219
1968,614,0,1,935927320,3430873867,2494946548,0.7836382385719958,65514,0.000484384451701118,0.0004843848920743899,0.005557620055609438
1969,614,0,1,935927320,3430188609,2494261290,0.7840345412944494,65518,0.0003963024539395264,0.0003963027224548114,0.004687653452683203
1970,614,0,1,935927320,3429617717,2493690398,0.7843647862977718,65521,0.00033024448458043404,0.0003302450033191792,0.0039922782726164955
1971,614,0,1,935927320,3429046956,2493119637,0.7846950311083987,65521,0.00033024448458043404,0.0003302448106301359,0.0039922782726164955
1972,614,0,1,935927320,3428476326,2492549007,0.7850252757089002,65521,0.00033024448458043404,0.00033024460049828715,0.0039922782726164955
1973,614,0,1,935927320,3427867793,2491940474,0.785377539485971,65520,0.0003522634716290214,0.00035226377707310726,0.004227909891679893
1974,614,0,1,935927320,3427221385,2491294066,0.7857518223393001,65519,0.0003742827947452993,0.00037428285332986405,0.004463541174757649
1975,614,0,1,935927320,3426537130,2490609811,0.7861481251688147,65518,0.0003963024539395264,0.0003963028295140592,0.004668654543719633
1976,614,0,1,935927320,3425891067,2489963748,0.7865224081225293,65519,0.0003742827947452993,0.0003742829537154123,0.004452022505596219
1977,614,0,1,935927320,3425207178,2489279859,0.7869187105945095,65518,0.0003963024539395264,0.00039630247198009294,0.004687653452683203
1978,614,0,1,935927320,3424561460,2488634141,0.7872929935418007,65519,0.0003742827947452993,0.00037428294728991435,0.004452022505596219
1979,614,0,1,935927320,3423991856,2488064537,0.7876232385185737,65521,0.00033024448458043404,0.00033024497677207375,0.0039922782726164955
1980,614,0,1,935927320,3423194594,2487267275,0.7880856020299909,65515,0.0004623634480924974,0.00046236351141842327,0.00532199045253682
1981,614,0,1,935927320,3422511445,2486584126,0.7884819048549971,65518,0.0003963024539395264,0.00039630282500495895,0.004668654543719633
1982,614,0,1,935927320,3421562888,2485635569,0.7890323545858777,65511,0.0005504494793435254,0.0005504497308829934,0.006201309377851417
1983,614,0,1,935927320,3420993971,2485066652,0.7893625991676991,65521,0.00033024448458043404,0.00033024458181931673,0.0039922782726164955
1984,614,0,1,935927320,3420235588,2484308269,0.7898029424378628,65516,0.0004403427806028656,0.00044034327016263895,0.005086360513452917
